Timestep,a_0,a_1,b
0,-150.0,-150.0,1.1487690702419484e11
0,-73.45003945869855,-87.0000000000001,1.1445556560993288e11
0,-86.88983044248941,0.0,1.3109373943731058e11
0,-87.0000000000001,-91.7532251469256,1.348196189768437e11
0,-87.0000000000001,-91.75322514692559,1.3481961897684367e11
0,-88.51578974702707,-101.27964373067013,1.385135725086219e11
0,-87.90128039012424,-101.18115806091737,1.385114754984686e11
0,0.0,-68.59622451222855,1.383312917703291e11
0,-87.00002004351234,-68.59622451222855,1.390154391938858e11
0,-87.00000994648308,-68.59622451222855,1.3901543918190674e11
0,-86.99752347205406,-68.59622451222855,1.390154335361577e11
0,-82.96409597543871,-41.8320304429736,1.3975928484848795e11
0,-87.0136279823156,-41.24478145612836,1.398708573419123e11
0,-87.0000000000001,-41.244781456303436,1.398708499401767e11
0,-86.91431292604227,-41.24478170826929,1.3987066395191373e11
0,-86.89070005505587,-41.22565907323189,1.39870515029632e11
0,-86.98463570313649,-41.23300016322538,1.3987077121596167e11
0,-87.0000000000001,-20.016454281350118,1.4002549577501022e11
0,-87.0000000000001,-20.016454281350118,1.4002549577501035e11
0,-87.0000000000001,-20.016454281350118,1.4002549577501038e11
0,-86.76988734744373,-61.14461433666203,1.4030669535634146e11
0,-87.0000000000001,-61.1446116625935,1.4030751853553488e11
0,-86.97564135862895,-61.14252289636958,1.4030745737460547e11
0,-87.0000000000001,-58.67730775206261,1.4048592640071762e11
0,-86.94789282667867,-58.67730775206261,1.4048581907002277e11
0,-86.95257442659074,-58.67730775206261,1.4048584489740485e11
0,-86.97977971903981,-58.67730775206261,1.4048590318572977e11
0,-87.0000000000001,-58.67730775206261,1.4048734657647012e11
0,-86.81925221217735,-58.05777481918589,1.4048463069333807e11
0,-87.0000000000001,-49.27382602161148,1.4045052059014557e11
0,-87.0000000000001,-49.27382602161148,1.4045052059014554e11
0,-86.86067159314155,-49.32195877409067,1.4045041096046918e11
0,-86.93080879626174,-49.30682303251828,1.4045054446518314e11
0,-86.58690296078778,-49.31712602025681,1.4044987332831262e11
0,-87.0000000000001,-52.61491266478163,1.4047347700625156e11
0,-87.0000000000001,-52.61491266478162,1.4047347700625156e11
0,-86.80517956458206,-52.56404255838054,1.404728466325448e11
0,-86.64674145131544,-52.40757605722339,1.4047201696415463e11
0,-87.0000000000001,-42.07933429510977,1.4043821875531824e11
0,-87.00000000000009,-42.07933429510978,1.4043821875531827e11
0,-86.80046092009053,-42.09099882825746,1.4043779309036685e11
0,-86.54184686872156,-41.614228765801144,1.404352076793633e11
0,-86.91483125209629,-38.280949335873096,1.404237100223894e11
0,-86.98601011871114,-40.539550742817646,1.404353585432502e11
0,-86.71217732051494,-40.28253081272804,1.40433582498943e11
0,-86.67607631170516,-39.94312095963263,1.4043187753996338e11
0,-86.94599099281702,-40.573496182343156,1.4043546278680246e11
0,-86.81092239200291,-39.57093861396582,1.4043031471242053e11
0,-86.97263461810412,-43.13247011180393,1.4044796839570398e11
0,-86.96662297213777,-43.11869216022492,1.404479040925856e11
0,-86.87938550903401,-42.82708019868013,1.4044653869356207e11
0,-86.97709199751793,-40.46609827922603,1.404363963690957e11
0,-87.0000000000001,-39.17365166790576,1.404309818951957e11
0,-86.99402772399111,-43.1426462105954,1.404486012455849e11
0,-86.87467602936294,-39.26628757800305,1.404312209978503e11
0,-86.77290344494652,-40.37625533361356,1.4043714353119696e11
0,-87.0000050624092,-41.88673234768462,1.4044553419776434e11
0,-86.80046092009052,-41.323851193038365,1.404425347861659e11
0,-85.90230606741208,-43.1001010733657,1.404525420866614e11
0,-86.78156084571145,-41.87714347196663,1.4044916652975476e11
1,-150.0,-150.0,1.1316062487625356e11
1,-73.45003945869854,-87.0000000000001,1.1229745448707182e11
1,-86.88983044248934,0.0,1.2896450724625319e11
1,-87.0000000000001,-91.7532251469256,1.3265438842584074e11
1,-85.328653993756,-89.6120805755162,1.3263481114651743e11
1,-88.51578974702707,-101.27964373067013,1.363545408011509e11
1,-87.0000000000001,-101.03671241194672,1.3634865047306644e11
1,0.0,-68.59622451222855,1.36243450454951e11
1,-87.00002004351241,-68.59622451222855,1.3685145674807458e11
1,-87.00000994648308,-68.59622451222855,1.3685145673411302e11
1,-86.99427302912495,-68.59622451222855,1.3685144396116515e11
1,-82.96409597543871,-41.8320304429736,1.3761069252607272e11
1,-87.0136279823156,-41.24478145612836,1.3771797848829645e11
1,-87.0000000000001,-41.244781456303436,1.377179683305197e11
1,-86.60369728294509,-41.2447826216455,1.3771703148206293e11
1,-86.96987323356922,-41.22038361160057,1.3771779674416714e11
1,-86.97528352243681,-41.22582894135178,1.3771784067521506e11
1,-87.0000000000001,-20.016454281350118,1.378812631478802e11
1,-87.0000000000001,-20.016454281350118,1.3788126314788025e11
1,-87.0000000000001,-20.016454281350118,1.3788126314788034e11
1,-86.76988734744373,-61.14461433666203,1.3814576190791028e11
1,-87.0000000000001,-61.1446116625935,1.38146377861344e11
1,-86.94367064182936,-61.139781390700634,1.3814623758560782e11
1,-87.0000000000001,-58.67730775206261,1.3832575288876657e11
1,-86.75900432338847,-58.67730775206261,1.3832521393940982e11
1,-86.78065672298172,-58.67730775206261,1.3832533721352313e11
1,-86.96747172193355,-58.67730775206261,1.3832572305839114e11
1,-87.0000000000001,-58.67730775206261,1.3832717306451904e11
1,-86.58202074066003,-57.244637844785224,1.3832096587302283e11
1,-87.0000000000001,-49.27382602161148,1.3829406004932083e11
1,-87.0000000000001,-49.27382602161148,1.382940600493208e11
1,-86.35560611827934,-49.49644000182767,1.3829331797357913e11
1,-86.67999068271028,-49.42643719705536,1.382940308329942e11
1,-86.58690296078778,-49.31712602025679,1.3829359341911526e11
1,-87.0000000000001,-52.61491266478163,1.383156950710986e11
1,-84.82706024359432,-51.49289165962444,1.3830418093890848e11
1,-86.68669484277154,-52.533104682728684,1.3831477224776294e11
1,-86.18308960616679,-52.13544675980315,1.3831235419876974e11
1,-87.0000000000001,-42.07933429510977,1.3828461581129752e11
1,-85.32865399375619,-42.24949246376904,1.382804150637266e11
1,-85.08631650983037,-42.1912032308359,1.3828013467525494e11
1,-86.26301102696115,-41.33116163623622,1.3828011949419315e11
1,-86.9148312520962,-38.28094933587311,1.3827168987496765e11
1,-87.00004134189756,-40.98478037258233,1.3828403303449918e11
1,-85.75398885528519,-40.440754575818104,1.382787766669858e11
1,-86.80395597364868,-40.366055600057635,1.3828113917168915e11
1,-86.8769553191001,-41.00448980295618,1.3828393987150677e11
1,-86.72043413930339,-38.865259703582026,1.382741422828735e11
1,-87.00005023063534,-44.25512002266232,1.3829792190154428e11
1,-86.97233427165273,-44.19159846085295,1.382976551503209e11
1,-86.60022564448317,-43.405792332008495,1.3829417178848508e11
1,-86.99426737556524,-41.06889798773718,1.3828607502673865e11
1,-87.0000000000001,-39.17365166790576,1.3827856103151736e11
1,-87.00000000000009,-39.173651667905766,1.382785610315173e11
1,-86.42037663580341,-39.6020927521055,1.3827932909809213e11
1,-86.77290344494648,-40.37625533361357,1.38284332551953e11
1,-87.0000050624092,-41.88673234768461,1.3829201070767285e11
1,-83.97427126306185,-42.24657118596755,1.3828624182594104e11
1,-85.90230606741208,-43.1001010733657,1.3829907957411176e11
1,-87.0000000000001,-41.57331592303121,1.3829469566529294e11
2,-150.0,-150.0,1.115499328045708e11
2,-73.45003945869851,-87.00000000000007,1.0997727345140363e11
2,-86.72824842480686,0.0,1.266635841644506e11
2,-87.0000000000001,-91.7532251469256,1.3032718265339893e11
2,-65.1834671839975,-63.80428421462159,1.3005600066741827e11
2,-88.51578974702707,-101.27964373067013,1.340341722917024e11
2,-87.00000000000007,-101.03671241194675,1.3402756141010269e11
2,0.0,-68.59622451222855,1.3398627995655211e11
2,-87.00001963958694,-68.59622451222855,1.3451784695848537e11
2,-87.00000994648308,-68.59622451222855,1.345178469449607e11
2,-86.9858734718415,-68.59622451222855,1.3451781832607689e11
2,-82.96409597543871,-41.8320304429736,1.3529203685254337e11
2,-87.0136279823156,-41.24478145612836,1.3539711732513403e11
2,-87.0000000000001,-41.244781456303436,1.3539710751860812e11
2,-84.90525706699505,-41.24478761596863,1.3539151549341237e11
2,-86.95153520182869,-41.20553274960749,1.353968423572103e11
2,-86.97049968806968,-41.22216071265146,1.353969617888596e11
2,-87.0000000000001,-20.016454281350118,1.3556967668143216e11
2,-87.0000000000001,-20.016454281350118,1.3556967668143222e11
2,-87.0000000000001,-20.016454281350118,1.3556967668143228e11
2,-86.76988734744373,-61.14461433666203,1.3581555136766136e11
2,-87.0000000000001,-61.1446116625935,1.3581586587046252e11
2,-86.8610542498456,-61.13269699192443,1.35815551020544e11
2,-87.0000000000001,-58.67730775206261,1.3599633335748709e11
2,-86.4055439976914,-58.67730775206261,1.3599510797603246e11
2,-86.82806481593403,-58.67730775206261,1.3599612548901776e11
2,-86.91384967357178,-58.67730775206261,1.3599626456127118e11
2,-87.0000000000001,-58.67730775206261,1.3599775353323962e11
2,-85.06684592555226,-52.051209430904706,1.3597141976691815e11
2,-87.0000000000001,-49.27382602161148,1.3596892627741858e11
2,-87.00000000000009,-49.27382602161148,1.3596892627741858e11
2,-83.5939180537618,-50.450499917039885,1.3596345402283588e11
2,-85.30852218003962,-50.08048509181478,1.3596779937938377e11
2,-86.30534100711587,-49.346638776474585,1.3596838602029886e11
2,-87.0000000000001,-52.61491266478163,1.3598903641432607e11
2,-71.97941961976204,-44.858873112099396,1.3591162972406023e11
2,-85.34414927050321,-52.18254886981788,1.3598392377025139e11
2,-85.68583980122473,-51.8435979480771,1.3598456672861618e11
2,-87.0000000000001,-42.07933429510977,1.3596276716197089e11
2,-72.40212787095003,-43.565529959276,1.3592190624306282e11
2,-76.88481583767434,-42.670641526805056,1.3593686384218246e11
2,-83.10448685679434,-38.124707383921375,1.3594039747562108e11
2,-87.00000318225197,-38.28444178359921,1.3595181024826482e11
2,-87.00004134189756,-40.98478037258233,1.3596268482727705e11
2,-80.41389611346462,-41.19531385950949,1.3594592255280077e11
2,-86.51642303779902,-40.89878004273273,1.3596159235228899e11
2,-86.94692661555051,-41.045274670147286,1.3596285700026962e11
2,-86.64820121993569,-38.95329906532374,1.3595414813841212e11
2,-87.00005023063528,-44.25512002266232,1.359750802858506e11
2,-86.48763148858643,-43.08071942495025,1.3597064737626312e11
2,-86.67699438714008,-43.627432950457255,1.3597279782781674e11
2,-86.99426737556516,-41.06889798773719,1.3596469197550577e11
2,-87.0000000000001,-39.17365166790576,1.3595804563316362e11
2,-85.921645433871,-39.498382940614086,1.3595715477068718e11
2,-86.53674724958762,-39.62629170812018,1.3595929007232005e11
2,-86.71025611941442,-40.70800806898124,1.3596470528655032e11
2,-87.0000050624092,-41.8867323476846,1.359702504206218e11
2,-79.69106585186478,-43.40298678389764,1.3595996828885138e11
2,-85.90230606741208,-43.1001010733657,1.3597748154646883e11
2,-87.00000000000007,-41.57331592303121,1.3597307816010695e11
3,-150.0,-150.0,1.1017825623300693e11
3,0.0,0.0,1.0478482576842453e11
3,-72.81816265036454,0.0,1.2458051479428581e11
3,-87.00000000000007,-91.7532251469256,1.282173345851793e11
3,-15.378779995977572,0.0,1.2735646912984526e11
3,-88.51578974702707,-101.27964373067013,1.3193042351954385e11
3,-82.66254462474488,-100.3415607550097,1.3190201841629724e11
3,0.0,-68.59622451222855,1.319490799219895e11
3,-87.00001672817608,-68.59622451222855,1.3240057793579068e11
3,-86.85996465024158,-68.59622451222855,1.32400259190629e11
3,-86.92531448012888,-68.59622451222855,1.3240042496823781e11
3,-82.96409597543871,-41.8320304429736,1.3318925421632521e11
3,-87.0136279823156,-41.24478145612836,1.3329272229767079e11
3,-87.0000000000001,-41.244781456303436,1.3329271156404921e11
3,-75.92778735411628,-41.24481401453373,1.3326355346309763e11
3,-86.88045349784399,-41.147967979786806,1.332920561991969e11
3,-86.94802325993227,-41.21037185051208,1.3329248405403574e11
3,-87.0000000000001,-20.016454281350118,1.3347526984135791e11
3,-87.0000000000001,-20.016454281350118,1.3347526984135794e11
3,-87.0000000000001,-20.016454281350118,1.33475269841358e11
3,-86.76988734744373,-61.14461433666203,1.3370140502132486e11
3,-87.0000000000001,-61.1446116625935,1.3370140504962216e11
3,-86.8610542498456,-61.13269699192443,1.3370118513879211e11
3,-87.0000000000001,-58.67730775206261,1.3388297593802814e11
3,-83.85787541636849,-58.67730775206261,1.3387656100035095e11
3,-86.57589321263706,-58.67730775206261,1.3388259128988425e11
3,-86.8551108146433,-58.67730775206261,1.3388292645026959e11
3,-87.0000000000001,-58.67730775206261,1.3388439611378067e11
3,-85.06684592555233,-52.05120943090472,1.3386244162675098e11
3,-87.0000000000001,-49.27382602161148,1.3386000244267886e11
3,-56.79108046124527,-42.44775411755302,1.337308013534775e11
3,-68.99674286561957,-55.49327788362745,1.338302113079147e11
3,-78.05933152306633,-53.537595392686,1.3385216688256639e11
3,-85.83176060548034,-49.39627851920516,1.3385957861499474e11
3,-87.0000000000001,-52.61491266478163,1.3387852108443309e11
3,-71.97941961976204,-44.85887311209939,1.3381561860455412e11
3,-78.24764614408804,-50.3295611771161,1.3385329396009009e11
3,-80.05372466361608,-48.53796344791488,1.3385757436858057e11
3,-87.0000000000001,-42.07933429510977,1.338573017762477e11
3,-66.91206222233554,-44.12446839159189,1.3381331698541466e11
3,-79.21179168125342,-42.33141525835481,1.3384251380497527e11
3,-83.10448685679434,-38.124707383921375,1.3383950671435706e11
3,-87.00000318225197,-38.28444178359921,1.3384819362741138e11
3,-87.00003214361395,-40.984780372582314,1.3385774676195126e11
3,-80.4138961134646,-41.19531385950951,1.338454192834664e11
3,-84.44395034265173,-40.530231698121554,1.338522517830356e11
3,-86.71946466167907,-41.30438425108862,1.3385845779814496e11
3,-85.14049216251686,-39.01512010220766,1.338484320793764e11
3,-87.00004588253951,-44.25512002266232,1.338685688307062e11
3,-86.09725547989039,-42.18601813756395,1.3386200833740794e11
3,-86.58788939048901,-43.4543024890193,1.3386625202342236e11
3,-86.96969898512994,-41.0688979877372,1.3385971227567032e11
3,-87.0000000000001,-39.17365166790576,1.3385398841583363e11
3,-81.30012586474632,-40.890088395078315,1.3384853690822406e11
3,-84.55928556623356,-41.55845149579295,1.338591579397825e11
3,-86.71025611941435,-40.70800806898126,1.3386008623116673e11
3,-87.0000050624092,-41.88673234768458,1.3386487758611314e11
3,-79.69106585186478,-43.40298678389764,1.3385890973390038e11
3,-85.90230606741206,-43.1001010733657,1.3387223377263977e11
3,-87.00000000000007,-41.5733159230312,1.3386785618565802e11
4,-150.0,-150.0,1.0896946289154874e11
4,0.0,0.0,1.0308664729234377e11
4,-18.692805403774695,0.0,1.2268688885210196e11
4,-87.00000000000009,-91.7532251469256,1.2631307422552866e11
4,-15.378779995977572,0.0,1.2551663168849738e11
4,-88.51578974702707,-101.27964373067013,1.3003263081496017e11
4,-72.15088630056222,-95.77151448777988,1.2992210186902792e11
4,0.0,-68.59622451222855,1.3011014758997447e11
4,-87.00001454250818,-68.59622451222855,1.3048720749640103e11
4,-86.65457947059578,-68.59622451222855,1.3048648347483641e11
4,-86.86757609340891,-68.59622451222867,1.3048690894182407e11
4,-82.96409597543871,-41.8320304429736,1.3128020069808083e11
4,-87.0136279823156,-41.24478145612836,1.3138221957914764e11
4,-87.0000000000001,-41.244781456303436,1.3138220672711725e11
4,-55.65478892709273,-41.244873627997855,1.3131092602971835e11
4,-86.84202783643673,-41.12003378596341,1.31381335252807e11
4,-86.94505316049977,-41.2088140365865,1.3138196181535475e11
4,-87.0000000000001,-20.016454281350118,1.3156700467683481e11
4,-87.0000000000001,-20.016454281350118,1.3156700467683484e11
4,-87.0000000000001,-20.016454281350118,1.3156700467683487e11
4,-86.76988734744373,-61.14461433666203,1.3178872790345465e11
4,-87.0000000000001,-61.1446116625935,1.317884518706069e11
4,-86.8610542498456,-61.13269699192443,1.317883009292348e11
4,-87.0000000000001,-58.67730775206261,1.3197021491191837e11
4,-70.9097982303707,-58.67730775206261,1.3193930787788538e11
4,-85.03850610844597,-58.67730775206261,1.3196833686702374e11
4,-86.32988751772484,-58.67730775206261,1.3196993966722238e11
4,-87.0000000000001,-58.67730775206261,1.319716350876709e11
4,-84.5259373316828,-50.19718570195668,1.3194442478962633e11
4,-87.00000000000009,-49.27382602161148,1.319480801813889e11
4,-28.494517866971954,-26.853789896952264,1.3168750920501923e11
4,-68.99674286561955,-55.49327788362746,1.3192879848180077e11
4,-72.27902748082104,-47.84386031679215,1.319172902400578e11
4,-82.97560367409643,-49.69565512934871,1.3194687833649844e11
4,-87.0000000000001,-52.61491266478163,1.3196629694389195e11
4,-71.97941961976204,-44.858873112099374,1.3191311954066212e11
4,-76.85562425522251,-50.55592637621906,1.3194416704384782e11
4,-78.00625328458503,-47.33624937367216,1.3194371100077951e11
4,-87.0000000000001,-42.07933429510977,1.3194605894449207e11
4,-66.91206222233556,-44.12446839159191,1.3191436230067323e11
4,-77.24414100804324,-40.873670607555766,1.3192775617108723e11
4,-83.10448685679434,-38.124707383921375,1.3193077010806987e11
4,-87.00000318225197,-38.28444178359921,1.3193734915330212e11
4,-87.00000181842975,-42.55387524342416,1.3195071055257312e11
4,-77.33992097017429,-43.04401947618723,1.3193704750778783e11
4,-84.83834936458977,-36.440136105206456,1.319281395397598e11
4,-85.70252175375448,-43.28392014652175,1.3195140508415701e11
4,-81.6967203525154,-39.13359304784267,1.3193308284978616e11
4,-87.00003189301393,-44.25512002266232,1.3195711564673924e11
4,-85.79548274403507,-43.49025148691482,1.3195460538949089e11
4,-86.6593146875676,-44.29513953488223,1.3195697132956297e11
4,-86.85985502175528,-41.71860443536942,1.3195057836076344e11
4,-87.00000000000009,-39.17365166790578,1.3194304185847495e11
4,-71.59740128607147,-41.98024525495237,1.3192490904306474e11
4,-82.93360404772092,-43.14689009062084,1.3195150512495647e11
4,-86.65931468756763,-40.97777152999374,1.3194993183133545e11
4,-87.00000645893587,-42.54446259747934,1.3195560139886136e11
4,-79.69106585186475,-43.40298678389764,1.319515671663553e11
4,-85.902306067412,-43.1001010733657,1.3196142949321165e11
4,-87.00000000000009,-39.065026033195956,1.3194671948518312e11
5,-150.0,-150.0,1.0779822989693567e11
5,0.0,0.0,1.0139670102102966e11
5,0.0,0.0,1.2085306289985933e11
5,-87.00000000000009,-91.7532251469256,1.2443382052763525e11
5,-15.378779995977572,0.0,1.2369080408811725e11
5,-88.51578974702707,-101.27964373067013,1.281606237693524e11
5,-53.20789045833847,-56.0371704549872,1.2755128954887672e11
5,0.0,-68.59622451222855,1.2828399038220404e11
5,-87.00000696097278,-68.59622451222855,1.285964276603047e11
5,-86.65457947059569,-68.59622451222855,1.2859587689996294e11
5,-86.38753943201607,-68.59622451222913,1.2859495931961461e11
5,-82.96409597543871,-41.8320304429736,1.2939487668009373e11
5,-87.0136279823156,-41.24478145612836,1.294957805656058e11
5,-87.00000000000007,-41.244781456303436,1.2949576494830391e11
5,-55.65478892709273,-41.244873627997855,1.294425210007454e11
5,-86.74587086731124,-41.05013082750673,1.2949432497260535e11
5,-85.80330087510126,-41.93815900608955,1.2949408051553427e11
5,-87.0000000000001,-20.016454281350118,1.296838982105387e11
5,-87.0000000000001,-20.01645428135013,1.2968389821053868e11
5,-82.16922717891184,-20.016454281350157,1.296665822529872e11
5,-86.76988734744373,-61.14461433666203,1.2989877578805293e11
5,-87.00000000000007,-61.1446116625935,1.2989821960306964e11
5,-86.8610542498456,-61.13269699192443,1.2989813984184846e11
5,-87.00000000000007,-58.67730775206261,1.3008033929623653e11
5,-70.9097982303707,-58.67730775206261,1.3005834365838828e11
5,-77.92809075156238,-58.67730775206261,1.3007087936988467e11
5,-83.90072976947715,-58.67730775206261,1.3007875345604733e11
5,-87.00000000000007,-58.67730775206261,1.3008175947198912e11
5,-84.5259373316828,-50.197185701956634,1.3005715538984697e11
5,-87.00000000000007,-49.27382602161148,1.3005967871697652e11
5,-28.494517866971968,-26.85378989695228,1.2984005422473363e11
5,-55.92091121235392,-43.95116961055005,1.2998514132695619e11
5,-68.8441338930126,-47.510201652334295,1.3003031905469627e11
5,-82.97560367409643,-49.695655129348665,1.3006053819919737e11
5,-87.0000000000001,-52.61491266478164,1.3007736128431152e11
5,-71.97941961976204,-44.85887311209934,1.3003370978494858e11
5,-70.6808376604669,-49.302640688339515,1.3004778961510585e11
5,-71.46532768895231,-43.49721043649976,1.3004342041611284e11
5,-87.00000000000009,-42.07933429510977,1.3005881829946162e11
5,-65.84963361345834,-44.27082858111339,1.3003634613982603e11
5,-77.24414100804323,-40.873670607555766,1.3004597801792766e11
5,-83.10448685679438,-38.124707383921375,1.3004625165781543e11
5,-87.00000841023726,-38.28444199797109,1.300507444732175e11
5,-87.00000000000007,-43.73164993182497,1.3006581466169626e11
5,-71.45987286506298,-42.625461807538166,1.3004534197803845e11
5,-84.83834936458983,-36.440136105206456,1.3004296512976486e11
5,-80.99916311111424,-41.66089967479757,1.3005527284813937e11
5,-84.2508368893039,-37.6215729608943,1.3004693939547037e11
5,-87.00000938812497,-44.255120022662304,1.300695243856615e11
5,-81.42910769116202,-40.71762465495405,1.300554587018381e11
5,-85.82160598136643,-44.8103577938366,1.3007008646123836e11
5,-86.35180835233683,-38.984774118256986,1.3005505516747006e11
5,-87.00000000000009,-39.173651667905816,1.3005628030972475e11
5,-71.59740128607142,-41.9802452549524,1.300461895977139e11
5,-86.06083239576215,-43.46872314873628,1.3006909779725177e11
5,-87.00000000000007,-41.437499501488126,1.3006453122783598e11
5,-87.00000824071127,-42.849831727407924,1.3006904362795392e11
5,-81.92380090449734,-43.795467205675614,1.3007200826961775e11
5,-87.00000000000009,-42.90824530012731,1.300746262611723e11
5,-87.00000000000007,-39.06502603319594,1.3005997772800467e11
6,-150.0,-150.0,1.0670244875485167e11
6,0.0,0.0,9.967967065317715e10
6,0.0,0.0,1.1906936924324266e11
6,-87.00000000000007,-91.7532251469256,1.2257936308995392e11
6,-15.378779995977572,0.0,1.2189389578303423e11
6,-88.51578974702707,-101.27964373067013,1.2631370957937387e11
6,-15.378779995977572,-7.564093505758481,1.2502020770370844e11
6,-86.65566711600528,-68.59622451222855,1.2672528359541833e11
6,-87.00000384411932,-68.59622451222855,1.2672563427667976e11
6,-85.40415423102948,-68.59622451222903,1.2672063594071407e11
6,-81.39453518870967,-68.59622451223987,1.2670898694217586e11
6,-82.96409597543871,-41.8320304429736,1.2752848658380447e11
6,-87.01362798231561,-41.24478145612836,1.2762778375046579e11
6,-34.76286296704422,-41.24478212740406,1.2755135109178842e11
6,-55.65478892709273,-41.24487362799784,1.2759599738755157e11
6,-64.60197845467982,-24.275297469405874,1.2747613416264e11
6,-72.1436603443315,-49.78173986352832,1.2760487374317924e11
6,-87.0000000000001,-20.016454281350118,1.2781861245067418e11
6,-87.00000000000007,-20.016454281350136,1.278186124506742e11
6,-23.50354788230487,-45.76618958824637,1.2767974193738104e11
6,-86.76988734744373,-61.14461433666203,1.2802803031818329e11
6,-87.00000000000007,-61.1446116625935,1.2802715771365439e11
6,-86.86105424984564,-61.13269699192443,1.2802715624455164e11
6,-87.00000000000007,-58.67730775206261,1.282093823813302e11
6,-70.9097982303707,-58.67730775206261,1.2819758876695041e11
6,-77.92809075156238,-58.67730775206261,1.282056229180144e11
6,-85.54835432614325,-58.67730775206261,1.2821028731166115e11
6,-87.00000000000007,-58.67730775206261,1.2821080255708282e11
6,-80.8158646252027,-31.43164123558246,1.2811595922323918e11
6,-86.72312519507382,-53.43700247168495,1.2820078862251854e11
6,-21.159997080856378,-26.212056687100432,1.2800317750584067e11
6,-36.995539453591036,-25.35755164785373,1.2803817793016243e11
6,-77.62995304871511,-53.62127751563928,1.2819736180693149e11
6,-83.57139375654988,-54.73400378969795,1.282064593669856e11
6,-87.00000000000007,-52.614912664781684,1.2820709739624826e11
6,-61.849478192018985,-39.628168013426894,1.2814614303062782e11
6,-58.77182449497464,-51.306580765146684,1.2818195910284824e11
6,-71.46532768895231,-43.49721043649975,1.2818421322561214e11
6,-87.00000000000007,-42.07933429510975,1.2818995632820114e11
6,-65.84893694133383,-44.27092455468122,1.2818091381371065e11
6,-77.24414100804321,-40.873670607555766,1.2818341753038672e11
6,-83.10448685679444,-38.124707383921375,1.2818032512313564e11
6,-87.000014818037,-38.28444226072088,1.2818241413385469e11
6,-86.03306484604968,-45.23432807767683,1.2819834092367574e11
6,-71.45987286506305,-42.625461807538166,1.28186256268501e11
6,-84.00211362955751,-35.33718344580233,1.2817159535481116e11
6,-76.2502719429297,-37.70510129247392,1.2817621741129387e11
6,-75.6638314867804,-35.29297816000728,1.2816763771595963e11
6,-87.00001197795254,-45.90220376350008,1.2820276082898799e11
6,-81.54992766381949,-40.85241700521178,1.2818989158383707e11
6,-76.7976618525734,-45.702150314601404,1.28198449551695e11
6,-87.00000000000007,-39.99100602789964,1.2818951001779868e11
6,-87.00000000000007,-36.21074211292819,1.281770770036306e11
6,-70.47562743760001,-43.82500859148899,1.2818995523857593e11
6,-85.66428014181898,-46.10157323547606,1.2820537144711046e11
6,-87.00000000000007,-42.8793636086771,1.2819867491865013e11
6,-87.00004355804494,-44.68128298848987,1.2820358006519421e11
6,-83.65068901972963,-46.14098142517032,1.2821248013791452e11
6,-87.00000000000007,-44.75583238625123,1.2821066757182065e11
6,-86.99997651296314,-40.0933964021321,1.2819543165930252e11
7,-150.0,-150.0,1.0565275759619589e11
7,0.0,0.0,9.817958880722437e10
7,0.0,0.0,1.1739968338657349e11
7,-86.80230077870544,-91.7532251469256,1.2084879436941429e11
7,-15.378779995977572,0.0,1.2021359787415813e11
7,-88.51578974702707,-101.27964373067013,1.2459108814403291e11
7,-15.378779995977572,-7.564093505758481,1.2333696727932617e11
7,-86.71116341122277,-68.59622451222855,1.2497718560730315e11
7,-86.96618374729674,-68.59622451222855,1.2497724017059805e11
7,-84.98262241778973,-68.59622451222921,1.2497134240553271e11
7,-37.69544670986451,-68.59622451232859,1.2484474252195474e11
7,-82.96409597543874,-41.8320304429736,1.257820965040848e11
7,-83.15379857688677,-41.24478145612836,1.2588043495465144e11
7,-34.76286296704421,-41.24478212740407,1.2583736474038843e11
7,-55.65478892709274,-41.244873627997826,1.2586478616406798e11
7,-63.32483886334907,-23.107088652096675,1.2573193639951439e11
7,-69.4210271302309,-51.89279478549618,1.2585556669477228e11
7,-87.0000000000001,-20.016454281350118,1.2607513151666295e11
7,-66.55941533225726,-25.304816369269123,1.2600485553378044e11
7,-18.439388613318005,-47.81985961829261,1.2596657210872981e11
7,-86.76988734744373,-61.14461433666203,1.2627747602345155e11
7,-86.94534516238848,-61.1446116625935,1.2627635959912326e11
7,-86.86105424984571,-61.13269699192443,1.262764068595621e11
7,-82.51038612172269,-58.67730775206261,1.2645858253519806e11
7,-70.9097982303707,-58.67730775206261,1.2645413656794125e11
7,-77.92809075156235,-58.67730775206261,1.2645888921101651e11
7,-84.61923007591258,-58.67730775206261,1.2645995009808305e11
7,-83.81095868808376,-58.67730775206261,1.2646000422374371e11
7,-79.74055593741669,-31.43164123558246,1.2637243756683922e11
7,-85.409297011923,-46.5591017911893,1.2643224743427629e11
7,-17.574139393109583,-25.076455082293712,1.2629471413034627e11
7,-39.750950515802224,-25.397432222059564,1.2632813506746841e11
7,-77.62995304871507,-53.621277515639306,1.2645128672871526e11
7,-81.80667843419748,-55.724901001638415,1.2645950741712009e11
7,-82.68667146642065,-52.6149126647817,1.2645698548727269e11
7,-56.959682005945915,-36.580611001815754,1.2639809147165381e11
7,-58.77182449497464,-51.30658076514667,1.2644668012717786e11
7,-71.4653276889523,-43.49721043649974,1.2644283966301776e11
7,-79.75048625484445,-42.079334295109746,1.2644178340278604e11
7,-62.06630571324201,-41.72334660973494,1.2643519359449936e11
7,-78.03244308819201,-38.050595393924894,1.2643272619247542e11
7,-82.19553379004651,-38.124707383921375,1.2643443462772894e11
7,-83.07613242716201,-38.39335240399326,1.2643528563176422e11
7,-84.61923007591258,-48.39571055583804,1.2645385286911382e11
7,-73.1212430936604,-42.78501220071389,1.2644643030727011e11
7,-83.3026068097876,-35.33718344580234,1.2642589943688646e11
7,-71.44186180643568,-39.319590733386356,1.264374871335251e11
7,-73.01872550036249,-35.282663593321786,1.2642530153893399e11
7,-84.46558673109085,-45.9022037635001,1.2645385830214977e11
7,-82.38698469070253,-43.315353295482325,1.2644989044832726e11
7,-71.8706113680482,-48.63294366615581,1.2645673205102747e11
7,-84.69992451482982,-35.62780023919738,1.2642709747792162e11
7,-84.43281434699759,-36.451723814204286,1.2643103674000623e11
7,-70.20908002550745,-45.06788248337934,1.2645108859887999e11
7,-84.77245011612293,-47.438958806673064,1.26459001269795e11
7,-84.75340343414913,-40.10395783598394,1.2644304622073904e11
7,-84.75340343414913,-41.061833477124445,1.264462035238601e11
7,-83.65068901972967,-46.14098142517032,1.2646493531895735e11
7,-83.99138162949234,-42.93782427266991,1.2645642652821196e11
7,-83.32488609850252,-36.36008482205124,1.2643274285282158e11
8,-150.0,-150.0,1.0452185573157126e11
8,0.0,0.0,9.674158688484503e10
8,0.0,0.0,1.1567774569540431e11
8,-86.47750920086425,-91.7532251469256,1.1911725760697937e11
8,-15.378779995977572,0.0,1.1848836064682101e11
8,-88.51578974702707,-101.27964373067013,1.2286773773281458e11
8,-15.378779995977572,-7.564093505758481,1.2160895504282321e11
8,-86.71116341122277,-68.59622451222855,1.2322759394815063e11
8,-86.91062847499848,-68.59622451222855,1.2322764255265038e11
8,-81.80275509852294,-68.59622451223044,1.2321021028871072e11
8,-15.580827233323129,-68.59622451237372,1.2304678082348561e11
8,-82.02238503637436,-41.8320304429736,1.240285303845121e11
8,-76.83503909605778,-41.24478145612836,1.2412531904428812e11
8,-24.94602187027438,-41.244782284035054,1.2407715634526662e11
8,-50.712730554334264,-41.24489513476733,1.241058426616072e11
8,-54.68952947601492,-20.652173327880963,1.2395436737934268e11
8,-73.81383725988333,-79.4295790841512,1.2418826940797797e11
8,-87.0000000000001,-20.016454281350118,1.2432049081504645e11
8,-49.38491094422658,-29.913131243749234,1.2418359264137498e11
8,-18.439388613318016,-47.81985961829262,1.2422826239365585e11
8,-86.76988734744373,-61.14461433666203,1.2452574250481401e11
8,-86.85555507202663,-61.1446116625935,1.2452446548849051e11
8,-86.82863357480971,-61.13269699192443,1.2452450802829117e11
8,-79.44928575016993,-58.67730775206261,1.2470500801878845e11
8,-70.9097982303707,-58.67730775206261,1.247021406044032e11
8,-75.81131192692686,-58.67730775206261,1.247051816477385e11
8,-80.70796520062599,-58.67730775206261,1.2470649857592212e11
8,-76.43567357924512,-58.67730775206261,1.2470579241912967e11
8,-75.3639057383826,-31.43164123558246,1.2461613664599075e11
8,-82.79599924579642,-50.73219435825322,1.2468937282481497e11
8,-17.574139393109583,-25.076455082293712,1.2454944130039145e11
8,-59.44965308325607,-25.682542338758402,1.2459342536791379e11
8,-72.77001221982214,-55.59110694112977,1.2470035605598021e11
8,-78.26582212805681,-55.724901001638464,1.2470542137430199e11
8,-75.60048887554018,-52.614912664781734,1.2470207465985384e11
8,-47.08084767329235,-28.08311350203721,1.2460636459494226e11
8,-54.84513613950935,-51.00130332189848,1.2469087937657684e11
8,-67.84057081637448,-43.49721043649971,1.2468664352964742e11
8,-80.08315278326539,-40.41124471700388,1.2468234183866777e11
8,-57.21708041144349,-41.89093335795853,1.2467788809170982e11
8,-71.91820581654791,-38.05059539392486,1.2467621225376534e11
8,-79.49273212689646,-38.124707383921375,1.2467904842174649e11
8,-76.83343564048839,-37.05713445277999,1.2467559908205498e11
8,-80.62351468735434,-41.719510246087104,1.246889651939084e11
8,-67.35538678825122,-45.20690018552566,1.2469333887510806e11
8,-77.22831799729569,-35.337183445802346,1.2466993398958487e11
8,-67.98813108776811,-35.5363914379018,1.2466897846128857e11
8,-71.30368801779112,-35.03679929385402,1.2466780430485292e11
8,-80.30190778931144,-49.108944538542545,1.2470346154396309e11
8,-80.61792488800617,-45.04175849346916,1.2469804463065903e11
8,-68.69861483235331,-49.72732283608007,1.2470149934600125e11
8,-80.9212290749073,-36.03075542920422,1.2467279573877182e11
8,-80.21529505992204,-37.39382413777791,1.2467878868229713e11
8,-63.36787413333506,-48.629601632678686,1.2469796766692172e11
8,-81.11290387832472,-47.43895880667308,1.2470445040929697e11
8,-81.06256621882258,-44.556320340179525,1.2469884807269473e11
8,-80.00505647075451,-37.62633736279851,1.2468043255092502e11
8,-79.04865144937244,-46.14098142517032,1.2470996264631633e11
8,-73.08343221146944,-34.222663288595164,1.2466658700875266e11
8,-77.28719897461366,-39.49496973778682,1.246882552021217e11
9,-150.0,-150.0,1.034468361144582e11
9,0.0,0.0,9.531734980444705e10
9,0.0,0.0,1.139947336752454e11
9,-85.61913145942685,-91.7532251469256,1.1742485801940924e11
9,-15.378779995977572,0.0,1.1679883718183788e11
9,-88.51578974702707,-101.27964373067013,1.2118389561037964e11
9,-15.378779995977572,-7.564093505758481,1.1991709021093628e11
9,-86.71116341122277,-68.59622451222855,1.215176622360751e11
9,-86.81644424234035,-68.59622451222855,1.215176762191472e11
9,-75.11769106468331,-68.59622451223298,1.2147524832634479e11
9,-15.580827233323129,-68.59622451237372,1.2136968193930894e11
9,-73.84487473898929,-41.8320304429736,1.2231000592318997e11
9,-69.47400479591717,-41.24478145612836,1.2240676930123015e11
9,-24.946021870274365,-41.24478228403501,1.2237643534799088e11
9,-64.63477127478718,-41.244956109279435,1.2239664674195755e11
9,-42.29002851905334,-20.652173327880963,1.222338775551477e11
9,-78.60967496726626,-88.37161084134068,1.2252544710624411e11
9,-87.0000000000001,-20.016454281350118,1.2259785449546474e11
9,-31.36008782478202,-43.148352261328014,1.2238591788223486e11
9,-15.378779995977572,-49.061029150543696,1.2253122986088272e11
9,-86.76988734744373,-61.14461433666203,1.2281314196116682e11
9,-86.81570819534427,-61.14461166259349,1.2281169777855667e11
9,-76.9999179008963,-60.62199187548286,1.2275004787346529e11
9,-77.32540831347876,-58.67730775206261,1.229915618992518e11
9,-70.9097982303707,-58.67730775206261,1.2299076187469075e11
9,-73.30227062198628,-58.67730775206261,1.2299200579082542e11
9,-69.24059637560822,-58.67730775206261,1.229910134662635e11
9,-62.08793572746781,-58.677307752062575,1.229888220113123e11
9,-57.93568256215409,-31.43164123558246,1.2289316461406943e11
9,-77.91037255156206,-50.55478593524806,1.2297233049506938e11
9,-17.57413939310959,-25.076455082293716,1.2284480595893259e11
9,-80.91883616875761,-25.993277590177946,1.2288122890808272e11
9,-73.31765771851315,-55.773004550610565,1.2298695067462656e11
9,-82.87446844183629,-54.292729185017286,1.2298930494932976e11
9,-60.016193302970336,-51.99340480127824,1.2298341482352972e11
9,-57.811360505097056,-29.17652542882878,1.2290382279716196e11
9,-52.50180929226614,-50.5517205850748,1.229788189102067e11
9,-71.21967026388876,-39.140478858401664,1.2295906317513568e11
9,-71.64142288178931,-38.123981770623615,1.2295650461164003e11
9,-56.47951684292665,-37.64662313839013,1.2295289229487845e11
9,-71.00040470946598,-38.37196457771201,1.2295742849181242e11
9,-67.15936347822624,-38.12470738392135,1.2295827761913943e11
9,-71.02811726388713,-33.605506292232334,1.2294071973956155e11
9,-71.83607764157934,-42.71118000116731,1.229716678277898e11
9,-71.27432863676728,-42.029570700035215,1.2297179784179895e11
9,-71.0901640447967,-33.946795707370676,1.2294338146782018e11
9,-67.72823662882995,-34.25190257673497,1.2294535214176616e11
9,-71.0901640447967,-35.01498360413901,1.2294739133373624e11
9,-69.29789915746588,-51.06187525261356,1.2298770879171907e11
9,-70.1330872040162,-46.673360214912556,1.229821081182822e11
9,-67.48419041984349,-50.51999393539268,1.229873364805828e11
9,-71.0901640447967,-34.1874666181537,1.2294494704811458e11
9,-70.71743324079601,-38.12600158157202,1.229604143862739e11
9,-54.25869239164292,-50.0342922689526,1.2298101595305672e11
9,-73.12889730843602,-47.4250580046275,1.2298665693326915e11
9,-70.58809854895448,-37.52932587192582,1.229584719360217e11
9,-70.20158092627976,-38.57499136132121,1.2296302211470088e11
9,-74.12862684621723,-46.14098142517032,1.2299241561540056e11
9,-51.908716812454934,-34.17462731522264,1.2294183542822174e11
9,-69.84007565395576,-34.099648857402386,1.2294562127121127e11
10,-150.0,-150.0,1.0271377036336548e11
10,0.0,0.0,9.406093770431589e10
10,0.0,0.0,1.1256799263195317e11
10,-85.1672962170854,-91.7532251469256,1.1600766894508427e11
10,-15.378779995977572,0.0,1.1535992839813135e11
10,-88.51578974702707,-101.27964373067013,1.1977555180871603e11
10,-15.378779995977572,-7.564093505758481,1.1847584588365701e11
10,-86.71116341122277,-68.59622451222855,1.2008231156508658e11
10,-86.76580817126172,-68.59622451222855,1.2008233011101936e11
10,-66.77679266897448,-68.59622451223612,1.200044595333895e11
10,-15.580827233323129,-68.59622451237372,1.1994763586866106e11
10,-64.42217723345733,-41.8320304429736,1.2086237160691466e11
10,-56.72112066709211,-41.24478145612836,1.2095892641201263e11
10,-19.939197073570323,-41.24478241448884,1.2092849477504398e11
10,-78.66680849696121,-41.24526579435885,1.2093173029676071e11
10,-42.29002851905337,-20.652173327880963,1.207824050946438e11
10,-87.13166140221996,-104.261196349704,1.2117244765647105e11
10,-87.0000000000001,-20.016454281350118,1.211482432974146e11
10,-44.85235874480641,-51.529857195564226,1.2097614981353777e11
10,-15.378779995977572,-49.061029150543696,1.2109863214170656e11
10,-86.76988734744373,-61.14461433666203,1.2137492620464583e11
10,-86.81570819534421,-61.14461166259348,1.2137331737078949e11
10,-70.15359498762116,-60.25576328587066,1.2126177090212593e11
10,-70.55454591231975,-58.67730775206261,1.2155016646259027e11
10,-78.66646534104336,-58.67730775206261,1.2155156673526503e11
10,-66.64084032595932,-58.67730775206261,1.215492583281274e11
10,-73.92948548373226,-58.67730775206261,1.2155096622406471e11
10,-54.625365055114784,-58.67730775206251,1.2154307634358647e11
10,-52.94106347419977,-31.43164123558246,1.2144301487612985e11
10,-80.90726404631421,-55.016853031836696,1.21543736299401e11
10,-17.53668493180708,-25.042488545058706,1.2139801891561386e11
10,-76.8858235620967,-25.99327759017795,1.214312859168855e11
10,-65.814313322594,-56.34911999348586,1.215446800945415e11
10,-80.93171645085444,-54.292729185017286,1.215479033815443e11
10,-44.08055661886817,-50.241538604143734,1.2152751373209575e11
10,-57.811360505097056,-29.17652542882878,1.2145472350341374e11
10,-63.15491661017505,-50.944108993200615,1.2154086017457626e11
10,-59.79681696780398,-39.14047885840168,1.2151033177304597e11
10,-61.097220872997326,-36.00627950441934,1.2150013652904628e11
10,-48.74311589898848,-36.50844735171465,1.2149793373912755e11
10,-58.637841894426444,-35.07833194618491,1.214966929265598e11
10,-58.57345548649178,-38.83552831939315,1.2151163778661398e11
10,-59.459318824944006,-33.475551087471814,1.2148982674770296e11
10,-62.037574349499494,-42.72705984212068,1.2152398343755257e11
10,-79.46790631053621,-44.27598556326412,1.2153177120380571e11
10,-59.5686393436894,-33.946795707370676,1.2149321036255563e11
10,-78.4377080655769,-34.65235534277561,1.21498697412765e11
10,-78.78594582026346,-36.416980218647446,1.2150241021587408e11
10,-60.317234680351504,-48.89393287721519,1.215380859431695e11
10,-80.16676312366421,-48.15941058968741,1.2154045652773497e11
10,-76.89081982792669,-52.654199074250535,1.2154720368391554e11
10,-78.55755089342149,-34.5033471885564,1.214968159431124e11
10,-78.44974778968347,-39.37702273373027,1.2151698930879468e11
10,-54.25869239164292,-50.034292268952555,1.2153804530000505e11
10,-63.760948263434855,-47.42505800462752,1.215408945684613e11
10,-58.76699195774076,-34.08607822058602,1.2149397391294035e11
10,-57.621064794869,-39.90284064893555,1.2151794113500069e11
10,-64.92212142238272,-46.14098142517032,1.2154640900641904e11
10,-40.33456585054996,-34.05932519623536,1.2148623694151888e11
10,-57.36610265506489,-33.67853915426085,1.2149230996833257e11
11,-150.0,-150.0,1.0184569884908388e11
11,0.0,0.0,9.271137151844312e10
11,0.0,0.0,1.1104306849963904e11
11,-77.31285143316539,-91.7532251469256,1.1446108280446986e11
11,-15.378779995977572,0.0,1.138236370074512e11
11,-88.51578974702707,-101.27964373067013,1.1823755871000221e11
11,-15.378779995977572,-7.564093505758481,1.1693699991708101e11
11,-86.71116341122277,-68.59622451222855,1.1852134800661017e11
11,-86.71116341122277,-68.59622451222855,1.1852133766181485e11
11,-18.68466873471723,-68.59622451225438,1.1826195315503822e11
11,-15.580827233323129,-68.59622451237372,1.1842505076515279e11
11,-51.48686643188947,-41.8320304429736,1.1929720892500471e11
11,-20.270929713213526,-41.24478145612836,1.193949538089662e11
11,-19.939197073570323,-41.244782414488846,1.1938788451013036e11
11,-47.17903769285315,-41.24527163741649,1.1936380866697559e11
11,-36.79263184016578,-20.652173327880963,1.192216334011262e11
11,-87.16238239607213,-104.29088534263627,1.1963641749429153e11
11,-87.0000000000001,-20.016454281350118,1.195811258874687e11
11,-16.94823165303614,-71.61472812037141,1.1929307451321841e11
11,-15.378779995977572,-49.061029150543696,1.195658192280995e11
11,-86.76988734744373,-61.14461433666203,1.1981256617953033e11
11,-86.81964164142065,-61.14456714749796,1.1978080994888997e11
11,-59.59292135310541,-60.25576328587066,1.1969987042916617e11
11,-59.415850397830376,-58.67730775206261,1.1998769355327356e11
11,-59.415850397830376,-58.67730775206261,1.1998769355327356e11
11,-51.453172158661054,-58.67730775206261,1.1998738345591934e11
11,-50.59355412659182,-58.67730775206261,1.1998745272498715e11
11,-56.99217662597126,-55.26978162534164,1.1990490213232098e11
11,-43.061686802541395,-31.43164123558246,1.1987908158055296e11
11,-56.596303753374954,-55.01685303183668,1.1997885812670885e11
11,-17.53668493180708,-25.042488545058706,1.1985149929800177e11
11,-39.002971886914054,-26.02499474633399,1.1986180332869763e11
11,-57.808047934809665,-57.28868531884719,1.1998505659852365e11
11,-56.725552177373295,-54.292729185017286,1.1998290257493839e11
11,-30.49740744593652,-50.24153860414378,1.1997288550980447e11
11,-40.508888564440625,-29.17652542882878,1.1988803695741063e11
11,-54.86797592033773,-51.04802524625998,1.1997827782566962e11
11,-43.013046685037324,-38.80971368096117,1.1994379426223741e11
11,-46.36037552281701,-35.94993197092697,1.1993398187758621e11
11,-22.069624201960963,-38.003891508113085,1.1993734877412677e11
11,-43.59096988404095,-33.77289939147776,1.1992505074777629e11
11,-48.397716881944724,-40.29470435232038,1.1995166278254842e11
11,-43.371696980464,-33.475551087471814,1.1992361298699037e11
11,-25.540651227072896,-44.445111918546495,1.1996075428152592e11
11,-51.03771371338892,-46.39608548405418,1.199702492678051e11
11,-43.54281002734739,-33.946795707370676,1.1992705740664345e11
11,-44.5721759371376,-34.97617451256666,1.1990148901540334e11
11,-45.38362170139235,-36.34649696740126,1.1993167489765616e11
11,-54.87489790996362,-51.83298449191328,1.1998043885608684e11
11,-54.470485793817375,-50.77630054544778,1.112120506011497e11
11,-57.9522704808318,-54.51755511753942,1.1121962335717065e11
11,-44.281851142542436,-35.24472640855133,1.1992933064943932e11
11,-32.375312450930934,-42.3870858825321,1.1995742824104863e11
11,-25.637692392246727,-51.74292994720442,1.1997761512642192e11
11,-52.563007932278225,-47.28311488325879,1.199767074529975e11
11,-43.53421724014793,-33.9350782702805,1.1992726582352222e11
11,-30.033889606520884,-41.48152320459599,1.1995798102644777e11
11,-52.29694526769877,-46.14098142517032,1.1998198197441142e11
11,-23.09989844624759,-33.51255141909779,1.1992204895867532e11
11,-42.18387814975097,-32.47786935005757,1.1991980491877286e11
12,-150.0,-150.0,1.0072761889759863e11
12,0.0,0.0,9.164482025695117e10
12,0.0,0.0,1.0948618947974883e11
12,-70.22513512467928,-91.7532251469256,1.1291607281357422e11
12,-15.378779995977572,0.0,1.1226780176517064e11
12,-88.51578974702707,-101.27964373067013,1.1670195438006456e11
12,-15.378779995977572,-7.564093505758481,1.1537752146020375e11
12,-86.71116341122277,-68.59622451222855,1.169660985195418e11
12,-86.71116341122277,-68.59622451222855,1.1678112818436589e11
12,-15.474556212302502,-68.5962245122556,1.1670143347875882e11
12,-15.580827233323129,-68.59622451237372,1.1687104577730434e11
12,-41.244198319213034,-41.8320304429736,1.1772333542704636e11
12,-19.939959113131216,-41.24478145612836,1.178215097018347e11
12,-19.920032121387457,-41.244806516824376,1.1762955806528908e11
12,-31.84015249062963,-41.24547720734208,1.1781654830400534e11
12,-20.94314705536142,-20.652173327880963,1.1763816294614807e11
12,-87.16238239607213,-104.29088534263627,1.1810232452126549e11
12,-87.0000000000001,-20.016454281350118,1.1800704977401022e11
12,-16.44674396480409,-72.13443223899345,1.1773790264761406e11
12,-15.378779995977572,-49.061029150543696,1.1799767574476112e11
12,-86.76988734744373,-61.14461433666203,1.1825425003482803e11
12,-86.76991432198339,-61.139793162448896,1.180675224704037e11
12,-27.693262133614343,-60.25576328587065,1.1813424446914426e11
12,-30.212242024906637,-58.67730775206261,1.1841875217734773e11
12,-30.212242024906637,-58.67730775206261,1.1823379234380823e11
12,-30.328156077184726,-58.67730775206261,1.184189244477859e11
12,-28.207764931413948,-58.67730775206261,1.1841865524661504e11
12,-30.08851482431531,-48.02253793279981,1.1815404901495299e11
12,-31.322986063725132,-31.43164123558246,1.182975505616541e11
12,-34.47266523263425,-53.034106725047664,1.1840174941059016e11
12,-17.53668493180708,-25.0424885450587,1.1826951205732755e11
12,-46.6691759999944,-27.425874906965404,1.1828879307544545e11
12,-43.12465387897407,-57.937066357559985,1.1841842016303795e11
12,-29.77219835606163,-54.292729185017286,1.1841177184283206e11
12,-28.699384143715353,-50.24153860414379,1.1840302586265456e11
12,-22.992188207152797,-29.17652542882878,1.1830439106245395e11
12,-30.15122194782522,-51.048025246259996,1.184056266152381e11
12,-24.702156251568802,-38.80971368096117,1.1836483262998782e11
12,-32.63362728340514,-35.94993197092697,1.1835459014762209e11
12,-17.51606176923283,-38.88924083211157,1.1836358487382631e11
12,-24.837442728143415,-33.772899391477765,1.1834364230072177e11
12,-29.74743269727232,-40.29470435232038,1.183738142811488e11
12,-28.732058824450476,-33.195121948753254,1.1834078530680882e11
12,-23.639753491467946,-45.41354035066591,1.1839064355662071e11
12,-28.23086294554451,-48.1250530755618,1.1840031839092084e11
12,-24.036352207099767,-33.946795707370676,1.1834563210534589e11
12,-26.051701939352924,-36.238784923262585,1.1817214210544553e11
12,-25.75964824531104,-36.129594837300466,1.183503496891232e11
12,-29.953352362937526,-50.79955115302687,1.1821415090662863e11
12,-29.860085749896403,-49.93782990081482,1.1837073478540794e11
12,-35.549685029272645,-54.517555117539416,1.183821717418464e11
12,-27.997008066267863,-35.187688487787895,1.1816776025909383e11
12,-35.117318908989276,-43.1599502956871,1.1838664268753955e11
12,-23.26345778353284,-52.58710121725439,1.1841020915401593e11
12,-29.800395151800032,-47.283114883258776,1.184021899780191e11
12,-26.84523255610952,-33.9323442016261,1.1834614388851897e11
12,-28.608296845536206,-41.91290486190855,1.1838521061654326e11
12,-31.983664793189156,-46.14098142517032,1.184072080985507e11
12,-22.73213685519872,-33.47133115487437,1.183432672393974e11
12,-21.47005226278852,-32.477869350057546,1.1833744338386575e11
13,-150.0,-150.0,9.981432174499203e10
13,0.0,0.0,9.064138782251653e10
13,0.0,0.0,1.0805698416958023e11
13,-63.24319430313081,-91.7532251469256,1.1151338889600954e11
13,-15.378779995977572,0.0,1.1085747819287762e11
13,-88.51578974702707,-101.27964373067013,1.1531208962583073e11
13,-15.378779995977572,-7.564093505758481,1.1396389071165561e11
13,-86.71116341122277,-68.59622451222855,1.155532693017825e11
13,-86.71116341122277,-68.59622451222855,1.1552210571331953e11
13,-15.378779995977572,-68.59622451225563,1.1528535745797842e11
13,-15.580827233323129,-68.59622451237372,1.1545014201570784e11
13,-41.10703749033555,-41.8320304429736,1.162855803801985e11
13,-19.939959113131213,-41.24478145612836,1.1638079310477124e11
13,-19.22684840884236,-41.24491022651691,1.1634215090720334e11
13,-35.996614828026644,-41.24735138466359,1.1637489632967564e11
13,-20.10677740137562,-20.652173327880963,1.1618611534852902e11
13,-87.16238239607213,-104.29088534263627,1.1671421495581683e11
13,-87.0000000000001,-20.016454281350118,1.1656920881481151e11
13,-27.37847868302874,-72.06044789045654,1.1635686586711519e11
13,-15.378779995977572,-49.061029150543696,1.1656213944634572e11
13,-86.76988734744373,-61.14461433666203,1.1683743929001318e11
13,-86.77047443686372,-61.0396835239777,1.1680397702947401e11
13,-22.409635023743185,-60.25576328587062,1.1671257427154218e11
13,-23.570393355236902,-58.67730775206261,1.1698694179532521e11
13,-23.570393355236902,-58.6773077520626,1.1695578895245496e11
13,-31.542190198176563,-58.67730775206261,1.1698796329840057e11
13,-23.570393355236973,-58.67730775206261,1.1698724350448178e11
13,-24.239101648075795,-46.35773014854,1.1685338634210121e11
13,-25.702075109050103,-31.43164123558246,1.1684976824258427e11
13,-24.96488852887545,-51.71735981874416,1.1696037902526558e11
13,-17.53668493180708,-25.042488545058678,1.1681827204422005e11
13,-33.645265551133505,-28.814098523287925,1.1684978551664157e11
13,-30.987814042925496,-57.93706635756004,1.1698708447520558e11
13,-24.050741162638623,-54.292729185017286,1.1697740215044016e11
13,-23.672881436282072,-50.241538604143805,1.1696619000752107e11
13,-21.549176188761734,-29.17652542882878,1.1685492589169246e11
13,-24.939955945897427,-50.47043950533461,1.1696745318833507e11
13,-21.41039285137727,-38.80971368096116,1.1692094064154886e11
13,-24.637217492456536,-35.52186475184761,1.1690705065935783e11
13,-17.516061769232834,-38.88924083211158,1.1692114148819266e11
13,-22.344410922612422,-33.36480747405812,1.1689415784443912e11
13,-24.912064442057797,-37.92036614995042,1.169205656547455e11
13,-22.19492821387386,-33.19512194875326,1.1689347393326778e11
13,-25.445811773550542,-47.337749751587836,1.169599829717247e11
13,-31.897279768506234,-51.499210178307386,1.1697306704216048e11
13,-21.72391539036991,-33.946795707370654,1.1689893581945459e11
13,-36.96732612063676,-40.539674038468085,1.1690287181823563e11
13,-23.426904855011983,-37.08731193506252,1.1688578627371027e11
13,-23.88430959314744,-54.10282483751984,1.1693764419414178e11
13,-24.176101659650467,-51.80926592054529,1.1697338648842046e11
13,-28.947468144875728,-63.352760842975776,1.1689701512070068e11
13,-22.619091767112376,-36.01195416254144,1.1691097821858286e11
13,-25.65347622292657,-42.22340953291591,1.1694153678696133e11
13,-23.244030418221335,-52.20162400939171,1.1697549558147658e11
13,-27.72732695371273,-47.28311488325873,1.1696463950363005e11
13,-21.182502395093408,-32.94740804745439,1.1689276427690625e11
13,-26.51110962712706,-45.93628033874974,1.1696249981094025e11
13,-28.680290912393538,-46.14098142517032,1.1696872311157536e11
13,-20.024413862034997,-33.29487480029535,1.1689500683748521e11
13,-19.160363055389414,-32.28723474500206,1.1688850502009396e11
14,-150.0,-150.0,9.877763059089012e10
14,0.0,0.0,8.964752670261784e10
14,0.0,0.0,1.0656724607499022e11
14,-54.36643542929866,-91.7532251469256,1.1004069418382417e11
14,-15.378779995977572,0.0,1.0936900671934856e11
14,-88.51578974702707,-101.27964373067013,1.138543617925626e11
14,-15.378779995977572,-7.564093505758481,1.124723503420203e11
14,-86.71116341122277,-68.59622451222855,1.1407354123964539e11
14,-86.71116341122277,-68.59622451222855,1.1401039840694e11
14,-15.378779995977572,-68.59622451225563,1.1379917895989824e11
14,-15.580827233323129,-68.59622451237372,1.1396417853370218e11
14,-37.802911169563515,-41.8320304429736,1.1478340478468661e11
14,-15.378779995977572,-41.24478145612836,1.1487388617700078e11
14,-21.372462910525424,-41.25109556855131,1.148041718566896e11
14,-20.399843966859738,-41.24736046139543,1.1486726040631946e11
14,-18.246876618062277,-20.652173327880963,1.146731659657591e11
14,-87.16238239607213,-104.29088534263627,1.1525836844778261e11
14,-87.0000000000001,-20.016454281350118,1.150695017147129e11
14,-17.19901080754938,-68.59390734598271,1.1477006626069373e11
14,-15.378779995977572,-49.061029150543696,1.1506189888849767e11
14,-86.76988734744373,-61.14461433666203,1.1535445580112851e11
14,-86.81955020279605,-52.26834507510256,1.1523526358357967e11
14,-15.378779995977572,-60.158663248910536,1.1520216552047865e11
14,-15.378779995977572,-58.67730775206261,1.1548785413878505e11
14,-24.504861827960134,-58.67730775206261,1.1542571725248022e11
14,-25.714666648719618,-58.6773077520626,1.1548944888718413e11
14,-19.41873088727403,-58.67730775206261,1.1542599767652809e11
14,-16.609649139495616,-36.00107045137589,1.1523869366532788e11
14,-24.36517634619256,-31.43164123558246,1.153386693822882e11
14,-19.207212631185726,-41.50943618321044,1.1540136442233011e11
14,-17.53668493180708,-25.04248854505867,1.153044777711718e11
14,-19.64994776755962,-28.814098523287925,1.1533653254228893e11
14,-19.61103092224803,-57.73897964553953,1.1548684285750798e11
14,-16.99427729075028,-54.292729185017286,1.1547620021728824e11
14,-16.062223299070777,-44.2997924188627,1.1543655782734164e11
14,-19.76946136607941,-29.17652542882878,1.1534213849465234e11
14,-24.426160071833248,-54.96070867408647,1.154797344214384e11
14,-17.366671657376838,-36.98311795556387,1.1540276862107736e11
14,-22.09746646526527,-35.52186475184761,1.1539736825708527e11
14,-17.607171184604777,-40.051739064101554,1.1542093367846396e11
14,-16.441876926316468,-30.201123466633515,1.153585184801789e11
14,-21.403685071844272,-39.33582161330523,1.154188341880253e11
14,-17.716030104544302,-31.347717320205312,1.1536851695803212e11
14,-19.72913514078245,-51.86611768303014,1.1547140009030196e11
14,-27.92055538113491,-46.62712929889071,1.1545295051402437e11
14,-19.20081037476982,-35.718894607710695,1.153993896034833e11
14,-28.20680798725403,-44.80635399466205,1.153826177224683e11
14,-20.057495259765467,-35.92670345100461,1.1533778926203554e11
14,-18.918761201647307,-55.43942905031223,1.1541896050394926e11
14,-19.583796950397538,-48.544815699857025,1.1545949865956593e11
14,-19.14917398730627,-63.352760842975776,1.15402415874415e11
14,-20.000155711546064,-35.25802260964721,1.1536528754924121e11
14,-22.268315198147654,-46.57491909678438,1.1545302591094862e11
14,-31.604671032138754,-53.65710458466114,1.1548540277352055e11
14,-29.017066115727616,-51.32092589461871,1.1547904492695392e11
14,-18.649692877082657,-34.0381062705788,1.1538912562497449e11
14,-19.431033850301663,-45.62858630698576,1.154557073558847e11
14,-24.606129792745634,-46.1409814251703,1.1546437932217152e11
14,-22.69574824656557,-35.338492495142674,1.1540003368780043e11
14,-15.397961676346497,-30.68583268159114,1.1536391898989839e11
15,-150.0,-150.0,9.797572405801477e10
15,0.0,0.0,8.882002633321352e10
15,0.0,0.0,1.0528058779040318e11
15,-47.137634684279774,-91.7532251469256,1.08778397355411e11
15,-15.378779995977572,0.0,1.0807730770532074e11
15,-88.51578974702707,-101.27964373067013,1.1260911460826695e11
15,-15.378779995977572,-7.564093505758481,1.1117741345453165e11
15,-86.71116341122277,-68.59622451222855,1.1280667179850098e11
15,-86.71116341122277,-68.59622451222855,1.1259926403835925e11
15,-15.378779995977572,-68.59622451225563,1.1252281704123465e11
15,-15.580827233323129,-68.59622451237372,1.1268191733867679e11
15,-36.862783339101156,-41.8320304429736,1.1348882165711015e11
15,-15.378779995977572,-41.24478145612836,1.135748152413013e11
15,-22.790495937860786,-41.42167742384044,1.1336005620948654e11
15,-17.270894911059187,-41.25323098395689,1.13360897232064e11
15,-17.76358804685676,-20.652173327880963,1.1336325420862662e11
15,-87.16238239607213,-104.29088534263627,1.1401494940494461e11
15,-87.0000000000001,-20.016454281350118,1.1377624025995074e11
15,-15.378779995977572,-71.41417305703737,1.1311222825188072e11
15,-8.211751772870418,-51.96747625943082,1.1376614104119527e11
15,-86.76988734744373,-61.14461433666203,1.1408344716201312e11
15,-86.7698873524514,-61.14461293277085,1.138741962573712e11
15,-15.378779995977572,-60.15866324891054,1.1392699484700314e11
15,-15.378779995977572,-58.67730775206261,1.1419882979564423e11
15,-24.63835732406342,-58.6773077520626,1.1399349008008122e11
15,-25.118714257506618,-58.6773077520626,1.1420115730213327e11
15,-17.42571271028308,-58.67730775206261,1.1419987433898532e11
15,-16.60964913949562,-36.00107045137587,1.1393684478864337e11
15,-24.365176346192573,-31.43164123558246,1.1403497522834724e11
15,-16.073713510252087,-47.631767272408496,1.1413857724929572e11
15,-17.536684931807088,-25.04248854505865,1.1399594183932242e11
15,-18.24919855914256,-31.385650781171513,1.1405044392012877e11
15,-18.96800739268057,-56.362765089305704,1.1419237591970984e11
15,-16.994277290750272,-54.29272918501728,1.1418469410875505e11
15,-15.378779995977572,-36.972313783471954,1.140999521219007e11
15,-21.29180893490144,-31.995186940490218,1.1406058583768901e11
15,-25.227048724417948,-55.74491936562541,1.1419203944769662e11
15,-20.94687399326533,-37.00257632088224,1.1410169625842645e11
15,-21.420208640493836,-35.52186475184761,1.1409528009100027e11
15,-19.12652881321423,-42.151347209985396,1.1413285698753592e11
15,-15.378779995977572,-29.064906747420135,1.1404282089374297e11
15,-23.125588730892005,-41.29835007999529,1.1412977777271774e11
15,-19.309609724021612,-32.904179074377005,1.1407577080019125e11
15,-19.895371369077136,-54.546054365249375,1.1418896407248285e11
15,-27.259725209641747,-49.693778020220826,1.1417094630360504e11
15,-19.126629000279944,-37.63801883498364,1.1410978643284015e11
15,-19.243988878492047,-39.10144885520222,1.139110874118963e11
15,-17.96443025927856,-34.00259724607343,1.1408363811407434e11
15,-19.106003423228152,-56.614969410776396,1.1398803001459163e11
15,-20.760526142019845,-51.58850669183293,1.1397015944731808e11
15,-17.783981251011056,-63.352760842975776,1.1411680425276877e11
15,-18.540421754866983,-31.767361479153756,1.1406744754117473e11
15,-18.875235896257447,-39.41271195839569,1.1412052153506885e11
15,-26.45910320321688,-53.65710458466111,1.1419479981950157e11
15,-20.076344409402722,-47.89453048255646,1.1417004940345535e11
15,-17.980367777763448,-35.58634135564134,1.1409660884688559e11
15,-18.37175285716793,-42.305201516148706,1.1413995261980527e11
15,-19.35709299533891,-46.14098142517025,1.1416771550803568e11
15,-19.37451043460354,-37.77335455149876,1.14114881766353e11
15,-15.41104009477987,-31.79100945488953,1.1406781212495198e11
16,-150.0,-150.0,9.729877025859448e10
16,0.0,0.0,8.799484745004169e10
16,0.0,0.0,1.0406906635991794e11
16,-39.21441113525227,-91.7532251469256,1.0758964140090283e11
16,-15.378779995977572,0.0,1.0687912948303404e11
16,-88.51578974702707,-101.27964373067013,1.1143776904399782e11
16,-15.378779995977572,-7.564093505758482,1.0997618040283968e11
16,-86.71116341122277,-68.59622451222855,1.1161230040511377e11
16,-86.71116341122242,-68.59622451222855,1.1154630259633157e11
16,-9.144139457067746,-68.59622451225798,1.1129868360051268e11
16,-15.580827233323129,-68.59622451237372,1.1147536664843509e11
16,-36.862783339101156,-41.8320304429736,1.122681673017723e11
16,-15.378779995977572,-41.24478145612836,1.1235227428401173e11
16,-29.059831931653463,-41.53547570926836,1.1219279832560364e11
16,-18.620163866388737,-41.16524453285296,1.1224071945883218e11
16,-17.13412614476188,-20.652173327880963,1.1212761124597815e11
16,-87.16238239607213,-104.29088534263627,1.1284557395021854e11
16,-87.0000000000001,-20.016454281350118,1.1255635142837753e11
16,-15.378779995977572,-69.15547512831996,1.1186767197045786e11
16,-3.325141620751908,-53.949144742762925,1.1255794904954065e11
16,-86.76988734744373,-61.14461433666203,1.1288499228325432e11
16,-86.76988751917368,-61.14456619174755,1.1281709094859839e11
16,-15.378779995977572,-60.15866324891056,1.1272298741781009e11
16,-15.378779995977572,-58.67730775206261,1.1298660379661658e11
16,-27.526552104461754,-58.67730775206261,1.129215532590864e11
16,-27.526552104461754,-58.6773077520626,1.1298754252749709e11
16,-16.313248468700774,-58.677307752062575,1.1295402060781917e11
16,-15.378779995977572,-33.09431965650544,1.1267226181393706e11
16,-22.71633453866828,-31.43164123558246,1.1280596689864116e11
16,-15.378779995977572,-31.43164123558246,1.1280552728763275e11
16,-17.545147840938284,-25.017431454847,1.1276314222730922e11
16,-16.206103935212834,-35.71004006780036,1.1285625927691017e11
16,-20.644385661350952,-52.08976325036992,1.1295821840771008e11
16,-16.273770654539778,-47.86201395335077,1.129374508673219e11
16,-15.378779995977572,-36.972313783471954,1.1287433950035765e11
16,-23.251597676241676,-36.44241481278399,1.1287076117563623e11
16,-20.813120138735673,-50.92742415933569,1.129545247723035e11
16,-23.5020312513913,-37.054143140675414,1.1287552121373918e11
16,-20.58492398994241,-35.52186475184761,1.1286858455931407e11
16,-18.456052202964212,-40.103595921803645,1.1289850565021814e11
16,-15.378779995977572,-29.064906747420135,1.1281251210011726e11
16,-19.21183575954677,-37.99953633449471,1.1288648049526234e11
16,-22.29835437283728,-30.240801732642623,1.1282434254730887e11
16,-19.572480020015124,-54.54605436524936,1.129740692306724e11
16,-25.36143233274648,-42.93612010207659,1.1291546457967398e11
16,-17.8349842903281,-38.22178547860736,1.1288805316041423e11
16,-24.242705374906517,-38.96704447089965,1.032285098831009e11
16,-23.78249361410309,-35.54224495918634,1.128695463806399e11
16,-16.47376410278266,-57.00247529794912,1.1291615956897467e11
16,-26.819884517295353,-54.545822950670974,1.1290828215849606e11
16,-15.378779995977572,-63.352760842975776,1.1291831234807596e11
16,-17.317271654378548,-30.8865553338128,1.1283036451678174e11
16,-17.446124272050856,-38.42144835765624,1.1288973312873569e11
16,-31.823460893750433,-62.725084247749656,1.1302553564991026e11
16,-18.73815287013404,-46.20508425992855,1.1294117331217998e11
16,-17.011918252374496,-36.001028357567414,1.12872890280328e11
16,-17.041614840520165,-36.5853734919382,1.1287730366248834e11
16,-18.04041469425132,-46.14098142517024,1.1294714912835779e11
16,-17.328872391177118,-40.45724060639629,1.1290953454599403e11
16,-15.415980833127403,-32.208520891188904,1.1284288063446898e11
17,-150.0,-150.0,9.643699203740614e10
17,0.0,0.0,8.730623013122336e10
17,0.0,0.0,1.0281470637290045e11
17,-29.214148577638053,-91.7532251469256,1.0635458676103313e11
17,-15.378779995977572,0.0,1.0562170950937788e11
17,-88.51578974702707,-101.27964373067013,1.1022220430217062e11
17,-15.378779995977572,-7.564093505758487,1.0871510399016083e11
17,-86.71116341122277,-68.59622451222855,1.1037591359819856e11
17,-86.71116340472975,-68.59622451222855,1.1015166499509285e11
17,0.0,-68.59622451226141,1.1002108357557643e11
17,-15.580827233323129,-68.59622451237372,1.1022536627147502e11
17,-36.862783339101156,-41.8320304429736,1.1100495805263269e11
17,-15.378779995977572,-41.24478145612836,1.1108471117028273e11
17,-37.802911169563515,-41.8320304429736,1.1083309257821368e11
17,-15.378779995977572,-20.016454281350118,1.0120886644954785e11
17,-16.313248468700756,-20.652173327880963,1.1084898086496509e11
17,-87.16238239607213,-104.29088534263627,1.1163165721739343e11
17,-87.0000000000001,-20.016454281350118,1.1129318281614818e11
17,-15.378779995977572,-69.15547512831996,1.1063544013994356e11
17,0.0,-55.29759042337515,1.1131253190384598e11
17,-86.76988734744373,-61.14461433666203,1.1164442390913959e11
17,-86.76990675382001,-61.139173710994925,1.114181656107085e11
17,-15.378779995977572,-60.1586632489106,1.1147729280563968e11
17,-15.378779995977572,-58.67730775206261,1.117293331025016e11
17,-23.570393355236902,-58.6773077520626,1.1150531738920015e11
17,-23.570393355236902,-58.67730775206261,1.1172955448467178e11
17,-16.313248468701058,-58.677307752062454,1.1172943985873346e11
17,-15.378779995977572,-31.43164123558246,1.1138486132175832e11
17,-17.19901080754938,-31.43164123558246,1.1153193263261462e11
17,-15.378779995977572,-31.43164123558246,1.1153179058244896e11
17,-17.545147840938284,-25.017431454847,1.1148581967173648e11
17,-16.206103935212827,-35.710040067800335,1.1158512065643504e11
17,-17.19901080754938,-52.08976325036994,1.1169654006930382e11
17,-15.710580996186103,-45.288601337773905,1.1165818368979063e11
17,-15.378779995977572,-36.972313783471954,1.1160387923555605e11
17,-19.625538120237344,-36.081120060042196,1.115965462792252e11
17,-15.378779995977572,-50.92742415933565,1.1169175222559505e11
17,-20.209675586724366,-36.73361159700343,1.1160236140294531e11
17,-18.210288116738955,-35.52186475184761,1.1159712592633557e11
17,-18.52384919226774,-41.36752176179151,1.1163846978924648e11
17,-15.378779995977572,-29.064906747420135,1.115373760966232e11
17,-17.861264103441012,-37.999536334494664,1.1161652780195734e11
17,-19.503397766543717,-31.042548313476114,1.115574906125194e11
17,-15.774718560046109,-54.54605436524931,1.1171368123620883e11
17,-18.094659585047264,-40.50569137139736,1.116334843039464e11
17,-17.731452200283712,-38.96659119633419,1.1162395447910867e11
17,-17.653981420752274,-43.66538573144266,1.1143006279208835e11
17,-17.171898877659505,-34.597597721352464,1.1159024315812529e11
17,-17.324990300908553,-57.3751205302626,1.1150115608379533e11
17,-17.67161110306448,-53.09863439388388,1.1148414104362375e11
17,-15.378779995977572,-63.352760842975776,1.1166470286299875e11
17,-17.855370520649405,-32.12858846089868,1.115681964249934e11
17,-17.27244640269171,-38.08962228193921,1.1161783792056636e11
17,-24.495324492805132,-62.72508424774962,1.1177147111973912e11
17,-18.768422341401102,-48.44383239178768,1.1169116175576134e11
17,-16.853335900007476,-34.72971031664545,1.1159160752556429e11
17,-17.02540431798345,-36.719245638715975,1.1160770428595122e11
17,-17.50895167415659,-46.14098142517021,1.116822000255187e11
17,-17.460054871499786,-42.03724896218963,1.1165400355905476e11
17,-15.415980833127403,-32.20852089118889,1.1156960589453967e11
18,-150.0,-150.0,9.538152436242676e10
18,0.0,0.0,8.658710427070401e10
18,0.0,0.0,1.0143116317353616e11
18,-16.313248468700756,-91.7532251469256,1.0498824346791174e11
18,-15.378779995977572,0.0,1.0427054514844377e11
18,-88.51578974702707,-101.27964373067013,1.0888142188442126e11
18,-15.378779995977572,-7.564093505758491,1.0736067725764635e11
18,-86.71116341122277,-68.59622451222855,1.0901305804864e11
18,-86.71116336732729,-68.59622451222855,1.0875625099048709e11
18,0.0,-68.59622451226141,1.0868685316341074e11
18,-15.580827233323129,-68.59622451237372,1.0884745414895787e11
18,-36.862783339101156,-41.8320304429736,1.0961443932542293e11
18,-15.378779995977572,-41.24478145612836,1.0968705970221379e11
18,-36.862783339101156,-41.8320304429736,1.0935751774352962e11
18,-15.378779995977572,-20.016454281350118,1.0947523627066774e11
18,-16.313248468700756,-20.652173327880963,1.0944341633456372e11
18,-87.16238239607213,-104.29088534263627,1.102926735603199e11
18,-87.0000000000001,-20.016454281350118,1.0990271273962564e11
18,-15.378779995977572,-69.15547512831996,1.0929755776010173e11
18,-3.325141620751908,-56.4318069070716,1.0995675038567212e11
18,-86.76988734744373,-61.14461433666203,1.102771873152033e11
18,-86.78152421036937,-57.882190987863986,1.0999235651490598e11
18,-15.378779995977572,-60.158663248910656,1.1017742259156975e11
18,-15.378779995977572,-58.67730775206261,1.1034201977069862e11
18,-15.378779995977641,-58.67730775206257,1.1008522424137592e11
18,-15.378779995977572,-58.67730775206261,1.1034201977069861e11
18,-28.585113012189037,-51.688120152748795,1.1016578104668665e11
18,-15.378779995977572,-31.43164123558246,1.0999293612435347e11
18,-15.378779995977572,-31.43164123558246,1.1012819237213794e11
18,-15.378779995977572,-31.43164123558246,1.1012819237213795e11
18,-17.545147840938284,-25.017431454847,1.1007905628507892e11
18,-15.836712512943734,-38.65972520240814,1.1021061880326175e11
18,-15.378779995977572,-45.83001801573017,1.1026605515144093e11
18,-16.91335962194204,-43.32596588018247,1.1024922137948642e11
18,-15.378779995977572,-36.972313783471954,1.102034690985318e11
18,-16.125694256621433,-32.85054281260929,1.1016375854459863e11
18,-15.378779995977572,-52.33360516446815,1.103078322322173e11
18,-18.827330039123908,-35.86831617105504,1.1019500052100171e11
18,-18.210288116738955,-35.52186475184761,1.1019651237264786e11
18,-18.6380321703464,-43.496212400756065,1.1025606213808678e11
18,-15.378779995977572,-29.064906747420135,1.1013241498765237e11
18,-17.76498161701399,-38.68303194350075,1.1022239586497421e11
18,-17.158124779153315,-31.588104607560535,1.1015930972287628e11
18,-15.774718560046102,-54.54605436524926,1.1032392790301463e11
18,-16.585799220653175,-47.05483382672532,1.1002637085823112e11
18,-17.49814603830177,-40.670866937282035,1.102381440998753e11
18,-17.07200000215102,-43.78967230813359,1.1000432121028812e11
18,-17.17569862897155,-35.42780271826059,1.1019630219368192e11
18,-15.5655650526816,-56.78521227555526,1.1022581123258293e11
18,-16.06983205773129,-51.72818114775457,1.1020234105780797e11
18,-15.378779995977572,-63.352760842975776,1.1038964752308359e11
18,-16.48265769528214,-32.973742037030675,1.1017335845863667e11
18,-17.058625695271648,-35.64423260845657,1.1019834057358961e11
18,-15.5655650526816,-60.44975659005477,1.1037283153016594e11
18,-19.694510645211178,-54.923597217599955,1.1034413518707666e11
18,-16.3251483921709,-32.41600097311479,1.1016791779069073e11
18,-17.002187834364175,-36.9092224201728,1.1020893141321754e11
18,-17.63317953040072,-49.036636271160184,1.1030998710484694e11
18,-16.696646873668982,-43.80083968046083,1.1027145654569757e11
18,-15.415980833127405,-32.20852089118887,1.1016646215290733e11
19,-150.0,-150.0,9.43575870953253e10
19,0.0,0.0,8.585218759454341e10
19,0.0,0.0,1.000598173469666e11
19,-16.313248468700756,-91.75322514692563,1.0363410354673976e11
19,-15.378779995977572,0.0,1.0293587542956154e11
19,-88.51578974702707,-101.27964373067013,1.0755166888314613e11
19,-15.378779995977572,-9.650739990105654,1.0605525507518948e11
19,-86.71116341122277,-68.59622451222855,1.0766169144553421e11
19,-86.71050026586755,-68.59622451222855,1.074808875665334e11
19,0.0,-68.59622451226141,1.0740562370028032e11
19,-15.580827233323129,-68.59622451237372,1.0748148086905392e11
19,-36.862783339101156,-41.8320304429736,1.0823587008505786e11
19,-15.378779995977572,-41.24478145612836,1.0830151269029341e11
19,-36.862783339101156,-41.8320304429736,1.0808684981027611e11
19,-15.378779995977572,-20.016454281350118,1.0807843899308989e11
19,-16.313248468700756,-20.652173327880963,1.0804915811523553e11
19,-87.16238239607213,-104.29088534263627,1.0896462047970709e11
19,-87.0000000000001,-20.016454281350118,1.0852242443370515e11
19,-15.378779995977572,-69.15547512831996,1.079738021526781e11
19,0.0,-57.87891069661531,1.085966246630745e11
19,-86.76988734744373,-61.14461433666203,1.0892133798297287e11
19,-86.79745160822127,-53.416905543694035,1.0867053356944533e11
19,-15.366532896093757,-60.16001484213844,1.088038737553847e11
19,-15.378779995977572,-58.67730775206261,1.0896684856179863e11
19,-22.945905895402873,-54.59260288979297,1.0866191807990074e11
19,-15.378779995977572,-58.67730775206261,1.087860576647708e11
19,-36.10644039903712,-47.7076080728241,1.0873172250327647e11
19,-15.378779995977572,-31.43164123558246,1.0867017961046338e11
19,-15.378779995977572,-31.43164123558246,1.0873647156869225e11
19,-15.378779995977572,-31.43164123558246,1.0873647156869226e11
19,-17.545147840938284,-25.017431454847,1.0868405276437923e11
19,-15.836712512943723,-38.659725202408154,1.0882332971691827e11
19,-15.378779995977572,-45.83001801573017,1.0888300887562729e11
19,-17.847451568181278,-41.80176023245778,1.088530550205008e11
19,-15.378779995977572,-36.972313783471954,1.0881505934746356e11
19,-15.847183854347454,-34.38747436106655,1.0878895274585576e11
19,-15.378779995977572,-52.940843497700214,1.089320173203563e11
19,-20.92644745669123,-35.19631762436646,1.0880126408966719e11
19,-18.210288116738955,-35.52186475184761,1.088079218748719e11
19,-18.75603052996224,-45.69603244183428,1.0888808934693666e11
19,-15.378779995977572,-29.064906747420135,1.0873927869203172e11
19,-17.64213844467608,-39.55507806533607,1.088423713945e11
19,-17.532039011548225,-31.609637197547514,1.08768275615229e11
19,-16.29438792538605,-49.12378429505674,1.0891550049198631e11
19,-17.76662776156873,-38.67136726589614,1.0865442160759018e11
19,-16.936930129508063,-44.808641977472355,1.0888467216927965e11
19,-16.51152516184883,-47.92277221980019,1.0872707969836505e11
19,-17.17569862897155,-35.42780271826059,1.0880740455977249e11
19,-16.24266088323371,-49.926366173216074,1.0892155829905655e11
19,-16.199223341634177,-50.602686548965764,1.0885953078113127e11
19,-15.378779995977572,-63.352760842975776,1.0901734379483838e11
19,-16.787175681297178,-34.05204142726805,1.087938132640191e11
19,-17.088304702864292,-36.78594530863142,1.0881960348553885e11
19,-15.378779995977572,-63.352760842975705,1.0901734379483836e11
19,-21.737857867325474,-65.68649517916039,1.0904705106659314e11
19,-16.398652733622804,-32.67628013627552,1.087793945556936e11
19,-17.07341463106535,-37.01734400628235,1.0882179116591072e11
19,-17.63317953040073,-49.036636271160155,1.0892945031012096e11
19,-16.495099002973625,-42.67406247022236,1.0887761688401628e11
19,-15.4262431330308,-33.07572479291815,1.0878429026803325e11
20,-150.0,-150.0,9.353409840207439e10
20,0.0,0.0,8.512130062308713e10
20,0.0,0.0,9.881696159423433e10
20,-16.313248468700756,-91.7532251469257,1.0238889193852637e11
20,-15.378779995977572,0.0,1.0173113669141896e11
20,-88.51578974702707,-101.27964373067013,1.0633234079696733e11
20,-15.378779995977572,-12.313013090824455,1.0488742437929181e11
20,-86.71116341122277,-68.59622451222855,1.0642722140274222e11
20,-68.34386701786505,-68.59622451216423,1.0604609777502635e11
20,0.0,-68.59622451226141,1.0623615627090613e11
20,-15.580827233323129,-68.59622451237372,1.0622826062494164e11
20,-36.862783339101156,-41.8320304429736,1.0697877120753584e11
20,-15.378779995977572,-41.24478145612836,1.0703818491685577e11
20,-36.862783339101156,-41.8320304429736,1.0657638415983398e11
20,-9.559782159661735,-20.016454281350118,1.0680890782004247e11
20,-16.313248468700756,-20.652173327880963,1.0678059965159164e11
20,-87.16238239607213,-104.29088534263627,1.0774677606752531e11
20,-87.0000000000001,-20.016454281350118,1.072723299667232e11
20,-15.378779995977572,-69.15547512831996,1.0675974718170705e11
20,0.0,-57.87891069661531,1.0735710124762415e11
20,-86.76988734744373,-61.14461433666203,1.0768438503593631e11
20,-84.31374046474501,-61.137737161696826,1.074218841285387e11
20,-15.31404532516313,-60.167327870135175,1.0754691674021149e11
20,-15.378779995977572,-58.67730775206261,1.0770916469047328e11
20,-50.37673728081856,-39.785547764066045,1.0712808466815308e11
20,-15.378779995977572,-58.67730775206261,1.074546439287842e11
20,-36.10644039903712,-47.7076080728241,1.0750380313532384e11
20,-15.378779995977572,-31.43164123558246,1.0746960849102234e11
20,-15.378779995977572,-31.43164123558246,1.0746960849102237e11
20,-15.378779995977572,-31.43164123558246,1.0746960849102235e11
20,-17.545147840938284,-25.017431454847,1.0741579564490945e11
20,-15.378779995977572,-42.31643365993319,1.0759334661873528e11
20,-15.378779995977572,-48.50703466776594,1.0763944800639397e11
20,-26.79638601741973,-39.93606905785945,1.0757600759258888e11
20,-15.378779995977572,-36.972313783471954,1.0754994467403653e11
20,-15.378779995977572,-36.97231378347195,1.0754994465710207e11
20,-33.75086491826507,-55.35854721393823,1.0769105188245073e11
20,-22.220903197524414,-34.781918520575175,1.0753367807824503e11
20,-18.210288116738955,-35.52186475184761,1.0754311461927185e11
20,-18.906580161196246,-48.50269939079613,1.0764698987214124e11
20,-15.378779995977572,-29.064906747420135,1.0747167443135175e11
20,-17.485407500658727,-40.667688634574226,1.075873135482208e11
20,-19.17261730912588,-33.54847944526364,1.0752343451730338e11
20,-16.29438792538606,-49.123784295056716,1.0765473870835283e11
20,-16.94504120238561,-44.401253325598965,1.0736330674698209e11
20,-16.242897612029367,-49.923967908338184,1.076611334747879e11
20,-16.219453951577627,-50.288293384478315,9.783741826217056e10
20,-17.17569862897155,-35.42780271826059,1.075422863614515e11
20,-17.25827084693583,-58.7827105773134,1.0744731722743686e11
20,-15.476779291689033,-61.82980583616449,1.0732035578319786e11
20,-15.378779995977572,-63.352760842975776,1.0776128981752771e11
20,-17.17569862897155,-35.42780271826058,1.075422822722224e11
20,-16.973600174848517,-38.56850745849315,1.0757006383164163e11
20,-22.49418153568475,-59.96997672754323,1.076492492227256e11
20,-22.91094762364734,-72.58823491559794,1.0784336424143947e11
20,-22.42243234964633,-28.375385250532467,1.074673718077034e11
20,-17.204421104849953,-34.981441975255684,1.0753830093453905e11
20,-17.751457716759564,-52.91393124934069,1.0770104999806134e11
20,-16.299423940387044,-44.796164675730445,1.0763350618983896e11
20,-15.462405523166604,-36.13158616091666,1.0755036210891425e11
21,-150.0,-150.0,9.23774284380604e10
21,0.0,0.0,8.446587363585811e10
21,0.0,0.0,9.742839666866946e10
21,-16.31324846870076,-91.12738388007482,1.0098402498960463e11
21,-15.378779995977572,0.0,1.0039726428576349e11
21,-88.51578974702707,-101.27964373067013,1.049543791945346e11
21,-15.378779995977572,-15.734219421057393,1.035998094058168e11
21,-86.71116341122277,-68.59622451222855,1.050380151822697e11
21,-32.45485261430645,-68.59622451203862,1.0434919865728264e11
21,0.0,-68.59622451226141,1.0484345765724178e11
21,-15.580827233323129,-68.59622451237372,1.0482140239580324e11
21,-36.862783339101156,-41.8320304429736,1.0557037631913869e11
21,-15.378779995977572,-41.24478145612836,1.056214191516225e11
21,-36.862783339101156,-41.8320304429736,1.0525369055939328e11
21,0.0,-20.016454281350118,1.0542596996936531e11
21,-16.31324846870076,-20.652173327880963,1.0536494511916139e11
21,-87.16238239607213,-104.29088534263627,1.0637001520348637e11
21,-87.0000000000001,-20.016454281350118,1.0587392676089038e11
21,-15.378779995977572,-69.15547512831996,1.0540557185458693e11
21,0.0,-57.87891069661531,1.0596194077915198e11
21,-86.76988734744373,-61.14461433666203,1.0629353392905255e11
21,-60.79261197309651,-61.07187834960575,1.0580048753316586e11
21,-15.036611021672663,-60.163533459734595,1.0617186668495523e11
21,-15.378779995977572,-58.67730775206261,1.0629613871776537e11
21,-86.99999999999997,-20.016454281350203,1.0549145553495212e11
21,-15.378779995977572,-58.67730775206261,1.0591366749182715e11
21,-36.10644039903712,-47.7076080728241,1.061452440774527e11
21,-15.378779995977572,-31.43164123558246,1.0605083002816115e11
21,-15.378779995977572,-31.43164123558246,1.0605083002816115e11
21,-40.87362916145103,-29.787583406386627,1.0603876111961067e11
21,-17.545147840938284,-25.017431454847,1.0599656525206837e11
21,-15.378779995977572,-42.31643365993319,1.0617661514750279e11
21,-35.98171259412945,-46.89750135156291,1.062129798058257e11
21,-29.56293401542055,-39.35929377659542,1.0615803004768706e11
21,-15.378779995977572,-36.972313783471954,1.0613215069263795e11
21,-15.378779995977572,-36.97231378347195,1.0613215058608842e11
21,-34.906156201808415,-59.7721343690673,1.0631433253868716e11
21,-22.22090319752442,-34.781918520575175,1.0611749912070108e11
21,-18.210288116738955,-35.52186475184761,1.0612588053130457e11
21,-18.86737090590169,-48.21237888455115,1.0623062356314827e11
21,-15.378779995977572,-29.064906747420135,1.060524831243785e11
21,-16.29453220281265,-49.121542156196526,1.062398239261699e11
21,-19.75838290449183,-32.34728838908209,1.060933036264121e11
21,-16.294150898185254,-49.12746780889845,1.0623973636504431e11
21,-16.416583770140353,-47.22480357043171,1.0584211904585127e11
21,-16.203556971432587,-50.535339909969935,1.0625098850724577e11
21,-16.315841854294476,-48.790380180312596,1.059695137403296e11
21,-17.17569862897155,-35.42780271826059,1.0612473357332265e11
21,-17.347982046262725,-58.78774303017452,1.0626041820491861e11
21,-15.378779995977572,-63.352760842975776,1.0595926880623549e11
21,-15.378779995977572,-63.352760842975776,1.0634933838091922e11
21,-17.175698629008433,-35.42780271768734,1.0574225830914789e11
21,-16.576152641072937,-44.74502849493208,1.0620523717899133e11
21,-23.356654449588646,-59.55994228930898,1.0622722204817825e11
21,-22.91094762364734,-72.58823491559794,1.064357603436419e11
21,-22.42243234964633,-28.375385250532467,1.0605013975671591e11
21,-17.204421104849953,-34.981441975255684,1.0612067472956369e11
21,-17.751457716759564,-52.91393124934069,1.0628739125334009e11
21,-15.512905644851923,-40.39904111502488,1.0617734654851523e11
21,-15.459872357427791,-35.91752389094712,1.0612956072016698e11
22,-150.0,-150.0,9.133979580919868e10
22,0.0,0.0,8.37818004397792e10
22,0.0,0.0,9.609849114509775e10
22,-16.313248468700767,-90.62967076210847,9.963370755315067e10
22,-15.378779995977572,0.0,9.925581370720876e10
22,-88.51578974702707,-101.27964373067013,1.0363088154947778e11
22,-15.378779995977572,-15.734219421057382,1.0244763690597371e11
22,-86.71116341122277,-68.59622451222855,1.0370465492440375e11
22,-15.378779995977572,-68.59622451197883,1.0302677540176755e11
22,-5.818997836315838,-68.5962245122614,1.0352076551775665e11
22,-15.580827233323129,-68.59622451237372,1.0346935752720236e11
22,-36.862783339101156,-41.8320304429736,1.0421869978852036e11
22,-15.378779995977572,-41.24478145612836,1.0426202409640132e11
22,-15.383947233685722,-41.24721968660127,1.0415503285576761e11
22,0.0,-20.016454281350118,1.0412020755771906e11
22,-16.313248468700767,-20.652173327880963,1.0400667967061678e11
22,-87.16238239607213,-104.29088534263627,1.0504761036276373e11
22,-87.0000000000001,-20.016454281350118,1.0453407360373615e11
22,-15.378779995977572,-69.15547512831996,1.0417734018028918e11
22,0.0,-57.87891069661531,1.0462322359013617e11
22,-86.76988734744373,-61.14461433666203,1.0495893112341472e11
22,-16.313248468700767,-60.94733678928033,1.0427328906289146e11
22,-13.570172560365892,-60.14347729047439,1.048146744461377e11
22,-15.378779995977572,-58.67730775206261,1.0493950200184787e11
22,-85.5236588446302,-20.813532942344263,1.0443794546612776e11
22,-47.18245861202416,-59.7764278440719,1.0482064372443782e11
22,-36.10644039903712,-47.7076080728241,1.048264312388833e11
22,-15.378779995977572,-31.43164123558246,1.046899285991958e11
22,-15.378779995977572,-31.43164123558246,1.0468992859919579e11
22,-46.8224273000615,-29.4039699129076,1.0468309001924324e11
22,-17.545147840938284,-25.017431454847,1.0463561061474985e11
22,-15.378779995977572,-42.31643365993319,1.0481712090106122e11
22,-50.029166638323886,-45.55890002527516,1.0485368678734717e11
22,-29.56293401542053,-39.35929377659544,1.0480232890889978e11
22,-15.378779995977572,-36.972313783471954,1.0477190373017192e11
22,-24.173421779610496,-38.041997598470864,1.0478978905868988e11
22,-39.462543983168935,-60.02759391303506,1.0496866912046265e11
22,-22.220903197524436,-34.78191852057517,1.047590248559309e11
22,-18.210288116738955,-35.52186475184759,1.0476629679643349e11
22,-18.86737090590169,-48.21237888455111,1.0487317299543555e11
22,-15.378779995977572,-29.064906747420135,1.0469130787108376e11
22,-16.294532202812654,-49.12154215619651,1.0488176443960826e11
22,-19.75838290449183,-32.347288389082074,1.0473380575344704e11
22,-16.008346643711292,-53.56899993590061,1.0481329418510364e11
22,-16.500394791359163,-45.92234100203832,1.0475683017469731e11
22,-16.20355697143258,-50.53533990996995,1.0489314955962665e11
22,-16.463165618084496,-46.50089981142514,1.0486089758312878e11
22,-17.17569862897155,-35.42780271826059,1.0476483175309608e11
22,-15.378779995977572,-63.352760842975776,9.530903747892987e10
22,-15.378779995977572,-63.352760842975776,1.0496052963374129e11
22,-15.378779995977572,-63.352760842975776,1.0499353537168018e11
22,-17.175699504896333,-35.42778910597862,1.0466549202159436e11
22,-16.510055984703385,-45.772201527373944,1.0485533458540437e11
22,-23.356654449588646,-59.55994228930898,1.0487496893518286e11
22,-22.91094762364734,-72.58823491559794,1.0508385190420428e11
22,-22.422432349646336,-28.375385250532464,1.0469098890899368e11
22,-17.204421104849953,-34.981441975255684,1.0476072700913771e11
22,-17.751457716759564,-52.91393124934069,1.049304306735283e11
22,-15.512905644851925,-40.39904111502488,1.0481757349381245e11
22,-15.458530381794755,-35.804121776806745,1.0476796040081787e11
23,-150.0,-150.0,9.052420869445012e10
23,0.0,0.0,8.298373778783664e10
23,0.0,0.0,9.483293666965717e10
23,-16.313248468700774,-90.00930313467046,9.835792224298314e10
23,-15.378779995977572,0.0,9.797608899508319e10
23,-88.51578974702707,-101.27964373067013,1.0238403828281146e11
23,-15.378779995977572,-15.976564483611813,1.0116159768091336e11
23,-86.71116341122277,-68.59622451222855,1.0244559323188246e11
23,-15.378779995977572,-68.59622451197883,1.017542083024935e11
23,0.0,-68.59622451226377,1.0223480286220024e11
23,-15.580827233323129,-68.59622451237372,1.0218784896648344e11
23,-36.862783339101156,-41.8320304429736,1.0293608203216234e11
23,-15.378779995977572,-41.24478145612836,1.0297227616883815e11
23,-21.624778605882398,-44.19203974085718,9.318606638900706e10
23,0.0,-20.016454281350118,1.0284323349952376e11
23,-16.313248468700774,-20.652173327880963,1.0271323279832138e11
23,-87.16238239607213,-104.29088534263627,1.0380180332799977e11
23,-87.0000000000001,-20.016454281350118,1.0326288103647928e11
23,-15.378779995977572,-69.15547512831996,1.0290585334825351e11
23,0.0,-57.87891069661531,1.0335539706206622e11
23,-86.76988734744373,-61.14461433666203,1.0369785465757628e11
23,-16.313248468700774,-60.94733678928035,1.0299886252313617e11
23,-5.818997836315843,-60.03746611009898,1.0351423499977623e11
23,-15.378779995977572,-58.67730775206261,1.0365424847898886e11
23,-72.5689719312041,-27.807786581480087,1.0320542389360939e11
23,-60.68598115284891,-60.24307409941311,1.0354445309209682e11
23,-36.10644039903712,-47.7076080728241,1.0354487206117018e11
23,-15.378779995977572,-31.43164123558246,1.0339731850719382e11
23,-66.01202329252874,-31.67374831643555,1.0340830640926328e11
23,-46.8224273000615,-29.4039699129076,1.0340023754074786e11
23,-17.545147840938284,-25.017431454847,1.0334217726032478e11
23,-15.378779995977572,-42.31643365993319,1.0352722552380194e11
23,-50.0291666383239,-45.55890002527517,1.0357598330642009e11
23,-29.562934015420517,-39.35929377659548,1.0351622339112193e11
23,-15.378779995977572,-36.972313783471954,1.0348063541352165e11
23,-24.173421779610496,-38.041997598470864,1.0350159468401247e11
23,-39.462543983168935,-60.02759391303506,1.0369167669235654e11
23,-21.682277381776554,-33.88258636115567,1.034601283814889e11
23,-18.210288116738955,-35.52186475184755,1.0347556333119511e11
23,-18.867370905901698,-48.212378884551086,1.0358603281469766e11
23,-15.378779995977572,-29.064906747420135,1.0339812569237262e11
23,-16.294532202812665,-49.12154215619647,1.0359406637537206e11
23,-20.413346083925752,-31.004198389450494,1.0342841329413988e11
23,-15.770022625667291,-57.27266692548726,1.0346833242954257e11
23,-16.80232658789404,-41.23017930927299,1.035265825400682e11
23,-16.141528404582516,-51.49929292390637,1.0361333593282138e11
23,-16.25904817431989,-49.672980609598866,1.0345869433939078e11
23,-17.17569862897155,-35.42780271826061,1.0347375131372986e11
23,-15.378779995977572,-63.352760842975776,1.0370962556656198e11
23,-15.378779995977572,-63.352760842975776,1.0356985345549489e11
23,-15.37877999597757,-63.352760842975776,1.0370962556656197e11
23,-17.204421104849953,-34.981441975255684,1.0332977481132101e11
23,-16.244275356532786,-49.90255711262093,1.0360132086358371e11
23,-23.356654449588646,-59.55994228930898,1.0359306876921245e11
23,-22.91094762364734,-72.58823491559794,1.0380499849148259e11
23,-22.422432349646353,-28.37538525053246,1.0339988437306079e11
23,-17.204421104849953,-34.981441975255684,1.0346954692238806e11
23,-17.751457716759564,-52.91393124934069,1.0364426533064345e11
23,-15.512905644851934,-40.39904111502488,1.0352719230923654e11
23,-17.13395162992985,-30.74965813440962,1.0342148992627184e11
24,-150.0,-150.0,8.967506585441806e10
24,0.0,0.0,8.221873494701854e10
24,0.0,0.0,9.35646843444588e10
24,-15.378779995977572,-89.81343273114115,9.70755246251746e10
24,-17.678302336129786,0.0,9.67020098385159e10
24,-88.51578974702707,-101.27964373067013,1.0113053325246812e11
24,-15.378779995977572,-16.761156623631745,9.988155399120103e10
24,-86.71116341122277,-68.59622451222855,1.011803315666203e11
24,-15.378779995977572,-68.59622451197883,1.0047637754570512e11
24,0.0,-68.59622451226964,1.0096361326464656e11
24,-15.580827233323129,-68.59622451237372,1.0090080478738313e11
24,-36.862783339101156,-41.8320304429736,1.0164859701007713e11
24,-15.378779995977572,-41.24478145612836,1.0167809631331616e11
24,-21.624778605882398,-44.19203974085718,1.0167819200808087e11
24,0.0,-20.016454281350118,1.0156322390302162e11
24,-15.378779995977572,-20.652173327880956,1.0141636874612305e11
24,-87.16238239607213,-104.29088534263627,1.0254935419480959e11
24,-87.0000000000001,-20.016454281350118,1.0198847181114557e11
24,-15.378779995977572,-69.15547512831996,1.0162910918126637e11
24,0.0,-57.87891069661531,1.0208244380806892e11
24,-86.76988734744373,-61.14461433666203,1.024309160094548e11
24,-15.378779995977572,-60.944720291369876,1.017096918580796e11
24,-5.818997836315838,-60.03746611009895,1.0223522258814732e11
24,-15.378779995977572,-58.67730775206261,1.0236384667879544e11
24,-50.02702963058441,-40.03739118330663,1.0196349517514697e11
24,-57.6844637387096,-60.139249168786115,1.0240511562252585e11
24,-36.10644039903712,-47.7076080728241,1.022581825579929e11
24,-15.378779995977572,-31.43164123558246,1.0210086128435594e11
24,-66.01202329252872,-31.67374831643556,1.0212804948923512e11
24,-46.8224273000615,-29.4039699129076,1.0211328931244598e11
24,-17.545147840938284,-25.017431454847,1.0204520617612164e11
24,-15.378779995977572,-42.31643365993319,1.0223288056024423e11
24,-49.55192195145765,-45.35644892462819,1.02291196410456e11
24,-26.311813265284634,-38.38388293508897,1.0221368060230936e11
24,-15.378779995977572,-36.972313783471954,1.021851927311042e11
24,-24.173421779610496,-38.041997598470864,1.0220886642039595e11
24,-39.462543983168935,-60.02759391303506,1.024090124811296e11
24,-21.101010355615305,-32.912057072448796,1.0215501266843326e11
24,-17.204421104849953,-34.981441975255684,1.0217422976884865e11
24,-18.70778651614188,-50.89839175008891,1.0231600653442903e11
24,-15.378779995977572,-29.064906747420135,1.0210124181852034e11
24,-16.141689497348988,-51.49678946643781,1.0232152003236606e11
24,-22.601249478750162,-28.292441399128776,1.0210401658964911e11
24,-15.621777137269099,-59.57647132691395,1.0212835638369804e11
24,-16.288545483883148,-49.21457861402349,1.0208075767953067e11
24,-15.876516436411189,-55.61770373438601,1.0213515139004688e11
24,-16.132743675691195,-51.63585047456309,1.0210188194174985e11
24,-17.204421104849953,-34.981441975255684,1.0217422976884859e11
24,-15.378779995977572,-63.352760842975776,1.0242037452126872e11
24,-15.378779995977572,-63.352760842975776,1.0219970249188934e11
24,-15.378779995977572,-63.352760842975776,1.024203745212687e11
24,-17.204421104849953,-34.981441975255684,1.019535577394693e11
24,-15.806245280037746,-56.70974989191182,1.0236576296539171e11
24,-23.35665444958864,-59.55994228930898,1.0234739372955476e11
24,-22.91094762364734,-72.58823491559794,1.0252018787786227e11
24,-22.39449217322387,-28.38834522731429,1.0210499237966145e11
24,-17.204421104849825,-34.981441975255684,1.0210582058172746e11
24,-17.751457716759564,-52.91393124934069,1.0235309407085252e11
24,-15.381561696265464,-39.66474723506786,1.0222480997823863e11
24,-19.947642453335497,-31.371438576563527,1.0213737073989981e11
25,-150.0,-150.0,8.886604590488039e10
25,0.0,0.0,8.139030082894312e10
25,0.0,0.0,9.230081850865102e10
25,-15.378779995977572,-86.84027488369762,9.578362303176346e10
25,-17.678302336129786,0.0,9.554704726650948e10
25,-88.51578974702707,-101.27964373067013,9.986822090059053e10
25,-15.378779995977572,-17.083711170084385,9.871910580597943e10
25,-86.71116341122277,-68.59622451222855,9.990985331193433e10
25,-15.378779995977572,-68.59622451197883,9.926306447430547e10
25,0.0,-68.59622451227852,9.96862091812156e10
25,-15.580827233323129,-68.59622451237372,9.960844225161147e10
25,-36.862783339101156,-41.8320304429736,1.00361266905756e11
25,-15.378779995977572,-41.24478145612836,1.0038416903714977e11
25,-21.624778605882398,-44.19203974085718,1.0038603213168317e11
25,0.0,-20.016454281350118,1.0028741095880707e11
25,-22.093386707668312,-21.776932890159774,9.983312729385562e10
25,-87.16238239607213,-104.29088534263627,1.0128811929295538e11
25,-87.0000000000001,-20.016454281350118,1.00717600068723e11
25,-15.378779995977572,-69.15547512831996,1.004093778771168e11
25,-0.4156427025939886,-57.87891069661531,1.0080761424836275e11
25,-86.76988734744373,-61.14461433666203,1.0116020521740129e11
25,-15.378779995977572,-60.944720291369876,1.0049434240525163e11
25,0.0,-59.95788090512144,1.009374037703765e11
25,-15.378779995977572,-58.67730775206261,1.0107025491023038e11
25,-50.3611665424189,-40.24042985197082,1.0075088882136887e11
25,-59.354113309736334,-60.16631457171068,1.0096510023377098e11
25,-36.10644039903712,-47.7076080728241,1.0097058729477916e11
25,-15.378779995977572,-31.43164123558246,1.0080646666439706e11
25,-70.4128834542639,-41.19667994026482,1.0096871093639005e11
25,-46.8224273000615,-29.4039699129076,1.008287995283292e11
25,-17.545147840938284,-25.017431454847,1.0075156471865866e11
25,-15.378779995977572,-42.31643365993319,1.0093852797359036e11
25,-49.55192195145765,-45.35644892462819,1.0100770642720984e11
25,-26.311813265284634,-38.38388293508897,1.0092254733227058e11
25,-15.378779995977572,-36.972313783471954,1.0089074703104074e11
25,-24.173421779610496,-38.041997598470864,1.0091704951514253e11
25,-39.462543983168935,-60.02759391303506,1.0112304710074884e11
25,-21.101010355615312,-32.912057072448796,1.0086224064078822e11
25,-17.204421104849953,-34.981441975255684,1.0088029748248315e11
25,-19.429401913562003,-58.5385276420089,1.0108794084266478e11
25,-15.378779995977572,-29.064906747420135,1.008068873723404e11
25,-15.848522157348725,-56.052747395039724,1.0106603527843181e11
25,-22.601249478750162,-28.292441399128776,1.0081180464870107e11
25,-15.467495281999138,-61.974083699956466,1.0094138315821117e11
25,-16.14055093220867,-51.514524603937176,1.0088202744886119e11
25,-15.655177887312776,-59.09179349603925,9.088257076899e10
25,-15.65517788731277,-59.09179349603934,1.0094746575567293e11
25,-17.204421104849953,-34.981441975255684,1.0088029748248311e11
25,-15.378779995977572,-63.352760842975776,1.0112701192354463e11
25,-15.378779995977572,-63.352760842975776,1.0098239531725775e11
25,-35.31643376144513,-60.60003386073166,1.0112340292981912e11
25,-17.204421104849953,-34.981441975255684,1.0073568087619621e11
25,-43.14772444395772,-70.50446456606208,1.0122775505676021e11
25,-23.356654449588614,-59.55994228930897,1.0112461607904831e11
25,-22.91094762364734,-72.58823491559794,1.0122950700794762e11
25,-22.198616831146346,-28.479201485595276,1.0081353806606252e11
25,-16.464296330982673,-34.981441975255684,1.0084298657101189e11
25,-17.751457716759557,-52.91393124934069,1.0105988840481178e11
25,-15.381561696265464,-39.66474723506786,1.0093036635821805e11
25,-23.062775946988623,-32.944073914615835,1.0086868274261316e11
26,-150.0,-150.0,8.808724311300313e10
26,0.0,0.0,8.057365039094492e10
26,0.0,0.0,9.106706637403046e10
26,-15.378779995977572,-82.38281298467075,9.45175405650478e10
26,-17.678302336129786,0.0,9.434645446854622e10
26,-88.51578974702707,-101.27964373067013,9.862818017510316e10
26,-15.378779995977572,-17.083711170084385,9.749634167047226e10
26,-86.71116341122277,-68.59622451222855,9.866273502262941e10
26,-15.378779995977572,-68.59622451197883,9.800180311268321e10
26,0.0,-68.59622451228928,9.843489034847845e10
26,-15.580827233323129,-68.59622451237372,9.834207548320451e10
26,-36.862783339101156,-41.8320304429736,9.90997493129644e10
26,-15.378779995977572,-41.24478145612836,9.911771816206825e10
26,-21.624778605882398,-44.19203974085718,9.91203708749023e10
26,0.0,-20.016454281350118,9.90405813758537e10
26,-22.093386707668312,-21.776932890159774,9.857547206641098e10
26,-87.16238239607213,-104.29088534263627,1.000490310713409e11
26,-87.0000000000001,-20.016454281350118,9.947155549294513e10
26,-15.378779995977572,-69.15547512831996,9.914898540121739e10
26,-0.4156427025939886,-57.878910696615314,9.955902738027747e10
26,-86.76988734744373,-61.14461433666203,9.991301753842079e10
26,-15.378779995977572,-60.944720291369876,9.9233088765542e10
26,0.0,-59.75872085158663,9.9686594855369e10
26,-15.378779995977572,-58.67730775206261,9.980370690242587e10
26,-46.003662894296156,-42.675280607961376,9.95867539241626e10
26,-55.354104259795065,-59.98930851684206,9.978880861339064e10
26,-36.10644039903712,-47.7076080728241,9.970899567927182e10
26,-15.378779995977572,-31.43164123558246,9.953988289705048e10
26,-70.38685095746874,-41.22992104971662,9.971684056934694e10
26,-46.8224273000615,-29.4039699129076,9.957052025716846e10
26,-17.545147840938284,-25.017431454847,9.948571731835751e10
26,-15.378779995977572,-42.31643365993319,9.967160341559334e10
26,-49.55192195145765,-45.35644892462819,9.974977115004875e10
26,-26.311813265284634,-38.38388293508897,9.965825468121973e10
26,-15.378779995977572,-36.972313783471954,9.962392584028583e10
26,-24.173421779610496,-38.04199759847086,9.965218531235565e10
26,-39.462543983168935,-60.02759391303506,9.986277476316542e10
26,-21.10101035561532,-32.91205707244882,9.959675333055907e10
26,-17.204421104849953,-34.981441975255684,9.96139084717779e10
26,-19.41270516042094,-59.360031462438066,9.98291412299613e10
26,-15.378779995977572,-29.064906747420135,9.954040812643114e10
26,-15.84852215734873,-56.05274739503969,9.979951673865645e10
26,-22.601249478750162,-28.292441399128776,9.954693351497258e10
26,-15.378779995977572,-63.352760842975776,9.97360323831926e10
26,-15.65517946888745,-59.091793277677404,9.974900241727638e10
26,-15.655177887312776,-59.091793496039294,9.982559881288522e10
26,-15.426334559489748,-62.61374062785116,9.981379397356677e10
26,-17.204421104849953,-34.981441975255684,9.961390847177785e10
26,-15.378779995977572,-63.35276084297577,9.986059329451973e10
26,-15.378779995977572,-63.352760842975776,9.978399692315952e10
26,-61.56735864099356,-61.9258898336547,9.985439670527568e10
26,-17.204421104849942,-34.98144197525568,9.953731210041768e10
26,-48.47463369879448,-72.71576438217963,9.99955651676835e10
26,-23.356654449588607,-59.55994228930894,9.985987033926828e10
26,-22.91094762364734,-72.58823491559794,9.99650002993269e10
26,-22.163090421063664,-28.495680316754097,9.95486871348497e10
26,-15.378779995977572,-34.981441975255684,9.956687890851517e10
26,-17.751457716759553,-52.91393124934069,9.979363606790762e10
26,-15.381561696265466,-39.66474723506786,9.966343467989803e10
26,-25.154819442135757,-34.44401209627005,9.962581022055074e10
27,-150.0,-150.0,8.704919426589438e10
27,-2.9094989181579223,0.0,8.883394384139175e10
27,-92.81349180038845,-150.0,9.238203263322481e10
27,-15.378779995977572,-32.21515891636154,9.303443109549898e10
27,-17.678302336129786,0.0,9.293431975606131e10
27,-88.51578974702707,-101.27964373067013,9.717482561177458e10
27,-15.378779995977572,-17.131070369365126,9.60639107755011e10
27,-86.71116341122277,-68.59622451222855,9.720246890521678e10
27,-15.378779995977572,-68.59622451197883,9.653561572917033e10
27,0.0,-68.59622451230238,9.697192941058324e10
27,-15.580827233323129,-68.59622451237372,9.686736447704631e10
27,-36.862783339101156,-41.8320304429736,9.7630196536914e10
27,-15.378779995977572,-41.24478145612836,9.764217814263943e10
27,-21.624778605882398,-44.19203974085718,9.76467588823254e10
27,0.0,-20.016454281350118,9.758665898041933e10
27,-22.093386707668312,-21.776932890159774,9.711752475165712e10
27,-87.16238239607213,-104.29088534263627,9.859661919053809e10
27,-87.0000000000001,-20.016454281350118,9.801590952972183e10
27,-15.378779995977572,-69.15547512831996,9.768415110406523e10
27,0.0,-57.65653002106762,9.809807117480884e10
27,-86.76988734744373,-61.14461433666203,9.845323051931378e10
27,-15.378779995977572,-60.944720291369876,9.776762404063965e10
27,0.0,-59.526137346862335,9.822505577927026e10
27,-15.378779995977572,-58.67730775206261,9.83267526263614e10
27,-58.08289486861386,-38.19761084729007,9.808388825336633e10
27,-58.85569599734332,-59.39482831846806,9.829933164561499e10
27,-36.10644039903712,-47.707608072824115,9.82378375021796e10
27,-15.378779995977572,-31.43164123558246,9.806496320506474e10
27,-70.38685095746874,-41.22992104971664,9.825407372201306e10
27,-46.8224273000615,-29.4039699129076,9.810332876689883e10
27,-17.545147840938284,-25.017431454847,9.801207672872868e10
27,-15.378779995977572,-42.31643365993319,9.819556004674214e10
27,-49.55192195145765,-45.35644892462819,9.828167203656554e10
27,-26.311813265284634,-38.38388293508897,9.818503598069716e10
27,-15.378779995977572,-36.972313783471954,9.814836239187514e10
27,-23.146993866486913,-37.87789263689417,9.817518026003714e10
27,-39.462543983168935,-60.02759391303506,9.839148503738289e10
27,-20.62860458743199,-31.765474339973835,9.811026938691658e10
27,-17.204421104849953,-34.981441975255684,9.813894654714372e10
27,-19.41270516042094,-59.36003146243807,9.835303636645308e10
27,-15.378779995977572,-29.064906747420135,9.806577690510007e10
27,-15.819828708467249,-56.498657044901854,9.832652497596146e10
27,-22.601249478750162,-28.292441399128776,9.807399761692793e10
27,-15.378779995977572,-63.35276084297577,9.830556764622867e10
27,-15.384689073836647,-63.35194499955025,9.838346407483932e10
27,-15.378779995977572,-63.352760842975776,9.834193163086021e10
27,-15.378779995977572,-63.352760842975776,9.838340121246342e10
27,-17.204421104849953,-34.981441975255684,9.813894654714369e10
27,-24.612697272105724,-63.067269176183274,9.839342555221295e10
27,-19.11665388687038,-63.08008382610858,9.834514830251561e10
27,-56.79384215694243,-76.02557383873938,8.794892788513132e10
27,-17.204421104849953,-34.98144197525568,8.752803682118388e10
27,-48.47463369879448,-72.71576438217963,9.852582028415872e10
27,-20.31070369365922,-57.964591570563606,9.83666322325007e10
27,-22.91094762364734,-72.58823491559794,9.848905073164725e10
27,-21.82925494854063,-28.650529015897217,9.807679705189064e10
27,-15.378779995977572,-34.981441975255954,9.805493391789836e10
27,-17.751457716759546,-52.91393124934068,9.831747896250217e10
27,-15.381561696265477,-39.66474723506786,9.818757921344847e10
27,-25.707506376022266,-35.406850858345315,9.816497044049834e10
28,-150.0,-150.0,8.614219213175911e10
28,-2.9094989181579223,0.0,8.750029376982986e10
28,-92.81349180038845,-150.0,9.104218306458041e10
28,-15.378779995977572,-2.9094989181579196,9.16489769094649e10
28,-17.67830233612979,0.0,9.164632299222519e10
28,-88.51578974702707,-101.27964373067013,9.581564450886293e10
28,-15.378779995977572,-17.179745101959213,9.47493527434651e10
28,-86.71116341122277,-68.59622451222855,9.583413474174825e10
28,-15.378779995977572,-68.59622451197883,9.515947860452232e10
28,0.0,-68.59622451231823,9.560185237226305e10
28,-16.313248468700777,-68.59622451240163,9.542200312621266e10
28,-36.862783339101156,-41.8320304429736,9.625218518316348e10
28,-15.378779995977572,-41.24478145612836,9.625963265568907e10
28,-21.624778605882398,-44.19203974085718,9.62650015497092e10
28,0.0,-20.016454281350118,9.622584617215784e10
28,-22.093386707668312,-21.776932890159774,9.574829801628136e10
28,-87.16238239607213,-104.29088534263627,9.723589640346594e10
28,-87.0000000000001,-20.016454281350118,9.665200756714246e10
28,-15.378779995977572,-69.15547512831996,9.630910272827692e10
28,0.0,-57.65653002106762,9.673342131076822e10
28,-86.76988734744373,-61.14461433666203,9.708534352630786e10
28,-15.378779995977572,-60.944720291369876,9.639209079697046e10
28,0.0,-59.254521198394315,9.685666706623653e10
28,-15.378779995977572,-58.67730775206261,9.694292022194676e10
28,-55.68116263198124,-42.05472139093303,9.68029005662023e10
28,-48.177369325171206,-57.83718958839526,9.686964571303247e10
28,-36.10644039903712,-47.70760807282416,9.685883923738986e10
28,-15.378779995977572,-31.43164123558246,9.668293137508235e10
28,-70.38685095746875,-41.22992104971666,9.68831954448226e10
28,-46.8224273000615,-29.4039699129076,9.67282237184337e10
28,-17.545147840938284,-25.017431454847,9.663107803030582e10
28,-15.378779995977572,-42.31643365993319,9.681247394246037e10
28,-49.55192195145765,-45.35644892462819,9.69057307716512e10
28,-26.311813265284634,-38.38388293508897,9.680419265824571e10
28,-15.378779995977572,-36.972313783471954,9.676572135249669e10
28,-23.146993866486913,-37.87789263689417,9.679366079387036e10
28,-39.462543983168935,-60.02759391303506,9.701262422402748e10
28,-20.628604587431994,-31.765474339973853,9.672883571755002e10
28,-17.204421104849953,-34.981441975255684,9.675672169191258e10
28,-19.41270516042094,-59.360031462438094,9.696967383739514e10
28,-15.378779995977572,-29.064906747420135,9.668401628483748e10
28,-15.378779995977572,-63.352760842975776,9.699966304150397e10
28,-22.601249478750173,-28.292441399128784,9.669342079636577e10
28,-24.778005350587982,-62.05504042420108,9.700484258225592e10
28,-15.386319164280541,-63.35171993929498,9.699937997205974e10
28,-15.378779995977572,-63.352760842975776,9.699937401337698e10
28,-15.378779995977572,-63.352760842975776,9.69993743933741e10
28,-17.204421104849953,-34.981441975255684,9.675672169191258e10
28,-47.94985111807756,-62.347780863135355,9.703933900492267e10
28,-58.12555807400623,-76.61072384033277,8.6341504069305e10
28,-56.793842156942404,-76.02557383873936,9.718433530030698e10
28,-17.204421104849942,-34.98144197525568,9.675672169191257e10
28,-48.47463369879448,-72.71576438217963,9.71484702450403e10
28,-19.265125288903512,-57.416958206404814,9.697709636664679e10
28,-22.91094762364734,-72.58823491559794,9.710580198616368e10
28,-19.1519492574469,-29.892390164866875,9.670454095956058e10
28,-16.020221466662427,-34.981441975255954,9.675262432397345e10
28,-17.567982859529963,-52.36810979999952,9.692869642742406e10
28,-15.381561696265482,-39.664747235067864,9.680465822074911e10
28,-27.91406713337402,-37.262984874737285,9.681028395937103e10
29,-150.0,-150.0,8.510209606542256e10
29,-2.9094989181579223,0.0,8.607211978150511e10
29,-92.81349180038845,-150.0,8.96048322478515e10
29,-15.378779995977572,0.0,9.017957571640709e10
29,-30.718244658558604,-97.61426154484732,8.980246132562352e10
29,-88.51578974702707,-101.27964373067013,9.435927419689336e10
29,-15.378779995977572,-17.59997029335492,9.327728685347438e10
29,-86.71116341122277,-68.59622451222855,9.436746594879915e10
29,-15.378779995977572,-68.59622451197883,9.368977844588423e10
29,0.0,-68.59622451233761,9.413464860020462e10
29,-15.378779995977572,-68.59622451241788,9.390117029459679e10
29,-36.862783339101156,-41.8320304429736,9.477543975701613e10
29,-15.378779995977572,-41.24478145612836,9.477803378218607e10
29,-21.624778605882398,-44.19203974085718,9.478491804266444e10
29,0.0,-20.016454281350118,9.476473379652888e10
29,-22.093386707668312,-21.776932890159774,9.428249438607222e10
29,-87.16238239607213,-104.29088534263627,9.577712515290703e10
29,-87.0000000000001,-20.016454281350118,9.518655191313956e10
29,-15.378779995977572,-69.15547512831996,9.48408259881189e10
29,0.0,-57.65653002106762,9.52711457429604e10
29,-86.76988734744373,-61.14461433666203,9.56185875837712e10
29,-15.378779995977572,-60.944720291369876,9.492251274773781e10
29,0.0,-58.93732186735792,9.539071950601373e10
29,-15.378779995977572,-58.67730775206261,9.546133322865405e10
29,-75.98510506347198,-41.95773418749633,9.528143395261926e10
29,-37.55342443152204,-56.926704860624994,9.533444917353856e10
29,-36.10644039903712,-47.707608072824165,9.538092637070862e10
29,-15.378779995977572,-31.43164123558246,9.520117123121652e10
29,-70.36009533576261,-41.2640855233199,9.541263926378178e10
29,-46.8224273000615,-29.4039699129076,9.525258738730264e10
29,-17.545147840938284,-25.017431454847,9.514979573525348e10
29,-15.378779995977572,-42.31643365993319,9.533045037126447e10
29,-49.55192195145765,-45.35644892462819,9.543031831428285e10
29,-26.311813265284634,-38.38388293508897,9.532375164105754e10
29,-15.378779995977572,-36.972313783471954,9.528376015818463e10
29,-23.146993866486913,-37.87789263689419,9.531260805506877e10
29,-39.462543983168935,-60.02759391303506,9.553548466218794e10
29,-20.55864932968047,-31.595684942837178,9.524567311733347e10
29,-17.204421104849953,-34.981441975255684,9.527497507924084e10
29,-19.201443249099107,-59.35299746478422,9.548794319443768e10
29,-15.378779995977572,-29.064906747420135,9.520234721110907e10
29,-15.378779995977572,-63.352760842975776,9.551823714474953e10
29,-22.60124947875019,-28.2924413991288,9.521262066924281e10
29,-31.01415792732139,-61.194044949508765,9.541057743941565e10
29,-22.34811526771943,-61.706109999185806,8.447956417838168e10
29,-15.378779995977572,-63.352760842975776,8.447987110096884e10
29,-15.378779995977572,-63.35276084297577,9.539921595013895e10
29,-17.204421104849942,-34.98144197525568,9.527497507924084e10
29,-87.01206925604208,-83.66583670268595,8.475972804312415e10
29,-58.12555807400623,-76.61072384033277,9.57173358216363e10
29,-54.84065881191547,-75.16735383640233,9.570226702569539e10
29,-17.204421104849953,-34.981441975255684,8.423690331693419e10
29,-48.47463369879448,-72.71576438217963,9.567362227629733e10
29,-19.265125288903512,-57.416958206404814,9.549578843525078e10
29,-22.91094762364734,-72.58823491559794,9.562554426273427e10
29,-18.926240077894633,-29.997084769589904,9.522381462290373e10
29,-15.378779995977572,-41.47476572776459,9.52120897724365e10
29,-16.75335449343066,-49.944662564924954,9.542307319258742e10
29,-15.38031898896952,-39.655434658264205,9.5322515946793e10
29,-27.91406713337402,-37.262984874737285,9.533021726682173e10
30,-150.0,-150.0,8.397844757785306e10
30,-2.9094989181579223,0.0,8.464638455486499e10
30,-92.81349180038845,-150.0,8.815685111908066e10
30,-15.378779995977572,0.0,8.871183637455975e10
30,-30.718244658558604,-97.61426154484731,8.833401902160515e10
30,-88.51578974702707,-101.27964373067013,9.289060452352165e10
30,-15.378779995977572,-17.726895453205053,9.179884787055591e10
30,-86.71116341122277,-68.59622451222855,9.289552649239943e10
30,-15.378779995977572,-68.59622451197883,9.2216445139497e10
30,0.0,-68.5962245123611,9.266202251265057e10
30,-15.378779995977572,-68.59622451241789,9.242190196395482e10
30,-36.862783339101156,-41.8320304429736,9.329608756302919e10
30,-15.378779995977572,-41.24478145612836,9.329311064408888e10
30,-21.624778605882398,-44.19203974085718,9.330201960074365e10
30,0.0,-20.016454281350118,9.330206238690993e10
30,-22.093386707668312,-21.776932890159774,9.28174586064549e10
30,-87.16238239607213,-104.29088534263627,9.430863045256702e10
30,-87.0000000000001,-20.016454281350118,9.371906973768192e10
30,-15.378779995977572,-69.15547512831996,9.336908276676965e10
30,0.0,-57.65653002106762,9.380456585881543e10
30,-86.76988734744373,-61.14461433666203,9.414707794829256e10
30,-15.378779995977572,-60.944720291369876,9.344993261655145e10
30,0.0,-58.67730775206261,9.392127422403528e10
30,-15.378779995977572,-58.67730775206261,9.397519411697789e10
30,-86.75975923623946,-61.143746345471904,9.406861688157794e10
30,-37.55342443152204,-56.926704860624994,9.390303243682684e10
30,-36.10644039903712,-47.70760807282418,9.38998251350744e10
30,-15.378779995977572,-31.43164123558246,9.371692132459384e10
30,-70.36009533576261,-41.2640855233199,9.393860112843143e10
30,-46.8224273000615,-29.4039699129076,9.37749317011075e10
30,-17.545147840938284,-25.017431454847,9.366670482054852e10
30,-15.378779995977572,-42.316433659933196,9.384510377071996e10
30,-49.55192195145765,-45.35644892462819,9.39517153838068e10
30,-26.311813265284634,-38.38388293508897,9.384082815675073e10
30,-15.378779995977572,-36.972313783471954,9.379888526000348e10
30,-23.14699386648692,-37.87789263689421,9.382908364889241e10
30,-39.462543983168935,-60.02759391303506,9.4054154293498e10
30,-20.55864932968047,-31.595684942837178,9.376231660311978e10
30,-17.204421104849953,-34.981441975255684,9.379063797543872e10
30,-19.201443249099107,-59.35299746478422,9.400246962611029e10
30,-15.378779995977572,-29.064906747420135,9.371836820446469e10
30,-15.378779995977572,-63.352760842975776,9.403190371248418e10
30,-22.657988371779904,-28.20068463402579,9.372913464605623e10
30,-25.54444821218588,-61.951799395222956,9.396476707938515e10
30,-35.3494990693263,-63.33012105289626,8.29536443624975e10
30,-35.34949906932629,-63.33012105289625,8.295524396084561e10
30,-22.571243237147673,-63.3451731044333,8.292137153443799e10
30,-17.20442110484993,-34.981441975255684,8.266115259187856e10
30,-87.01206925604208,-83.66583670268595,9.420314500387587e10
30,-58.12555807400623,-76.61072384033277,9.423911466258899e10
30,-53.78479833481486,-74.70341347799611,9.421818296949516e10
30,-17.204421104849953,-34.981441975255684,9.37144224140453e10
30,-48.47463369879448,-72.71576438217963,9.41935690545328e10
30,-19.265125288903512,-57.416958206404814,9.401038431712053e10
30,-22.91094762364734,-72.58823491559794,9.414019275348575e10
30,-17.935899604465074,-31.39678306740293,9.375427293674438e10
30,0.0,-45.84614876133648,9.379647309569058e10
30,-15.378779995977572,-45.8554251851765,9.38963278651331e10
30,-15.380468615171957,-39.05265021250769,9.383139126100023e10
30,-27.91406713337402,-37.262984874737285,9.38477493967834e10
31,-150.0,-150.0,8.332066356387474e10
31,-2.9094989181579223,0.0,8.350530063557469e10
31,-92.81349180038845,-150.0,8.702397656708745e10
31,-15.378779995977572,0.0,8.754690908563353e10
31,-30.718244658558604,-97.55629390844993,8.717580335631941e10
31,-88.51578974702707,-101.27964373067013,9.174103230417108e10
31,-15.378779995977572,-18.684535194717423,9.06359762448788e10
31,-86.71116341122277,-68.59622451222855,9.173834270496503e10
31,-15.378779995977572,-68.59622451197883,9.104883425612773e10
31,0.0,-68.59622451238971,9.150574077596559e10
31,-15.378779995977572,-68.5962245124179,9.125201086884021e10
31,-36.862783339101156,-41.8320304429736,9.212399809007738e10
31,-15.378779995977572,-41.24478145612836,9.211796337959871e10
31,-21.624778605882398,-44.19203974085718,9.212759978268588e10
31,0.0,-20.016454281350118,9.21435349492527e10
31,-22.093386707668312,-21.776932890159774,9.164423121880704e10
31,-87.16238239607213,-104.29088534263627,9.316000210099652e10
31,-87.0000000000001,-20.016454281350118,9.255396244709895e10
31,-15.378779995977572,-69.15547512831996,9.220220164283601e10
31,0.0,-57.65653002106762,9.26518784996124e10
31,-86.76988734744373,-61.14461433666203,9.298857872795299e10
31,-15.378779995977572,-60.944720291369876,9.228098495715921e10
31,-15.378779995977572,-58.67730775206261,9.280439143479103e10
31,-15.378779995977572,-58.67730775206261,9.268009414781853e10
31,-37.55342443152204,-56.926704860624994,8.14262052221137e10
31,-37.55342443152204,-56.926704860624994,9.273385444626471e10
31,-36.10644039903712,-47.70760807282421,9.272904206781892e10
31,-15.378779995977572,-31.43164123558246,9.253967870954884e10
31,-70.36009533576261,-41.2640855233199,9.277309551091017e10
31,-46.8224273000615,-29.4039699129076,9.260316796451326e10
31,-17.545147840938284,-25.017431454847,9.24888860682512e10
31,-15.378779995977572,-42.316433659933196,9.266962320765726e10
31,-49.55192195145765,-45.35644892462819,9.278309621677144e10
31,-26.311813265284634,-38.38388293508897,9.266665110010107e10
31,-15.378779995977572,-36.972313783471954,9.262250607163951e10
31,-23.059082216520316,-37.86383735083324,9.265389008968758e10
31,-39.462543983168935,-60.02759391303506,9.28865616150088e10
31,-20.55864932968047,-31.595684942837178,9.258601235978137e10
31,-17.204421104849953,-34.981441975255684,9.261426898364456e10
31,-19.201443249099107,-59.35299746478422,9.283098129915591e10
31,-15.378779995977572,-29.064906747420135,9.25407578638524e10
31,-15.378779995977572,-63.352760842975776,9.28605033604605e10
31,-22.657988371779904,-28.20068463402579,9.255269701089539e10
31,-27.467905252400133,-62.441465725919336,9.271721468900641e10
31,-35.3494990693263,-63.33012105289626,9.283328195622676e10
31,-35.349499069326285,-63.33012105289625,9.291696863304443e10
31,-24.301707181492844,-63.345243210904066,9.27878220562034e10
31,-16.859029543711916,-34.981441975255734,9.249028780219656e10
31,-87.01206925604208,-83.66583670268595,9.304836238504257e10
31,-58.12555807400623,-76.61072384033277,9.307818452238072e10
31,-53.78479833481486,-74.70341347799611,9.305607301746164e10
31,-17.204421104850038,-34.98144197525575,9.249146052950601e10
31,-48.47463369879446,-72.71576438217963,9.303008323124246e10
31,-19.265125288903512,-57.416958206404814,9.283848826645007e10
31,-22.91094762364734,-72.58823491559794,9.297193083872969e10
31,-17.935899604465074,-31.39678306740293,9.257747439134138e10
31,-15.378779995977572,-45.846148761336465,9.267679787368475e10
31,-15.378779995977572,-45.85542518517651,9.272149970168568e10
31,-15.38046861517196,-39.05265021250769,9.265533688296967e10
31,-27.91406713337402,-37.262984874737285,9.267369528009174e10
32,-150.0,-150.0,8.264215957050067e10
32,-2.9094989181579223,0.0,8.238844026857312e10
32,-92.81349180038845,-150.0,8.590476441906073e10
32,-15.378779995977572,0.0,8.640542037917717e10
32,-30.718244658558604,-96.630973197799,8.603425426565125e10
32,-88.51578974702707,-101.27964373067013,9.060716570889009e10
32,-15.378779995977572,-19.02865876772957,8.948538374845335e10
32,-86.71116341122277,-68.59622451222855,9.059871624594136e10
32,-15.378779995977572,-68.59622451197883,8.989973484276726e10
32,0.0,-68.59622451242444,9.036831034247922e10
32,-15.379140451901955,-68.59622451242444,9.002807981971953e10
32,-36.862783339101156,-41.8320304429736,9.097154237083781e10
32,-15.378779995977572,-41.24478145612836,9.096288689698405e10
32,-21.624778605882398,-44.19203974085716,9.097288930772047e10
32,0.0,-20.016454281350118,9.100733985768317e10
32,-22.0933867076683,-21.776932890159774,9.049293002929941e10
32,-87.16238239607213,-104.29088534263627,9.202705837120236e10
32,-87.0000000000001,-20.016454281350118,9.141007767965146e10
32,-15.378779995977572,-69.15547512831996,9.10538702359974e10
32,0.0,-57.65653002106762,9.15185037494572e10
32,-86.76988734744373,-61.14461433666203,9.184806969386479e10
32,-15.378779995977572,-60.944720291369876,9.113102226421329e10
32,-15.378779995977572,-58.67730775206262,9.165119055020306e10
32,-40.55477846596255,-54.25868769068571,9.121035508067776e10
32,-37.55342443152204,-56.926704860624994,9.166704734679553e10
32,-37.55342443152203,-56.926704860624994,9.170695105431586e10
32,-35.39287730612963,-43.161319330149055,9.151314051927522e10
32,-15.378779995977572,-31.43164123558246,9.138331043914275e10
32,-70.36009533576261,-41.2640855233199,9.162700644758473e10
32,-46.8224273000615,-29.4039699129076,9.145205636971753e10
32,-17.545147840938284,-25.017431454847,9.133247548006071e10
32,-15.378779995977572,-42.316433659933196,9.151418418743277e10
32,-49.55192195145765,-45.356448924628175,9.163390553637561e10
32,-26.311813265284634,-38.38388293508897,9.15126736944344e10
32,-15.378779995977572,-36.972313783471954,9.1466557416946e10
32,-23.059082216520316,-37.86383735083326,9.149931095337773e10
32,-39.462543983168935,-60.02759391303506,9.173764761864243e10
32,-20.55864932968047,-31.595684942837178,9.143052633276686e10
32,-17.204421104849953,-34.981441975255684,9.145847491930724e10
32,-19.201443249099107,-59.35299746478421,9.167847075270602e10
32,-15.378779995977572,-29.064906747420135,9.138421204435783e10
32,-15.378779995977572,-63.352760842975776,9.170787549839276e10
32,-22.657988371779904,-28.20068463402579,9.139732906159793e10
32,-35.3775419322809,-63.35246976342918,9.130012239637958e10
32,-35.3494990693263,-63.33012105289626,9.176774738455719e10
32,-32.49275163498064,-63.33368056813296,9.136389078881909e10
32,-23.113598976216792,-63.34835580900295,9.165285229641199e10
32,-15.378779995977572,-39.519273709678544,9.109490187820924e10
32,-87.01206925604208,-83.66583670268595,9.193164791941263e10
32,-58.12555807400623,-76.61072384033277,9.193470732547488e10
32,-53.78479833481486,-74.70341347799611,9.19115859794375e10
32,-22.44750539939776,-39.04505339498155,9.112172235241324e10
32,-48.47463369879443,-72.71576438217959,9.188440762746684e10
32,-19.265125288903523,-57.416958206404814,9.168568749734045e10
32,-22.910947623647345,-72.58823491559794,9.182181970287541e10
32,-17.935899604465074,-31.39678306740293,9.142153228330113e10
32,-15.378779995977572,-45.846148761336416,9.156640199894852e10
32,0.0,-47.65212282361241,9.152970152020302e10
32,-15.38046861517197,-39.05265021250769,9.149954660678702e10
32,-27.91406713337402,-37.262984874737285,9.151990961258682e10
33,-150.0,-150.0,8.169933734712227e10
33,-2.9094989181579223,0.0,8.112518174705368e10
33,-92.81349180038845,-150.0,8.45842750700029e10
33,0.0,0.0,8.506076511041052e10
33,-30.718244658558604,-96.17053462144935,8.494248875817072e10
33,-88.51578974702707,-101.27964373067013,8.926894618829979e10
33,-15.378779995977572,-19.75237662582332,8.813858666041844e10
33,-86.71116341122277,-68.59622451222855,8.925499989218642e10
33,-15.378779995977572,-68.59622451197883,8.881815196983113e10
33,-15.378779995977572,-68.59622451242444,8.906695962938167e10
33,-19.201923116329574,-68.59622451241334,8.899100500980093e10
33,-36.862783339101156,-41.8320304429736,8.96169320579159e10
33,-15.378779995977572,-41.24478145612836,8.960411740041783e10
33,-21.624778605882398,-44.19203974085712,8.961551259285239e10
33,0.0,-20.016454281350118,8.966813362175038e10
33,-22.09338670766828,-21.776932890159774,8.935589021801904e10
33,-87.16238239607213,-104.29088534263627,9.068926446728342e10
33,-87.0000000000001,-20.016454281350118,9.00641036380707e10
33,-15.378779995977572,-69.15547512831996,8.994615525083916e10
33,-15.378779995977572,-57.65653002106762,9.021612596429845e10
33,-86.76988734744373,-61.14461433666203,9.050376838829825e10
33,-15.378779995977572,-60.944720291369876,9.00419800799074e10
33,-15.378779995977572,-58.67730775206262,9.02936125842115e10
33,-34.895657727094026,-58.430934626572004,9.016859812752975e10
33,-37.55342443152204,-56.926704860624994,9.035300034082256e10
33,-37.55342349144875,-56.926705209707606,9.026612562412878e10
33,-35.20224079506558,-41.946726489224716,9.014032856065475e10
33,-15.378779995977572,-31.43164123558246,9.002374851682787e10
33,-70.36009533576261,-41.2640855233199,9.02777764270093e10
33,-46.8224273000615,-29.4039699129076,9.009801222393024e10
33,-17.545147840938284,-25.017431454847006,8.997305251607033e10
33,-15.378779995977572,-42.316433659933196,9.015507668801959e10
33,-49.55192195145765,-45.35644892462815,9.028112161923558e10
33,-26.311813265284627,-38.38388293508897,9.015510555658124e10
33,-15.378779995977572,-36.972313783471954,9.010717355397789e10
33,-23.059082216520316,-37.86383735083327,9.014112197892003e10
33,-39.462543983168935,-60.02759391303506,9.038438213924596e10
33,-20.55864932968047,-31.595684942837178,9.007167236100977e10
33,-17.204421104849942,-34.981441975255684,9.009926947100467e10
33,-19.201443249099103,-59.3529974647842,9.032142861841599e10
33,-15.378779995977572,-29.06490674742013,9.002457391439389e10
33,-17.247716941423977,-63.352760842975776,9.035738784997142e10
33,-22.657988371779904,-28.200684634025798,9.003876093136884e10
33,-35.377541932280884,-63.35246976342917,9.025915185425186e10
33,-35.34949906932631,-63.33012105289626,9.041410273940526e10
33,-23.183418245827554,-63.33743228586897,9.028996591788173e10
33,-23.11359897621679,-63.348355809002925,9.037671354403513e10
33,-15.834751464041199,-39.91967062742143,9.012408752373586e10
33,-87.01206925604208,-83.66583670268595,9.059027105163892e10
33,-58.12555807400622,-76.61072384033277,9.058642945890854e10
33,-53.78479833481486,-74.70341347799611,9.056232206349849e10
33,-22.44750539939777,-39.04505339498155,9.015904455159879e10
33,-40.6863922326311,-69.80054570831541,9.049133881248503e10
33,-19.26512528890354,-57.41695820640481,9.03284403100165e10
33,-22.910947623647367,-72.58823491559791,9.046661867397932e10
33,-17.935899604465074,-31.396783067402936,9.00623089129614e10
33,-15.378779995977572,-45.84614876133641,9.020756469882587e10
33,-15.378779995977572,-47.65212282361243,9.022638991300737e10
33,-15.380468615171981,-39.05265021250769,9.014023021036356e10
33,-27.91406713337402,-37.262984874737285,9.016260310026218e10
34,-150.0,-150.0,8.072710748088434e10
34,-2.9094989181579223,0.0,7.972552483108069e10
34,-92.81349180038845,-150.0,8.316647779085991e10
34,0.0,0.0,8.364847349309929e10
34,-30.7182446585586,-94.15761322214095,8.349444515078487e10
34,-88.51578974702707,-101.27964373067013,8.783152412703458e10
34,-15.378779995977572,-20.061367146800173,8.669783242668419e10
34,-86.71116341122277,-68.59622451222855,8.781660029805016e10
34,-15.378779995977572,-68.59622451197883,8.736838965429587e10
34,-15.378779995977572,-68.59622451242444,8.761530108293044e10
34,-38.06915792074646,-68.59622450134081,8.752230697976253e10
34,-36.862783339101156,-41.8320304429736,8.8171087104733e10
34,-15.378779995977572,-41.24478145612836,8.815490886296025e10
34,-21.624778605882398,-44.19203974085711,8.816653800163878e10
34,0.0,-20.016454281350118,8.824144987103816e10
34,-22.093386707668273,-21.776932890159774,8.791499910132884e10
34,-87.16238239607213,-104.29088534263627,8.925232875032819e10
34,-87.0000000000001,-20.016454281350118,8.863210844156485e10
34,-15.378779995977572,-69.15547512831995,8.849815353080629e10
34,-15.378779995977572,-57.65653002106762,8.876522349046179e10
34,-86.76988734744373,-61.14461433666203,8.90661036530901e10
34,-15.378779995977572,-60.944720291369876,8.859320946950447e10
34,-15.378779995977572,-58.67730775206262,8.884271944211606e10
34,-34.09339968593353,-58.38896636247465,8.873947427739978e10
34,-37.55342443152204,-56.92670486062499,8.890598359476033e10
34,-37.55336183211813,-56.92672810601004,8.886401725985535e10
34,-21.835460073277158,-35.801744947366544,8.854369588366972e10
34,-15.378779995977572,-31.431641235582457,8.857527020996907e10
34,-70.36009533576261,-41.2640855233199,8.883819151103369e10
34,-46.8224273000615,-29.4039699129076,8.865513312429758e10
34,-17.545147840938284,-25.017431454847028,8.852553425685715e10
34,-15.378779995977572,-42.316433659933196,8.870528545505896e10
34,-49.50927282852466,-45.33835681775503,8.883648371731042e10
34,-26.311813265284606,-38.38388293508897,8.870673453562756e10
34,-15.378779995977572,-36.972313783471954,8.865795154972101e10
34,-21.47840648496779,-37.61111942795233,8.868493280517021e10
34,-39.462543983168935,-60.02759391303507,8.8936945392997e10
34,-20.55864932968047,-31.595684942837178,8.862325963988766e10
34,-17.204421104849935,-34.981441975255684,8.865031719198161e10
34,-15.378779995977572,-59.225721307024465,8.885770213441814e10
34,-15.378779995977572,-29.064906747420125,8.857642690261885e10
34,-20.318113351800214,-63.352760842975776,8.891691796168599e10
34,-22.657988371779894,-28.20068463402582,8.859115455052274e10
34,-35.37754193228088,-63.35246976342916,8.885528111546385e10
34,-35.34949906932632,-63.33012105289627,8.896558189137369e10
34,-25.317561220963906,-60.78784324674446,8.88700487002962e10
34,-18.3156809102505,-54.28218760734237,7.676730583595592e10
34,-16.583847447288576,-48.03247484169331,8.872114781039005e10
34,-87.01206925604208,-83.66583670268595,8.922170384708165e10
34,-58.12555807400621,-76.61072384033277,8.914155849902776e10
34,-53.78479833481486,-74.70341347799611,8.911668476252261e10
34,-26.800015558447353,-42.4184323057839,8.875788760250323e10
34,-32.71344938782357,-66.81619141372714,8.899656156329947e10
34,-18.701726500860325,-57.02319043589384,8.887237860208495e10
34,-22.42350206916509,-72.53255506228588,8.901329851762967e10
34,-17.17018804282164,-31.915047260047253,8.861737418250775e10
34,-15.379878019214878,-39.04273208986665,8.869062747954514e10
34,-15.915582766793142,-47.39181538993799,8.877559281434518e10
34,-15.378779995977572,-39.02633494063293,8.869046395989725e10
34,-27.914067133374026,-37.262984874737285,8.871467703914601e10
35,-150.0,-150.0,7.982902077353969e10
35,-2.9094989181579223,0.0,7.83810923748883e10
35,-92.81349180038845,-150.0,8.180555285845776e10
35,0.0,0.0,8.229402436586308e10
35,-30.718244658558593,-88.24018807568764,8.210224876444101e10
35,-88.51578974702707,-101.27964373067013,8.64516599698461e10
35,-15.378779995977572,-20.85640230543598,8.532199358727295e10
35,-86.71116341122277,-68.59622451222855,8.643558519328082e10
35,-15.378779995977572,-68.59622451197882,8.597479374130916e10
35,-15.378779995977572,-68.59622451242448,8.622064011750479e10
35,-38.06915792074646,-68.5962245013408,8.614572949606084e10
35,-36.862783339101156,-41.8320304429736,8.678271656371954e10
35,-15.378779995977572,-41.24478145612836,8.676307992068927e10
35,-21.62477860588239,-44.1920397408571,8.67748118379422e10
35,0.0,-20.016454281350118,8.687232923151102e10
35,-22.093386707668266,-21.776932890159774,8.653053392664655e10
35,-87.16238239607213,-104.29088534263627,8.78731028741955e10
35,-87.0000000000001,-20.016454281350118,8.725713712425111e10
35,-15.378779995977572,-69.15547512831992,8.710609179520158e10
35,-15.378779995977572,-57.65653002106762,8.737146059528406e10
35,-86.76988734744373,-61.14461433666203,8.768584093344574e10
35,-15.378779995977572,-60.944720291369876,8.720064707637389e10
35,-15.378779995977572,-58.677307752062625,8.74489557175991e10
35,-34.09339968593353,-58.38896636247464,8.736278698101286e10
35,-37.55342443152204,-56.92670486062497,8.75160365998016e10
35,-37.54515005250097,-56.92977743183401,8.743101243632147e10
35,-21.83546007327716,-35.80174494736652,8.715295976526633e10
35,-15.378779995977572,-31.431641235582454,8.718425704952367e10
35,-70.36009533576264,-41.26408552331992,8.745619520369743e10
35,-46.8224273000615,-29.4039699129076,8.727001723622093e10
35,-17.545147840938284,-25.017431454847035,8.713561033832733e10
35,-15.378779995977572,-42.316433659933196,8.731283894309978e10
35,-49.50927282852466,-45.33835681775503,8.744988815445876e10
35,-26.3118132652846,-38.38388293508897,8.731618582780646e10
35,-15.378779995977572,-36.97231378347197,8.726614255393713e10
35,-21.47840648496779,-37.61111942795233,8.729352229352338e10
35,-39.462543983168935,-60.02759391303511,8.754714327091943e10
35,-20.55864932968047,-31.59568494283718,8.723252505231761e10
35,-18.315680910250496,-34.981441975255684,8.726281112205498e10
35,-15.378779995977572,-59.22572130702446,8.746384697196474e10
35,-15.378779995977572,-29.0649067474201,8.718576272363226e10
35,-26.0137360929312,-63.352760842975776,8.754346106202869e10
35,-22.657988371779872,-28.200684634025837,8.720134461643349e10
35,-35.37754193228087,-63.352469763429134,8.749039262644522e10
35,-35.349499069326335,-63.33012105289629,8.757463541157733e10
35,-15.378779995977572,-58.008585770804466,7.513830085751654e10
35,-18.315680910250496,-54.282187607342394,8.732155341154973e10
35,-16.313248468700777,-47.055957222060655,8.732937824827322e10
35,-87.01206925604208,-83.66583670268595,8.788091995997388e10
35,-58.12555807400616,-76.61072384033277,8.775412985141393e10
35,-53.78479833481486,-74.70341347799611,8.772852658447775e10
35,-26.800015558447353,-42.41843230578391,8.736698518430019e10
35,-32.71344938782356,-66.81619141372714,8.760479277899309e10
35,-16.812125720756693,-60.43096733291949,8.750379814364682e10
35,-22.423502069165092,-72.53255506228588,8.761899268113924e10
35,-17.170188042821646,-31.915047260047228,8.722638177172e10
35,-15.378779995977572,-39.02633494063295,8.729837070458353e10
35,-16.242332279463493,-49.34376082810918,8.740229830743892e10
35,-36.54857325992224,-36.69599673175466,8.73432464461527e10
35,-27.914067133374044,-37.262984874737285,8.732460668656593e10
36,-150.0,-150.0,7.898857878691219e10
36,-2.9094989181579223,0.0,7.711863689446535e10
36,-92.81349180038845,-150.0,8.053315581038194e10
36,0.0,0.0,8.102324302580211e10
36,-30.718244658558568,-74.31174259269814,8.079626066493297e10
36,-88.51578974702707,-101.27964373067013,8.516162029090498e10
36,-15.378779995977572,-22.117499332783808,8.403733006324617e10
36,-86.71116341122277,-68.59622451222855,8.514148002469026e10
36,-16.631443239981817,-68.5962245119788,8.467239723669023e10
36,-15.447591888086892,-68.59622451242454,8.491370512397661e10
36,-38.06915792074648,-68.59622450134079,8.488692625329991e10
36,-36.862783339101156,-41.8320304429736,8.547941136304283e10
36,-15.378779995977572,-41.24478145612836,8.545688071704924e10
36,-21.624778605882373,-44.19203974085706,8.546848400791808e10
36,0.0,-20.016454281350118,8.558726470134006e10
36,-22.093386707668248,-21.776932890159767,8.522906201653317e10
36,-87.16238239607213,-104.29088534263627,8.658379152809303e10
36,-87.0000000000001,-20.016454281350118,8.596568891730872e10
36,-15.474556212302502,-69.1554751283199,8.580102847605597e10
36,-15.378779995977572,-57.65653002106761,8.606446212573955e10
36,-86.76988734744373,-61.14461433666203,8.63919964272394e10
36,-16.631443239981817,-60.944720291369876,8.589875409288387e10
36,0.0,-58.145810671335525,8.608816869821088e10
36,-34.09339968593353,-58.38896636247462,8.610288816500433e10
36,-37.55342443152204,-56.92670486062492,8.621250973828442e10
36,-36.34237439245822,-57.376410811167254,8.61165607985564e10
36,-21.835460073277176,-35.801744947366494,8.584700165976436e10
36,0.0,-33.882753472601465,8.585931586662733e10
36,-70.36009533576265,-41.264085523319956,8.615939635479987e10
36,-46.8224273000615,-29.403969912907606,8.596927969849246e10
36,-17.545147840938288,-25.017431454847053,8.582998523665233e10
36,-15.378779995977572,-42.31643365993321,8.600613261181004e10
36,-49.50927282852466,-45.33835681775503,8.614888496447995e10
36,-26.31181326528458,-38.383882935088955,8.601085739780817e10
36,-16.1491592755988,-36.97231378347198,8.596240622570117e10
36,-21.47840648496778,-37.61111942795233,8.598732186176144e10
36,-39.46254398316894,-60.027593913035126,8.624395231579886e10
36,-20.953815579055174,-30.30307038892777,8.591496251331007e10
36,-20.362626789554295,-34.981441975255684,8.596367518402557e10
36,0.0,-58.7136824745895,8.610124204674023e10
36,0.0,-24.64952524009014,8.576979885875462e10
36,-35.37083059621782,-63.352760842975776,8.627103036230035e10
36,-23.055628690082294,-27.710127957882026,8.589126574669753e10
36,-39.805909355051135,-63.160405594727315,8.619620260056776e10
36,-32.73569262024335,-60.55600977541063,8.621074701986044e10
36,0.0,-53.897607145434066,8.607704279925586e10
36,-21.40329267894091,-54.32520321344728,8.60713718244465e10
36,-16.00900118524848,-40.4088324371894,8.59178432904585e10
36,-87.01206925604208,-83.66583670268595,8.658685544737326e10
36,-58.12555807400611,-76.61072384033275,8.645432036997319e10
36,-53.78479833481486,-74.70341347799605,8.642787052758511e10
36,-26.800015558447363,-42.41843230578394,8.606160286183084e10
36,-31.02533766238405,-66.18431387796359,8.628960201690562e10
36,-16.812125720756693,-60.43096733291946,8.61967802882099e10
36,-22.423502069165107,-72.53255506228587,8.6312245064865e10
36,-16.465091888630464,-33.35129977409185,8.593366783215121e10
36,-17.718757304812378,-38.940423317747616,8.599925838604831e10
36,-16.834116696748175,-48.365477901214206,8.608822304430469e10
36,-36.54857325992224,-36.69599673175466,8.60400172439349e10
36,-27.91406713337405,-37.262984874737285,8.601965402378714e10
37,-150.0,-150.0,7.767196728820349e10
37,-2.9094989181579223,0.0,7.553571357753348e10
37,-92.81349180038845,-150.0,7.891077343949796e10
37,0.0,0.0,7.941558166398636e10
37,-87.0000000000001,-150.0,6.724816559222043e10
37,-88.51578974702707,-101.27964373067013,8.351774814470044e10
37,-15.378779995977572,-25.110415583160975,8.244345347884158e10
37,-86.71116341122277,-68.59622451222855,8.349602613404742e10
37,-15.378779995977572,-68.59622451193262,8.297667604107458e10
37,0.0,-68.59622451247033,8.32092756788823e10
37,-30.238562623366676,-68.59622449958798,8.327282938019153e10
37,-36.862783339101156,-41.8320304429736,8.383507992753995e10
37,-15.378779995977572,-41.24478145612836,8.380932851995326e10
37,-20.837226947254926,-44.31401300897612,8.382101854989069e10
37,0.0,-20.016454281350118,8.396509585765904e10
37,-21.092455114774452,-21.77693289015976,8.359724250852354e10
37,-87.16238239607213,-104.29088534263627,8.493985876142235e10
37,-87.0000000000001,-20.016454281350118,8.43356210554609e10
37,-15.378779995977572,-68.78764557713734,8.414816986419029e10
37,-15.378779995977572,-57.656530021067596,8.44133315106543e10
37,-86.76988734744373,-61.14461433666203,8.474867414735687e10
37,-15.378779995977572,-60.91325019197929,8.420780562283774e10
37,0.0,-57.499820665981744,8.443713863224425e10
37,-28.111505227977325,-58.076037462377975,8.44959123909188e10
37,-37.55342443152203,-56.92670486062489,8.456293199642575e10
37,-25.157767465263994,-57.22016700702486,8.44803630839613e10
37,-16.44674396480409,-24.736786565142598,8.414723190933897e10
37,-15.378779995977572,-33.882753472601486,8.426855586190063e10
37,-83.44516426585072,-43.020777557379574,8.45766745523219e10
37,-46.8224273000615,-29.403969912907623,8.432792453584778e10
37,-17.44085070837679,-24.933729204271508,8.418475564321721e10
37,-17.020671753047623,-42.316433659933246,8.436375706657942e10
37,-49.509272828524644,-45.33835681775503,8.450307750659325e10
37,-25.69795846173836,-38.19985255937591,8.436002998803307e10
37,-15.378779995977572,-36.68588806909438,8.430956401091843e10
37,0.0,-34.24749248133178,8.423202755470285e10
37,-43.92957779715497,-60.31372976310835,8.461103554957983e10
37,-23.183370136119066,-30.303070388927768,8.427738425571407e10
37,-25.367246520749585,-34.981441975255684,8.433463886818788e10
37,-21.76873852547763,-58.71368247458949,8.45276700071409e10
37,-15.378779995977572,-24.649525240090128,8.418146745889526e10
37,-35.37083059621782,-63.35276084297577,8.461997401855089e10
37,-22.884364250902028,-24.233739948684768,8.420444919346881e10
37,-86.98881758120187,-59.382704506196696,8.442462031725395e10
37,-19.23961086090643,-55.798342983980014,8.427856053830608e10
37,-22.299783580071086,-53.89760714543408,8.450626136113182e10
37,-20.64127541298027,-54.688659871258466,8.450638938262706e10
37,-15.378779995977572,-46.32754296805139,8.441057538516089e10
37,-87.01206925604208,-83.66583670268595,8.493816487795569e10
37,-52.32381936879311,-75.1937330135341,8.477428814162938e10
37,-46.97021569045725,-72.8413835666522,8.47411804341506e10
37,-29.098334386743897,-36.55588926488159,8.436431827507533e10
37,-29.918312181808936,-70.23552797093377,8.466507943902377e10
37,-16.977117962836175,-60.35578911100007,8.45449890845932e10
37,0.0,-72.25043922741219,8.45798307036644e10
37,0.0,-33.358096890152154,8.423021964515218e10
37,-27.74723148553297,-38.94042331774759,8.438707300369385e10
37,0.0,-48.91191779387342,8.4386910145353e10
37,-36.548573259922264,-36.69599673175466,8.43945238246524e10
37,-23.44213707725408,-37.5566358700469,8.436101209175781e10
38,-150.0,-150.0,7.62847701171882e10
38,-2.9094989181579223,0.0,7.393735107855618e10
38,-92.81349180038845,-150.0,7.726700145461653e10
38,0.0,0.0,7.778946454650766e10
38,-87.0000000000001,-150.0,6.626263135643293e10
38,-88.51578974702707,-101.27964373067013,8.185458332307953e10
38,-15.378779995977572,-27.331142195633035,8.081703426714854e10
38,-86.71116341122277,-68.59622451222855,8.183342278127249e10
38,-15.378779995977572,-68.59622451187866,8.12619194637988e10
38,0.0,-68.59622451253017,8.15406567756119e10
38,-25.83082097345051,-68.59622442619268,8.134815906019292e10
38,-36.86278333910114,-41.8320304429736,8.217232426018797e10
38,-17.91806680333845,-41.24478145612836,8.215138706246506e10
38,-20.837226947254926,-44.314013008976126,8.21554272333447e10
38,0.0,-20.016454281350118,8.232332970863469e10
38,-20.252889769000213,-22.11441970108515,8.187440950341283e10
38,-87.16238239607213,-104.29088534263627,8.327634622601285e10
38,-87.0000000000001,-20.016454281350118,8.268645304304398e10
38,-15.378779995977572,-66.33375340834704,8.244657488509325e10
38,0.0,-58.41008556726808,8.270296520431729e10
38,-86.76988734744373,-61.14461433666203,8.30878685368502e10
38,-15.378779995977572,-60.88139247029126,8.250426858195866e10
38,-15.378779995977572,-57.45147966037837,8.282204935882663e10
38,-49.91342050436344,-58.14182493823873,8.26429129683506e10
38,-66.53083050427053,-56.24093907468852,8.298636363643063e10
38,-37.08662205376412,-58.3750256039348,7.029131891260577e10
38,-15.378779995977572,-21.64704590147362,6.985251501556995e10
38,-15.378779995977572,-33.882753472601514,8.260309741022758e10
38,-83.44516426585076,-43.02077755737959,8.2919464866858e10
38,-46.8224273000615,-29.40396991290763,8.266752884801117e10
38,-15.378779995977572,-24.619996807581042,8.251063623794766e10
38,-16.313248468700774,-42.06686117245027,8.269145129288171e10
38,-49.5092728285246,-45.33835681775503,8.28388487258646e10
38,-20.135911721822307,-36.53238079672607,8.265809314625247e10
38,-15.378779995977572,-36.41143279827432,8.264060564049184e10
38,-20.135911721822307,-34.133282677096155,8.263745531869972e10
38,-37.79153255169088,-60.194682838383294,8.292123613931845e10
38,-23.183370136119088,-30.303070388927747,8.261290686683223e10
38,-20.575227641918726,-32.925668743175464,8.263360811090717e10
38,-19.2501493829737,-58.48088715623283,8.284670170910612e10
38,-15.378779995977572,-23.330364705361333,8.250175559012672e10
38,-35.37083059621782,-63.35276084297576,8.295059462409267e10
38,-52.88327528162392,-23.152951976739203,8.263609055458553e10
38,-86.98881758120187,-59.382704506196696,8.277338960715543e10
38,-15.378779995977572,-54.46325453994054,8.25325443842006e10
38,-25.55538466937322,-53.897607145434115,8.284833310950992e10
38,0.0,-56.53963370565668,8.277531182542209e10
38,0.0,-40.54142553253631,8.234865205293472e10
38,-87.01206925604208,-83.66583670268595,8.327248617819237e10
38,-45.2630041064503,-73.46923093496417,8.30684985920211e10
38,-37.74705735967128,-70.30053723924743,8.302169732986171e10
38,-72.46522028951962,-48.61982502732171,8.295705747798447e10
38,-52.29539554591815,-75.15921870222941,8.31073229478638e10
38,-16.44674396480409,-60.00165730920282,8.28695589992626e10
38,-15.378779995977572,-72.08054249099347,8.296129498509035e10
38,0.0,-35.03737018650927,8.258415171144374e10
38,-39.617790801793916,-40.61019075861964,8.277819274185075e10
38,-15.378779995977572,-48.91677873593124,8.277376715079816e10
38,-36.737806692152766,-36.518331335929844,8.272903812730351e10
38,-19.630479344306103,-37.678215521142036,8.268234598804745e10
39,-150.0,-150.0,7.493642309047711e10
39,-2.9094989181579223,0.0,7.240416225726003e10
39,-92.81349180038845,-150.0,7.566100213806673e10
39,0.0,0.0,7.619818911994315e10
39,-87.0000000000001,-150.0,6.53142447999974e10
39,-88.51578974702707,-101.2796437306701,8.023064290069225e10
39,-15.920674608482436,-29.554772857877985,7.922735602698189e10
39,-86.71116341122277,-68.59622451222855,8.020974200548747e10
39,-26.243493298236967,-68.59622451187866,7.988740852077667e10
39,-26.060000794231712,-68.59622451253018,7.999965290134427e10
39,-56.46077670680038,-68.32109972871363,6.748966202893731e10
39,-40.13527529471521,-41.8320304429736,8.055758851756128e10
39,-17.918066803338437,-41.24478145612836,8.052051385561832e10
39,-20.980430697725197,-44.314013008976154,8.05264757072503e10
39,0.0,-20.016454281350118,8.071656698812756e10
39,-88.16917374793424,-100.7356610789867,6.865841144707922e10
39,-87.16238239607213,-104.29088534263627,8.165204884737697e10
39,-87.0000000000001,-20.016454281350118,8.107185376611642e10
39,-26.06585494767085,-66.33375340834704,8.105355263321097e10
39,0.0,-56.39443934673073,8.106477719908139e10
39,-86.76988734744373,-61.14461433666202,8.146532485880386e10
39,-26.0429971897331,-60.88139247029129,8.111836774213107e10
39,-23.627534723220684,-57.45147966037834,8.121829604359042e10
39,-57.03401517961751,-58.32883286144694,8.125641242979979e10
39,-66.53083050427048,-56.2409390746885,8.136073158001828e10
39,-41.71241755775417,-58.375025603934844,8.129165263853467e10
39,-26.06590945407078,-21.647045901473618,8.074159870964278e10
39,-18.832814594767612,-33.94015048801567,8.098603939665262e10
39,-83.44516426585082,-43.020777557379624,8.129889903148297e10
39,-46.82242730006148,-29.403969912907648,8.104284993382657e10
39,0.0,-21.83002480192248,8.079932158994264e10
39,0.0,-42.188922574171634,8.100544454691307e10
39,-49.50927282852458,-45.338356817755006,8.121168294522098e10
39,-30.673366519305603,-36.334231127967556,8.106366623575725e10
39,0.0,-36.52585561204459,8.095670800341661e10
39,-33.427427152925944,-34.13328267709615,8.105518771946379e10
39,-42.89794884972189,-60.948459311739356,8.131325946169371e10
39,-23.97378580075878,-30.303070388927736,8.098669583453107e10
39,-20.99762968997055,-32.925668743175436,8.100530058582716e10
39,0.0,-58.57161043848528,8.114595539153279e10
39,-59.59377947125501,-23.330364705361315,8.103277976016902e10
39,-35.37083059621782,-63.35276084297573,8.131884856087158e10
39,-52.8832752816239,-23.152951976739207,8.101400151136545e10
39,-86.98881758120187,-59.382704506196696,8.138627245311621e10
39,-26.065680698049473,-54.4632545399405,8.122246719828204e10
39,-27.000149170772673,-53.89760714543413,8.1221271866229e10
39,0.0,-58.48949999297886,8.116431263836815e10
39,0.0,-48.36842591387855,8.107587346569283e10
39,-87.01206925604208,-83.66583670268595,8.16468286823693e10
39,-51.49857581142965,-75.5328850881523,8.14740813767785e10
39,-39.70937203697398,-69.07965607450296,8.138768551706143e10
39,-72.46522028951964,-48.61982502732172,8.133362192676825e10
39,-52.295395545918154,-75.1592187022294,8.147691934918787e10
39,-57.4675074716343,-61.796393427552616,8.139773097453079e10
39,-26.2495234500525,-72.08054249099347,8.136520323610631e10
39,-20.143458355514845,-35.04937671745857,8.10263910679878e10
39,-44.94183975351632,-40.61019075861966,8.116885305072827e10
39,-22.727592132986594,-48.916778735931274,8.116778328899306e10
39,-42.78521941685571,-37.05365665702976,8.112781475597278e10
39,-23.83616549412499,-37.89828257800065,8.106890836263171e10
40,-150.0,-150.0,7.342386123107683e10
40,-2.9094989181579223,0.0,7.068264419292778e10
40,-92.81349180038845,-150.0,7.387137489719778e10
40,0.0,0.0,7.444838457276692e10
40,-87.0000000000001,-150.0,6.415888615347277e10
40,-88.51578974702707,-101.27964373067002,7.842271606375633e10
40,-17.885042578812577,-34.55920678810732,7.752657239203459e10
40,-86.71116341122277,-68.59622451222855,7.840619906759302e10
40,-41.43652495555485,-68.59622451141247,7.811790499223904e10
40,-41.436524955554844,-68.59622451267497,7.824751584989522e10
40,-43.243470563682074,-41.83248043788096,6.5621044214675674e10
40,-81.95861636574357,-41.8320304429736,7.891176988285603e10
40,-27.122981480021547,-41.24478145612836,7.875891343319803e10
40,-40.26745018617635,-44.512514381540214,7.880225295806552e10
40,0.0,-20.016454281350118,7.895064076230135e10
40,-88.16917374793421,-100.7356610789867,7.89226999665804e10
40,-87.16238239607213,-104.29088534263627,7.984354343958392e10
40,-87.0000000000001,-20.016454281350118,7.928934979106458e10
40,-40.5450942484078,-63.41250690622296,7.929101378105696e10
40,-27.080984819132443,-56.39443934673071,7.936414458973788e10
40,-86.76988734744373,-61.144614336662016,7.966480925053859e10
40,-41.436524955554844,-60.738523677000174,7.937169863785336e10
40,-41.436524955554844,-56.85189428184028,7.947433504898064e10
40,-56.167110949313496,-58.048067687656506,6.6922133815685104e10
40,-68.83195551971981,-56.1152054594816,7.956714904631311e10
40,-40.46554810069575,-57.26758701622336,7.94758968963425e10
40,-41.43652495555485,-22.079642139108984,7.902408891889407e10
40,-41.08627527582043,-33.96231833965021,7.927144790031969e10
40,-85.15736636357461,-43.38693241281956,7.951440694891136e10
40,-40.323717695921864,-25.546600947414703,7.918937857226465e10
40,-38.8992719798416,-21.83114715572494,7.914965293889946e10
40,-40.08434449171066,-37.52451356608017,7.9310673584941e10
40,-38.54787594560521,-38.076022072277375,7.931145227109435e10
40,-40.47195580421128,-34.578486779373414,7.928719025989333e10
40,-68.1284969561169,-39.38199656662896,7.942985543449503e10
40,0.0,-29.03655795790508,7.909334522308537e10
40,0.0,-76.83769738569548,7.944812059089005e10
40,-72.83747105706257,-31.14838840656357,7.937572967366302e10
40,-39.673534796394726,-32.09648173586011,7.927068872705278e10
40,-56.64476219770045,-58.28257940525508,7.954353024998224e10
40,-86.9987379678464,-23.43088873473873,7.934233708239322e10
40,-39.24758964774436,-63.702196350212134,7.953290039285109e10
40,-51.033911163916045,-23.07998763304171,7.921818692951428e10
40,-86.98881758120187,-59.382704506196696,7.967274297508551e10
40,-39.947756403845446,-52.648009264732885,7.945449693576738e10
40,-40.897285778825946,-48.83295461436316,7.942648955057414e10
40,-50.67010275678215,-58.33665807771253,7.954165419102213e10
40,-40.57100872230962,-36.84132101396403,7.919006561831458e10
40,-87.01206925604208,-83.66583670268595,7.983824310642853e10
40,-48.182578412346245,-72.9755134388146,7.963767107109225e10
40,-38.384668983604406,-65.99701770992036,7.955552923347891e10
40,-66.86508829307542,-40.96803957054289,7.944957703307901e10
40,-41.436524955554844,-69.84589809868255,7.959620196998409e10
40,-76.84537597417902,-66.87067194065146,7.969924504503772e10
40,-86.74325336381835,-76.15760058118141,7.979579852892064e10
40,-49.43244472035602,-36.062481533869175,7.934594655047751e10
40,-41.436524955554844,-40.51147384498563,7.935912445947917e10
40,-65.22266630947851,-50.87801654381862,7.953555199726271e10
40,-71.99654898257282,-39.671334448350066,7.945839471845818e10
40,0.0,-36.824864681197326,7.917581096685062e10
41,-150.0,-150.0,7.16752025378299e10
41,-2.9094989181579223,0.0,6.872630498379095e10
41,-92.81349180038845,-150.0,7.184365632987881e10
41,0.0,0.0,7.245877762055011e10
41,-87.0000000000001,-150.0,6.276486940425766e10
41,-88.51578974702707,-101.27964373066996,7.637315467024077e10
41,-21.174512218783523,-43.9351747773227,7.566206151617517e10
41,-86.71116341122277,-68.59622451222855,7.635710655741327e10
41,-81.30116691892876,-68.5962245109102,7.633858578673566e10
41,-86.71116341134473,-68.59622451554215,7.635709145018452e10
41,-79.81587693379417,-41.83248043788096,6.4348132372928e10
41,-81.95861636574352,-41.8320304429736,7.687450221702446e10
41,-43.124729778602415,-41.24478145612836,7.677872608113388e10
41,-80.0173596216244,-44.512514381540235,7.690279514062875e10
41,0.0,-20.016454281350118,7.694611476160646e10
41,-88.16917374793415,-100.73566107898674,7.689514622813504e10
41,-87.16238239607213,-104.29088534263627,7.77931364415673e10
41,-87.0000000000001,-20.016454281350118,7.725532451580244e10
41,-66.40126547052571,-67.8748028078793,7.73919020507435e10
41,-20.07350355938776,-51.49689533663366,7.727408313666415e10
41,-86.76988734744373,-61.14461433666197,7.761783495429535e10
41,-43.68661696715432,-60.429121269638756,7.741521474805138e10
41,-41.09994865638616,-53.61295081391116,7.7398268571405e10
41,-39.117008150207006,-55.688794050318954,7.741052243837555e10
41,-79.53286335589674,-56.26876417634559,7.756008511399004e10
41,-80.9335624762767,-59.08601585383625,7.758524635010104e10
41,-56.589813505731804,-27.9005345441945,7.72170601459891e10
41,-83.80442566122832,-39.58198880861712,7.743283837543726e10
41,-86.43768644041683,-46.98764135687342,7.750750971604088e10
41,-54.13154372953663,-21.091288430618324,7.715777489770435e10
41,0.0,-24.070760732837627,7.70019974754283e10
41,-60.408991848882515,-34.29974316911945,7.731346333025562e10
41,-73.77803513524844,-43.03238813267218,7.743637069157991e10
41,-80.96319810503593,-40.85585681531716,7.744252474177983e10
41,-58.34967703313096,-38.2590554247713,7.734500098284572e10
41,-86.93361601623378,-31.061559522596593,7.738243665521292e10
41,0.0,-92.12110229479771,7.748874075421764e10
41,-77.2705009438844,-31.194902167838155,7.735340892959709e10
41,-42.61029605953832,-32.815546875460626,7.724785690529482e10
41,-40.85992820574532,-56.214983061200925,7.742422971720059e10
41,-86.9987379678464,-23.43088873473873,7.730672254461041e10
41,-75.30050463137651,-70.66959945683614,7.766549228697481e10
41,-47.11383488487689,-22.812634412701115,7.716345536993472e10
41,-86.98881758120187,-59.38270450619671,7.762618119492155e10
41,-78.538775878344,-57.35838554076997,7.758326461019823e10
41,-82.9303492376288,-57.420590480458195,7.759932662609944e10
41,-42.23115764822634,-58.086714337427075,7.746136183340758e10
41,-81.42131785124083,-42.12514957074973,7.74655725250863e10
41,-87.01206925604208,-83.66583670268595,7.778585295824254e10
41,0.0,-66.98471072936402,7.737528209696704e10
41,-71.72332908879429,-65.37734853821134,7.762153668470627e10
41,-63.019269899501765,-34.259597319067794,7.733441901421942e10
41,-86.57976519791525,-74.2736824514171,7.773235001312662e10
41,-68.446445270875,-59.25559272510808,7.756421969536243e10
41,-86.95783158156614,-78.630243126497,7.775992602016675e10
41,-82.30882656407283,-40.32408327303041,7.745674943243948e10
41,-85.59800226352502,-49.348833854330906,7.75470399773486e10
41,-49.69860082068116,-52.043108116761566,7.744466694681819e10
41,-83.03145384687801,-45.71571644560015,7.750757906977939e10
41,-41.35077104079243,-34.15879337313402,7.725684241749915e10
42,-150.0,-150.0,7.00162007632069e10
42,-2.9094989181579223,0.0,6.688815844738243e10
42,-92.81349180038845,-150.0,6.990855716307027e10
42,0.0,0.0,7.059040347623997e10
42,-87.00000000000009,-150.0,6.1466379019889595e10
42,-88.51578974702707,-94.13129068498232,7.44161377334136e10
42,-28.781410761216318,-46.1294972054556,7.380664504577435e10
42,-86.71116341122277,-68.59622451222855,7.440877319836469e10
42,-43.42397804905038,-68.59617992922675,7.397045862695685e10
42,-86.71116563912246,-68.59628508277697,7.41245222150927e10
42,-95.76996721074524,-41.83248043788096,7.48154385363544e10
42,-81.95861636574347,-41.83203044297359,7.494624879484804e10
42,-85.25325709356642,-41.24478145612836,7.49956802095292e10
42,-80.01735962162441,-44.51251438154027,7.497261681700961e10
42,-87.0000000000001,-20.016454281350118,7.533707629835757e10
42,-88.4695733536337,-121.47510886186429,7.486148016168272e10
42,-87.16238239607213,-104.29088534263627,7.583563380875114e10
42,-87.0000000000001,-20.016454281350118,7.533707629835757e10
42,-37.03773091491894,-60.16761906765934,7.512006813483244e10
42,0.0,-59.10232349816407,7.534933416143732e10
42,-86.76988734744373,-61.14461433666192,7.567395837231625e10
42,-73.05324750141403,-59.01047233225632,7.53295143498448e10
42,-80.23470795624053,-53.612950813911176,7.559805931394205e10
42,-68.97496886243096,-56.26144046036244,7.558187257202759e10
42,-81.99637207103873,-56.270473043408266,7.562776868990753e10
42,-76.91858936615726,-57.669847676853784,7.561995272579114e10
42,-34.45069895223915,-34.49132586729912,7.526491581751483e10
42,-83.80442566122825,-39.581988808617105,7.550228019071901e10
42,-86.43768644041683,-46.98764135687343,7.557217817861662e10
42,-34.10226298259455,-21.888961482413592,7.5176135224337e10
42,-55.278432211313344,-24.844654486751843,7.529003822010167e10
42,-66.04136703835849,-35.87950490667453,7.541946392557109e10
42,-84.4632097978665,-45.68160414230096,7.555943418312021e10
42,-84.44495868726064,-42.017005594000416,7.553125969347403e10
42,-37.77858574091388,-35.15514286110751,7.531849026039084e10
42,-86.93361601623376,-31.061559522596593,7.545697111326045e10
42,-87.09264176684327,-92.12110229479771,7.584275095301294e10
42,-65.13656471967319,-31.362340011764736,7.53884141578663e10
42,-85.1385513611258,-34.94691694221456,7.548709124576941e10
42,-35.98648035343651,-53.351279538186134,7.5448578812552e10
42,-86.9987379678464,-23.43088873473873,7.538611359321474e10
42,-75.30050463137651,-70.66959945683614,7.571819292278847e10
42,-34.08662636993331,-21.60903548504093,7.51837278931722e10
42,-86.98881758120187,-59.38270450619675,7.568329692714352e10
42,-84.45931283773842,-57.293768909351265,7.566144488854848e10
42,-81.39779884049334,-57.21362083781038,7.565131656102177e10
42,-71.36140502648982,-58.72139583369092,7.562766553435074e10
42,-86.97770412505946,-43.59802597168079,7.556265158667502e10
42,-87.01206925604208,-83.66583670268595,7.583043336130603e10
42,-81.40508069883144,-66.98471072936408,7.571946697856093e10
42,-86.99530766464446,-66.78106112899677,7.573532023183154e10
42,-86.40323928254726,-38.01001595971786,7.551805183881291e10
42,-86.77213020592896,-74.5446444982768,7.57830177099886e10
42,0.0,-54.45677324070151,7.534131128197687e10
42,-86.95783158156605,-78.63024312649708,7.58064953446041e10
42,-79.46896226024865,-41.929108855837555,7.553004596494493e10
42,-87.02811159762278,-51.080103020646014,7.562811097437222e10
42,-55.782560272284094,-52.938220164368104,7.553482695397487e10
42,-84.76511552591563,-47.29294437073789,7.55910832678911e10
42,-75.58162603259098,-34.86648940473055,7.545708785770032e10
43,-150.0,-150.0,6.831867907860002e10
43,-2.9094989181579223,0.0,6.5039899043857376e10
43,-92.81349180038845,-150.0,6.7930979287150955e10
43,0.0,0.0,6.867407903396385e10
43,-87.0000000000001,-150.0,7.209682336444485e10
43,-88.51578974702707,-82.57924543844103,7.241702124371394e10
43,-50.49767558780023,-58.34863019775412,7.210675183339404e10
43,-86.71116341122277,-68.59622451222855,7.241635862258423e10
43,0.0,-32.48145292999545,5.9195119763068306e10
43,-88.51588907295987,-117.66181982580619,6.0526161133873985e10
43,-95.76996721074524,-41.83248043788096,7.301170950161816e10
43,-74.56458703550042,-41.83178953420363,7.294582077562566e10
43,-85.25325709356642,-41.24478145612836,7.301628820229585e10
43,-78.27883348394994,-44.80829455853928,7.299277892075562e10
43,-87.0000000000001,-20.016454281350118,7.336826150839691e10
43,-88.4695733536337,-121.47510886186429,7.289777076381685e10
43,-87.16238239607213,-104.29088534263627,7.383753527469795e10
43,-87.0000000000001,-20.016454281350118,7.336826150839691e10
43,-53.95429484984869,-64.58225365007718,7.346668776183673e10
43,-86.70190035162166,-59.10232349816407,7.367071411276027e10
43,-86.78864238077388,-61.70800491279923,7.368846220686964e10
43,-53.03522332110945,-58.87575728892492,7.355395733701788e10
43,-70.7494924430149,-45.56187087700696,7.351966756629904e10
43,-74.65771777522876,-56.27047355674352,7.361604413306534e10
43,-87.0012193810418,-56.27047269332168,7.365608888785907e10
43,-62.86839515809234,-59.61988355633241,7.359627286335722e10
43,-34.09372430153445,-20.288886114665054,7.314517315670537e10
43,-83.70350298594853,-40.199907804840024,7.352824445402432e10
43,-86.43768644041681,-46.98764135687346,7.358967116185083e10
43,0.0,-24.405315197736645,7.31158747977569e10
43,-75.24464333383042,-25.003340987942064,7.338895921415971e10
43,-75.29428908024823,-40.61325821955608,7.350843820831758e10
43,-86.99579227375628,-48.09380412086231,7.360199233572415e10
43,-86.98297671579316,-46.71043031291305,7.3592239869461e10
43,-53.58650545124555,-31.466352471709904,7.337223080610178e10
43,-86.93361601623369,-31.061559522596593,7.348218836840042e10
43,-87.09264176684327,-92.12110229479768,7.384347487909882e10
43,-79.84536791089678,-31.657164820051754,7.34648192027972e10
43,-86.97241563929451,-36.08667696708263,7.35248770286906e10
43,0.0,-48.25782160954675,7.330985098570427e10
43,-86.9987379678464,-23.43088873473873,7.341528658860786e10
43,-75.30050463137648,-70.66959945683611,7.372737497906375e10
43,-87.0000000000001,-21.609035485040927,7.33989165350105e10
43,-86.98881758120183,-59.3827045061968,7.369497249427002e10
43,-75.28985814268344,-49.72137737078636,7.35906253764757e10
43,-70.80652931004926,-58.95906469948067,7.363897272421074e10
43,-75.2996562610748,-67.15829241654187,7.370743405414282e10
43,-86.98048008056614,-44.04923203781327,6.097242392606013e10
43,-87.01206925604208,-83.66583670268595,7.383229180387428e10
43,-86.99750139080996,-69.4752047617169,7.37596843212209e10
43,-86.9969443721786,-68.57314226807485,7.375430931468658e10
43,-86.98187499181056,-38.570561648511934,7.354592136921432e10
43,-86.70995884458237,-75.94311063250014,7.379523409141907e10
43,-86.9972202566199,-58.55677890254156,7.369128675989467e10
43,-87.02621026763055,-79.37152105587553,7.38138005330516e10
43,-86.98587486405613,-44.96775491307964,7.359735952092531e10
43,-87.03976311033077,-52.7662680158367,7.365532910617497e10
43,-51.20945756931758,-53.18122527910734,7.353535046129942e10
43,-75.22723317845563,-50.09755031779608,7.359807583335419e10
43,-86.9975451844649,-37.15874472065257,7.353622132825795e10
44,-150.0,-150.0,6.646632300176774e10
44,-2.9094989181579223,0.0,6.295441375608684e10
44,-92.81349180038845,-150.0,6.577080347383497e10
44,0.0,0.0,6.6558478698968185e10
44,-87.00000000000007,-150.0,6.992938518194531e10
44,-88.51578974702707,-72.27038776918904,7.023060015335832e10
44,-63.87279210120943,-68.60906046311123,7.014007991166101e10
44,-86.71116341122277,-68.59622451222855,7.023299177128389e10
44,-41.905856713472566,-32.48145292999543,6.977672349914957e10
44,-88.51588907295987,-117.66181982580618,7.060444067777165e10
44,-95.76996721074524,-41.83248043788096,7.084273465145132e10
44,-86.65931468756762,-41.83177889901494,7.081387160437102e10
44,-85.25325709356642,-41.24478145612836,7.084184433277406e10
44,-72.332583586643,-45.81994621507319,7.081019525917514e10
44,-87.00000000000007,-20.016454281350118,7.120123174157787e10
44,-88.4695733536337,-121.47510886186429,7.075000759149815e10
44,-87.16238239607213,-104.29088534263627,7.16537882654285e10
44,-87.00000000000011,-20.016454281350118,7.110862932035246e10
44,-52.94235538488696,-66.66339172314689,7.129370599864658e10
44,-86.70190035162166,-59.10232349816407,7.149013544050143e10
44,-86.83485865262413,-63.09631553673804,7.151525436973717e10
44,-59.37475352726578,-58.71010917955623,7.139006557492163e10
44,-47.64956308571068,-20.023829246777517,7.106068648719014e10
44,-87.0029338298925,-56.27047355674352,7.147636397546074e10
44,-86.99973940289506,-56.270471947982784,7.147635333586035e10
44,-60.213208931932556,-60.72530135917137,7.14083093535355e10
44,-67.85842993100206,-45.95195156339206,7.128514771636668e10
44,-82.85011496641893,-36.04330355144014,7.132010830902344e10
44,-85.9573728508571,-39.09964304283288,7.135442850934352e10
44,-86.94252079173413,-24.40531519773666,7.125240175007886e10
44,-86.97356797572219,-25.290393367240654,7.12600142850399e10
44,-49.03710679988805,-25.506942307756585,7.11261916738948e10
44,-87.00000000000007,-51.98666316668924,7.144916173378029e10
44,-86.9180151301934,-26.576098534827665,7.126988865715556e10
44,-86.92613030178103,-33.11392783563699,7.132664378596002e10
44,-86.93153823528355,-32.61468319839722,7.132296116734724e10
44,-87.09264176684327,-92.12110229479758,7.165696201646533e10
44,-49.478384206454464,-27.33955263975406,7.114622236671782e10
44,-86.98195370023043,-36.896808846442525,7.135764131855597e10
44,-86.97688181134902,-48.25782160954675,7.143953780288475e10
44,-86.99873796784641,-23.43088873473873,7.124670891923032e10
44,-86.99736743528815,-75.89901428787032,7.161007713693777e10
44,-87.00000000000007,-21.609035485040927,7.123107314700879e10
44,-86.9914881410842,-61.70213783755649,7.152770597193835e10
44,-86.99060934468244,-56.219664330199016,7.149252438865509e10
44,0.0,-59.85112585756689,7.120464419117896e10
44,-86.99768241195639,-71.88374112371739,7.158865425136664e10
44,-86.98002925113973,-46.237396950983964,7.142630908653079e10
44,-87.01206925604211,-83.66583670268595,7.164558872014586e10
44,-86.99689022944165,-60.279128389787395,7.15205737686743e10
44,-86.99407108945357,-58.62930920170383,7.151013624786882e10
44,-86.99362023500015,-39.96026662020536,7.13819775725247e10
44,-87.00993880798487,-76.89029685121609,7.161545128233167e10
44,-86.99998019973441,-65.53072021321239,7.155269861272212e10
44,-87.03069894615348,-80.0559966985402,7.163086102069421e10
44,-86.99855341076969,-47.850138313172195,7.14415329569404e10
44,-87.049378706895,-53.913364946458415,7.148388547092046e10
44,-58.598731632532576,-54.969821581838715,7.138923599014217e10
44,-86.70178054829024,-50.82902538683691,7.146176606946654e10
44,-86.99697239417331,-40.78701020896193,7.13900005761036e10
45,-150.0,-150.0,6.461007828603514e10
45,-2.9094989181579223,0.0,6.0916728638837395e10
45,-92.81349180038845,-150.0,6.361205896754976e10
45,0.0,0.0,6.455496991361471e10
45,-87.00000000000009,-150.0,6.776326329922228e10
45,-88.51578974702707,-68.60906049213624,6.805538459441337e10
45,-53.13241789912241,-68.60905984223513,6.792891557998431e10
45,-86.71116341122277,-68.59622451222853,6.805868375664028e10
45,0.0,0.0,6.7270154221690094e10
45,-88.5158890729599,-117.66181982580615,6.843944527088687e10
45,-95.76996721074524,-41.83248043788096,6.868927354822485e10
45,-52.7996871414146,-41.82917163848647,6.854208248071742e10
45,-85.25325709356642,-41.24478145612836,6.868343789966146e10
45,-9.559782159661735,-56.49965353407464,6.8560913076597755e10
45,-87.00000000000009,-20.016454281350118,6.90539865797608e10
45,-88.4695733536337,-121.47510886186429,6.860131479046868e10
45,-87.16238239607213,-104.29088534263627,6.946940300056572e10
45,-88.51578974702707,-20.016454281350118,6.879014848086551e10
45,-53.121190951364305,-53.9124391959353,6.911217471632263e10
45,-86.70190035162166,-59.10232349816407,6.932096940073355e10
45,-86.86588225619141,-64.02824701240534,6.93486694134401e10
45,-78.84377630998169,-57.28833227460286,6.928415841785306e10
45,-53.10298969948362,-20.750237834487656,6.89392416033726e10
45,-87.00293382989247,-56.27047355674352,6.930862674118954e10
45,-53.10264722370613,-56.253400870518476,6.918724814521873e10
45,-81.87143072922498,-63.63417837634589,6.93332415174463e10
45,-72.15558652735753,-41.63643184083346,6.915889906132002e10
45,-82.54071692209156,-37.23819829690172,6.917307790266527e10
45,-86.82546845903944,-21.53201469406432,6.907943069427979e10
45,-86.9578313506628,-24.781145697383007,6.910529574276819e10
45,-87.00505102356118,-26.08935083999253,6.911551860306451e10
45,-53.09141941367918,-23.271407476301903,6.897398575826077e10
45,-78.72307037942666,-54.75056609656496,6.927205359692885e10
45,-86.79339310072399,-27.2730464631217,6.912321613795964e10
45,-86.92613030178103,-33.11392783563699,6.917179341018091e10
45,-86.95471509315153,-30.475063324512455,6.915238358236331e10
45,-87.09264176684323,-92.12110229479755,6.947321949038991e10
45,-86.98001072732507,-28.6478462964881,6.913875212883926e10
45,-86.98406783774583,-38.349315096783734,6.921053433877144e10
45,-86.97688181134902,-48.25782160954675,6.927620609989563e10
45,-86.99873796784647,-23.43088873473873,6.909735906627603e10
45,-86.99736743528815,-75.89901428787032,6.94318879073796e10
45,-87.0000000000001,-21.609035485040927,6.9082799410298e10
45,-86.99489628468912,-64.83914495742548,6.937349704451897e10
45,-86.99341317667215,-58.62794907232099,6.933797298953761e10
45,-86.99351485221634,-62.5562301821049,6.936202458977742e10
45,-87.01154596093146,-58.02685498698052,6.93365881065962e10
45,-86.99351827881429,-37.578434128571985,6.920593673306642e10
45,-87.01206925604215,-83.66583670268595,6.946396951558449e10
45,-87.00203329608249,-63.08409997184351,6.936591053061345e10
45,-86.99413054594012,-59.01454597457079,6.934259688982141e10
45,-86.9936202350001,-39.960266620205374,6.922321496757257e10
45,-87.01656081386956,-77.88371706946,6.944116107435371e10
45,-86.99974436248431,-52.49731776398342,6.930699763855893e10
45,-87.03706366704029,-80.87988524127053,6.945392487599284e10
45,-86.99970448511583,-49.691108374864434,6.928994596945766e10
45,-87.06164993796479,-55.9870422736846,6.932973524361081e10
45,-53.103065492056345,-58.52852640806235,6.922292417026219e10
45,-86.99701269714417,-42.21452565496132,6.92404901647006e10
45,-86.99988916102936,-42.78885401980632,6.924459967432893e10
46,-150.0,-150.0,6.192412289331265e10
46,-2.9094989181579223,0.0,5.8428511832827e10
46,-92.81349180038845,-150.0,6.0933074535165215e10
46,0.0,0.0,6.207003780690383e10
46,-87.00000000000009,-150.0,6.507144204716276e10
46,-88.51578974702707,-68.60906049213624,6.535891222100745e10
46,-78.66758751868542,-68.60905687877673,6.5324523532369865e10
46,-86.71116341122274,-68.5962245122285,6.5358868144332214e10
46,0.0,0.0,6.4672026915590195e10
46,-88.51588907295995,-117.66181982580609,6.5760796668110466e10
46,-95.76996721074524,-41.83248043788096,6.6014055694717415e10
46,-73.71688347412015,-41.82745293742425,6.594247189484915e10
46,-85.25325709356642,-41.24478145612836,6.599903892614228e10
46,0.0,-58.126085255739284,6.591351238913203e10
46,-87.97350472948139,-20.016454281350118,6.6384616590900764e10
46,-88.4695733536337,-121.47510886186429,6.6028940866484566e10
46,-87.16238239607213,-104.29088534263627,6.6760307455232544e10
46,-88.51578974702707,-20.016454281350118,6.6386354468240036e10
46,-67.90313460488113,-74.88331061271653,6.656555207601964e10
46,-86.70190035162166,-59.10232349816407,6.6626162658254585e10
46,-86.94192002229444,-66.31237842922064,6.666131599256342e10
46,-81.16997691692374,-56.18416370373951,6.659473283436267e10
46,-69.89083091874733,-20.076984318466856,6.6322254036146965e10
46,-87.0029338298924,-56.27047355674352,6.661522857188591e10
46,-84.60397071442767,-56.18840955088292,6.660685578032052e10
46,-86.20085428027606,-65.35239958510407,6.6659450618536644e10
46,-85.50096738269447,-55.14245396079723,6.6604540537329216e10
46,-81.5002175372462,-40.44199564195366,6.651025005775303e10
46,-86.82546845903944,-21.53201469406432,6.640567138565523e10
46,-86.98871602537496,-25.539276264824036,6.643466888476563e10
46,-87.02923657783909,-26.703116998269458,6.644313651235485e10
46,-86.94496682076276,-22.470675254509462,6.641353688325027e10
46,-81.25099315804023,-60.57673592743055,6.661908544842112e10
46,-76.976609710646,-26.063230011348697,6.6405720898482056e10
46,-86.926130301781,-33.11392783563699,6.649128870161467e10
46,-86.96638167777392,-32.10804875547547,6.648448892769174e10
46,-87.09264176684314,-92.12110229479751,6.676465356782345e10
46,-87.0000000000001,-23.57288268997331,6.642346014242529e10
46,-86.99221974600519,-39.705022668406166,6.653537533801727e10
46,-86.97688181134902,-48.25782160954675,6.658720633196636e10
46,-86.99787749137806,-23.33407467435151,6.6421615229360054e10
46,-86.99736743528815,-75.89901428787032,6.67284201050643e10
46,-87.0000000000001,-21.609035485040927,6.640891338183525e10
46,-86.99133022333349,-48.878898490554015,6.659089347263683e10
46,-86.99081780706453,-48.08986514601836,6.65866808054706e10
46,-86.99313621369359,-62.81484284443993,6.666562544739862e10
46,-87.0444565849714,-48.97019308357492,6.659285961574574e10
46,-86.99985015239041,-38.85485738229451,6.653097500080058e10
46,-87.05582030919473,-83.66583670268592,6.675749597187756e10
46,-86.98710479127946,-68.93140473360886,6.669684439343153e10
46,-73.40483530380871,-48.116354212703826,6.654076020491316e10
46,-87.00002162415741,-42.86066657276887,6.65569317174632e10
46,-87.03118434040779,-79.39587156971884,6.674254740405758e10
46,-86.99969378836175,-54.255098321294334,6.662521422305307e10
46,-87.04556403295555,-82.35618319543659,6.675346492901252e10
46,-86.99972017368846,-42.99725645343394,6.655974013288071e10
46,-87.08355692212389,-59.482815746346944,6.665486363233532e10
46,-76.60090101745241,-60.166784845799235,6.662180026099598e10
46,-86.99971480220862,-43.1208092384469,6.6560560259517456e10
46,-86.99994520493603,-42.682154128100436,6.655793739328116e10
47,-150.0,-150.0,5.923863213670433e10
47,-2.9094989181579223,0.0,5.585226402443115e10
47,-92.81349180038845,-150.0,5.820969455546758e10
47,0.0,0.0,5.955019824908164e10
47,-87.00000000000009,-150.0,6.233545439517688e10
47,-88.51578974702707,-68.60906049213624,6.262020165617429e10
47,-74.6177091791675,-68.60904497214702,6.257115931447781e10
47,-86.71116341122269,-68.59622451222847,6.261690937532956e10
47,0.0,0.0,6.2045875576146904e10
47,-88.86959652331717,-118.1319937429508,6.3039970788340614e10
47,-95.76996721074524,-41.83248043788096,6.329851154621496e10
47,-74.34630520862271,-41.82283261058501,6.322739786164454e10
47,-85.25325709356639,-41.24478145612837,6.3274560837911674e10
47,0.0,-58.126085255739284,6.325642785777437e10
47,-88.51578974702707,-20.016454281350118,6.3674901612348724e10
47,-88.4695733536337,-121.47510886186429,6.3324230343972664e10
47,-87.16238239607213,-104.29088534263627,6.4006852336442764e10
47,-88.51578974702707,-20.016454281350118,6.367490161234872e10
47,-74.78630869617655,-71.39469717860206,6.3805573070265724e10
47,-86.70190035162166,-59.10232349816407,6.388990296885533e10
47,-86.98291916670429,-67.54396950045633,6.392513899617452e10
47,-87.01722723247232,-56.18416370373947,6.3880177076883606e10
47,-74.14609932024226,-20.236789664149537,6.362147264495875e10
47,-86.32692141584322,-60.35253391704119,6.38974760103447e10
47,-74.7942307951313,-56.20647129332088,6.383669621775999e10
47,-86.2693710905945,-65.41369875121907,6.392007643300738e10
47,-79.07654187995624,-50.728707438399255,6.382576147301626e10
47,-87.00000000000007,-40.45427329867459,6.3803647083785866e10
47,-86.82546845903944,-21.53201469406432,6.3692823155509094e10
47,-87.02680712418655,-26.474303964667957,6.3724982699629196e10
47,-87.02923657783906,-26.703116998269433,6.372690185650022e10
47,-86.94839084395907,-22.49757098333857,6.370020723738992e10
47,-72.92688012866489,-45.652019499011686,6.377982631585638e10
47,0.0,-23.856740865908204,6.339836923632363e10
47,-86.92613030178097,-33.11392783563699,6.377102283225178e10
47,-86.96783132334063,-32.88243123487984,6.376975885942085e10
47,-87.12771686676075,-93.25895995796522,6.401519126874143e10
47,-87.0000000000001,-23.57288268997331,6.370920529984563e10
47,-86.99221974600512,-39.705022668406144,6.381091945062406e10
47,-86.97688181134902,-48.25782160954674,6.3857470095629364e10
47,-86.98878102585508,-22.310611750258076,6.36998964495917e10
47,-86.99736743528815,-75.89901428787032,6.398218917589405e10
47,-87.0000000000001,-21.609035485040927,6.369592025014316e10
47,-86.99125257726726,-49.67968231804955,6.386476071709713e10
47,-86.98964392751712,-43.79735878153404,6.3834818277983536e10
47,-86.99357603014805,-65.88181460778316,6.394016760019444e10
47,-87.05724620504402,-50.17718775405116,6.38686977560427e10
47,-87.00167979976464,-39.196138876432485,6.380904082571354e10
47,-87.0558203091947,-83.66583670268588,6.4007359054088036e10
47,-86.97654539517116,-71.87507398658227,6.3966594642459564e10
47,-74.79492403635282,-48.83941709399777,6.3818288521357605e10
47,-86.99963471651562,-43.71572303524737,6.383519085684122e10
47,-87.0028588243342,-74.48642526162068,6.3977775990402985e10
47,-86.99969378836175,-54.25509832129433,6.389175958212895e10
47,-86.99943079681911,-80.6746623548907,6.399818379559367e10
47,-86.99972017368846,-42.99725645343394,6.383324231124854e10
47,-87.10312410715748,-61.07787787445452,6.3925640315109215e10
47,-74.7949270991265,-62.68300282045592,6.388872425873184e10
47,-86.99971354886333,-43.14963822161657,6.383414815626402e10
47,-86.99994520493603,-42.68215412810047,6.383163411964491e10
48,-150.0,-150.0,5.767453803104241e10
48,-2.9094989181579223,0.0,5.391683703079626e10
48,-92.81349180038845,-150.0,5.614117117664207e10
48,0.0,0.0,5.763495587124696e10
48,-87.00000000000007,-150.0,6.0262838714390205e10
48,-88.51578974702707,-68.60906049213624,6.055056974442144e10
48,-59.71483622230628,-68.60876560263179,6.0449569155172165e10
48,-86.51163208222718,-68.59480528206481,6.054608974927459e10
48,0.0,0.0,6.0100491030312225e10
48,-89.30583571209115,-118.71187490742935,6.0962662948092926e10
48,-95.76996721074524,-41.83248043788096,6.124886641757589e10
48,-59.43166182752955,-41.80741281648987,6.112887916535236e10
48,-85.25325709356633,-41.24478145612839,6.122284102004682e10
48,0.0,-58.126085255739284,6.1274045077785934e10
48,-88.51578974702707,-20.016454281350118,6.163528547492125e10
48,-88.4695733536337,-121.47510886186429,6.1249640468209145e10
48,-87.16238239607213,-104.2908853426363,6.1918714882183105e10
48,-88.51578974702707,-20.016454281350118,4.958162064482057e10
48,-50.82929813062337,-68.9577870348639,6.132188909472138e10
48,-86.70190035162167,-59.10232349816407,6.1825329103751236e10
48,-87.03023281358678,-68.96524464867713,6.185996897152731e10
48,-87.01722723247227,-56.18416370373944,6.181720236352717e10
48,-59.8995090235466,-39.25490981706496,6.1279659665727806e10
48,-85.32595770643539,-66.39679315748367,6.185265838489193e10
48,0.0,-54.99556787559163,6.150102394495359e10
48,-86.2140665651854,-67.71343256880279,6.185949299418025e10
48,-76.88540405189158,-41.80817629262638,6.1721582883731255e10
48,-87.12707520116476,-40.4405142533129,6.175091733887709e10
48,-86.82546845903944,-21.53201469406432,6.1651869431504776e10
48,-87.14853219186082,-29.462306768255566,6.1697022484389404e10
48,-86.91812646443805,-24.133249775974743,6.166813971080258e10
48,-86.97707273377367,-22.7228674508359,6.165995974259529e10
48,-83.99491091802182,-49.387928424704164,6.178117844156254e10
48,-86.88765633050572,-23.85674086590821,6.166814298133949e10
48,-86.94954924081806,-38.748737295471905,6.1753359136219505e10
48,-87.00000000000009,-31.228114013141205,6.171138977240919e10
48,-87.12771686676076,-93.25895995796525,6.1930406601647385e10
48,-87.00000000000007,-23.572882689973305,6.166680175519769e10
48,-87.00880234312557,-40.07665396271656,6.1760027424645744e10
48,-86.97688181134905,-48.25782160954669,6.179947914549724e10
48,-86.9887810258551,-22.310611750258087,6.165830863404835e10
48,-86.99736743528814,-75.8990142878703,6.190696875425709e10
48,-87.0000000000001,-21.609035485040927,6.165477969438954e10
48,-87.00000000000007,-50.545162749312176,6.180936475922444e10
48,-86.99899935441358,-44.97537046161522,6.178508400811933e10
48,-86.98734729313207,-49.42498656192579,6.180492167347741e10
48,-87.0708371368578,-51.39094512228623,6.181451726297098e10
48,-87.0019861345966,-40.64921894540985,6.176420922711077e10
48,-87.06945931310624,-85.47809526614284,6.193111859777305e10
48,-86.91953527794583,-60.85764692395275,6.185241743597295e10
48,0.0,-52.86003801129142,6.1509191662102394e10
48,-86.99876382093011,-44.851465290742745,6.1785339456749016e10
48,-87.01172572255156,-72.20553002477278,6.18966508196545e10
48,-86.9996937883617,-54.25509832129432,6.182998771728623e10
48,-86.25616327711813,-81.12107929440589,6.1918494992023964e10
48,-86.99972017368847,-42.99725645343394,6.177853493217774e10
48,-87.1271863988275,-62.66985977019184,6.186563727864043e10
48,-59.90005014558914,-66.13992734398937,6.178129337222071e10
48,-86.99971036894729,-43.22278147034422,6.177970044093018e10
48,-87.00000000000007,-40.365179804198625,6.1764786030814896e10
49,-150.0,-150.0,5.631037817188094e10
49,-2.9094989181579223,0.0,5.2153005328595856e10
49,-92.81349180038845,-150.0,5.4121321767202385e10
49,0.0,0.0,5.5728518592836494e10
49,-87.00000000000007,-150.0,5.824064425725055e10
49,-88.51578974702707,-68.60906049213624,5.851851410057721e10
49,-73.32926641641595,-68.60796878362444,5.847013100245924e10
49,-84.41862672034343,-68.57991811443412,5.850845646008462e10
49,0.0,0.0,5.818434216630142e10
49,-89.30583571209115,-118.71187490742935,5.892753845058575e10
49,-95.76996721074524,-41.83248043788096,5.923351196943818e10
49,-73.14479098079441,-41.78330662817633,5.916556170518765e10
49,-83.69763548354464,-41.15784958998248,5.920198671203135e10
49,0.0,-58.126085255739284,5.932682033758692e10
49,-88.51578974702707,-20.016454281350118,5.962916571021369e10
49,-88.4695733536337,-121.4751088618643,5.94449537042248e10
49,-87.16238239607213,-102.03808898195555,5.987487919715025e10
49,-88.51578974702707,-20.016454281350118,5.96291657102137e10
49,-69.96611678828255,-76.62598481857333,5.975371231494449e10
49,-87.0000000000001,-59.10232349816407,5.9798620634882484e10
49,-87.03728713675697,-71.26659291713018,5.9832333829616714e10
49,-87.09105822878158,-43.677764584776746,5.9745142078422806e10
49,-73.25432665425873,-43.677764584776746,5.970089753345142e10
49,-84.91410091788795,-71.69789982444857,5.9835349938083786e10
49,0.0,-40.8066741717992,5.942612116379826e10
49,-86.0820004207094,-72.38775059041983,5.983924286007087e10
49,-73.40734666578591,-30.50320592706062,5.9637358996507454e10
49,-87.27558821964408,-27.091979202007277,5.96700288244283e10
49,-86.82546845903944,-21.53201469406432,5.964441895901813e10
49,-87.22391372951917,-31.312708252233506,5.9692820662715324e10
49,-86.92246863625888,-24.255149763173296,5.9659706778015045e10
49,-87.06543796303828,-22.320261221527772,5.964948772966576e10
49,-73.45003945869851,-41.406097730812284,5.969981300900837e10
49,-86.88765633050564,-23.856740865908233,5.965931732815757e10
49,-86.96430958479743,-42.3002101334863,5.97512557435555e10
49,-87.00000000000009,-23.67895756745135,5.965861255726303e10
49,-87.17744235058072,-94.25141923086598,5.9889767354067085e10
49,-87.0000000000001,-23.118276072210175,5.965523925445028e10
49,-87.05428111594073,-28.588280413739525,5.968429934301078e10
49,-86.97688181134907,-48.25782160954667,5.977744326317975e10
49,-86.98113172530164,-21.759931530745273,5.964664120574855e10
49,-86.99860277258993,-77.56585130896741,5.987467024653265e10
49,-87.0000000000001,-21.609035485040927,5.9647152279528694e10
49,-87.00000000000007,-43.714146286560485,5.975809603505967e10
49,-87.07605510050558,-47.30520530900582,5.977366101373992e10
49,-87.01444772891821,-60.756293359368385,5.9820732303533226e10
49,-87.08736580212457,-53.1821981839556,5.9796593173952034e10
49,-86.99963312565224,-28.29711423535218,5.968610079229222e10
49,-87.08853357156443,-87.60803535528201,5.989337267229586e10
49,-85.43189671970073,-59.18485946058458,5.981292983623686e10
49,0.0,-40.03941850708117,5.94361212824207e10
49,-86.99851136189132,-48.886561028395036,5.978029050956798e10
49,-86.99993376023983,-76.93068326466751,5.987370917519397e10
49,-86.99969571384902,-59.79806020630722,5.982425504933815e10
49,-73.4499238690908,-84.48406005168539,5.9845694348072235e10
49,-86.99974048489688,-46.42728963765304,5.977284693164723e10
49,-87.20460420680939,-68.4872766343207,5.985332795761381e10
49,-73.4500219294415,-70.46273081932478,5.981520723988184e10
49,-86.99972839238278,-46.70543715850902,5.9774082827576706e10
49,-86.99981327707135,-39.91629073481552,5.974280932057535e10
50,-150.0,-150.0,5.442932007100978e10
50,-2.9094989181579223,0.0,4.993702372539901e10
50,-92.81349180038845,-150.0,5.182023798478163e10
50,0.0,0.0,5.354526678611165e10
50,-87.00000000000007,-150.0,5.5933355984990715e10
50,-88.51578974702707,-68.60906049213624,5.619434812986478e10
50,-53.158962902795665,-68.6041856971404,5.607275287324759e10
50,-70.10747749247142,-68.47812550490553,5.613530271374794e10
50,0.0,0.0,5.595385575345892e10
50,-89.30583571209115,-118.71187490742935,5.661449579706113e10
50,-95.76996721074524,-41.83248043788096,5.692461261316949e10
50,-49.343039496304705,-41.68957608666558,5.677227703509713e10
50,-69.54464469873562,-40.36694652426051,5.684236608239256e10
50,0.0,-58.126085255739284,5.707160403691375e10
50,-88.51578974702707,-20.016454281350118,5.7324271059666336e10
50,-88.4695733536337,-121.47510886186438,5.713333213248841e10
50,-87.16238239607213,-102.03808898195553,5.754204432107296e10
50,-88.51578974702707,-20.016454281350118,5.7018899556861916e10
50,-49.289595419648926,-63.33466607074785,5.72275317359372e10
50,-87.0000000000001,-59.10232349816407,5.747666626308696e10
50,-87.04598746866688,-74.10492244822228,5.750824364691947e10
50,-86.75862087452431,-49.198736988909644,5.74456720945585e10
50,-45.83402817555841,-20.016454281350118,5.716594712632443e10
50,-84.4837129280061,-76.94770448607433,5.751644284717857e10
50,-87.55232053281375,-45.657725479570665,5.7437277177733284e10
50,-87.42342172200509,-53.76263645822879,5.7467148042734e10
50,-69.8331888836142,-29.976059497572013,5.731250826827235e10
50,-86.98620786325472,-28.742935016827275,5.736782844919076e10
50,-86.82546845903944,-21.53201469406432,5.7338425825576035e10
50,-87.0000000000001,-21.532014688139974,5.733883689197831e10
50,-86.89020402188677,-28.249081203790823,5.737000375474912e10
50,-87.1614136421609,-23.476356137163208,5.734851214262208e10
50,-87.05649179777897,-46.04338377272014,5.7441078246156334e10
50,-86.90216683384776,-24.3991769726718,5.735462596241663e10
50,-86.95813566711567,-46.79700813403261,5.744981566544173e10
50,-87.0000000000001,-24.179910905957325,5.7353764391299576e10
50,-87.80597921584807,-98.28895267131732,5.756081441076117e10
50,-87.0000000000001,-23.48840372849321,5.7350112385522575e10
50,-87.13389341932024,-36.28957392680153,5.740720025708459e10
50,-86.9943153060994,-53.824838691484146,5.747548600339504e10
50,-87.0000000000001,-21.673115543570166,5.733997515637309e10
50,-86.99948241057089,-83.10542091971351,5.7552788205103325e10
50,-87.0000000000001,-21.609035485040927,5.734102693233697e10
50,-86.99563940018886,-49.50352640300973,5.746020449201303e10
50,-87.40850232427294,-50.30964858970756,5.746367853050494e10
50,-87.08601874436174,-31.649969865273416,5.738761519715026e10
50,-87.10170179174962,-59.42405831506599,5.749326952507864e10
50,-86.99909504327546,-29.857665943758153,5.738299862138485e10
50,-87.11600251841425,-90.15744810711348,5.7562498013669395e10
50,-79.74844356310702,-67.61818783419628,5.74973677635572e10
50,-86.99679336609799,-44.339841212223874,5.744256338710897e10
50,-86.99862827731174,-27.770759690463496,5.737287502154786e10
50,-86.9996498755531,-50.46752188589892,5.746729877252935e10
50,-86.99984691374381,-67.75295112166194,5.752119292747026e10
50,-55.32710791974066,-85.51150683423104,5.744847687279333e10
50,-86.99978103639936,-50.78047995866396,5.746848239722932e10
50,-87.29264032137574,-75.1535459950656,5.7540764985963356e10
50,-73.30909856180737,-73.94626129301179,5.7492494176066864e10
50,-86.99978884343102,-51.12352856771969,5.746975644077622e10
50,-86.99901303594818,-22.309648227941754,5.734503659946146e10
51,-150.0,-150.0,5.306885183015818e10
51,-2.9094989181579223,0.0,4.849412707816821e10
51,-92.81349180038845,-150.0,5.018564756816884e10
51,0.0,0.0,5.202809912735645e10
51,-87.00000000000007,-150.0,5.429403318465819e10
51,-88.51578974702707,-68.60906049213624,5.4542825304619354e10
51,-72.56010424029353,-68.59787403195934,5.448751353815621e10
51,-71.54065090619973,-68.32348771746811,5.448620036091957e10
51,0.0,0.0,5.4385688087169754e10
51,-89.30583571209115,-118.71187490742935,5.496872821723774e10
51,-95.76996721074524,-41.83248043788096,5.5288117636961945e10
51,-71.72678510455057,-41.611501645684235,5.5211959766082535e10
51,-74.38450793142171,-39.751683979014985,5.522222997420027e10
51,0.0,-58.126085255739284,5.54833004860365e10
51,-88.51578974702707,-20.016454281350118,5.569471778171202e10
51,-88.4695733536337,-121.47510886186443,5.5679112134932526e10
51,-87.16238239607213,-102.03808898195544,5.588242468375903e10
51,-88.51578974702689,-20.016454281350118,5.5602161275439705e10
51,-71.78438663070595,-64.88520849406592,5.5709844523346e10
51,-87.0000000000001,-59.10232349816407,5.582794709384724e10
51,-86.9999375964431,-64.2071272751759,5.58395417226616e10
51,-86.48243020770762,-53.78558930934378,5.581394316160718e10
51,-72.81125449788767,-20.016454281350118,5.559017714525013e10
51,-83.98284090992294,-81.99774908139011,5.586682184807915e10
51,-87.32751104949732,-51.640688759155424,5.581225928499724e10
51,-87.17863641257603,-62.66547046155571,5.5845341246257835e10
51,-71.57656486296374,-32.05238911610471,5.56903665241273e10
51,-86.98620786325472,-28.74293501682725,5.573332655797304e10
51,-86.82546845903944,-21.53201469406432,5.570764197408834e10
51,-87.0000000000001,-21.532014688139974,5.570800933438031e10
51,-86.90066059568588,-30.58522698776191,5.574365081353579e10
51,-87.38590372890732,-26.180497960077066,5.5727505103253494e10
51,-87.14073214265743,-54.80831831635274,5.582312003911959e10
51,-86.91499250347212,-24.878630106283627,5.5724287575799706e10
51,-86.9682024052992,-51.91129634050739,5.582069364416325e10
51,-87.00000000000009,-24.797753356781392,5.572408761961693e10
51,-87.93336973942333,-105.52278722972036,5.590659977698106e10
51,-87.0000000000001,-23.94489450457563,5.5720185047285965e10
51,-87.23014565464287,-44.70920405591168,5.579716914462368e10
51,-86.99714783896256,-59.592555899919475,5.5843897935771835e10
51,-87.0000000000001,-21.53201268691735,5.5708336508474075e10
51,-87.00004174247167,-88.73878656015626,5.590166782705685e10
51,-87.0000000000001,-21.609035485040927,5.57101540510442e10
51,-86.99455337257751,-24.3361373722789,5.572268989008643e10
51,-87.75792083560651,-54.75892386070161,5.583059352683808e10
51,-87.0000000000001,-23.855874194921157,5.572095129473302e10
51,-87.18181833448712,-69.31369250724333,5.586607161305585e10
51,-86.9988838867064,-31.782346384125486,5.575481502404665e10
51,-87.00050203429696,-85.22330804101274,5.58973335460407e10
51,-86.9999954301299,-73.41914560251628,5.5879663337706154e10
51,-86.99627374426096,-47.49600155158436,5.580891829489754e10
51,-86.9959540893105,-21.79007624134225,5.571109439013954e10
51,-86.99971113982886,-54.827396169646065,5.5833741276575165e10
51,-86.99919841749411,-46.24929553844836,5.580632508980746e10
51,-73.1518747229755,-88.73878391520846,5.5852786916379196e10
51,-87.00000000000007,-55.25626463973148,5.583507086694025e10
51,-87.38886983097045,-80.29002627963865,5.589350672799057e10
51,-73.15190727234615,-80.67824604592722,5.584378271549802e10
51,-87.00000000000007,-55.63647107722498,5.583623923960324e10
51,-86.99885260935228,-23.044213489944173,5.57171883401685e10
52,-150.0,-150.0,5.150499433791229e10
52,-2.9094989181579223,0.0,4.672839167457353e10
52,-92.81349180038842,-150.0,4.8323948723787384e10
52,-87.00000000000007,0.0,5.05545729823862e10
52,-87.00000000000007,-150.0,5.2426674250175514e10
52,-88.51578974702707,-68.60906049213624,5.266966737172946e10
52,-84.5328937156957,-68.58792082016383,5.265706622788751e10
52,-84.64508745191819,-68.32348771746805,5.2659550195471504e10
52,0.0,0.0,5.2609923899093475e10
52,-89.30583571209115,-118.71187490742935,5.309915767755711e10
52,-95.76996721074524,-41.83248043788096,5.342943586240719e10
52,-84.32497549643521,-41.591043238618056,5.339625836511146e10
52,-87.02149030506095,-39.751683979014985,5.341143469860838e10
52,-82.22906686403277,-58.126085255739284,5.391076767342809e10
52,-88.51578974702707,-20.016454281350118,5.3840591849500114e10
52,-88.4695733536337,-117.55710032283817,5.3831829828418816e10
52,-87.16238239607213,-102.03808898195541,5.40005022138973e10
52,-88.18805142334556,-20.016454281350118,5.382899125973533e10
52,-84.94569484547593,-64.88520849406589,5.393968813351601e10
52,-87.0000000000001,-59.10232349816407,5.3956998250808716e10
52,-86.99984137996412,-72.07793254382018,5.398126713615837e10
52,-86.48243020770761,-53.78558930934381,5.3945382207724976e10
52,0.0,-20.016454281350118,5.352398720647634e10
52,-83.98284090992298,-81.99774908139011,5.398919001890655e10
52,-87.32751104949726,-51.640688759155395,5.394439932195966e10
52,-87.13756754721844,-65.70678955187303,5.3979322668058395e10
52,-84.68938133192715,-32.052389116104735,5.387810030983487e10
52,-86.98620786325468,-28.74293501682723,5.3874755826980415e10
52,-86.82546845903944,-21.53201469406432,5.385232535107887e10
52,-87.0000000000001,-21.532014688139974,5.385260533330962e10
52,-86.91768717594205,-32.63524514883328,5.389057691025242e10
52,-87.93117543991953,-32.748681259259456,5.389296115938354e10
52,-86.91008162018036,-26.185571183331295,5.387159911528053e10
52,-86.91499250347215,-24.878630106283627,5.386738968965036e10
52,-86.98120873307232,-58.06171879834362,5.396871536443195e10
52,-87.00000000000007,-24.8754687278031,5.38674915405255e10
52,-87.93336973942337,-105.52278722972034,5.402482367916173e10
52,-87.0000000000001,-23.95313673760744,5.3863635968538414e10
52,-87.56945257444295,-40.73524746404169,5.391898377813211e10
52,-87.00086696367032,-59.94975122362045,5.397349409834724e10
52,-87.0000000000001,-21.53201268691735,5.385293246417201e10
52,-87.0000320957645,-89.07532589438,5.402098532272485e10
52,-87.0000000000001,-21.609035485040927,5.3854709088253395e10
52,-86.9888400649744,-24.336137372278905,5.386599372145936e10
52,-87.80189676321137,-58.03111501992222,5.396977444064035e10
52,-87.0000000000001,-24.462210235061924,5.3866859768191055e10
52,-87.05979416206624,-61.484187134467874,5.397672694464651e10
52,-86.99862346027122,-33.4903781522403,5.390061167333724e10
52,-86.99980779154635,-84.51596244396531,5.401596601506317e10
52,-86.99999436382691,-76.3653193317126,5.4008252069590416e10
52,-86.99866557755901,-39.535308344838946,5.391999004710032e10
52,-86.99501004348288,-21.83231908447924,5.385573888634573e10
52,-86.99999957079986,-59.04590315579974,5.397458322449591e10
52,-86.99862346027122,-33.21510891614411,5.3899731544064026e10
52,-84.37579400459134,-92.9003269787738,5.401192540049447e10
52,-87.00000000000009,-58.80307239461302,5.397400686764484e10
52,-87.69508742394991,-83.57830044716133,5.401882523943067e10
52,0.0,-88.69771830316733,5.371123056358456e10
52,-87.00000000000007,-59.98374570161707,5.397688372875925e10
52,-87.00000000000007,-22.281799600917175,5.385770043854846e10
53,-150.0,-150.0,4.876875134270879e10
53,-2.9094989181579223,0.0,4.407514633842438e10
53,-92.81349180038832,-150.0,4.556948928882266e10
53,-87.00000000000007,0.0,4.790920900888261e10
53,-82.65802009297302,-150.0,4.9659175215183334e10
53,-88.51578974702707,-68.60906049213624,4.9890924488914444e10
53,-75.24344890383699,-68.53763013236352,4.984799884025665e10
53,-82.80714106719095,-68.18788766126094,4.987293378732051e10
53,0.0,0.0,4.992649755005486e10
53,-89.30583571209117,-118.71187490742935,5.034138520677946e10
53,-95.76996721074524,-41.83248043788096,5.066702048817135e10
53,-76.01652393158875,-41.410604077673725,5.0604908152022644e10
53,-87.03786387082162,-39.751683979014985,5.063787172789726e10
53,-82.22906686403277,-58.126085255739284,5.113535052129103e10
53,-88.51578974702707,-20.016454281350118,5.107608994871535e10
53,-88.46957335363368,-117.55710032283808,5.105705607073164e10
53,-87.16238239607218,-102.03808898195534,5.121166828293876e10
53,-87.00000000000007,-20.016454281350118,5.102419944762078e10
53,-76.2305790725886,-71.24954341006026,5.112837244415329e10
53,-87.0000000000001,-59.10232349816407,5.1177984431141014e10
53,-86.99971039570343,-82.7928497803303,5.1205210121333145e10
53,-84.60623971064733,-34.51242787487038,5.110785691608408e10
53,-76.38279978062391,-20.016454281350118,5.103845732351943e10
53,-83.1505211609362,-88.31372855262481,5.120495589709391e10
53,-86.99971002948904,-60.36461551165341,5.118247251940001e10
53,-86.99991923151526,-77.41168076854005,5.121470878937091e10
53,-86.98085210470047,-35.37264700155426,5.1124428657177986e10
53,-86.99323729635702,-20.041438036872975,5.107669048877774e10
53,-86.82546845903944,-21.53201469406432,5.108671605009624e10
53,-87.00000000000007,-21.532014688139967,5.1086881707025894e10
53,-86.94312682198418,-35.69820527428676,5.112644838509564e10
53,-88.18805142334556,-35.84293410646481,5.1129770393682785e10
53,-86.90907534628694,-25.801837049534928,5.110309233360926e10
53,-86.97248891156063,-25.80183147406827,5.11031594060172e10
53,-87.00110759839235,-66.96099652215288,5.120249388931907e10
53,-87.00000000000007,-25.797800876675694,5.110316432336057e10
53,-88.19087332781186,-113.27757521901138,5.123592955582964e10
53,-87.0000000000001,-21.53201505508037,5.1087208696266045e10
53,-87.72654293980656,-44.85592238469439,5.115318970725984e10
53,-86.99999466280269,-34.53398701644029,5.113072403005583e10
53,-87.0000000000001,-21.53201268691735,5.108720871198071e10
53,-86.99973540538443,-95.17583054878745,5.1234634206351814e10
53,-87.0000000000001,-21.609035485040927,5.108895138088573e10
53,-86.97248891156063,-25.08844134117212,5.11011461368744e10
53,-88.0241822615048,-64.88090870719249,5.120033636743576e10
53,-87.0000000000001,-25.249292924722894,5.110214125892502e10
53,-87.0000000000001,-36.68940259142757,5.11376733449943e10
53,-86.99363350375394,-21.89391456018635,5.109008532705285e10
53,-86.99999616223478,-53.02779229417387,5.1178326928022415e10
53,-86.99999386771432,-82.80325782482673,5.1227559146149345e10
53,-86.9999973468973,-48.067957264611614,5.116644616435621e10
53,-86.99363350375394,-21.89391456018635,5.109008532705284e10
53,-86.99999945239979,-66.50665456974734,5.120575996316354e10
53,-87.00000000000009,-36.33819701433936,5.113677263467621e10
53,-79.00137294151993,-102.75418977108377,5.12094094966556e10
53,-87.00000000000007,-66.5066549327506,5.120575997295273e10
53,-87.95308919236724,-88.69744909031775,5.123395783170054e10
53,-86.99999448882066,-95.0303989208354,5.123827974187821e10
53,-87.57354241773379,-68.11873696860116,5.12084668594714e10
53,-87.0000000000001,-24.269740147072593,5.1098696097247856e10
54,-150.0,-150.0,4.732317998067687e10
54,-2.9094989181579223,0.0,4.207735004959077e10
54,-92.8134918003883,-150.0,4.3472827619242836e10
54,-113.86685656918921,0.0,4.593770511248722e10
54,-20.750543569367018,-150.0,4.756269977073632e10
54,-88.51578974702709,-68.60906049213624,4.777751424397049e10
54,-82.93657326485554,-68.52945343465737,4.776512023437341e10
54,-18.97963071865588,0.0,4.72642519842589e10
54,0.0,0.0,4.792927611578728e10
54,-89.30583571209118,-118.71187490742933,4.822492811615695e10
54,-95.76996721074524,-41.83248043788096,4.85694999168975e10
54,-78.23546050754832,-41.03847898345581,4.851763376829142e10
54,-87.0378638708216,-39.751683979014985,4.855319902963522e10
54,-82.22906686403277,-58.126085255739284,4.9030070113730354e10
54,-88.5157897470271,-20.016454281350118,4.898606503747143e10
54,-88.51578974702709,-117.99723882388557,4.895684930308868e10
54,-87.00000000000007,-111.8790799910812,4.909739226204595e10
54,-75.27027027027033,-20.016454281350118,4.894398259773932e10
54,-85.03742222295564,-24.409510151009982,4.898103666136153e10
54,-87.0000000000001,-59.10232349816408,4.9068381501654305e10
54,-86.99961782895174,-90.3650960837691,4.910064102507491e10
54,-83.51824804174608,-35.62811179699961,4.901087030125367e10
54,-87.0000000000001,-20.016454281350118,4.898602262961535e10
54,-82.99571621013803,-89.48845123879998,4.908647321863145e10
54,-86.99971002948904,-60.364615511653426,4.907226207519073e10
54,-87.0000000000001,-83.9931927000293,4.910289711499379e10
54,-86.97556992668676,-39.60883809678298,4.9034966838837776e10
54,-86.99137172293818,-20.04833010736203,4.8986105020809784e10
54,-86.82546845903944,-21.53201469406432,4.899548306701796e10
54,-88.5157897470271,-21.5320146366874,4.8995785733773094e10
54,-87.00012194540285,-34.96619116632969,4.902733103883349e10
54,-88.51578974702711,-39.790773946002695,4.903962418925068e10
54,-86.93213931518281,-26.979719078630243,4.901294284260159e10
54,-88.51578974702709,-26.438526438214737,4.901134034268875e10
54,-86.99923981283429,-66.9945006796963,4.908917334082547e10
54,-88.51578974702709,-26.85946368928332,4.90127476787952e10
54,-88.51578974702709,-106.36666553367877,4.911202314910376e10
54,-87.00000000000009,-21.53201505508037,4.8995841300713936e10
54,-89.20465837444769,-52.84360880052527,4.9065475122233696e10
54,-87.0000000000001,-36.61934401030997,4.903731697333656e10
54,-87.0000000000001,-21.53201268691735,4.8995841317639984e10
54,-86.99979685310115,-98.66998794487846,4.91127822836809e10
54,-87.0000000000001,-21.609035485040927,4.899754460220207e10
54,-86.99187722892742,-21.972501891260933,4.899876452546587e10
54,-88.5157897470271,-73.58590605240128,4.909939046361234e10
54,-87.0000000000001,-26.15323527878135,4.901123137916287e10
54,-87.0000000000001,-39.147841631045026,4.9043961538110275e10
54,-87.0000000000001,-21.609035485040927,4.8997544602202065e10
54,-86.99999510354097,-56.85674420124388,4.907708732104354e10
54,-86.99999217604925,-83.21019440661998,4.910760169811177e10
54,-87.0000000000001,-36.02460021467398,4.9036810680055084e10
54,-87.0000000000001,-21.60903548504093,4.8997544602202065e10
54,-86.99999864925276,-69.16869880933454,4.909539978415929e10
54,-86.89554530190011,-39.09460036677143,4.9043671480170425e10
54,-86.99997812763995,-114.62799816931641,4.9116121550990845e10
54,-88.5157897470271,-69.68843092143334,4.909583863980757e10
54,-88.51578974702711,-92.01433905058326,4.911350047989946e10
54,-86.99999602996039,-102.90691747565972,4.911665475154191e10
54,-88.51579067543922,-73.42919876660369,4.910038620327824e10
54,-88.51578974712226,-24.033941577182272,4.900523587643867e10
55,-150.0,-150.0,4.491179578776755e10
55,-2.9094989181579223,0.0,3.939105311566278e10
55,-92.48327503359884,-150.0,4.0680392786842865e10
55,-150.0,0.0,4.335596804169194e10
55,-2.9094989181579223,-150.0,4.481649551270298e10
55,-87.00000000000007,-68.60906049213624,4.496759472815185e10
55,-86.7948407373891,-68.44726986846953,4.497060946148375e10
55,-18.97963071865588,0.0,4.491441012346507e10
55,0.0,0.0,4.522842235992265e10
55,-88.00798967956462,-118.28496092161897,4.541970498675926e10
55,-95.76996721074524,-41.83248043788096,4.577849617311579e10
55,-81.42471961981447,-40.67314839704093,4.573829979611943e10
55,-87.03786387082154,-39.75168397901498,4.5757163387448944e10
55,-82.22906686403277,-58.126085255739284,4.6227466004727e10
55,-87.00000000000007,-20.016454281350118,4.619833235353568e10
55,-87.00000000000007,-114.5075987657447,4.614162232663898e10
55,-87.00000000000009,-113.30544208948155,4.627813071146315e10
55,-87.0000000000001,-20.016454281350118,4.614895185927512e10
55,-76.6263746070514,-43.23689244955061,4.616251042155478e10
55,-87.0000000000001,-59.10232349816412,4.6261467891433914e10
55,-86.99961668626999,-90.4585709749849,4.628150325832289e10
55,-82.4409176050495,-39.27239009377634,4.622064738759148e10
55,-87.00000000000009,-20.016454281350114,4.61489518592751e10
55,-86.97518263062753,-77.66751814318165,4.627742590300549e10
55,-86.99971002948907,-60.36461551165347,4.626473827233363e10
55,-87.0000000000001,-83.9931927000293,4.6285114447960495e10
55,-86.9755699266867,-39.60883809678298,4.623751649420286e10
55,-86.98548880675958,-20.07006362509743,4.619844593698199e10
55,-86.82546845903944,-21.53201469406432,4.620713199207518e10
55,-87.00000000000007,-21.5320146366874,4.620725494616135e10
55,-87.00013490775316,-33.324131925884785,4.623015380282565e10
55,-87.0000000000001,-39.79077394600271,4.624202282408752e10
55,-86.93213931518281,-26.979719078630218,4.622178160339062e10
55,-87.00000000000007,-26.42349330931429,4.622057733566323e10
55,-86.9987412119033,-66.99450067969629,4.6278476463094864e10
55,-89.65263205729735,-27.77056910536802,4.622538854423989e10
55,-87.0000000000001,-114.63253490876055,4.629195141402035e10
55,-87.00000000000009,-21.53201505508037,4.620735292073791e10
55,-88.82014434923737,-45.13975873509779,4.6256655193673454e10
55,-87.00000000000009,-39.27855088801473,4.62459029489757e10
55,-87.0000000000001,-21.53201268691735,4.620735293891106e10
55,-86.9997646665213,-94.22675294225904,4.6291130093339294e10
55,-87.0000000000001,-21.609035485040927,4.620901580558821e10
55,-86.94895786348107,-22.969407540208174,4.621271685560647e10
55,-87.0000000000001,-73.58590605240124,4.628561690209733e10
55,-87.0000000000001,-24.70285008032928,4.621734331648923e10
55,-87.0000000000001,-39.14784163104502,4.6246715560918846e10
55,-86.99999411412361,-21.609035362661274,4.6209015792359146e10
55,-86.9999937527936,-61.74195870336767,4.627661038388261e10
55,-86.99998611850404,-90.66161666937518,4.629263684720966e10
55,-86.27104504496833,-36.90627066046424,4.624102224632265e10
55,-86.99999705707621,-21.609035664509026,4.620901580097039e10
55,-87.0000000000001,-71.21745470063577,4.628512387538769e10
55,-86.4478823100431,-38.8664235198849,4.6245417304440056e10
55,-86.99997467897425,-114.60865271831673,4.6295241678622185e10
55,-87.0605771816756,-64.14571972182445,4.627926844551507e10
55,-87.00000000000007,-95.5009532043609,4.6294345233057785e10
55,-83.44467444517966,-94.70475558224815,4.628431272232128e10
55,-87.00000118545327,-74.04154452167396,4.6286958196042786e10
55,-87.00044908933148,-27.36263187441507,4.622747585253893e10
56,-150.0,-150.0,4.269022391247394e10
56,-2.9094989181579223,0.0,3.70586233396717e10
56,-92.48327503359884,-150.0,3.8252167644931725e10
56,-150.0,0.0,4.102560162684105e10
56,-2.9094989181579223,-150.0,4.245824817317882e10
56,-87.0000000000001,-68.60906049213624,4.251462314362233e10
56,-86.59027728236744,-68.28594910456081,4.251871103761022e10
56,-18.979630718655887,0.0,4.2737705406242294e10
56,0.0,0.0,4.287581966700338e10
56,-88.00798967956466,-104.6822668658819,4.2979516450408325e10
56,-95.76996721074524,-41.83248043788096,4.333803565383806e10
56,-73.10897890588633,-39.292676764350176,4.3275303165839e10
56,-70.47378930404996,-31.18281660500545,4.323409925768457e10
56,-82.22906686403277,-58.12608525573928,4.377845496038693e10
56,-87.00000000000009,-20.016454281350118,4.3755384009888824e10
56,-87.0000000000001,-82.13500177920879,4.370817075618032e10
56,-87.00000000000007,-109.94650747719008,4.382052066103486e10
56,-87.00000000000004,-20.016454281350562,4.370668005988673e10
56,-65.72712464654128,-44.3254575684199,4.365451055589955e10
56,-87.0000000000001,-52.69792989952805,4.3803607803503494e10
56,-86.9992336493639,-73.42478140701033,4.381640230400979e10
56,-40.27335171562747,-28.93753000165627,4.3626533681738464e10
56,-67.45175754471398,-20.283555424192407,4.367928229003271e10
56,-86.95738806162102,-90.55325463545294,4.38202701879257e10
56,-54.4992919404815,-39.3550657813158,4.3699511020313034e10
56,-87.0000000000001,-86.30856106411528,4.38271642041943e10
56,-82.02286327663816,-42.14770872066715,4.37837298512761e10
56,-84.71736296708858,-28.449301347703205,4.376887996245119e10
56,-86.82546845903941,-21.53201469406432,4.376375060425276e10
56,-93.25540076665277,-21.36935171211372,4.3711475412414406e10
56,-92.71175375000536,-35.90550447610907,4.377924373924973e10
56,-87.00000000000009,-31.93424423516119,4.3782528716450294e10
56,-86.98571939496723,-29.716065688382887,4.3781692945526245e10
56,-92.49473783297302,-24.58376051412405,4.3784703937868744e10
56,-86.99797499306176,-55.23811609787601,4.381390859848527e10
56,-92.61311397087164,-26.58710724181964,4.37903862076878e10
56,-87.0000000000001,-106.45934459546628,4.382911029902361e10
56,-87.00000000000007,-21.53201505508038,4.376384859426387e10
56,-89.84210843945078,-56.117202904150126,4.382218383033611e10
56,-87.00000000000007,-29.564032934186113,4.3781498384986404e10
56,-87.00000000000007,-21.53201268691735,4.376384861330571e10
56,-87.00000000000009,-85.2787245560282,4.382879009252516e10
56,-87.0000000000001,-21.609035485040927,4.3765483411562355e10
56,-86.73020584982804,-28.79957349092494,4.377995760101389e10
56,-87.0000000000001,-80.54096486986197,4.383051419606569e10
56,-87.00000000000007,-29.785545486874422,4.3782018025162926e10
56,-87.00000000000009,-54.52875672503959,4.381566468817825e10
56,-76.54809401174775,-21.39171854752323,4.3742729255649704e10
56,-85.34995015375898,-37.08440850821514,4.379048903934904e10
56,-72.43008098459579,-105.72089994996851,4.379442343363972e10
56,-80.05944873731306,-51.788634431387415,4.379797189214517e10
56,-83.36081342990745,-21.830963715225877,4.375990326371458e10
56,-85.33174293588503,-55.05242361895812,4.381364439886709e10
56,-86.3173441676929,-29.2683123075365,4.3780697792117455e10
56,-80.68697717123366,-54.59153887508653,4.3804559220710175e10
56,-92.6552853226143,-66.20519427615419,4.382711534424203e10
56,-86.99999999391957,-79.21244763962576,4.383071192973375e10
56,-81.13277440528952,-92.77437973379256,4.381923619320368e10
56,-87.00000471988923,-56.81448937030134,4.3817412308058075e10
56,-87.00076936050064,-28.739570495013336,4.38007430174268e10
57,-150.0,-150.0,3.98778359404598e10
57,-2.9094989181579223,0.0,3.431987500482684e10
57,-92.48327503359884,-150.0,3.545102435679573e10
57,-150.0,0.0,3.833641402670435e10
57,-2.9094989181579223,-150.0,3.970968736940332e10
57,-87.0000000000001,-68.60906049213624,3.967285015388067e10
57,0.0,0.0,3.992469388623551e10
57,-150.0,-122.4658698200332,4.051661335531155e10
57,0.0,0.0,4.0104648361019806e10
57,-83.22377909658621,-66.6964937158474,4.013655320995462e10
57,-95.76996721074524,-41.83248043788096,4.050670420956958e10
57,-48.77209153499122,-34.94321095225946,4.03719973523293e10
57,-88.11766875305952,-79.45808420533994,4.0558085132291115e10
57,-82.22906686403277,-58.12608525573926,4.093683294724775e10
57,-87.00000000000009,-20.016454281350118,4.0914459287192184e10
57,-87.00000000000007,-72.53197940425183,4.089777349983394e10
57,-87.00000000000009,-90.08614234146773,4.097501826968417e10
57,-86.12440744886459,-28.085993500081887,4.088087458961415e10
57,-18.936145618896493,-20.650218411348277,4.0605882162805984e10
57,-87.00000000000009,-46.487269338155784,4.095382036876793e10
57,-16.944635620576403,-83.95050612074624,4.053590712217455e10
57,-19.791988082318603,-21.258686636882356,4.074035402723032e10
57,-51.73703850902981,-20.498276487913497,4.079483562204022e10
57,-44.76454180309589,-63.02522185584854,4.087080300963766e10
57,-63.60422326588675,-44.43158958494588,4.090287272670736e10
57,-87.0000000000001,-79.24596607997097,4.097959268768975e10
57,-61.45524292103056,-36.496556589454514,4.0895508686161644e10
57,-81.93469949605394,-41.43902231383826,4.0944075596979004e10
57,-86.8254684590394,-21.53201469406432,4.092260066028337e10
57,-90.51806606826891,-21.277737558654504,4.0798453784413826e10
57,-88.0036986162747,-34.354964228028656,4.09146121833723e10
57,-86.99999692631926,-23.075881128990545,4.092647801265457e10
57,-86.96226345060316,-40.624940321670266,4.095440516731093e10
57,-86.95776850941668,-22.629613186222436,4.092604061136186e10
57,-90.10223993549506,-39.07182359446527,4.095587136869262e10
57,-87.54748963778117,-26.933608500290937,4.09392587013588e10
57,-87.0000000000001,-77.14271478717095,4.098087152624595e10
57,-90.42314176919845,-21.780277386095285,4.093195754951277e10
57,-87.35259542645301,-44.61109604514181,4.09640555500753e10
57,-87.00000000000007,-22.831306698326202,4.092612062613067e10
57,-87.22601006747945,-21.3043787275582,4.092634962930087e10
57,-64.58048039362204,-100.23052552818415,4.0936790176552124e10
57,-87.0000000000001,-21.609035485040927,4.09242282488817e10
57,-77.25805880194154,-21.43101353316172,4.090741065546407e10
57,-87.0000000000001,-75.85801494216153,4.0983304363918304e10
57,-87.0000000000001,-21.609035485040927,4.092422824888169e10
57,-87.00000000000009,-41.54572998418275,4.09560325912818e10
57,-63.086302044740265,-21.050306363288737,4.087722009399399e10
57,-75.00568080320498,-59.56207276758798,4.0953420049747986e10
57,-81.25752291586939,-90.67983868978085,4.097643695608069e10
57,-77.55724144260945,-37.49064472403145,4.093481773435074e10
57,-83.84271677562198,-21.948275544035404,4.092157408338994e10
57,-79.28431107846794,-43.96768936855599,4.094684818925712e10
57,-86.99999948515907,-24.503249427130687,4.093182835388971e10
57,-79.93983987232625,-38.04572020615478,4.09399910986461e10
57,-87.74253213959099,-52.937875350334934,4.0961727945174255e10
57,-86.99999987259594,-88.47725950453318,4.098532867407238e10
57,-73.19829289366552,-73.14061061862044,4.0958898706851524e10
57,-87.15798164150128,-76.01224575172009,4.098520775500871e10
57,-87.00079445328169,-28.877646195561663,4.094922846581936e10
58,-150.0,-150.0,3.7134880813451935e10
58,-2.9094989181579223,0.0,3.164216589389951e10
58,-92.48327503359884,-150.0,3.2686923035520184e10
58,-150.0,0.0,3.5692325184673294e10
58,-2.9094989181579223,-150.0,3.700662993669587e10
58,-87.0000000000001,-68.60906049213624,3.687328163801876e10
58,0.0,0.0,3.722400895480763e10
58,-150.0,-111.15694456466142,3.774450956543396e10
58,0.0,0.0,3.73940549518114e10
58,-69.53497832171105,-49.12030967628388,3.7279764964516396e10
58,-95.76996721074524,-41.83248043788096,3.772062621004036e10
58,-41.26814861209088,-38.68851398884385,3.759570203052232e10
58,-111.70765322136484,-100.72981096354678,3.784067772374643e10
58,-82.22906686403277,-58.12608525573922,3.813923838814448e10
58,-87.00000000000009,-20.016454281350118,3.812056186746455e10
58,-87.00000000000007,-81.66541709203463,3.812809453432133e10
58,-87.00000000000007,-103.44652088373826,3.816355325946514e10
58,-85.45728931466616,-34.23421385721085,3.81365027650289e10
58,-19.186336685847476,-20.650218411348277,3.787780085257717e10
58,-87.00000000000007,-53.78956314692979,3.815345190424708e10
58,-16.944635620576403,-83.62861806174571,3.780109275674655e10
58,-20.151082781138193,-21.258686636882356,3.8002676501883514e10
58,-51.73703850902981,-20.498276487913497,3.8075013305734406e10
58,-50.21682919705334,-70.47053550350894,3.810734660501432e10
58,-47.63921389057246,-20.9524712942037,3.806957665714066e10
58,-87.00000000000009,-90.86414182683274,3.816909619974481e10
58,-63.55861905581149,-40.62051193162096,3.812049898088001e10
58,-80.97204268668949,-47.34275709190701,3.814990380891757e10
58,-86.82546845903933,-21.53201469406432,3.8128465007316696e10
58,-88.13684231027032,-21.277737558654504,3.801409804199294e10
58,-88.3263160286487,-43.04887003007927,3.813304203069384e10
58,-87.00000000000007,-23.501775317935724,3.813223789487921e10
58,-87.00000000000009,-47.59102534735959,3.81577531353401e10
58,-86.80467935605188,-22.629613186222446,3.813044257631394e10
58,-87.94736859189196,-43.199908533250905,3.81544619266535e10
58,-87.94736859189194,-30.17713371968482,3.8143895452940346e10
58,-71.90555008049495,-23.796653087353217,3.8115279844368034e10
58,-88.13684231027032,-21.799650291436492,3.813526500769257e10
58,-86.48607856505735,-21.388613219448246,3.813756364395731e10
58,-86.99999621452537,-23.189732078812224,3.8131943236698044e10
58,-87.59731232119563,-20.99924792969388,3.813435809099315e10
58,-69.19545910538754,-91.2165991280444,3.814815314513432e10
58,-87.00000000000007,-21.609035485040927,3.8129959103386475e10
58,-64.07806988503793,-21.19016550246316,3.810223352804648e10
58,-87.00000000000007,-91.36342336215728,3.817288953365251e10
58,-76.39778441610008,-21.230266831510605,3.811936442189462e10
58,-86.9999993196762,-22.199290629506596,3.8131687381519135e10
58,-63.08630204474032,-21.05030636328874,3.810093204401598e10
58,-73.4405136960557,-62.81521230606565,3.815150613923668e10
58,-63.055321737144524,-31.123601161908223,3.8112237058939804e10
58,-76.38543417826487,-49.4295524376461,3.814904191763955e10
58,-72.39765563435316,-21.038353909644236,3.811412853492549e10
58,-78.49156310029356,-53.31956820467793,3.815358907694746e10
58,-86.99999863937002,-34.376945794384675,3.81519504653333e10
58,-55.331552890758736,-22.206158469671323,3.8090585471106636e10
58,-87.00000000000007,-22.25519768881178,3.8131505075325516e10
58,-84.7009800947998,-85.18628055400679,3.817097368772334e10
58,-64.42693956523493,-101.42457698209789,3.814267705190018e10
58,-87.73066459767772,-22.78912996953353,3.814039229141445e10
58,-87.00000000000007,-32.9679696733962,3.815295261023334e10
59,-150.0,-150.0,3.4519611038795586e10
59,-2.9094989181579223,0.0,2.9094012316721504e10
59,-92.48327503359882,-150.0,3.0058325197347057e10
59,-150.0,0.0,3.3177559511191227e10
59,-2.9094989181579223,-150.0,3.444079745652679e10
59,-87.00000000000007,-68.60906049213624,3.4203426143582275e10
59,0.0,0.0,3.464710532883808e10
59,-150.0,-104.29254598271976,3.509761091820801e10
59,0.0,0.0,3.4814684721600685e10
59,-66.94081447920586,-49.12030967628387,3.465744014291402e10
59,-95.76996721074526,-41.83248043788096,3.506574205647346e10
59,-56.32156708885949,-52.80095689954305,3.500723152548041e10
59,-111.70765322136474,-90.62013432368879,3.517263193784117e10
59,-82.22906686403277,-26.869877602935084,3.54615720640968e10
59,-87.00000000000007,-20.016454281350118,3.546035117158261e10
59,-87.00000000000007,-84.77342661160917,3.544296812873444e10
59,-87.00000000000007,-62.35691830570504,3.548101884520409e10
59,-84.2818906972689,-45.06679258167615,3.5475401742956024e10
59,-19.186336685847476,-20.650218411348277,3.527924224065763e10
59,-86.49955550417532,-85.16145104968673,3.5483120095185524e10
59,-16.944635620576403,-62.732570330552974,3.518174446410154e10
59,-20.151082781138193,-21.258686636882356,3.539462308447753e10
59,-51.73703850902981,-20.49827648791349,3.544059051407984e10
59,-56.26706406797688,-70.9910757024225,3.546414366389041e10
59,-46.68305481293245,-21.058450082338062,3.543746582360412e10
59,-87.00000000000007,-69.99656431378754,3.548745527136388e10
59,-74.25019879967759,-55.765014404875565,3.5480729547747955e10
59,-79.32502391541598,-24.602374561117315,3.546915252344639e10
59,-86.59640825033047,-21.532014694064326,3.546784399479983e10
59,-87.00000000000007,-21.277737558654504,3.5355898307756805e10
59,-86.62707705208331,-25.52692642853755,3.5449295475125725e10
59,-87.00000000000007,-25.002545317075853,3.5472261323835464e10
59,-87.00000000000007,-64.80129584662335,3.549066596425521e10
59,-86.54832101086987,-22.311806879581898,3.546326742563425e10
59,-87.00000000000007,-58.98930587436306,3.548940708334762e10
59,-87.00000000000007,-39.43362672208998,3.547809363805506e10
59,-69.89865973528858,-22.061507313548425,3.5463438217997444e10
59,-87.00000000000007,-21.946849777555933,3.546882733308841e10
59,-86.36169281754619,-21.386363796880392,3.547317447059471e10
59,-85.27014862580316,-24.38589980443887,3.547200772475113e10
59,-87.00000000000007,-20.98934413159167,3.547154693808942e10
59,-62.00757358883343,-82.99273587685707,3.547428020833717e10
59,-86.99999484991396,-21.609035485040927,3.5469239173862236e10
59,-64.11696983232379,-21.204005491071513,3.545730995860464e10
59,-77.27172608547822,-83.67907819257647,3.548779278159099e10
59,-75.32405328071437,-21.148977018286097,3.546478221083701e10
59,-86.99999685350228,-22.199290629506596,3.547078785042409e10
59,-56.392177038133475,-20.848172612570913,3.5450013681645004e10
59,-84.08066838620569,-84.64570075052697,3.549123034574327e10
59,-64.79907281936936,-46.06412711706029,3.547616003431674e10
59,-70.13251008613813,-22.45627737891306,3.5466742101038246e10
59,-81.74223292525822,-20.850552702238087,3.54667657767888e10
59,-72.22796039644867,-23.0642702287937,3.54681029496016e10
59,-87.00000000000007,-43.65517118041017,3.548938588973008e10
59,-52.87717856526915,-22.200214807286848,3.544381146552753e10
59,-85.94920082219154,-23.0420122476413,3.544993791694739e10
59,-87.00000000000007,-85.39800704618308,3.549218814830627e10
59,-63.387319687082844,-60.115963995055736,3.547260392075067e10
59,-87.00000000000007,-22.78912996953352,3.547671303196606e10
59,-86.95741433594601,-23.520508397905004,3.547564524042346e10
60,-150.0,-150.0,3.2100245580109615e10
60,-2.9094989181579223,0.0,2.6659233181756687e10
60,-92.48327503359872,-150.0,2.760104724177594e10
60,-150.0,0.0,3.0801396843783955e10
60,-2.9094989181579223,-150.0,3.2026810229759666e10
60,-86.03580999011375,-68.60906049213624,3.1690516794745365e10
60,-82.10548534134286,0.0,3.2458807122106007e10
60,-150.0,-98.77016229378403,3.2615505139856472e10
60,0.0,0.0,3.234960567852036e10
60,-62.6279940906872,-49.120309676283824,3.217991353044745e10
60,-95.76996721074535,-41.83248043788096,3.2559428157603077e10
60,-22.837312742087242,-71.69950799167218,3.2719409148918636e10
60,-111.70765322136465,-71.33508794832913,3.2682227430917957e10
60,-82.22906686403277,-20.016454281350118,3.294128721200314e10
60,-85.96552722033924,-20.016454281350118,3.2942950605579754e10
60,-85.05325054721341,-63.47233242885459,3.2860013547321987e10
60,-86.00780576231692,-63.37225220896505,3.294509123558244e10
60,-85.84594695116307,-32.73141213425672,3.2946908904671047e10
60,-19.186336685847476,-20.650218411348277,3.279757293110933e10
60,-82.82780477759201,-63.90081387819503,3.2947761408534367e10
60,-16.944635620576403,-56.85156696941745,3.2724117695620296e10
60,-20.151082781138193,-21.258686636882356,3.2904126186511723e10
60,-51.737038509029816,-20.498276487913486,3.2936449881773533e10
60,-61.843396416295974,-64.35818052066847,3.294483463617775e10
60,-45.503791950509736,-21.18915725437047,3.2934373110820763e10
60,-75.5477762901499,-21.43494703870662,3.294928960743781e10
60,-81.49966865994698,-58.646548156180344,3.2955052464017525e10
60,-79.80439030199952,-27.015652673430218,3.295385817638043e10
60,-79.94566634883317,-21.532014694064333,3.294995189942685e10
60,-84.90797293481117,-21.277737558654504,3.286364840747243e10
60,-84.04009938854014,-22.701116043966213,3.2930814632139954e10
60,-80.00921641302266,-27.646759125084646,3.295458467770643e10
60,-81.16179446528064,-64.47653307311151,3.295568829235365e10
60,-78.16622525218283,-22.643734992935403,3.294172867260712e10
60,-79.1197521121178,-23.055177596976133,3.2952991348034912e10
60,-81.04200822071469,-63.608920107430784,3.2947247511655884e10
60,-65.365687788547,-21.547455008197826,3.2950140547468826e10
60,-79.26222485898057,-22.221219618914002,3.2949555160894253e10
60,-79.91832583460341,-21.38258067710719,3.2955382455256172e10
60,-79.5574954029677,-22.40102891361099,3.2952201165987846e10
60,-79.16186785511262,-20.90888155652995,3.2952558417455482e10
60,-69.39551320024715,-33.45324269817647,3.2951939673313e10
60,-79.9877630378409,-21.609035485040916,3.295129519050036e10
60,-60.41378475103641,-21.10949849247866,3.294555707810116e10
60,-69.61179641554786,-22.708405883574716,3.29506647266962e10
60,-70.45947512975565,-20.877263531133543,3.294927647249411e10
60,-80.34766170713765,-23.153085729749588,3.295372821029985e10
60,-53.11886499496833,-20.84097059178753,3.2940971707857395e10
60,-81.45111439677468,-63.97549425620154,3.2955918396367382e10
60,-70.16354710112205,-64.08665283783937,3.2957191099288177e10
60,-79.56776826966343,-24.004021778924418,3.2959067749089714e10
60,-75.86161117931445,-20.84981073476875,3.2950175144553394e10
60,-71.8758989467568,-26.54188473052385,3.295655690718837e10
60,-78.23771377484393,-22.354686815969185,3.295710476618658e10
60,-51.357032690892,-22.667553978381232,3.2933666059650894e10
60,-80.03752935277136,-23.601643585409903,3.293061928916663e10
60,-80.10802957905607,-64.81883806383681,3.2960652502730343e10
60,-61.45779304827583,-62.06525653514652,3.2940807267687866e10
60,-78.06081348875752,-21.811556604449436,3.29566058807549e10
60,-80.01819993717865,-23.988100247019023,3.2955090705168106e10
61,-150.0,-150.0,2.9751032719491577e10
61,-2.9094989181579223,0.0,2.4273187150967003e10
61,-92.48327503359869,-150.0,2.5232208832230225e10
61,-150.0,0.0,2.8484422250918907e10
61,-2.9094989181579223,-150.0,2.9695644085272163e10
61,-84.47307637732754,-68.60906049213622,2.9254600439837276e10
61,-82.10548534134284,0.0,3.0020190614514122e10
61,-150.0,-95.9046400510763,3.021395662868698e10
61,0.0,0.0,2.993403974695897e10
61,-62.627994090687174,-49.1203096762838,2.977169265444372e10
61,-95.76996721074538,-41.83248043788098,3.0122196376077797e10
61,-15.997951483054095,-83.98337627772933,3.0365728167315254e10
61,-128.55378041774952,-31.535925318254,3.0224503763696865e10
61,-82.22906686403277,-20.016454281350118,3.0488740214687504e10
61,-84.26603622518218,-20.016454281350118,3.048959617679317e10
61,-77.92428809907231,-72.30382209509314,3.0443044071419556e10
61,-84.29726790582502,-20.869111973840848,3.049057121207917e10
61,-83.93358410941848,-39.198850777165404,3.0495017431351982e10
61,-19.186336685847476,-20.650218411348277,3.0422671272031025e10
61,-67.8051177534181,-20.634549832235955,3.0491234824455173e10
61,-16.944635620576403,-56.85156696941745,3.031718281664682e10
61,-20.1510827811382,-21.258686636882352,3.0464879677139675e10
61,-43.29578242256546,-20.42668621382478,3.0484583028219826e10
61,-67.44929567342342,-47.12662739709135,3.0499318052925495e10
61,-45.78428078511861,-21.330257575604058,3.048872478960112e10
61,-68.46765659826724,-20.79755155845486,3.0494693309158638e10
61,-71.46658138160045,-37.73919910531606,3.0502630238649097e10
61,-67.955171479719,-29.34074317621596,3.050101062605288e10
61,-68.46770135442138,-20.79755654365933,3.049469483387301e10
61,-81.47107132771511,-21.27773755865451,3.041895096022132e10
61,-76.88373972599689,-21.518872613648906,3.0464183429420673e10
61,-68.60773262069029,-22.681638262438415,3.049819748464306e10
61,-69.78282163165527,-22.019185998373903,3.0492660580677593e10
61,-63.65359530934022,-23.462514407099814,3.0459973025891743e10
61,-69.59404846613947,-23.067134436360025,3.0498317303073776e10
61,-72.63671294362483,-42.82385199143875,3.0486366148026974e10
61,-66.78231443901768,-20.913313744282906,3.0497033147947643e10
61,-68.15937147061989,-23.010167511769133,3.0487623584231514e10
61,-69.4800495651128,-21.047823472275436,3.0497821968712215e10
61,-68.46768521971251,-22.505586840756017,3.049803318155673e10
61,-66.03915854415784,-20.96038756005666,3.0497688164681805e10
61,-69.333097564228,-24.195845206032107,3.0500537493537964e10
61,-69.42660299742013,-21.020731689814998,3.0495804884445377e10
61,-69.10693793837756,-20.975123398402335,3.049630061949801e10
61,-69.56232179791253,-23.031510500622538,3.0499229599778492e10
61,-46.1395011316129,-20.716493749191944,3.048903960718822e10
61,-69.4188202260066,-23.68322177966623,3.0499975384464592e10
61,-46.35468028814138,-20.784213635142812,3.0489318071356068e10
61,-69.4188202260066,-23.2377507036357,3.049960534597459e10
61,-70.19227502537865,-26.639477574172822,3.0505180563331356e10
61,-65.0693440561529,-23.795416861527755,3.050278886928684e10
61,-68.99609828170232,-20.86511672468147,3.049608315891342e10
61,-69.54269858155965,-28.15440757052648,3.0504135858713154e10
61,-63.842529262087474,-22.58573469181373,3.0502402642949028e10
61,-29.803747355662637,-22.563560938667866,3.0436650983057465e10
61,-68.93682819732423,-24.004922726528605,3.0469219785401638e10
61,-63.47590907227409,-73.60023277134147,3.050751795850493e10
61,-43.520211936513185,-33.651076627062274,3.045100965179938e10
61,-62.907484892773546,-22.426476669246565,3.0502275190696564e10
61,-68.80198633088378,-24.5069549738734,3.0505333668291412e10
62,-150.0,-150.0,2.747299376966547e10
62,-2.9094989181579223,0.0,2.196132741264946e10
62,-92.4832750335986,-150.0,2.2947262309392677e10
62,-150.0,0.0,2.625592762090152e10
62,-2.9094989181579223,-150.0,2.7432978281387264e10
62,-82.1054853413428,0.0,2.7655447649748344e10
62,-15.470759329244851,-125.11125140493185,2.7630726731771095e10
62,-150.0,-85.91170963910301,2.7887346025001015e10
62,0.0,0.0,2.7590989543902115e10
62,-62.326329637933014,-48.993282061198926,2.744453811602402e10
62,-95.76996721074542,-41.832480437881,2.7770490075286835e10
62,-15.997951483054095,-56.50592566484732,2.801867597837762e10
62,-128.55378041774946,-31.535925318254016,2.787204536780585e10
62,-82.22906686403275,-20.016454281350118,2.8121339799978527e10
62,-82.18301620627331,-20.016454281350118,2.8121701097241062e10
62,-60.673007510221,-57.42845129033143,2.793421605947933e10
62,-82.26555707654367,-21.068065435422003,2.812279293752546e10
62,-81.30439275746923,-34.137943965481135,2.8126796162973534e10
62,-19.186336685847476,-20.650218411348288,2.8091058065956375e10
62,-53.18044556554607,-20.304252229808462,2.8117143328316917e10
62,-16.944635620576403,-56.85156696941745,2.7969809399866596e10
62,-18.128905033401523,-21.317120583436424,2.8097018725107098e10
62,-35.218075735679186,-20.525392616285977,2.8112630708752583e10
62,-61.22124355477941,-48.9009672397804,2.8131044717544712e10
62,-53.60745811113736,-22.386642834709047,2.81239748489702e10
62,-54.34777591123269,-20.797551558454867,2.812311139933782e10
62,-62.273505695756214,-30.76003320943553,2.8131871690961887e10
62,-77.67401393534135,-34.03822564427966,2.8134206567297924e10
62,-82.35843393070051,-22.568358014590643,2.8049658172367386e10
62,-77.25855424406944,-21.277737558654522,2.8048659974499393e10
62,-53.011230063558905,-21.665650473210707,2.8107241460169548e10
62,-77.67401254906585,-24.74733389583741,2.813076807269271e10
62,-77.58738334814217,-22.546162846689434,2.812316589223411e10
62,-47.78731568240581,-24.367462589850113,2.8053674521140423e10
62,-57.324659266670935,-24.060416389677748,2.8114875879888775e10
62,-63.87755457481576,-43.75823253271553,2.809053596802973e10
62,-51.46934029287825,-21.996171510859092,2.8118855926867912e10
62,-54.972240168770554,-24.047456558029495,2.80841313841191e10
62,-57.02336483481256,-22.351654843223788,2.812645027014373e10
62,-56.75049544335553,-22.931582063600143,2.812811103116805e10
62,-51.12594829545307,-22.1205785947299,2.8123236947277718e10
62,-56.634987535712966,-25.26470774141615,2.8129634454987194e10
62,-56.03734813831158,-21.020731689815012,2.8124475536974335e10
62,-77.14825111189167,-21.01290382339326,2.812591882942913e10
62,-56.39603353961297,-23.857384575532148,2.8128159594567764e10
62,-55.27883982966592,-20.902675451235535,2.8124056694882942e10
62,-77.40749042222245,-22.593040494274117,2.813166688666916e10
62,-71.47507710279305,-21.516200928074024,2.8126927987684517e10
62,-77.2471409403844,-22.68699908146537,2.8128702967587257e10
62,-57.82970961812668,-26.750708593463987,2.8126987661307175e10
62,-50.597626776745635,-24.05765431000258,2.8125776680948433e10
62,-77.14823361320471,-20.618737968765302,2.8124828734159664e10
62,-58.14380191807629,-28.12672697247779,2.8132914603598167e10
62,-49.88622976822389,-22.59361427108395,2.812794957177751e10
62,-19.816757089525634,-22.50574135121955,2.8037498922080723e10
62,-53.226335321843635,-23.79486380942141,2.8054478486846493e10
62,-80.06211919832822,-63.44010438355882,2.8139416335086117e10
62,-47.9856625516037,-24.748927721870572,2.8095914212729855e10
62,-71.78130176275933,-22.235082856205665,2.8131224717366955e10
62,-77.44637930342721,-23.549076057900013,2.81333477701451e10
63,-150.0,-150.0,2.5184603327156616e10
63,-2.9094989181579223,0.0,1.9760587938964085e10
63,-92.21408536057463,-150.0,2.0635724041107857e10
63,-150.0,0.0,2.4033723183150795e10
63,-2.9094989181579223,-150.0,2.518915345674627e10
63,-61.12899394709735,0.0,2.529073506041916e10
63,-15.470759329244844,-125.11125140493178,2.534393301711071e10
63,-150.0,-54.01783202698271,2.555044789066555e10
63,0.0,0.0,2.527196529140686e10
63,-27.444531459303732,-46.99421738053582,2.5067925596836098e10
63,-39.586224164985126,-33.42017982047212,2.526386137184473e10
63,-15.997951483054095,-56.50592566484732,2.569042745987749e10
63,-150.0,-25.80687060568907,2.548191774499935e10
63,-61.782210567029985,-20.016454281350118,2.5759850855435204e10
63,-61.53879994744435,-20.016454281350118,2.576020066399346e10
63,-19.49023095470175,-48.14050823880413,2.572278445551429e10
63,-61.975087404587725,-21.3134413713721,2.576118348131909e10
63,-66.23129216117167,-29.758526997324655,1.6387672579902092e10
63,-19.186336685847476,-20.6502184113483,2.574838551864597e10
63,-61.630469808757,-20.030870988571365,2.5760464328654804e10
63,-16.944635620576413,-56.85156696941745,2.5637031549624367e10
63,-18.128905033401512,-20.91467319904076,2.5754385887273865e10
63,-35.00428871994763,-20.374691945969364,2.5760433575245705e10
63,-24.657205810695263,-27.762355275564982,2.5763299046112076e10
63,-57.21680729934147,-35.58450636187201,2.5724815130464195e10
63,-61.866456333365505,-21.022619105069847,2.576331767250617e10
63,-52.86563367471976,-25.174960393573315,2.5768333309130444e10
63,-37.70552346047792,-26.494484272509705,2.5767773178642048e10
63,-62.466007919416754,-22.568358014590643,2.5679251512796997e10
63,-35.50950100436686,-21.241886990434065,2.5676919404753296e10
63,-21.830323843322038,-24.00134912648407,2.567830189441491e10
63,-51.51517620774899,-25.349201326214246,2.576851142736751e10
63,-37.247597697322576,-23.77293232138957,2.5718788396593124e10
63,-63.34490979534778,-24.825837062397717,2.5691206393298885e10
63,-36.818253138038344,-25.08626879811188,2.57522353179165e10
63,-37.84211641973937,-25.57105250605231,2.5727090487974564e10
63,-22.64008162778829,-22.747148572383118,2.5715759080225605e10
63,-62.70545802707755,-24.193550431625916,2.572907885676134e10
63,-62.068180725176674,-21.232728383153407,2.5757572541233448e10
63,-62.17780447722735,-21.821213605228422,2.5764033925699394e10
63,-61.94608184088465,-21.00631311786239,2.576357178521698e10
63,-62.01682573856694,-21.01287651087545,2.5763985417443016e10
63,-34.926470162855765,-21.154683195300144,2.576254222226335e10
63,-52.954633415499835,-21.830950928190333,2.5764687449798943e10
63,-36.296735088889875,-22.973961009106436,2.576262523658543e10
63,-61.72049963352812,-20.330821435482093,2.5762202688669495e10
63,-62.495801409404805,-22.95105678653275,2.576717282091128e10
63,-62.14028108166909,-21.776448618963006,2.5764920538868225e10
63,-62.80175048137523,-23.27582908572153,2.576772692885595e10
63,-42.356043814994905,-51.585473773354636,2.5745434827483337e10
63,-62.324248600320686,-22.268474040608275,2.576605729193141e10
63,-61.63046311066875,-20.030865937889835,2.5760465991741245e10
63,-62.35758832373312,-22.45107446955718,2.5766785835525055e10
63,-22.212217859240877,-22.9448919930545,2.5762114818032246e10
63,-19.157981363931018,-22.449412999614694,2.5676443936373936e10
63,-62.74061521442256,-24.177689996210017,2.568909317770391e10
63,-66.56831338678748,-52.666853856023636,2.576029926400604e10
63,-23.597925824005056,-25.85332513891176,2.5745984723403374e10
63,-61.58843297295245,-20.263631434172044,2.5762375996142284e10
63,-36.50229060382926,-24.881647458083588,2.5764099088168858e10
64,-150.0,-150.0,2.3041542032267708e10
64,-2.9094989181579223,0.0,1.7599977766365036e10
64,-91.81737818925976,-150.0,1.848582721911153e10
64,-150.0,0.0,2.1966402285245083e10
64,-2.9094989181579223,-150.0,2.3076335753168118e10
64,-15.933122852445045,0.0,2.305699371552825e10
64,-15.378779995977572,-150.0,2.318322057321279e10
64,-150.0,-54.01783202698271,2.338197651399995e10
64,0.0,0.0,2.3092032218847607e10
64,-27.444531459303743,-46.99421738053583,2.2909210067145046e10
64,-23.56633123898734,-51.06543637487071,2.2933108557803936e10
64,-15.997951483054095,-56.50592566484732,2.3492339469197094e10
64,-150.0,-25.80687060568907,2.3271749242061745e10
64,-22.154715700741995,-20.016454281350118,2.3548891249489204e10
64,-19.429271439008428,-20.016454281350118,2.3549022004944653e10
64,-27.432117256356037,-45.41148995271208,2.3347757913890617e10
64,-20.911419064673012,-21.206166585648973,2.3550215162785667e10
64,-37.329293915347996,-44.27027273784343,2.3509220494767876e10
64,-18.411439604967722,-22.671756984615,2.3525321092457108e10
64,-20.846657677798227,-20.031965269919443,2.3549368913302364e10
64,-16.944635620576417,-56.85156696941745,2.3422579796213715e10
64,-18.128905033401498,-20.65202889265998,2.3549293742499866e10
64,-20.07349269964664,-20.8494447606118,2.3551355430222145e10
64,-24.391502019503438,-26.87529264924278,2.355963884603982e10
64,-44.745064005078156,-38.841112198313986,2.3460900434543552e10
64,-20.21429305772162,-21.022619105069847,2.3552315297694073e10
64,-22.89003414478689,-25.168593819953674,2.3558865341140842e10
64,-20.881643121255212,-32.14322003718888,2.3560259662289204e10
64,-18.280040395075506,-22.568358014590643,2.343894516516655e10
64,-22.437681194131677,-21.04096695816145,2.3437050446019684e10
64,-21.78351662768673,-24.00134912648407,2.3444122959305862e10
64,-21.065455825063562,-25.91556732743643,2.3559363483926292e10
64,-23.108883058924086,-24.236608787123846,2.351297699803278e10
64,-23.045693986022364,-26.035086035071057,2.3463680992149597e10
64,-18.333361661765956,-25.01739460385346,2.3523569925981194e10
64,-23.946413771943163,-24.890469996824795,2.3532293022266205e10
64,-20.32406325104669,-21.975040627159895,2.3534162348766273e10
64,-21.46172130435148,-22.441708770580277,2.353907249312311e10
64,-22.384187721978275,-21.706452486551882,2.3527144528870033e10
64,-22.236318927201975,-21.580975604484202,2.3547236899043507e10
64,-19.603560909174046,-20.853917243766855,2.35466539725312e10
64,-21.219196940472244,-20.600488045332508,2.354923553328457e10
64,-21.348756036228238,-20.734764081206063,2.3551149551982803e10
64,-22.8175083792114,-22.949011278051348,2.3555285088104248e10
64,-21.37927557033496,-22.226506510864198,2.3553315936433823e10
64,-20.379246688115533,-20.35365907358131,2.3550448465417355e10
64,-22.06911090690747,-23.647291678984686,2.355730254987344e10
64,-22.24849988089858,-22.88885601535873,2.355631436009294e10
64,-22.492267733047985,-23.419119553093136,2.3557212814141228e10
64,-30.542050813063458,-34.55014947695111,2.349302170127118e10
64,-21.57660549995596,-22.345557614111105,2.3555213511049473e10
64,-20.64180176496854,-20.011319733136137,2.3549364390097294e10
64,-21.803471080067986,-22.807566698368205,2.355634106067801e10
64,-22.68703650742955,-23.842539130884198,2.3558029253071095e10
64,-20.445628118252447,-22.274960310983303,2.3446519276341167e10
64,-22.934851303927868,-24.407484452141706,2.344523893794759e10
64,-24.824299689886402,-27.31108240776634,2.3549288385055904e10
64,-22.590423583071033,-24.859399728329088,2.350560141158884e10
64,-19.77575860998821,-20.21502396267324,2.354823934188701e10
64,-21.953178384307964,-26.171626550782758,2.3549966294396328e10
65,-150.0,-150.0,2.1127360500677982e10
65,-2.9094989181579223,0.0,1.5739469475516983e10
65,-90.99238011083543,-150.0,1.650115408453231e10
65,-150.0,0.0,2.0078074386141773e10
65,-2.9094989181579223,-150.0,2.114390088380751e10
65,-15.378779995977572,0.0,2.103215765281396e10
65,-15.378779995977572,-150.0,2.1239303276842785e10
65,-150.0,-54.01783202698271,2.1402164551240807e10
65,0.0,0.0,2.1082281762956898e10
65,-25.947035552574626,-46.90839636978259,2.1008484697769638e10
65,-16.73104376429366,-73.43185260565903,2.0828522739124855e10
65,-15.997951483054095,-56.50592566484732,2.148321971671218e10
65,-150.0,-25.80687060568907,2.1280197630687378e10
65,-21.28463628053362,-20.016454281350118,2.1515826662202873e10
65,-17.965723834513618,-20.016454281350118,2.1515568506533924e10
65,-31.414807084796234,-44.23709224059171,2.141334992641943e10
65,-21.98926010851365,-23.865647599644152,2.151865428454998e10
65,-29.049476467337048,-37.41214272887371,2.148112487879589e10
65,-18.715336721186425,-24.482190645931983,2.1480964273436737e10
65,-20.115658011623136,-20.035584500585603,2.1516048210000523e10
65,-16.94463562057643,-56.85156696941745,2.1415380534206074e10
65,-17.50797107042793,-20.135121779094614,2.1515541504456123e10
65,-22.66710106343909,-24.377320930097756,2.152575794203831e10
65,-23.364539635075282,-27.56438829590346,2.153089558692324e10
65,-50.96070237927981,-42.90282651302599,2.141265544024328e10
65,-19.37831089230547,-21.767842319990855,2.152121880158162e10
65,-23.675227981899333,-27.4239722935622,2.1531124993798286e10
65,-20.14149995574295,-25.5604973384786,2.1528244451326603e10
65,-17.279432950521965,-22.568358014590643,2.1410000704767376e10
65,-21.453151840703633,-21.04096695816145,2.140751263797297e10
65,-20.83148364199782,-24.001349126484076,2.1415924326911087e10
65,-22.447622128709156,-26.741767610974094,2.1477795001680008e10
65,-21.193384963454772,-24.286438618249264,2.1463561642136898e10
65,-21.827031102739056,-26.425209023838548,2.14232885925673e10
65,-17.83456849499861,-24.867574242332413,2.1481151441269363e10
65,-22.748203760458743,-25.751882081014305,2.149351629484847e10
65,-18.702186240234557,-21.478830009152198,2.1495282492881416e10
65,-18.863822850869635,-21.633514328917634,2.150226490310265e10
65,-21.342682935813276,-21.792195563870347,2.1492053788235287e10
65,-20.91936608424996,-21.529426565388476,2.151202877553893e10
65,-18.237641269870938,-20.315663201133983,2.1512053996619953e10
65,-19.737491400566785,-20.74276563301348,2.1515590217277153e10
65,-21.066301488894357,-21.19360427271658,2.1518792336727684e10
65,-20.84610013272833,-22.881344929024102,2.152210489970617e10
65,-19.965347544839172,-21.723974129043853,2.1520833942848816e10
65,-18.714974738083896,-20.0333595451787,2.151588866856259e10
65,-27.021411249344467,-27.4353829534949,2.153077649506184e10
65,-21.210698837170238,-22.030768918173653,2.152212656103483e10
65,-21.032301642207653,-23.055937756425788,2.1524174421838833e10
65,-21.2021123422326,-27.114618254188823,2.145224137122199e10
65,-22.340996538200656,-24.068560970625544,2.1526046277775723e10
65,-20.90245092411943,-19.982898995603335,2.151592226795485e10
65,-20.020508430100353,-22.501405446545025,2.1523258758868256e10
65,-21.2131270100966,-23.757930799702734,2.1525981801657417e10
65,-18.03397026997329,-20.840378090562588,2.143087328504448e10
65,-21.208358270767185,-24.66936608723723,2.141786629517896e10
65,-23.257712998087907,-28.205571080081043,2.1516773909270523e10
65,-21.757384396636272,-25.403305405422472,2.1472896692446915e10
65,-18.383774544765252,-20.273338747291344,2.1514381076217587e10
65,-20.039860950764087,-23.188507907811967,2.1522000997142044e10
66,-150.0,-150.0,1.9247275860972725e10
66,-2.9094989181579223,0.0,1.3800475659638664e10
66,-15.378779995977572,-150.0,8.68461997805286e9
66,-150.0,0.0,1.8215044770082554e10
66,-2.9094989181579223,-150.0,1.9245278884017303e10
66,-15.378779995977572,0.0,1.904393436964329e10
66,-15.378779995977572,-150.0,1.933514744951977e10
66,-150.0,-54.01783202698271,1.944789309518286e10
66,0.0,0.0,1.9103098429456726e10
66,-20.915069467719455,-47.07322165789606,1.902169761121961e10
66,-15.378779995977572,-73.62884429350157,1.8916958793793343e10
66,-15.997951483054095,-56.50592566484732,1.95064245585295e10
66,-150.0,-25.80687060568907,1.932242019516386e10
66,-20.144093799923088,-20.016454281350118,1.951274863180477e10
66,-17.470201461108708,-20.016454281350118,1.9512558828379684e10
66,-31.936446553771468,-56.435051723787694,1.9456102212709515e10
66,-30.126573143808887,-43.244675813333075,1.9523323260065697e10
66,-19.042544512354674,-23.299715574119322,1.948088327381419e10
66,-17.923014826078532,-26.58641388913279,1.94675422597891e10
66,-19.496472519465037,-20.042536579708948,1.9512972815070366e10
66,-16.072800598710927,-56.85156696941745,1.9443526746375824e10
66,-17.53372307678194,-20.21603143664769,1.951295378694014e10
66,-24.614207738936297,-30.389790053024882,1.9534376702155197e10
66,-18.836421336171107,-23.420465718792055,1.9521421910238293e10
66,-38.49661283186288,-22.444673843651863,1.939344988244402e10
66,-19.602120235120395,-23.07292780508402,1.9521622610589504e10
66,-29.39693539253387,-43.38392993898751,1.949910985532659e10
66,-20.55106516501325,-27.97746254180479,1.9531246603478592e10
66,-16.7509877628288,-22.568358014590636,1.9417557804555347e10
66,-18.648258047330867,-21.04096695816145,1.9414091509820145e10
66,-20.578447585387973,-25.891158991378468,1.9427678472445232e10
66,-22.83870741452145,-33.194119105529694,1.9501523143594387e10
66,-18.49050007455228,-24.519960873940576,1.9424243595222748e10
66,-21.385534965306643,-31.65227655746304,1.9450700024520893e10
66,-16.26982219671102,-25.909534067746225,1.9471357027327816e10
66,-20.160468643219666,-27.033508697485868,1.949591609495854e10
66,-17.557377085700637,-22.734768659284462,1.9454945365044388e10
66,-18.34739248992451,-22.07959985928109,1.94966021492675e10
66,-18.42735535511372,-20.177082293003444,1.9501607111133766e10
66,-20.598563600147717,-22.707221019265837,1.951414860751971e10
66,-18.543202615982995,-21.411176605278463,1.9498284656932377e10
66,-17.849604644353413,-20.26412424668007,1.9508630224973427e10
66,-18.579470373115843,-20.094659455335282,1.95116133355785e10
66,-18.30977339765017,-20.6732289067499,1.9514926410953197e10
66,-20.731270470487818,-23.33327830050842,1.9520416777544586e10
66,-19.464684405627537,-20.06074421686167,1.951277544517483e10
66,-24.08216363704571,-32.94845195937076,1.953300914720144e10
66,-21.624001977220402,-23.814602251410882,1.9523650360615974e10
66,-23.686093208775997,-27.893722379443084,1.953060804073385e10
66,-22.535727090037437,-29.91736910028366,1.947704126333522e10
66,-19.86761730020109,-25.78644007936722,1.9527323348382397e10
66,-19.092793708756144,-19.964735110643065,1.9512841112838997e10
66,-19.998876877716498,-23.347301799456666,1.952222871261696e10
66,-19.17012958070874,-21.55073811087314,1.9517785623250748e10
66,-17.133014863182176,-20.54618108475093,1.9463024569771194e10
66,-21.304657422439455,-27.749927465288042,1.9432807835968536e10
66,-23.75330941887575,-31.91357557525436,1.9531699682167595e10
66,-23.335729542233214,-28.7040084872087,1.9481643573662636e10
66,-17.316225567449077,-20.453201965754705,1.9510577073240273e10
66,-19.597173966923048,-24.584076177614982,1.952269240914319e10
67,-150.0,-150.0,1.7459669605413406e10
67,-2.9094989181579223,0.0,1.1924049524501017e10
67,-15.378779995977572,-150.0,7.873661707726684e9
67,-150.0,0.0,1.645248020744875e10
67,-2.9094989181579223,-150.0,1.744252018273832e10
67,-2.9094989181579223,0.0,1.7146567045309515e10
67,-15.378779995977572,-150.0,1.75156523440791e10
67,-150.0,-54.01783202698271,1.759883730852485e10
67,0.0,0.0,1.7225991756263817e10
67,-22.442321735786177,-50.5105845915066,1.7149915718956097e10
67,-15.378779995977572,-73.62884429350157,1.7108901171042e10
67,-15.997951483054095,-56.50592566484732,1.7624917854093315e10
67,-150.0,-25.80687060568907,1.7456656392457214e10
67,-19.331618056154774,-20.016454281350118,1.7611864477256058e10
67,-17.470201461108708,-20.016454281350118,1.7611502187879356e10
67,-41.12174459997466,-79.55892870712093,1.7548615954578392e10
67,-19.092126284864076,-48.69187909761301,1.763223966434508e10
67,-18.956411560800806,-24.205442827296988,1.7575967940562172e10
67,-18.231751211285225,-31.065931803530063,1.7545228417167118e10
67,-18.288177488004706,-20.048622449326015,1.761191930436316e10
67,-16.072800598710927,-56.85156696941745,1.756132097379001e10
67,-17.57703326928643,-20.352106769805115,1.761212899363717e10
67,-24.914865124422594,-37.44058614645592,1.765027154018174e10
67,-21.18329664524661,-30.752216479937008,1.7639163467248497e10
67,-41.319265636492936,-18.11362110514982,1.7486705088807564e10
67,-21.00316718660813,-26.40832842417882,1.7630267170980366e10
67,-26.1333033316947,-43.383929938987514,1.7610873729522305e10
67,-17.493143588407772,-32.49429783686615,1.760895614865954e10
67,-16.75098776282879,-22.568358014590622,1.7515753864284866e10
67,-16.560192281077736,-21.04096695816145,1.7511388262762062e10
67,-20.574194647242685,-29.19810810493553,1.7535178040359703e10
67,-24.393369249489194,-35.75874550780381,1.7630276010695206e10
67,-19.43280900620181,-26.5894875743456,1.752850383463639e10
67,-17.0598970114638,-28.828694187768292,1.7538398277092422e10
67,-16.146373006905897,-25.453415298992752,1.757570644260878e10
67,-17.245080604436314,-24.83411541434184,1.7590337057900192e10
67,-16.94300271093711,-23.8896334555047,1.7578784919325928e10
67,-18.67508343835491,-21.657258686828907,1.7598576701681175e10
67,-17.67371124438018,-19.83170780111083,1.7599780660416542e10
67,-18.61870785438197,-21.6991698528714,1.761187971710633e10
67,-18.40615299381047,-21.008345052961978,1.7578012339590534e10
67,-17.273619279282478,-20.264124246680062,1.760725476940526e10
67,-18.05941305126298,-20.06161195422909,1.76090848648623e10
67,-18.15859225986133,-21.121029787704295,1.7615179023324615e10
67,-18.5631731771873,-22.0754909581689,1.7615241898508343e10
67,-18.236431503914094,-20.060744216861668,1.7611640201267227e10
67,-20.985287765633476,-36.0080716489427,1.764466737689098e10
67,-18.05281908522332,-19.98503591936808,1.7611624070955273e10
67,-18.53083152424261,-23.03658079383572,1.7620523162388184e10
67,-19.462405461159477,-26.18488349313136,1.7579199153691e10
67,-18.96630449376196,-28.74346652931106,1.763450674381115e10
67,-17.63817255677316,-19.919774330709163,1.76113265850337e10
67,-19.566091390087013,-26.782359866750536,1.7630409344722008e10
67,-18.993735240118607,-22.66587541680168,1.7620057120585663e10
67,-16.2649661377538,-20.2310692882434,1.754781496029674e10
67,-17.180071146852427,-26.77085577379972,1.7531518526148136e10
67,-19.041892781870803,-26.024666866376243,1.7623518884927452e10
67,-22.582273129624987,-35.15954564661247,1.7584698238649246e10
67,-17.3787147900934,-20.730515953730855,1.761201391476205e10
67,-21.109759769306905,-27.211503602990533,1.762885993881119e10
68,-150.0,-150.0,1.5774049376361668e10
68,-2.9094989181579223,0.0,1.02008918997483e10
68,-15.378779995977572,-150.0,7.170993306007133e9
68,-150.0,0.0,1.4785311210907e10
68,-2.9094989181579223,-150.0,1.5752591874956512e10
68,-2.9094989181579223,0.0,1.536291114699025e10
68,-15.378779995977572,-150.0,1.5803295496082932e10
68,-150.0,-54.01783202698271,1.5851577953769386e10
68,0.0,0.0,1.5452937077413635e10
68,-28.19242652168733,-61.42819087986081,1.5352823610238956e10
68,-15.378779995977572,-73.62884429350157,1.5404812290513872e10
68,-15.997951483054095,-56.50592566484732,1.5847778256146132e10
68,-150.0,-25.80687060568907,1.5686087165478607e10
68,-18.008995602590883,-20.016454281350118,1.581494453167266e10
68,-17.470201461108708,-20.016454281350118,1.5814737899640541e10
68,-32.21177818821855,-80.61215886230109,1.5803117277757e10
68,-17.668089325397652,-67.15183630876493,1.586071179148227e10
68,-26.22456164931742,-45.8980400626562,1.5619535547160557e10
68,-18.76625009898341,-38.821082985553915,1.5719954831716713e10
68,-17.999054710526263,-20.056128355187052,1.5815088827939606e10
68,-16.072800598710927,-56.85156696941745,1.5780476281524673e10
68,-17.66308250609895,-20.622462958270358,1.5815881705283985e10
68,-22.018139983193638,-38.0579842860011,1.5864721384270367e10
68,-22.24078056400059,-33.20310577227177,1.581626899915416e10
68,-41.319265636492915,-18.11362110514982,1.5687513320102325e10
68,-19.704623701969627,-30.751997494712235,1.584741679995128e10
68,-19.846158708513254,-35.18623783350845,1.5835184741591072e10
68,-17.491989672711174,-40.82834094771226,1.5804340555976624e10
68,-15.69356175626395,-21.70628988499373,1.5710426493368675e10
68,-15.683344031242491,-21.04096695816145,1.5707555357982368e10
68,-19.050538821169344,-34.25276414307652,1.5748327406296654e10
68,-21.068232151230426,-40.79477822045429,1.5800193126201723e10
68,-31.41290482249939,-32.39863168391271,1.574419938251408e10
68,-16.041815966675053,-30.496246095607546,1.5740557699105341e10
68,-16.252028965389012,-26.327744562259205,1.5788704326377483e10
68,-16.25245769639648,-24.78440515502702,1.5789050350145573e10
68,-15.532050376019916,-21.248214095420646,1.5708946466089674e10
68,-18.95510151510025,-21.258913685303614,1.5793612588307888e10
68,-16.864243714624543,-19.33480904339896,1.580181137053263e10
68,-31.874966183523032,-23.61255193003938,1.5824659407882828e10
68,-18.505942559599866,-20.952375609721614,1.5788278485689293e10
68,-16.986077180541763,-20.103532261970358,1.5811511129743698e10
68,-17.301389528075596,-19.777751617592706,1.5813551603304344e10
68,-17.838385353478664,-24.241323040377175,1.5827523569071281e10
68,-17.945476883260245,-20.06119887229309,1.5814790185123741e10
68,-17.306458442010822,-20.06458750820674,1.5807647784488829e10
68,-18.534809662718533,-42.87749486952321,1.5823493584213242e10
68,-16.98466280534076,-19.84112217900649,1.5813754327516823e10
68,-17.85256496500477,-20.180455509710793,1.581531058762828e10
68,-33.084507045871014,-28.589534356651352,1.5755263821534662e10
68,-17.47839185012721,-32.564938405980456,1.5838645853294283e10
68,-17.318305968982582,-19.786753259335224,1.5813610533359901e10
68,-33.038578081224166,-28.988879369409407,1.5838417198939598e10
68,-34.50355330785129,-25.114076714994724,1.5832066241577387e10
68,-15.683266090361466,-19.64513909633129,1.5736820471097683e10
68,-16.538880037659318,-21.35834385740988,1.5714235005094824e10
68,-19.332054681021656,-31.133847261523368,1.5848131482066767e10
68,-35.764103323114895,-47.522934769964756,1.5819087132365139e10
68,-16.506902975085616,-21.003110679332213,1.581827020146883e10
68,-19.646702620716233,-24.42180588684067,1.5830776277256914e10
69,-150.0,-150.0,1.4085687199066893e10
69,-2.9094989181579223,0.0,1.358413595880211e10
69,-15.378779995977572,-150.0,6.480537038226816e9
69,-150.0,0.0,1.3131604531298058e10
69,-2.9094989181579223,-150.0,1.4065103825827305e10
69,-2.9094989181579223,0.0,1.358413595880213e10
69,-15.378779995977572,-150.0,1.4087235138357046e10
69,-150.0,-54.01783202698271,1.4115296802185768e10
69,0.0,0.0,1.3691007609793396e10
69,-15.378779995977572,-73.6288442935016,7.172200074513791e9
69,-15.378779995977572,-73.62884429350157,1.371028577387638e10
69,-15.997951483054095,-56.50592566484732,1.4077604143472164e10
69,-150.0,-25.80687060568907,1.3920926653407602e10
69,-17.470201461108708,-20.016454281350118,1.402822859820591e10
69,-17.470201461108708,-20.016454281350118,1.402822859820591e10
69,-17.023782922331428,-80.61215886230113,1.4064948667472248e10
69,-17.04975038590372,-67.15183630876493,1.4102867716100266e10
69,-20.84720433494108,-49.8750541202342,1.3848926792300598e10
69,-19.11435971216639,-43.87187493345843,1.3937673193510963e10
69,-18.55759289354126,-20.22616010020247,1.4028966081143085e10
69,-16.072800598710927,-56.85156696941745,1.4003055456216047e10
69,-17.22555694630091,-19.89126889638317,1.4027279402584225e10
69,-19.465455954547526,-38.057984286001094,1.4088006401229313e10
69,-85.4732288605338,-41.260844010872944,1.3981685021079876e10
69,-41.59004957591723,-17.698132696351443,1.389106573719951e10
69,-22.097675600824964,-37.91949291133656,1.4002434475611092e10
69,-21.191795617031044,-40.63548790084052,1.4007247170848314e10
69,-16.721416860436243,-38.20843182094785,1.4023469486111595e10
69,-15.69356175626395,-21.70628988499373,1.3911253603197996e10
69,-15.683344031242502,-21.04096695816144,1.3908114003028677e10
69,-15.940910001907394,-37.71386049013382,1.3965596819214653e10
69,-17.995290657030687,-45.71853703792151,1.399189957894424e10
69,-47.25312862872133,-43.834277803867856,1.398417801700273e10
69,-15.923029928199355,-30.4454833492648,1.3946509571524313e10
69,-16.452289248895774,-23.821294865821002,1.401880142606549e10
69,-16.452978946603416,-21.33853147157792,1.4017461104288845e10
69,-15.53205037601992,-21.24821409542065,1.3909589293715475e10
69,-22.484461440770584,-21.88358571655457,1.3957449176124504e10
69,-16.271127658814688,-18.421348798150717,1.3984578152166142e10
69,-18.35777420044371,-30.40912844416452,1.4059085730439684e10
69,-16.190730148181785,-20.24658894441789,1.4012652045259209e10
69,-16.415609100912572,-19.846278247469435,1.4019576895258339e10
69,-16.667874418978194,-19.72205432938264,1.402627972579171e10
69,-17.01536848923873,-21.102726399048276,1.4031717273655045e10
69,-17.31786516760471,-20.134707843127988,1.4026379691575027e10
69,-40.808966487883936,-20.387742428308893,1.3988936755740124e10
69,-18.156266498207362,-41.193693494899904,1.406451282337362e10
69,-16.68911753661244,-19.7343982906234,1.4026371742311687e10
69,-16.64335380529638,-20.44988609916047,1.4027905450506794e10
69,-40.915549266993104,-39.01335436088695,1.39755035167498e10
69,-17.065772499121902,-27.312652699681642,1.4045551874375235e10
69,-16.20051336329183,-18.135442200858197,1.4011797575754087e10
69,-26.26501555645451,-32.47010871587652,1.4059489420566986e10
69,-34.467410304463314,-32.35528744532523,1.4068490059126572e10
69,-15.543276005445513,-19.479221896859126,1.3916695722019758e10
69,-15.531835416977978,-21.088816061990343,1.3911160863814701e10
69,-17.417985845691252,-30.979379758532243,1.406575813340706e10
69,-103.51080103446603,-65.0728540678129,1.4042461371171526e10
69,-16.451434533551918,-21.39041896249656,1.40327292114424e10
69,-16.763384972029332,-22.726029027617187,1.40388924872486e10
70,-150.0,-150.0,1.2461238959242014e10
70,-2.9094989181579223,0.0,1.1857332802470613e10
70,-15.378779995977572,-150.0,5.827973482972041e9
70,-150.0,0.0,1.1525019152472296e10
70,-2.9094989181579223,-150.0,1.2427813952986942e10
70,-2.9094989181579223,0.0,1.1857332802470625e10
70,-15.378779995977572,-150.0,1.2427355143391508e10
70,-150.0,-54.01783202698271,1.243210025717968e10
70,0.0,0.0,1.1975237933097595e10
70,-15.378779995977572,-73.6288442935016,1.206153763617619e10
70,-15.378779995977572,-73.62884429350159,1.2061537636176193e10
70,-15.997951483054095,-56.50592566484732,1.2357341948597506e10
70,-150.0,-25.80687060568907,1.221233712610528e10
70,-17.470201461108708,-20.016454281350118,1.2288943615611141e10
70,-17.470201461108708,-20.016454281350118,1.2288943615611134e10
70,-17.02378292233143,-80.6121588623012,1.2377371339366528e10
70,-17.049750385903707,-67.15183630876497,1.239310941243077e10
70,-21.42108665319277,-54.94917550404056,1.2136157758421532e10
70,-19.547958052617687,-50.163039910350264,1.2214325419131199e10
70,-18.1409822943819,-20.166425752632875,1.2289582318975548e10
70,-16.072800598710927,-56.85156696941745,1.2278807842026358e10
70,-16.668341517034225,-19.723782114318134,1.228673498361414e10
70,-19.824848899641545,-42.912818403899095,1.2375423795476925e10
70,-67.67274027033628,-45.52400908816505,1.2276016255887232e10
70,-41.59004957591723,-17.698132696351443,1.214981105134928e10
70,-17.24699929905585,-42.951577402928145,1.2294783042530422e10
70,-21.600564603615762,-39.34057939174505,1.227445482242782e10
70,-16.721416860436246,-38.20843182094784,1.2290178100404564e10
70,-15.69356175626395,-21.70628988499373,1.216475611511225e10
70,-15.683344031242513,-21.040966958161423,1.216133918324394e10
70,-16.009144000705582,-42.129742036379355,1.2243474329366299e10
70,-16.886601025285863,-46.70854945214005,1.2264703286698889e10
70,-98.76286465728529,-58.305130651247886,1.231523654760034e10
70,-15.986331492871205,-32.85629533940852,1.221472943495372e10
70,-16.449621676106485,-23.871886389871587,1.227906344408128e10
70,-16.453266174818964,-21.121792601950396,1.2276777435113754e10
70,-15.529454399486895,-21.18188004501659,1.21625426163201e10
70,-22.544637776575307,-21.891186518096653,1.221399947518977e10
70,-16.27112765881469,-18.421348798150714,1.2242089317786842e10
70,-42.19807971905932,-35.56274175873527,1.2339473332165512e10
70,-16.190730148181785,-20.24658894441788,1.2271632461126331e10
70,-16.34596272085747,-19.880034947047815,1.227685174958384e10
70,-16.15003666973396,-17.80658443907589,1.2264964169515099e10
70,-16.92740517900325,-24.601405369647736,1.2305078142335032e10
70,-17.29204732222139,-20.273683652022665,1.2285574109644224e10
70,-40.80896648788395,-20.387742428308883,1.2252425846487791e10
70,-18.552087087937327,-42.01721395667978,1.2346535041563309e10
70,-16.70494688486251,-19.7424868059036,1.2286924630288069e10
70,-16.495562037301163,-19.722754153147285,1.228324923077381e10
70,-66.88703065000186,-27.300850898091987,1.2211069819051664e10
70,-16.266817677300182,-22.06388508566147,1.2282845314212406e10
70,-16.200513363291837,-18.135442200858193,1.2270758321652592e10
70,-22.655683208477917,-35.12684513210567,1.2345054021934498e10
70,-77.28492102741046,-22.308390830746063,1.2310456714105991e10
70,-15.543276005445508,-19.479221896859126,1.216994111469362e10
70,-15.531892686585286,-20.996597987322897,1.2165396159346478e10
70,-17.553318443398275,-32.73882096925899,1.233837481994505e10
70,-107.00818229625669,-67.44312198751888,1.2356263106293732e10
70,-16.519108019896592,-22.309702370574346,1.229885582704087e10
70,-16.95692239671467,-23.858631744768804,1.2305440892482601e10
71,-150.0,-150.0,1.083102005464314e10
71,-2.9094989181579223,0.0,1.0127620328261713e10
71,-15.378779995977572,-150.0,6.001251744268169e9
71,-150.0,0.0,9.918755850297592e9
71,-2.9094989181579223,-150.0,1.079089851591519e10
71,-2.9094989181579223,0.0,1.012762032826172e10
71,-15.378779995977572,-150.0,1.0763335221269114e10
71,-150.0,-54.01783202698271,1.0748880751608244e10
71,0.0,0.0,1.02609198367166e10
71,-15.378779995977572,-73.6288442935016,1.0415090729612347e10
71,-61.35751187920344,-83.59885758050982,1.0686189135629162e10
71,-15.997951483054095,-56.50592566484732,1.063690761727883e10
71,-150.0,-25.80687060568907,1.0499246483685534e10
71,-17.470201461108708,-20.016454281350118,1.0551098097680496e10
71,-17.470201461108722,-20.016454281350114,1.0551098097680494e10
71,-16.904664182833706,-96.78103027259118,1.0715723831125275e10
71,-16.935217484529115,-79.99174178020986,1.0709238151758488e10
71,-120.55505449432776,-35.07804255013299,1.0318686117486212e10
71,-20.577156562445843,-52.268912566822245,1.0473542703141552e10
71,-110.04313378423105,-30.46370104656648,1.0542996160955494e10
71,-16.072800598710927,-56.85156696941745,1.0551960083232714e10
71,-16.668341517034225,-19.723782114318134,1.0548607838017252e10
71,-19.824848899641545,-42.912818403899124,1.065233495988821e10
71,-44.96177206904967,-50.96321970402052,1.0564525116446356e10
71,-41.59004957591723,-17.698132696351443,1.0405194961798018e10
71,-17.405953524507655,-49.35916266641797,1.0560739838038404e10
71,-16.9249796250917,-39.68671378383431,1.0565415302561987e10
71,-16.304742369262343,-31.421030436748612,1.054489459147992e10
71,-15.69356175626395,-21.70628988499373,1.0415450015982988e10
71,-15.646304778039795,-18.629171348394323,1.0395920722871958e10
71,-16.114258457502725,-39.12523451827948,1.049943363416376e10
71,-17.381957806679306,-40.53453878944947,1.0515028182219254e10
71,-121.49463340705643,-68.32033910676452,1.0654928250357084e10
71,-16.067095558142164,-35.932158913040155,1.0485451518718441e10
71,-16.090449743040608,-30.6837175657257,1.0509822900110888e10
71,-16.100590745239828,-23.086061005469137,1.0508395905850342e10
71,-15.529454399486893,-21.18188004501659,1.0412946560526197e10
71,-26.938306207031328,-21.076499367615412,1.0438658532759901e10
71,-15.384107784042465,-4.327886454344978,1.0327935136996084e10
71,-88.47659601242029,-35.95834357139135,1.0584830377103334e10
71,-16.07000215038758,-20.312258837033802,1.0525748815181845e10
71,-16.22493533229921,-19.416964463268588,1.0527638247719769e10
71,-15.796965477067442,-16.500582241139472,1.0506247404649914e10
71,-17.353061886788,-32.60967488463739,1.0594503678385754e10
71,-20.550103453645914,-22.034007498719696,1.0553978480846603e10
71,-40.808966487883964,-20.38774242830886,1.0515127212646252e10
71,-19.360410114210087,-45.90989753608667,1.0652445636808128e10
71,-16.704946884862505,-19.742486805903603,1.054879545371162e10
71,-16.151943394461913,-19.69037116345767,1.0534590048980347e10
71,-76.36608816258835,-28.537716107646798,1.0485229982862392e10
71,-15.8747779957108,-19.51603043500983,1.0524810991207602e10
71,-16.082880115985557,-17.760681469515635,1.0525730082242413e10
71,-28.44870754912665,-32.51215006503306,1.0611770817831049e10
71,-92.40727776924538,-19.148750140804047,1.0577785821212431e10
71,-15.551689156898567,-18.44282128493719,1.0423015165559248e10
71,-15.520075896160064,-23.82902599363264,1.0426979424808065e10
71,-16.45334960029542,-24.721643928581297,1.0573355316281015e10
71,-98.19034248968292,-66.9091637410215,1.0660593698998577e10
71,-16.247191647122904,-22.939033560137183,1.0559776481687534e10
71,-16.67517242622881,-20.804298547306704,1.0553444644351788e10
72,-150.0,-150.0,9.165642847091885e9
72,-2.9094989181579223,0.0,8.385363515923347e9
72,-15.378779995977572,-150.0,5.126599031091138e9
72,-150.0,0.0,8.27924075770069e9
72,-2.9094989181579223,-150.0,9.092618480609901e9
72,-2.9094989181579223,0.0,8.385363515923347e9
72,-15.378779995977572,-150.0,9.061597583531017e9
72,-150.0,-54.01783202698271,9.020676399725258e9
72,-2.9094989181579223,0.0,8.517557055479464e9
72,-15.378779995977572,-73.6288442935016,8.716749003837532e9
72,-65.1698046413943,-101.80663666312076,9.119717087674858e9
72,-15.997951483054095,-56.50592566484733,8.878544742306156e9
72,-150.0,-25.80687060568907,8.77215074941114e9
72,-17.470201461108708,-20.016454281350118,8.775076883749388e9
72,-23.77449512042477,-17.542966502000745,8.430344162557021e9
72,-16.904664182833706,-96.78103027259118,8.988286138137306e9
72,-15.622267653989427,-94.10310010242732,9.009099051243944e9
72,-145.09618521060938,-26.082855476680333,8.602828867808292e9
72,-84.9507349315811,-48.67782551562895,8.681600825452969e9
72,-110.04313378423102,-30.46370104656648,8.81358691634171e9
72,-16.072800598710927,-56.85156696941745,8.800266698352287e9
72,-16.668341517034225,-19.723782114318134,8.77237657726626e9
72,-22.229806905437602,-60.5806555769132,8.955799850389385e9
72,-15.98570919154614,-57.9029022139051,8.820652187746334e9
72,-41.59004957591723,-17.698132696351443,8.64696970750946e9
72,-19.270024211519633,-38.14550451034119,8.772097362448832e9
72,-16.129243005036013,-47.87768271584494,8.815149215690683e9
72,-16.02778033950602,-40.331099829916944,8.767398651330563e9
72,-15.693561756263948,-21.70628988499373,8.650801206584595e9
72,-15.572173233031563,-13.80212654223764,8.595886832832481e9
72,-16.22835586710303,-43.84943714401176,8.7601247734906e9
72,-21.764340365240315,-32.03636956825597,8.722950298570856e9
72,-113.63108400210659,-80.04819248637162,8.9690612786988e9
72,-16.03836785065513,-30.818711513790547,8.697223568314493e9
72,-16.021528835461545,-38.27795930376115,8.757420810448854e9
72,-15.94400688832621,-24.01336682864175,8.725262468010763e9
72,-15.529454399486884,-21.18188004501659,8.648169078923481e9
72,-26.938306207031317,-21.0764993676154,8.6758347794905e9
72,-15.384107784042452,-4.327886454344979,8.565390064772842e9
72,-91.97937146498128,-45.86601867402183,8.876236872781624e9
72,-15.905015535035506,-20.474525918403476,8.745041126516384e9
72,-15.953915461434342,-16.991782059443832,8.723973175729021e9
72,-15.703159541517612,-16.15359624921439,8.72720580052753e9
72,-17.87495389116833,-42.42730095516587,8.85317941910427e9
72,-27.793348451038746,-25.88729714012961,8.799547564106682e9
72,-57.78893304664432,-20.328571866880722,8.751458310031572e9
72,-18.957245664123057,-47.193240509032506,8.900376780229176e9
72,-16.732836688922145,-19.756737999492525,8.772679166968412e9
72,-16.019318565019095,-19.41675358593823,8.75798511389299e9
72,-87.68064761110831,-25.65690615169656,8.732196434870539e9
72,-15.812596753449919,-19.247155271774243,8.749127184534006e9
72,-16.25674544419055,-15.661286079157716,8.741573542912731e9
72,-46.873707203013765,-39.87863074944451,8.889308230616142e9
72,-92.4072777692454,-19.14875014080405,8.823149862640541e9
72,-15.580872276001397,-14.847806662332957,8.660790757243774e9
72,-15.509184078773153,-26.903315063441763,8.677682143410484e9
72,-16.24053976619518,-28.502857928627808,8.81467981494237e9
72,-77.92436925462691,-49.664188512749604,8.871594628897089e9
72,-16.14903590495108,-25.493178109957235,8.797144901816002e9
72,-16.719794676896075,-22.364228000289632,8.785334875883286e9
73,-150.0,-150.0,7.579760580467222e9
73,-2.9094989181579223,0.0,6.734184925094347e9
73,-15.378779995977572,-150.0,4.337148396777042e9
73,-150.0,0.0,6.741813192164346e9
73,-2.9094989181579223,-150.0,7.4800447267903185e9
73,-2.9094989181579223,0.0,6.734184925094351e9
73,-15.378779995977572,-150.0,7.434847858231966e9
73,-150.0,-54.0178320269827,7.392539952170754e9
73,-2.9094989181579223,0.0,6.865936465575875e9
73,-15.378779995977572,-73.6288442935016,7.106847001522245e9
73,-65.16980464139431,-101.80663666312076,7.4834314004066515e9
73,-15.997951483054095,-56.50592566484737,7.210589875714819e9
73,-150.0,-25.80687060568907,7.1374841081747e9
73,-17.470201461108708,-20.016454281350118,7.099164792977571e9
73,-25.837831563489118,-16.733417050086477,6.7158436009174185e9
73,-16.904664182833706,-96.78103027259118,7.349735732645307e9
73,-15.378779995977572,-118.47052622896862,7.438225216051405e9
73,-144.2670659503615,-30.492850300458052,7.061161528919398e9
73,-123.70697338574917,-35.56560970712954,7.061609853202357e9
73,-110.04313378423095,-30.463701046566477,7.183923910300894e9
73,-16.072800598710927,-56.85156696941746,7.132676078128641e9
73,-16.668341517034225,-19.723782114318134,7.096287218672215e9
73,-23.445135379777817,-70.93841095180586,7.333026974089589e9
73,-15.96538786320768,-58.14821377095219,7.157598995226971e9
73,-41.59004957591723,-17.698132696351443,6.979026693969698e9
73,-16.898722768166717,-32.08839761760618,7.086439984072155e9
73,-16.34430287868569,-34.39761070601667,7.114803835448561e9
73,-16.047560419153395,-34.68259934157236,7.072231758856537e9
73,-15.693561756263941,-21.70628988499373,6.974715964247164e9
73,-15.554981887716608,-12.682719222394956,6.913755998961184e9
73,-16.378860986401314,-35.66578342881038,7.044924012539522e9
73,-28.990208173617518,-30.479522121569087,7.069251599768145e9
73,-113.28635404295235,-79.38514045181728,7.334814683626474e9
73,-16.195986970287322,-34.984217571287516,7.042499239845169e9
73,-15.98152189885701,-33.25246461234319,7.05331049765774e9
73,-15.601758309376901,-20.741002609986626,7.011934701303844e9
73,-15.488029551399382,-20.324067898504957,6.96736563812401e9
73,-39.829643030948894,-20.80119929836291,7.032676063297041e9
73,-15.384107784042438,-4.32788645434498,6.89677106593026e9
73,-108.62932829831257,-31.926487451279204,7.204470617601355e9
73,-15.69451537062081,-20.6815563325648,7.059210943802996e9
73,-15.404118395807435,-8.510963419285343,6.963950818865799e9
73,-15.703159541517609,-16.153596249214385,7.051407680301384e9
73,-19.216119129117978,-52.49942140692892,7.250318183725498e9
73,-42.30139121116389,-31.242722927489318,7.157507246372333e9
73,-90.3600132765887,-18.734222792980223,7.130001001242676e9
73,-16.22548670676798,-32.7396585003878,7.159419176967171e9
73,-15.817782654291962,-19.39564363496825,7.07761106598247e9
73,-15.840408974266381,-19.3321181378523,7.076828057568019e9
73,-117.88638390666976,-21.71566468029397,7.087921066188448e9
73,-15.837699710309156,-14.957481156581732,7.054909792702562e9
73,-16.25674544419054,-15.661286079157705,7.065971703308246e9
73,-71.33221272261655,-26.839818567948228,7.193438071661867e9
73,-94.00547564053993,-18.56550880033621,7.167929937937214e9
73,-15.578640795852145,-14.06904577298753,6.981135370154514e9
73,-15.539703971101359,-36.39527446894901,7.04740420437797e9
73,-16.24970249802045,-25.923935841469564,7.125697930254693e9
73,-54.53011474515213,-63.178627416727046,7.218868357960352e9
73,-15.96922887432951,-29.74765728738927,7.139974564745151e9
73,-16.305919459482475,-18.42083372095126,7.080073954271372e9
74,-150.0,-150.0,5.983118276800634e9
74,-2.9094989181579223,0.0,5.081923522607603e9
74,-15.378779995977572,-150.0,3.5553671837029557e9
74,-150.0,0.0,5.216472528549149e9
74,-2.9094989181579223,-150.0,5.870930125007951e9
74,-2.9094989181579223,0.0,5.081923522607603e9
74,-15.378779995977572,-150.0,5.797628991233122e9
74,-150.0,-54.01783202698269,5.77258648573862e9
74,-2.9094989181579223,0.0,5.227132153571914e9
74,-15.378779995977572,-73.6288442935016,5.503509687206643e9
74,-65.16980464139435,-101.80663666312076,5.852047094690806e9
74,-15.997951483054093,-56.50592566484738,5.544833611138138e9
74,-150.0,-25.80687060568907,5.499713954054739e9
74,-17.47020146110872,-20.016454281350118,5.4349937830193205e9
74,-15.378779995977572,0.0,2.492164843727822e9
74,-16.904664182833695,-96.78103027259118,5.716347752943759e9
74,-15.378779995977572,-118.47052622896862,5.793490034196812e9
74,-150.0,-43.01630708083723,4.9815210066527605e9
74,-124.07068401106793,-35.61884356336061,5.485267586099352e9
74,-110.0431337842309,-30.46370104656647,5.564693719612734e9
74,-16.072800598710923,-56.8515669694175,5.459437769021292e9
74,-16.668341517034214,-19.72378211431813,5.431966080599751e9
74,-23.445135379777817,-70.93841095180582,5.678146868283454e9
74,-15.940324891590267,-58.45076469131029,5.4913681008035755e9
74,-41.59004957591723,-17.698132696351443,5.30916714847801e9
74,-16.4990818161964,-40.53043226669657,5.39014047637747e9
74,-16.05991114034463,-42.095740831530165,5.463904037345238e9
74,-15.772721307909821,-31.12304886540982,5.398709009706966e9
74,-15.690629129122122,-21.637757524825602,5.29594019934973e9
74,-15.406941161463283,-2.909498918157973,5.174481887477297e9
74,-16.37886098640132,-35.665783428810386,5.368087980249678e9
74,-50.704650881565875,-29.422299613830784,5.390110944207121e9
74,-113.28635404295237,-79.38514045181722,5.695198852766947e9
74,-16.08467235178314,-34.56935139714313,5.363898321318317e9
74,-15.925648736855354,-32.539150937243186,5.38333928267885e9
74,-15.56565953533497,-19.97465637258718,5.342220637258871e9
74,-15.48802955139938,-20.324067898504957,5.289099929835585e9
74,-79.8519426811026,-21.67927054897367,5.389201289843527e9
74,-15.378779995977572,-4.658843546121948,5.241586276225399e9
74,-117.22033537173598,-31.43102995678817,5.590978652509485e9
74,-15.724581732187497,-20.846499656559583,5.397593815798027e9
74,-15.404118395807439,-8.510963419285345,5.298415129714268e9
74,-15.673947182466428,-14.942151075327025,5.379325477967566e9
74,-19.216119129117995,-52.499421406928896,5.589922296019814e9
74,-48.342117200283575,-33.60571296777521,5.519419065351994e9
74,-141.24780751140779,-17.294034022357934,5.531347329025629e9
74,-16.225486706767995,-32.739658500387804,5.494999962289958e9
74,-15.83952953611633,-19.057110563263592,5.412205817763806e9
74,-15.844177994909439,-20.51072202894672,5.392398539507313e9
74,-145.7172819683602,-21.080639522907934,5.4695749669570675e9
74,-15.70527599761898,-10.216205360252182,5.367518870355659e9
74,-16.32617490184468,-15.06442041075047,5.399249327421388e9
74,-108.52292085993079,-26.722530795971362,5.590267207831663e9
74,-146.70746728446787,-17.88147351903608,5.58526164966164e9
74,-15.605156388286186,-13.763441120956525,5.319098965968281e9
74,-15.542822223824977,-37.36507894763159,5.375161098457258e9
74,-16.00238735183812,-26.762966349009538,5.463007184819368e9
74,-80.84133509985337,-66.40217018405659,5.600760833086031e9
74,-15.736420992473619,-35.748065657804666,5.485735286582993e9
74,-16.4295191898591,-17.5926866727204,5.415478250697159e9
75,-150.0,-150.0,4.4361445422204e9
75,-2.9094989181579214,0.0,3.468563751087261e9
75,-15.378779995977572,-150.0,2.641521953378212e9
75,-150.0,0.0,3.634277140592314e9
75,-2.9094989181579214,-150.0,4.213390362407055e9
75,-2.9094989181579214,0.0,3.4685637510872593e9
75,-15.378779995977572,-150.0,4.2075679270896893e9
75,-150.0,-54.01783202698264,4.103469149648306e9
75,-2.9094989181579214,0.0,3.53188369020121e9
75,-15.378779995977572,-73.6288442935016,3.8502828656978855e9
75,-65.16980464139439,-101.8066366631208,4.1735126342508907e9
75,-15.997951483054091,-56.50592566484744,3.86938299930122e9
75,-150.0,-25.806870605689056,3.9048840409241867e9
75,-17.470201461108736,-20.016454281350118,3.7151833152268105e9
75,-15.378779995977572,0.0,1.671688022880389e9
75,-16.90466418283368,-96.78103027259118,4.0348350984487343e9
75,-15.378779995977572,-118.47052622896864,4.1367452440517235e9
75,-150.0,-57.190872952140815,3.508405722970002e9
75,-124.07068401106798,-35.61884356336065,3.857062526958729e9
75,-122.17857103493202,-31.83323644293208,3.91391292820792e9
75,-16.072800598710916,-56.85156696941752,3.830181006662836e9
75,-16.180252855423635,-19.545633838733448,3.7098685552040815e9
75,-23.445135379777817,-70.93841095180578,3.97351494081958e9
75,-15.940324891590278,-58.450764691310276,3.852248013027256e9
75,-41.590049575917234,-17.698132696351447,3.6791604814279976e9
75,-16.499081816196416,-40.53043226669658,3.7562148378461666e9
75,-15.792589859391372,-43.048537349254936,3.817543375004532e9
75,-15.457672429750243,-18.571333833837063,3.6587455459540977e9
75,-15.558275970418068,-18.544805743684538,3.640569374484228e9
75,-15.378779995977572,0.0,3.5260612548838444e9
75,-16.20253710270187,-28.530965133243992,3.6949102079565105e9
75,-73.82935906512611,-36.06364965988731,3.8377544163350887e9
75,-110.76953502287293,-74.54430220276319,4.079474200089838e9
75,-15.533411409756976,-23.296547852418826,3.6663264468981304e9
75,-15.474958677190155,-19.426277053652584,3.659130209462391e9
75,-15.665250645266823,-19.4063319581095,3.6935242916303596e9
75,-15.432135539228282,-19.415595683597623,3.6453320638796844e9
75,-37.10037544498019,-16.972002851878703,3.6721423555351048e9
75,-15.378779995977572,-5.7459070402170696,3.597308621038418e9
75,-117.22033537173607,-31.431029956788155,3.9337205365177345e9
75,-15.937910703781933,-25.74289905820483,3.741307085671482e9
75,-139.67477859720793,-1.1008914825462397,3.8012511245812073e9
75,-15.485014745287305,-11.923668220323602,3.65623774304253e9
75,-16.731986463781638,-41.570362005856204,3.8246020585915165e9
75,-99.14243174853978,-42.40347337208329,3.9554048521933575e9
75,-141.24780751140784,-17.29403402235793,3.8906011728132286e9
75,-15.97427279059907,-33.013878694033785,3.78096979028701e9
75,-15.924542754720392,-19.767015133203554,3.71049274022904e9
75,-16.313248468700774,-24.193617313342646,3.707151713082346e9
75,-134.1679938490521,-8.335321224992958,3.782472859965294e9
75,-15.378779995977572,0.0,3.589381193997799e9
75,-16.30131489134261,-13.565950695043858,3.6759866611118584e9
75,-146.70882249552835,-30.498198930665275,3.9877370927776966e9
75,-146.70882249552835,-17.817991129715136,3.918368042152523e9
75,-15.378779995977572,-10.39415689136542,3.606286684352276e9
75,-15.491178550307636,-47.16293627704422,3.7866842392584476e9
75,-15.991911700085607,-28.266122992476376,3.755252238140066e9
75,-100.49029763339635,-88.61119167748578,4.1219906023718395e9
75,-15.432685292110481,-42.483740313674055,3.8267682889412746e9
75,-16.60175307334065,-18.769019804284504,3.706708793355873e9
76,-150.0,-150.0,2.67415580904459e9
76,-2.9094989181579196,0.0,1.6417380876427765e9
76,-15.378779995977572,-150.0,1.735721573420512e9
76,-150.0,0.0,1.9561332511379147e9
76,-2.9094989181579196,-150.0,2.4430389519508657e9
76,-15.378779995977572,-117.64251634773122,2.264639630166666e9
76,-15.378779995977572,-150.0,2.402741578992756e9
76,-150.0,-54.017832026982596,2.322851747671199e9
76,-2.9094989181579196,0.0,1.7252387607486563e9
76,-15.378779995977572,-73.6288442935016,2.094245529910202e9
76,-67.38450288524504,-103.05998117091106,2.393882326611747e9
76,-16.313248468700774,-34.905370378444324,1.9344211525503635e9
76,-150.0,-23.086154327572984,2.0828287567369614e9
76,-16.313248468700774,-19.45362694699849,1.8781280714899359e9
76,-15.378779995977572,0.0,8.808553252021004e8
76,-16.313248468700774,-101.92023186635075,2.272243625194169e9
76,-15.378779995977572,-118.47052622896872,2.328744427536907e9
76,-150.0,-66.57053401053354,2.071543961948658e9
76,-124.53112053977948,-40.85659638638101,2.1552067043591404e9
76,-95.423829728099,-9.204050434545621,1.9530398851553583e9
76,-16.313248468700774,-35.79015433251835,1.878403440421093e9
76,-15.378779995977572,-57.756243908732905,2.0612093211058779e9
76,-15.498601950933324,-76.90407162856715,2.163482014561412e9
76,-15.378779995977572,-76.81820640828988,2.0793053477199383e9
76,-66.31653891641854,0.0,1.7924540131686745e9
76,-15.378779995977572,-14.444695267395728,1.7659295419547234e9
76,-15.378779995977572,-79.17843618160614,2.150925795051075e9
76,-5.818997836315838,-28.74506096655081,1.8296681147990742e9
76,-67.38450288524504,-21.12005870837213,1.9110187640261803e9
76,-15.378779995977572,0.0,1.6849413877905464e9
76,-95.423829728099,-69.81164188580267,2.2121575068593254e9
76,-67.38450288524504,-48.49670224870991,2.0501195797631016e9
76,-150.0,-101.38900338699058,2.464542133001068e9
76,-15.378779995977572,-24.784559704103916,1.8201722912179527e9
76,-15.378779995977572,-9.243415673392676,1.7980233187378101e9
76,-15.378779995977572,-20.178196555955825,1.8568246768933907e9
76,-40.847659456198066,-24.563907756079793,1.8733116822138252e9
76,-66.31653891641854,-9.144139457067746,1.844496598917799e9
76,-95.423829728099,-5.818997836315838,1.94535886881081e9
76,-150.0,-62.617041315790566,2.3425105510485706e9
76,-15.378779995977572,-55.9543538821645,2.0513289632579193e9
76,-150.0,0.0,2.0300222784029846e9
76,-66.31653891641854,-5.818997836315838,1.8997639082125034e9
76,-40.847659456198066,-75.12918709325571,2.1992774122797756e9
76,-124.53112053977948,-89.8526497524581,2.4239870416240444e9
76,-150.0,-19.85173189197592,2.1265263609047241e9
76,-15.378779995977572,-49.64101270422423,2.029560154883029e9
76,-15.378779995977572,-24.235034402356554,1.9008439189409819e9
76,-15.378779995977572,-29.285860527505363,1.9037329672078667e9
76,-150.0,-5.818997836315838,1.9898563017488365e9
76,-15.378779995977572,0.0,1.76844206089643e9
76,-15.378779995977572,-9.144139457067746,1.8204803637563486e9
76,-150.0,-30.232351373572424,2.2029790154902296e9
76,-150.0,-9.144139457067746,2.0918276014090033e9
76,-15.378779995977572,0.0,1.6849413877905464e9
76,-67.38450288524504,-89.48817730121651,2.248451576242447e9
76,-15.378779995977572,-14.444695267395728,1.8264267932482452e9
76,-95.423829728099,-89.8526497524581,2.306770144609602e9
76,-95.423829728099,-29.084897102318877,2.0921267285024214e9
76,-15.5585129284112,-21.382291985772117,1.88649513412568e9
77,0.0,0.0,0.0
