Day,Time,to_PT,from_PT,from_FR,to_FR
2024-07-01,00:00 - 01:00,1445.7,0.0,977.91,0.0
2024-07-01,01:00 - 02:00,2081.63,0.0,1739.9499999999998,0.0
2024-07-01,02:00 - 03:00,2310.6,0.0,2120.66,0.0
2024-07-01,03:00 - 04:00,2273.33,0.0,2146.3,0.0
2024-07-01,04:00 - 05:00,2554.89,0.0,2121.07,0.0
2024-07-01,05:00 - 06:00,2461.54,0.0,2036.84,0.0
2024-07-01,06:00 - 07:00,2148.85,0.0,1721.52,0.0
2024-07-01,07:00 - 08:00,1123.71,0.0,328.07000000000005,241.24
2024-07-01,08:00 - 09:00,1337.41,0.0,0.0,1708.58
2024-07-01,09:00 - 10:00,2796.42,0.0,0.0,1988.31
2024-07-01,10:00 - 11:00,3648.77,0.0,0.0,2176.41
2024-07-01,11:00 - 12:00,3477.95,0.0,0.0,2012.89
2024-07-01,12:00 - 13:00,3386.56,0.0,0.0,1765.51
2024-07-01,13:00 - 14:00,3382.74,0.0,0.0,1751.12
2024-07-01,14:00 - 15:00,3385.76,0.0,0.0,1749.0
2024-07-01,15:00 - 16:00,3635.05,0.0,0.0,1955.97
2024-07-01,16:00 - 17:00,3914.71,0.0,0.0,2073.91
2024-07-01,17:00 - 18:00,3909.89,0.0,0.0,2088.85
2024-07-01,18:00 - 19:00,3915.05,0.0,0.0,1928.05
2024-07-01,19:00 - 20:00,3915.55,0.0,0.0,1557.62
2024-07-01,20:00 - 21:00,3276.26,0.0,1185.31,190.85
2024-07-01,21:00 - 22:00,2559.24,0.0,1801.88,0.0
2024-07-01,22:00 - 23:00,2154.5,0.0,465.06,65.61
2024-07-01,23:00 - 00:00,1870.6,0.0,0.0,1322.26
2024-07-02,00:00 - 01:00,2257.48,0.0,1124.44,306.27
2024-07-02,01:00 - 02:00,2719.12,0.0,2016.9,0.0
2024-07-02,02:00 - 03:00,2984.69,0.0,2164.3,0.0
2024-07-02,03:00 - 04:00,3006.61,0.0,2047.1499999999999,0.0
2024-07-02,04:00 - 05:00,2822.22,0.0,2062.89,0.0
2024-07-02,05:00 - 06:00,2797.94,0.0,2138.59,0.0
2024-07-02,06:00 - 07:00,2475.21,0.0,2177.57,0.0
2024-07-02,07:00 - 08:00,988.3,0.0,464.78,566.23
2024-07-02,08:00 - 09:00,1498.95,0.0,0.0,2117.62
2024-07-02,09:00 - 10:00,3248.15,0.0,0.0,2374.01
2024-07-02,10:00 - 11:00,4005.91,0.0,0.0,2058.4
2024-07-02,11:00 - 12:00,3857.94,0.0,0.0,2270.76
2024-07-02,12:00 - 13:00,3833.81,0.0,0.0,2323.02
2024-07-02,13:00 - 14:00,3831.21,0.0,0.0,1817.03
2024-07-02,14:00 - 15:00,3841.59,0.0,0.0,1966.23
2024-07-02,15:00 - 16:00,3359.26,0.0,0.0,2219.6
2024-07-02,16:00 - 17:00,3210.92,0.0,0.0,2166.99
2024-07-02,17:00 - 18:00,3213.65,0.0,0.0,2118.14
2024-07-02,18:00 - 19:00,3996.88,0.0,0.0,2027.67
2024-07-02,19:00 - 20:00,4212.66,0.0,0.0,1969.4
2024-07-02,20:00 - 21:00,3337.06,0.0,0.0,1077.31
2024-07-02,21:00 - 22:00,2323.31,0.0,159.11,298.78999999999996
2024-07-02,22:00 - 23:00,1760.72,0.0,320.59999999999997,0.0
2024-07-02,23:00 - 00:00,1809.28,0.0,109.78,551.59
2024-07-03,00:00 - 01:00,1931.12,0.0,1474.8899999999999,149.81
2024-07-03,01:00 - 02:00,2326.08,0.0,1972.39,0.0
2024-07-03,02:00 - 03:00,2443.38,0.0,2089.25,0.0
2024-07-03,03:00 - 04:00,2542.66,0.0,2138.23,0.0
2024-07-03,04:00 - 05:00,2523.92,0.0,2191.34,0.0
2024-07-03,05:00 - 06:00,2494.59,0.0,2170.19,0.0
2024-07-03,06:00 - 07:00,2296.37,0.0,2132.1800000000003,0.0
2024-07-03,07:00 - 08:00,1208.12,0.0,1987.75,0.0
2024-07-03,08:00 - 09:00,1130.61,0.0,430.54999999999995,226.68
2024-07-03,09:00 - 10:00,2449.12,0.0,0.0,796.19
2024-07-03,10:00 - 11:00,3813.12,0.0,0.0,558.35
2024-07-03,11:00 - 12:00,3723.66,0.0,0.0,1281.01
2024-07-03,12:00 - 13:00,3768.67,0.0,0.0,672.5899999999999
2024-07-03,13:00 - 14:00,3879.2,0.0,232.51999999999998,69.04
2024-07-03,14:00 - 15:00,3853.99,0.0,39.74,449.56
2024-07-03,15:00 - 16:00,3695.34,0.0,0.0,1452.29
2024-07-03,16:00 - 17:00,3569.96,0.0,0.0,1748.6599999999999
2024-07-03,17:00 - 18:00,3530.71,0.0,0.0,1790.92
2024-07-03,18:00 - 19:00,4150.34,0.0,138.82,457.42
2024-07-03,19:00 - 20:00,4269.84,0.0,1103.37,0.0
2024-07-03,20:00 - 21:00,3669.63,0.0,1768.94,0.0
2024-07-03,21:00 - 22:00,2354.94,0.0,1972.67,0.0
2024-07-03,22:00 - 23:00,1969.76,0.0,2035.2,0.0
2024-07-03,23:00 - 00:00,2341.73,0.0,2002.98,0.0
2024-07-04,00:00 - 01:00,2721.06,0.0,1980.9,0.0
2024-07-04,01:00 - 02:00,2861.44,0.0,2028.13,0.0
2024-07-04,02:00 - 03:00,2365.78,0.0,1882.27,0.0
2024-07-04,03:00 - 04:00,2312.71,0.0,2049.34,0.0
2024-07-04,04:00 - 05:00,2347.68,0.0,2030.87,0.0
2024-07-04,05:00 - 06:00,2150.08,0.0,2048.39,0.0
2024-07-04,06:00 - 07:00,1700.64,0.0,2015.48,0.0
2024-07-04,07:00 - 08:00,927.1,0.0,1989.75,0.0
2024-07-04,08:00 - 09:00,1968.37,0.0,1857.81,0.0
2024-07-04,09:00 - 10:00,2682.32,0.0,2013.3000000000002,0.0
2024-07-04,10:00 - 11:00,2804.85,0.0,2100.51,0.0
2024-07-04,11:00 - 12:00,2819.7,0.0,2009.44,0.0
2024-07-04,12:00 - 13:00,2800.51,0.0,1886.22,0.0
2024-07-04,13:00 - 14:00,2823.9,0.0,2024.03,0.0
2024-07-04,14:00 - 15:00,3759.75,0.0,2083.75,0.0
2024-07-04,15:00 - 16:00,4074.83,0.0,2101.09,0.0
2024-07-04,16:00 - 17:00,3990.85,0.0,2072.01,0.0
2024-07-04,17:00 - 18:00,3968.23,0.0,2013.52,0.0
2024-07-04,18:00 - 19:00,4040.83,0.0,2045.63,0.0
2024-07-04,19:00 - 20:00,4090.88,0.0,1973.52,0.0
2024-07-04,20:00 - 21:00,2964.52,0.0,2012.92,0.0
2024-07-04,21:00 - 22:00,2577.64,0.0,1993.95,0.0
2024-07-04,22:00 - 23:00,2535.44,0.0,1826.83,0.0
2024-07-04,23:00 - 00:00,2722.55,0.0,1609.02,0.0
2024-07-05,00:00 - 01:00,2639.35,0.0,1706.67,0.0
2024-07-05,01:00 - 02:00,2610.57,0.0,1662.1399999999999,0.0
2024-07-05,02:00 - 03:00,2452.85,0.0,1721.51,0.0
2024-07-05,03:00 - 04:00,2241.11,0.0,1687.34,0.0
2024-07-05,04:00 - 05:00,2187.8,0.0,1669.8600000000001,0.0
2024-07-05,05:00 - 06:00,1980.13,0.0,1676.6599999999999,0.0
2024-07-05,06:00 - 07:00,1512.65,0.0,1699.0,0.0
2024-07-05,07:00 - 08:00,1103.49,0.0,2085.31,0.0
2024-07-05,08:00 - 09:00,1898.72,0.0,2208.23,0.0
2024-07-05,09:00 - 10:00,3196.93,0.0,2243.39,0.0
2024-07-05,10:00 - 11:00,3664.79,0.0,2138.68,0.0
2024-07-05,11:00 - 12:00,3951.83,0.0,2153.19,0.0
2024-07-05,12:00 - 13:00,4082.89,0.0,2169.61,0.0
2024-07-05,13:00 - 14:00,3698.42,0.0,1901.09,0.0
2024-07-05,14:00 - 15:00,4194.25,0.0,2163.6,0.0
2024-07-05,15:00 - 16:00,4178.94,0.0,2158.0299999999997,0.0
2024-07-05,16:00 - 17:00,4053.95,0.0,1924.8,0.0
2024-07-05,17:00 - 18:00,3858.83,0.0,982.44,0.0
2024-07-05,18:00 - 19:00,3570.36,0.0,209.2,519.3
2024-07-05,19:00 - 20:00,2828.02,0.0,0.0,1725.98
2024-07-05,20:00 - 21:00,2273.83,0.0,735.98,469.31
2024-07-05,21:00 - 22:00,714.13,0.0,1623.04,0.0
2024-07-05,22:00 - 23:00,478.63,0.0,1750.68,0.0
2024-07-05,23:00 - 00:00,794.46,0.0,1852.92,0.0
2024-07-06,00:00 - 01:00,743.82,0.0,1969.98,0.0
2024-07-06,01:00 - 02:00,434.89,0.0,1809.95,0.0
2024-07-06,02:00 - 03:00,69.83,133.62,1912.48,0.0
2024-07-06,03:00 - 04:00,130.66,49.82,1381.45,0.0
2024-07-06,04:00 - 05:00,44.05,73.46,1530.08,0.0
2024-07-06,05:00 - 06:00,113.34,15.96,1749.66,0.0
2024-07-06,06:00 - 07:00,351.51,0.0,1697.63,0.0
2024-07-06,07:00 - 08:00,609.59,0.0,1954.41,0.0
2024-07-06,08:00 - 09:00,1205.58,0.0,2046.33,0.0
2024-07-06,09:00 - 10:00,1929.66,0.0,2009.32,0.0
2024-07-06,10:00 - 11:00,2135.1,0.0,1919.08,0.0
2024-07-06,11:00 - 12:00,2196.55,0.0,1845.56,0.0
2024-07-06,12:00 - 13:00,2110.74,0.0,1735.79,0.0
2024-07-06,13:00 - 14:00,2245.5,0.0,1577.38,0.0
2024-07-06,14:00 - 15:00,2010.3,0.0,1405.52,0.0
2024-07-06,15:00 - 16:00,1727.45,0.0,1085.26,0.0
2024-07-06,16:00 - 17:00,1659.62,0.0,1686.45,0.0
2024-07-06,17:00 - 18:00,1405.59,0.0,1573.18,0.0
2024-07-06,18:00 - 19:00,1336.75,0.0,1592.64,0.0
2024-07-06,19:00 - 20:00,1201.81,0.0,244.8,694.73
2024-07-06,20:00 - 21:00,1583.0,0.0,1138.93,219.18
2024-07-06,21:00 - 22:00,1152.06,0.0,1703.76,0.0
2024-07-06,22:00 - 23:00,770.01,0.0,1633.55,0.0
2024-07-06,23:00 - 00:00,1178.87,0.0,1735.21,0.0
2024-07-07,00:00 - 01:00,1427.4,0.0,1595.47,0.0
2024-07-07,01:00 - 02:00,1400.0,0.0,1435.9099999999999,0.0
2024-07-07,02:00 - 03:00,1482.73,0.0,1431.68,0.0
2024-07-07,03:00 - 04:00,1443.36,0.0,1477.25,0.0
2024-07-07,04:00 - 05:00,1147.18,0.0,1381.6,0.0
2024-07-07,05:00 - 06:00,905.71,0.0,1416.3700000000001,0.0
2024-07-07,06:00 - 07:00,745.06,0.0,1383.53,0.0
2024-07-07,07:00 - 08:00,800.99,0.0,1546.1100000000001,0.0
2024-07-07,08:00 - 09:00,1584.51,0.0,1484.3600000000001,0.0
2024-07-07,09:00 - 10:00,2377.6,0.0,1509.24,0.0
2024-07-07,10:00 - 11:00,2590.77,0.0,1875.93,0.0
2024-07-07,11:00 - 12:00,2719.01,0.0,2020.8400000000001,0.0
2024-07-07,12:00 - 13:00,2713.26,0.0,2008.77,0.0
2024-07-07,13:00 - 14:00,2759.02,0.0,1949.59,0.0
2024-07-07,14:00 - 15:00,2462.06,0.0,1814.0,0.0
2024-07-07,15:00 - 16:00,2302.37,0.0,1847.6599999999999,0.0
2024-07-07,16:00 - 17:00,1994.62,0.0,1088.09,0.0
2024-07-07,17:00 - 18:00,1896.97,0.0,322.6,0.0
2024-07-07,18:00 - 19:00,1403.6,0.0,124.02,536.14
2024-07-07,19:00 - 20:00,1130.72,0.0,131.45,153.7
2024-07-07,20:00 - 21:00,1348.21,0.0,1317.98,0.0
2024-07-07,21:00 - 22:00,344.79,178.2,1623.27,0.0
2024-07-07,22:00 - 23:00,0.0,449.88,1584.77,0.0
2024-07-07,23:00 - 00:00,60.57,117.59,1573.94,0.0
2024-07-08,00:00 - 01:00,692.25,0.0,1623.53,0.0
2024-07-08,01:00 - 02:00,1104.95,0.0,1666.19,0.0
2024-07-08,02:00 - 03:00,1034.94,0.0,1366.72,0.0
2024-07-08,03:00 - 04:00,978.35,0.0,1545.76,0.0
2024-07-08,04:00 - 05:00,1065.81,0.0,1607.46,0.0
2024-07-08,05:00 - 06:00,1094.23,0.0,1662.53,0.0
2024-07-08,06:00 - 07:00,1071.04,0.0,1654.28,0.0
2024-07-08,07:00 - 08:00,721.74,0.0,1812.85,0.0
2024-07-08,08:00 - 09:00,1131.52,0.0,1466.22,0.0
2024-07-08,09:00 - 10:00,2735.14,0.0,1644.57,0.0
2024-07-08,10:00 - 11:00,3842.96,0.0,1486.2,0.0
2024-07-08,11:00 - 12:00,3898.61,0.0,1834.29,0.0
2024-07-08,12:00 - 13:00,3674.73,0.0,1969.81,0.0
2024-07-08,13:00 - 14:00,3313.01,0.0,1560.75,0.0
2024-07-08,14:00 - 15:00,3298.41,0.0,567.8199999999999,32.81
2024-07-08,15:00 - 16:00,3385.56,0.0,80.27,818.66
2024-07-08,16:00 - 17:00,3382.17,0.0,0.0,1116.97
2024-07-08,17:00 - 18:00,2921.74,0.0,0.0,1180.82
2024-07-08,18:00 - 19:00,2734.59,0.0,0.0,1400.93
2024-07-08,19:00 - 20:00,2482.97,0.0,0.0,1555.31
2024-07-08,20:00 - 21:00,2242.55,0.0,0.0,1067.15
2024-07-08,21:00 - 22:00,1631.42,0.0,338.15999999999997,111.55
2024-07-08,22:00 - 23:00,1530.25,0.0,1136.48,0.0
2024-07-08,23:00 - 00:00,2017.42,0.0,1888.33,0.0
2024-07-09,00:00 - 01:00,2223.62,0.0,2072.34,0.0
2024-07-09,01:00 - 02:00,2458.51,0.0,2012.77,0.0
2024-07-09,02:00 - 03:00,2427.25,0.0,2023.3600000000001,0.0
2024-07-09,03:00 - 04:00,2368.09,0.0,2240.24,0.0
2024-07-09,04:00 - 05:00,2806.31,0.0,2226.4700000000003,0.0
2024-07-09,05:00 - 06:00,3283.98,0.0,2186.89,0.0
2024-07-09,06:00 - 07:00,2644.07,0.0,2170.63,0.0
2024-07-09,07:00 - 08:00,1793.2,0.0,2139.7,0.0
2024-07-09,08:00 - 09:00,2731.98,0.0,1721.39,0.0
2024-07-09,09:00 - 10:00,3699.97,0.0,1611.41,0.0
2024-07-09,10:00 - 11:00,4213.76,0.0,2067.74,0.0
2024-07-09,11:00 - 12:00,4259.14,0.0,2185.18,0.0
2024-07-09,12:00 - 13:00,4201.0,0.0,2261.72,0.0
2024-07-09,13:00 - 14:00,4115.34,0.0,2332.66,0.0
2024-07-09,14:00 - 15:00,3831.62,0.0,2094.33,0.0
2024-07-09,15:00 - 16:00,3689.56,0.0,1928.75,0.0
2024-07-09,16:00 - 17:00,3431.53,0.0,1112.7,0.0
2024-07-09,17:00 - 18:00,3675.03,0.0,242.51,390.93
2024-07-09,18:00 - 19:00,3490.32,0.0,0.0,1418.8600000000001
2024-07-09,19:00 - 20:00,3105.17,0.0,0.0,1590.3
2024-07-09,20:00 - 21:00,2151.08,0.0,448.28999999999996,315.84999999999997
2024-07-09,21:00 - 22:00,1052.94,0.0,1770.03,0.0
2024-07-09,22:00 - 23:00,452.18,0.0,1911.12,0.0
2024-07-09,23:00 - 00:00,1166.7,0.0,2071.8500000000004,0.0
2024-07-10,00:00 - 01:00,1578.64,0.0,2221.02,0.0
2024-07-10,01:00 - 02:00,1742.09,0.0,2187.0,0.0
2024-07-10,02:00 - 03:00,1457.83,0.0,2204.98,0.0
2024-07-10,03:00 - 04:00,1413.3,0.0,2161.41,0.0
2024-07-10,04:00 - 05:00,1562.69,0.0,2200.6800000000003,0.0
2024-07-10,05:00 - 06:00,1410.43,0.0,2187.7599999999998,0.0
2024-07-10,06:00 - 07:00,1509.99,0.0,2177.52,0.0
2024-07-10,07:00 - 08:00,1376.1,0.0,1974.74,0.0
2024-07-10,08:00 - 09:00,2158.35,0.0,1108.71,0.0
2024-07-10,09:00 - 10:00,3280.44,0.0,830.13,0.0
2024-07-10,10:00 - 11:00,3824.38,0.0,1180.2,0.0
2024-07-10,11:00 - 12:00,3894.45,0.0,1549.8899999999999,0.0
2024-07-10,12:00 - 13:00,3958.51,0.0,1797.92,0.0
2024-07-10,13:00 - 14:00,3874.83,0.0,1914.5700000000002,0.0
2024-07-10,14:00 - 15:00,3810.38,0.0,2202.2200000000003,0.0
2024-07-10,15:00 - 16:00,3699.79,0.0,2030.5900000000001,0.0
2024-07-10,16:00 - 17:00,3872.88,0.0,2274.4300000000003,0.0
2024-07-10,17:00 - 18:00,3790.1,0.0,1778.8799999999999,0.0
2024-07-10,18:00 - 19:00,3265.86,0.0,411.05,765.01
2024-07-10,19:00 - 20:00,2667.41,0.0,0.0,1159.36
2024-07-10,20:00 - 21:00,2126.29,0.0,850.1700000000001,179.6
2024-07-10,21:00 - 22:00,1005.06,0.0,2139.6800000000003,0.0
2024-07-10,22:00 - 23:00,498.82,0.0,2310.14,0.0
2024-07-10,23:00 - 00:00,847.88,0.0,1904.79,0.0
2024-07-11,00:00 - 01:00,1581.04,0.0,2266.92,0.0
2024-07-11,01:00 - 02:00,1841.12,0.0,2274.26,0.0
2024-07-11,02:00 - 03:00,1705.5,0.0,2302.6099999999997,0.0
2024-07-11,03:00 - 04:00,1580.71,0.0,2263.41,0.0
2024-07-11,04:00 - 05:00,1340.36,0.0,2220.55,0.0
2024-07-11,05:00 - 06:00,1280.63,0.0,2116.2200000000003,0.0
2024-07-11,06:00 - 07:00,1121.09,0.0,2228.3,0.0
2024-07-11,07:00 - 08:00,998.07,0.0,2232.56,0.0
2024-07-11,08:00 - 09:00,1498.32,0.0,1017.8499999999999,0.0
2024-07-11,09:00 - 10:00,2926.37,0.0,1387.78,0.0
2024-07-11,10:00 - 11:00,3351.91,0.0,1070.73,0.0
2024-07-11,11:00 - 12:00,3601.28,0.0,522.16,0.0
2024-07-11,12:00 - 13:00,3786.95,0.0,979.85,0.0
2024-07-11,13:00 - 14:00,3376.42,0.0,1681.76,0.0
2024-07-11,14:00 - 15:00,3444.07,0.0,1630.75,0.0
2024-07-11,15:00 - 16:00,3378.87,0.0,374.81,175.76999999999998
2024-07-11,16:00 - 17:00,3485.17,0.0,0.0,1072.8
2024-07-11,17:00 - 18:00,3251.34,0.0,0.0,1417.99
2024-07-11,18:00 - 19:00,2945.98,0.0,0.0,1492.63
2024-07-11,19:00 - 20:00,2775.09,0.0,0.0,1557.93
2024-07-11,20:00 - 21:00,1966.58,0.0,0.0,1070.95
2024-07-11,21:00 - 22:00,982.53,0.0,374.05,128.29
2024-07-11,22:00 - 23:00,874.77,0.0,680.62,0.0
2024-07-11,23:00 - 00:00,1474.49,0.0,1372.6599999999999,0.0
2024-07-12,00:00 - 01:00,1704.71,0.0,1994.37,0.0
2024-07-12,01:00 - 02:00,2263.09,0.0,2030.77,0.0
2024-07-12,02:00 - 03:00,2183.52,0.0,1156.66,0.0
2024-07-12,03:00 - 04:00,1852.28,0.0,2086.43,0.0
2024-07-12,04:00 - 05:00,1996.67,0.0,2169.25,0.0
2024-07-12,05:00 - 06:00,2029.46,0.0,2172.11,0.0
2024-07-12,06:00 - 07:00,2025.0,0.0,2223.84,0.0
2024-07-12,07:00 - 08:00,1860.09,0.0,2109.7,0.0
2024-07-12,08:00 - 09:00,1987.22,0.0,720.9399999999999,0.0
2024-07-12,09:00 - 10:00,2888.48,0.0,33.45,141.13
2024-07-12,10:00 - 11:00,2825.14,0.0,0.0,931.3499999999999
2024-07-12,11:00 - 12:00,2818.15,0.0,0.0,1238.7
2024-07-12,12:00 - 13:00,2567.42,0.0,0.0,1088.74
2024-07-12,13:00 - 14:00,2491.09,0.0,39.47,250.57999999999998
2024-07-12,14:00 - 15:00,2493.58,0.0,358.45,29.51
2024-07-12,15:00 - 16:00,2792.71,0.0,622.84,0.0
2024-07-12,16:00 - 17:00,2853.03,0.0,277.33,0.0
2024-07-12,17:00 - 18:00,2704.74,0.0,43.95,35.88
2024-07-12,18:00 - 19:00,2519.78,0.0,0.0,908.29
2024-07-12,19:00 - 20:00,2922.26,0.0,0.0,1245.03
2024-07-12,20:00 - 21:00,2751.59,0.0,1095.59,114.2
2024-07-12,21:00 - 22:00,2169.31,0.0,1602.6,0.0
2024-07-12,22:00 - 23:00,2171.23,0.0,2158.6,0.0
2024-07-12,23:00 - 00:00,2582.42,0.0,2412.88,0.0
2024-07-13,00:00 - 01:00,2731.04,0.0,2652.56,0.0
2024-07-13,01:00 - 02:00,2395.54,0.0,2622.2799999999997,0.0
2024-07-13,02:00 - 03:00,2526.22,0.0,2698.69,0.0
2024-07-13,03:00 - 04:00,2651.03,0.0,2717.56,0.0
2024-07-13,04:00 - 05:00,2627.61,0.0,2616.08,0.0
2024-07-13,05:00 - 06:00,2707.58,0.0,2632.99,0.0
2024-07-13,06:00 - 07:00,2684.61,0.0,2709.88,0.0
2024-07-13,07:00 - 08:00,2731.8,0.0,2698.63,0.0
2024-07-13,08:00 - 09:00,2857.18,0.0,2591.46,0.0
2024-07-13,09:00 - 10:00,3250.51,0.0,2615.24,0.0
2024-07-13,10:00 - 11:00,3077.66,0.0,2582.54,0.0
2024-07-13,11:00 - 12:00,3357.24,0.0,2464.51,0.0
2024-07-13,12:00 - 13:00,3231.58,0.0,2491.83,0.0
2024-07-13,13:00 - 14:00,2987.05,0.0,1951.39,0.0
2024-07-13,14:00 - 15:00,2798.5,0.0,2059.7000000000003,0.0
2024-07-13,15:00 - 16:00,2723.95,0.0,1723.32,0.0
2024-07-13,16:00 - 17:00,2545.79,0.0,527.37,0.0
2024-07-13,17:00 - 18:00,2414.96,0.0,0.0,352.59
2024-07-13,18:00 - 19:00,2131.28,0.0,0.0,378.76
2024-07-13,19:00 - 20:00,2256.04,0.0,0.0,920.92
2024-07-13,20:00 - 21:00,2501.23,0.0,1655.42,172.26
2024-07-13,21:00 - 22:00,1306.72,0.0,2297.69,0.0
2024-07-13,22:00 - 23:00,864.27,0.0,2269.16,0.0
2024-07-13,23:00 - 00:00,901.89,0.0,2129.9300000000003,0.0
2024-07-14,00:00 - 01:00,1163.12,0.0,1882.17,0.0
2024-07-14,01:00 - 02:00,1342.28,0.0,1911.48,0.0
2024-07-14,02:00 - 03:00,1493.26,0.0,2046.4299999999998,0.0
2024-07-14,03:00 - 04:00,1661.59,0.0,1978.77,0.0
2024-07-14,04:00 - 05:00,1856.09,0.0,2010.93,0.0
2024-07-14,05:00 - 06:00,2054.45,0.0,2134.58,0.0
2024-07-14,06:00 - 07:00,2139.22,0.0,2097.62,0.0
2024-07-14,07:00 - 08:00,2448.6,0.0,2108.29,0.0
2024-07-14,08:00 - 09:00,3269.01,0.0,2134.93,0.0
2024-07-14,09:00 - 10:00,3615.85,0.0,2020.68,0.0
2024-07-14,10:00 - 11:00,3555.49,0.0,2575.84,0.0
2024-07-14,11:00 - 12:00,3137.94,0.0,2446.13,0.0
2024-07-14,12:00 - 13:00,3013.13,0.0,2358.62,0.0
2024-07-14,13:00 - 14:00,3001.92,0.0,2634.54,0.0
2024-07-14,14:00 - 15:00,3034.47,0.0,2443.9700000000003,0.0
2024-07-14,15:00 - 16:00,2822.64,0.0,2411.31,0.0
2024-07-14,16:00 - 17:00,2552.71,0.0,1845.65,0.0
2024-07-14,17:00 - 18:00,2342.37,0.0,367.93,1700.5500000000002
2024-07-14,18:00 - 19:00,2072.15,0.0,0.0,3016.1499999999996
2024-07-14,19:00 - 20:00,2424.49,0.0,0.0,2258.36
2024-07-14,20:00 - 21:00,1948.15,0.0,1240.51,409.95
2024-07-14,21:00 - 22:00,1238.28,0.0,2074.77,0.0
2024-07-14,22:00 - 23:00,962.59,0.0,2163.9700000000003,0.0
2024-07-14,23:00 - 00:00,846.35,0.0,1831.71,0.0
2024-07-15,00:00 - 01:00,1239.95,0.0,2467.41,0.0
2024-07-15,01:00 - 02:00,1645.03,0.0,2467.63,0.0
2024-07-15,02:00 - 03:00,1861.65,0.0,2290.6,0.0
2024-07-15,03:00 - 04:00,1943.1,0.0,2550.32,0.0
2024-07-15,04:00 - 05:00,2156.89,0.0,2907.6,0.0
2024-07-15,05:00 - 06:00,2140.63,0.0,3017.67,0.0
2024-07-15,06:00 - 07:00,1744.1,0.0,2855.3199999999997,0.0
2024-07-15,07:00 - 08:00,1352.87,0.0,2756.48,0.0
2024-07-15,08:00 - 09:00,1912.72,0.0,2624.8,0.0
2024-07-15,09:00 - 10:00,3106.0,0.0,1466.39,0.0
2024-07-15,10:00 - 11:00,3300.27,0.0,1840.29,0.0
2024-07-15,11:00 - 12:00,3199.85,0.0,2264.88,0.0
2024-07-15,12:00 - 13:00,3204.89,0.0,1518.98,0.0
2024-07-15,13:00 - 14:00,3223.04,0.0,621.27,0.0
2024-07-15,14:00 - 15:00,3107.12,0.0,0.0,384.62
2024-07-15,15:00 - 16:00,3093.42,0.0,0.0,1548.27
2024-07-15,16:00 - 17:00,3040.82,0.0,0.0,2033.2199999999998
2024-07-15,17:00 - 18:00,2885.37,0.0,0.0,1818.29
2024-07-15,18:00 - 19:00,2631.33,0.0,0.0,1496.28
2024-07-15,19:00 - 20:00,2738.15,0.0,0.0,1358.3600000000001
2024-07-15,20:00 - 21:00,2345.89,0.0,1085.18,199.78
2024-07-15,21:00 - 22:00,1294.8,0.0,1096.9,0.0
2024-07-15,22:00 - 23:00,1354.08,0.0,2221.47,0.0
2024-07-15,23:00 - 00:00,2276.83,0.0,2284.88,0.0
2024-07-16,00:00 - 01:00,2149.74,0.0,2130.4700000000003,0.0
2024-07-16,01:00 - 02:00,1879.15,0.0,1947.12,0.0
2024-07-16,02:00 - 03:00,1794.07,0.0,1898.98,0.0
2024-07-16,03:00 - 04:00,1687.45,0.0,1947.88,0.0
2024-07-16,04:00 - 05:00,1619.17,0.0,1900.44,0.0
2024-07-16,05:00 - 06:00,1510.56,0.0,1820.9,0.0
2024-07-16,06:00 - 07:00,1065.59,0.0,1849.26,0.0
2024-07-16,07:00 - 08:00,629.16,0.0,1872.6,0.0
2024-07-16,08:00 - 09:00,1141.44,0.0,1659.4,0.0
2024-07-16,09:00 - 10:00,2698.9,0.0,2313.61,0.0
2024-07-16,10:00 - 11:00,3461.63,0.0,2413.13,0.0
2024-07-16,11:00 - 12:00,3422.7,0.0,2348.97,0.0
2024-07-16,12:00 - 13:00,3425.36,0.0,2366.02,0.0
2024-07-16,13:00 - 14:00,3149.54,0.0,2480.35,0.0
2024-07-16,14:00 - 15:00,3363.7,0.0,2424.5699999999997,0.0
2024-07-16,15:00 - 16:00,3603.07,0.0,2501.5699999999997,0.0
2024-07-16,16:00 - 17:00,3443.33,0.0,2514.2,0.0
2024-07-16,17:00 - 18:00,3171.43,0.0,2480.17,0.0
2024-07-16,18:00 - 19:00,3097.83,0.0,2426.8,0.0
2024-07-16,19:00 - 20:00,3109.78,0.0,2119.58,0.0
2024-07-16,20:00 - 21:00,2502.18,0.0,2206.05,0.0
2024-07-16,21:00 - 22:00,1617.29,0.0,2596.41,0.0
2024-07-16,22:00 - 23:00,1644.22,0.0,2577.5,0.0
2024-07-16,23:00 - 00:00,2132.45,0.0,2338.62,0.0
2024-07-17,00:00 - 01:00,2422.32,0.0,2532.79,0.0
2024-07-17,01:00 - 02:00,2700.41,0.0,2640.46,0.0
2024-07-17,02:00 - 03:00,2724.33,0.0,2600.0,0.0
2024-07-17,03:00 - 04:00,2605.61,0.0,2642.73,0.0
2024-07-17,04:00 - 05:00,2479.02,0.0,2672.9300000000003,0.0
2024-07-17,05:00 - 06:00,2245.04,0.0,2706.04,0.0
2024-07-17,06:00 - 07:00,1503.25,0.0,2296.14,0.0
2024-07-17,07:00 - 08:00,1221.65,0.0,1991.17,0.0
2024-07-17,08:00 - 09:00,1484.45,0.0,1099.87,0.0
2024-07-17,09:00 - 10:00,2845.46,0.0,1585.19,0.0
2024-07-17,10:00 - 11:00,3125.07,0.0,2063.19,0.0
2024-07-17,11:00 - 12:00,3325.9,0.0,2214.08,0.0
2024-07-17,12:00 - 13:00,3461.03,0.0,2251.45,0.0
2024-07-17,13:00 - 14:00,3383.54,0.0,2392.0299999999997,0.0
2024-07-17,14:00 - 15:00,3388.33,0.0,2331.67,0.0
2024-07-17,15:00 - 16:00,3413.0,0.0,2255.88,0.0
2024-07-17,16:00 - 17:00,3464.01,0.0,1997.93,0.0
2024-07-17,17:00 - 18:00,3414.38,0.0,1580.59,0.0
2024-07-17,18:00 - 19:00,2809.04,0.0,361.0,286.86
2024-07-17,19:00 - 20:00,2374.04,0.0,0.0,769.45
2024-07-17,20:00 - 21:00,1782.05,0.0,362.75,206.14
2024-07-17,21:00 - 22:00,959.13,0.0,1605.27,0.0
2024-07-17,22:00 - 23:00,1270.24,0.0,2154.45,0.0
2024-07-17,23:00 - 00:00,1753.58,0.0,2301.3599999999997,0.0
2024-07-18,00:00 - 01:00,1755.39,0.0,2490.14,0.0
2024-07-18,01:00 - 02:00,1805.44,0.0,2601.62,0.0
2024-07-18,02:00 - 03:00,1962.1,0.0,2520.0,0.0
2024-07-18,03:00 - 04:00,2055.98,0.0,2606.8,0.0
2024-07-18,04:00 - 05:00,2095.14,0.0,2546.62,0.0
2024-07-18,05:00 - 06:00,1936.46,0.0,2592.19,0.0
2024-07-18,06:00 - 07:00,1271.1,0.0,2532.64,0.0
2024-07-18,07:00 - 08:00,1104.5,0.0,2474.59,0.0
2024-07-18,08:00 - 09:00,1718.64,0.0,2448.63,0.0
2024-07-18,09:00 - 10:00,2783.94,0.0,2456.08,0.0
2024-07-18,10:00 - 11:00,3146.44,0.0,2468.08,0.0
2024-07-18,11:00 - 12:00,3175.62,0.0,2454.52,0.0
2024-07-18,12:00 - 13:00,3100.08,0.0,2556.69,0.0
2024-07-18,13:00 - 14:00,2887.13,0.0,2559.3199999999997,0.0
2024-07-18,14:00 - 15:00,2802.12,0.0,2550.4,0.0
2024-07-18,15:00 - 16:00,2714.2,0.0,2386.0099999999998,0.0
2024-07-18,16:00 - 17:00,2472.37,0.0,2434.4,0.0
2024-07-18,17:00 - 18:00,1952.38,0.0,2351.45,0.0
2024-07-18,18:00 - 19:00,1660.73,0.0,1540.3600000000001,0.0
2024-07-18,19:00 - 20:00,1266.83,0.0,356.54,94.37
2024-07-18,20:00 - 21:00,442.27,0.0,434.37,0.0
2024-07-18,21:00 - 22:00,312.16,0.0,1747.98,0.0
2024-07-18,22:00 - 23:00,636.13,0.0,2466.3199999999997,0.0
2024-07-18,23:00 - 00:00,1126.03,0.0,2417.31,0.0
2024-07-19,00:00 - 01:00,1234.88,0.0,2397.4,0.0
2024-07-19,01:00 - 02:00,1184.96,0.0,2412.5,0.0
2024-07-19,02:00 - 03:00,1230.95,0.0,2539.06,0.0
2024-07-19,03:00 - 04:00,1212.48,0.0,2503.37,0.0
2024-07-19,04:00 - 05:00,1250.31,0.0,2528.13,0.0
2024-07-19,05:00 - 06:00,977.08,0.0,2293.41,0.0
2024-07-19,06:00 - 07:00,711.38,0.0,2478.8,0.0
2024-07-19,07:00 - 08:00,250.64,0.0,2311.04,0.0
2024-07-19,08:00 - 09:00,995.3,0.0,2227.5,0.0
2024-07-19,09:00 - 10:00,2041.17,0.0,2068.58,0.0
2024-07-19,10:00 - 11:00,2468.58,0.0,2365.49,0.0
2024-07-19,11:00 - 12:00,2597.62,0.0,2432.93,0.0
2024-07-19,12:00 - 13:00,2605.77,0.0,2433.4700000000003,0.0
2024-07-19,13:00 - 14:00,2699.0,0.0,2438.63,0.0
2024-07-19,14:00 - 15:00,2799.98,0.0,2470.8,0.0
2024-07-19,15:00 - 16:00,3029.05,0.0,2584.35,0.0
2024-07-19,16:00 - 17:00,3081.41,0.0,2510.31,0.0
2024-07-19,17:00 - 18:00,2620.86,0.0,1795.92,0.0
2024-07-19,18:00 - 19:00,1902.38,0.0,335.54,88.19
2024-07-19,19:00 - 20:00,1834.72,0.0,36.93,72.81
2024-07-19,20:00 - 21:00,910.38,0.0,1026.18,0.0
2024-07-19,21:00 - 22:00,194.57,7.06,1825.99,0.0
2024-07-19,22:00 - 23:00,178.74,11.8,1972.21,0.0
2024-07-19,23:00 - 00:00,632.28,0.0,1891.88,0.0
2024-07-20,00:00 - 01:00,164.34,838.02,2023.01,0.0
2024-07-20,01:00 - 02:00,0.0,744.43,1962.22,0.0
2024-07-20,02:00 - 03:00,0.0,179.02,1957.27,0.0
2024-07-20,03:00 - 04:00,0.0,74.14,1843.43,0.0
2024-07-20,04:00 - 05:00,0.0,177.73,2063.31,0.0
2024-07-20,05:00 - 06:00,0.0,368.09,2332.48,0.0
2024-07-20,06:00 - 07:00,0.0,479.94,2327.86,0.0
2024-07-20,07:00 - 08:00,62.34,164.76,2169.96,0.0
2024-07-20,08:00 - 09:00,651.59,0.0,2014.84,0.0
2024-07-20,09:00 - 10:00,1603.21,0.0,1750.0,0.0
2024-07-20,10:00 - 11:00,2045.34,0.0,478.49,0.0
2024-07-20,11:00 - 12:00,2658.76,0.0,263.99,0.0
2024-07-20,12:00 - 13:00,2651.74,0.0,30.330000000000002,45.7
2024-07-20,13:00 - 14:00,2646.39,0.0,1458.47,0.0
2024-07-20,14:00 - 15:00,2380.74,0.0,815.3,0.0
2024-07-20,15:00 - 16:00,2071.53,0.0,42.09,1626.1999999999998
2024-07-20,16:00 - 17:00,2004.35,0.0,0.0,2324.51
2024-07-20,17:00 - 18:00,1597.82,0.0,0.0,2405.55
2024-07-20,18:00 - 19:00,1786.14,0.0,0.0,2305.62
2024-07-20,19:00 - 20:00,1083.65,0.0,0.0,2179.75
2024-07-20,20:00 - 21:00,510.77,0.0,0.0,1140.8400000000001
2024-07-20,21:00 - 22:00,533.75,0.0,25.82,174.05
2024-07-20,22:00 - 23:00,546.06,0.0,220.42000000000002,8.37
2024-07-20,23:00 - 00:00,407.63,0.0,63.36,421.41999999999996
2024-07-21,00:00 - 01:00,1129.1,0.0,0.0,281.25
2024-07-21,01:00 - 02:00,1627.69,0.0,0.0,282.86
2024-07-21,02:00 - 03:00,1852.07,0.0,1121.29,44.2
2024-07-21,03:00 - 04:00,1953.96,0.0,1455.62,0.0
2024-07-21,04:00 - 05:00,2181.83,0.0,1372.85,0.0
2024-07-21,05:00 - 06:00,2298.29,0.0,1305.73,0.0
2024-07-21,06:00 - 07:00,2242.97,0.0,1262.18,0.0
2024-07-21,07:00 - 08:00,2095.26,0.0,1379.92,0.0
2024-07-21,08:00 - 09:00,2041.48,0.0,314.65000000000003,402.14
2024-07-21,09:00 - 10:00,2522.41,0.0,0.0,1291.82
2024-07-21,10:00 - 11:00,2520.97,0.0,0.0,1606.25
2024-07-21,11:00 - 12:00,2444.72,0.0,0.0,1637.37
2024-07-21,12:00 - 13:00,2484.96,0.0,0.0,1914.1000000000001
2024-07-21,13:00 - 14:00,2330.6,0.0,0.0,2774.77
2024-07-21,14:00 - 15:00,2108.73,0.0,0.0,2233.54
2024-07-21,15:00 - 16:00,2049.02,0.0,0.0,2288.86
2024-07-21,16:00 - 17:00,1917.67,0.0,0.0,2214.09
2024-07-21,17:00 - 18:00,2014.51,0.0,0.0,1607.45
2024-07-21,18:00 - 19:00,2263.99,0.0,0.0,2280.85
2024-07-21,19:00 - 20:00,2584.13,0.0,0.0,1003.26
2024-07-21,20:00 - 21:00,2664.51,0.0,1580.27,113.91
2024-07-21,21:00 - 22:00,1509.16,0.0,1806.71,0.0
2024-07-21,22:00 - 23:00,1229.14,0.0,1793.08,0.0
2024-07-21,23:00 - 00:00,1372.27,0.0,1644.85,0.0
2024-07-22,00:00 - 01:00,1612.11,0.0,2063.8,0.0
2024-07-22,01:00 - 02:00,1940.87,0.0,2053.31,0.0
2024-07-22,02:00 - 03:00,2037.15,0.0,1962.06,0.0
2024-07-22,03:00 - 04:00,2205.36,0.0,2126.12,0.0
2024-07-22,04:00 - 05:00,2182.8,0.0,2101.02,0.0
2024-07-22,05:00 - 06:00,1969.97,0.0,2206.53,0.0
2024-07-22,06:00 - 07:00,825.28,0.0,2184.89,0.0
2024-07-22,07:00 - 08:00,177.95,0.0,2208.39,0.0
2024-07-22,08:00 - 09:00,773.2,0.0,1868.79,0.0
2024-07-22,09:00 - 10:00,1722.92,0.0,1992.74,0.0
2024-07-22,10:00 - 11:00,2778.92,0.0,2076.16,0.0
2024-07-22,11:00 - 12:00,2283.13,0.0,1933.5,0.0
2024-07-22,12:00 - 13:00,2258.31,0.0,2180.32,0.0
2024-07-22,13:00 - 14:00,2706.96,0.0,2266.35,0.0
2024-07-22,14:00 - 15:00,2691.82,0.0,2263.16,0.0
2024-07-22,15:00 - 16:00,2949.27,0.0,2292.7,0.0
2024-07-22,16:00 - 17:00,3122.11,0.0,2129.14,0.0
2024-07-22,17:00 - 18:00,3548.39,0.0,2216.97,0.0
2024-07-22,18:00 - 19:00,3811.23,0.0,2204.02,0.0
2024-07-22,19:00 - 20:00,3379.9,0.0,2044.79,0.0
2024-07-22,20:00 - 21:00,2652.93,0.0,2106.05,0.0
2024-07-22,21:00 - 22:00,1729.69,0.0,2196.67,0.0
2024-07-22,22:00 - 23:00,1601.13,0.0,2222.81,0.0
2024-07-22,23:00 - 00:00,1890.13,0.0,2078.33,0.0
2024-07-23,00:00 - 01:00,2086.39,0.0,1537.1100000000001,0.0
2024-07-23,01:00 - 02:00,2428.74,0.0,1368.68,0.0
2024-07-23,02:00 - 03:00,2344.05,0.0,1376.22,0.0
2024-07-23,03:00 - 04:00,2080.6,0.0,1323.16,0.0
2024-07-23,04:00 - 05:00,1996.69,0.0,1259.77,0.0
2024-07-23,05:00 - 06:00,1525.37,0.0,1305.21,0.0
2024-07-23,06:00 - 07:00,1384.22,0.0,1970.8600000000001,0.0
2024-07-23,07:00 - 08:00,903.61,0.0,2225.63,0.0
2024-07-23,08:00 - 09:00,1418.17,0.0,2146.66,0.0
2024-07-23,09:00 - 10:00,3169.25,0.0,2325.52,0.0
2024-07-23,10:00 - 11:00,3568.1,0.0,2182.45,0.0
2024-07-23,11:00 - 12:00,3570.0,0.0,2181.06,0.0
2024-07-23,12:00 - 13:00,3600.09,0.0,2190.8999999999996,0.0
2024-07-23,13:00 - 14:00,3606.77,0.0,2234.29,0.0
2024-07-23,14:00 - 15:00,3609.1,0.0,2140.13,0.0
2024-07-23,15:00 - 16:00,3619.55,0.0,2090.25,0.0
2024-07-23,16:00 - 17:00,3687.95,0.0,2171.0699999999997,0.0
2024-07-23,17:00 - 18:00,3646.32,0.0,2195.25,0.0
2024-07-23,18:00 - 19:00,3613.77,0.0,1922.15,0.0
2024-07-23,19:00 - 20:00,3216.45,0.0,1813.3000000000002,0.0
2024-07-23,20:00 - 21:00,2277.86,0.0,2148.49,0.0
2024-07-23,21:00 - 22:00,1653.85,0.0,2203.86,0.0
2024-07-23,22:00 - 23:00,2080.8,0.0,1956.8600000000001,0.0
2024-07-23,23:00 - 00:00,2085.0,0.0,1757.69,0.0
2024-07-24,00:00 - 01:00,2649.08,0.0,1455.29,0.0
2024-07-24,01:00 - 02:00,2862.73,0.0,1280.46,0.0
2024-07-24,02:00 - 03:00,2602.39,0.0,1216.37,0.0
2024-07-24,03:00 - 04:00,2508.62,0.0,1299.7,0.0
2024-07-24,04:00 - 05:00,2529.9,0.0,1339.74,0.0
2024-07-24,05:00 - 06:00,2162.55,0.0,1320.04,0.0
2024-07-24,06:00 - 07:00,1575.12,0.0,2044.5300000000002,0.0
2024-07-24,07:00 - 08:00,1442.29,0.0,2050.58,0.0
2024-07-24,08:00 - 09:00,2039.0,0.0,1508.4099999999999,0.0
2024-07-24,09:00 - 10:00,3050.09,0.0,1484.94,0.0
2024-07-24,10:00 - 11:00,3830.36,0.0,1963.27,0.0
2024-07-24,11:00 - 12:00,3880.94,0.0,2102.3,0.0
2024-07-24,12:00 - 13:00,3713.97,0.0,2110.9900000000002,0.0
2024-07-24,13:00 - 14:00,3415.95,0.0,2155.26,0.0
2024-07-24,14:00 - 15:00,3461.23,0.0,2214.09,0.0
2024-07-24,15:00 - 16:00,3587.0,0.0,2228.06,0.0
2024-07-24,16:00 - 17:00,3550.33,0.0,2235.7200000000003,0.0
2024-07-24,17:00 - 18:00,3461.7,0.0,2163.25,0.0
2024-07-24,18:00 - 19:00,3511.52,0.0,1917.11,0.0
2024-07-24,19:00 - 20:00,2953.35,0.0,514.16,0.0
2024-07-24,20:00 - 21:00,2233.52,0.0,1280.72,0.0
2024-07-24,21:00 - 22:00,1889.58,0.0,1952.96,0.0
2024-07-24,22:00 - 23:00,1973.38,0.0,1902.21,0.0
2024-07-24,23:00 - 00:00,2207.87,0.0,1948.1100000000001,0.0
2024-07-25,00:00 - 01:00,2153.85,0.0,1495.49,0.0
2024-07-25,01:00 - 02:00,1981.94,0.0,1240.77,0.0
2024-07-25,02:00 - 03:00,1946.61,0.0,1320.38,0.0
2024-07-25,03:00 - 04:00,1861.94,0.0,1211.8,0.0
2024-07-25,04:00 - 05:00,1816.56,0.0,1258.37,0.0
2024-07-25,05:00 - 06:00,1760.67,0.0,1321.71,0.0
2024-07-25,06:00 - 07:00,1482.11,0.0,2031.8999999999999,0.0
2024-07-25,07:00 - 08:00,1201.69,0.0,2235.38,0.0
2024-07-25,08:00 - 09:00,1890.76,0.0,1909.86,0.0
2024-07-25,09:00 - 10:00,3407.42,0.0,1960.52,0.0
2024-07-25,10:00 - 11:00,3781.6,0.0,2208.66,0.0
2024-07-25,11:00 - 12:00,3620.07,0.0,2087.07,0.0
2024-07-25,12:00 - 13:00,3663.81,0.0,2209.9399999999996,0.0
2024-07-25,13:00 - 14:00,3461.61,0.0,2016.57,0.0
2024-07-25,14:00 - 15:00,3321.35,0.0,2173.07,0.0
2024-07-25,15:00 - 16:00,3191.75,0.0,2091.69,0.0
2024-07-25,16:00 - 17:00,3074.84,0.0,1759.5,0.0
2024-07-25,17:00 - 18:00,3031.81,0.0,2106.92,0.0
2024-07-25,18:00 - 19:00,2981.47,0.0,1719.06,0.0
2024-07-25,19:00 - 20:00,2333.48,0.0,725.88,0.0
2024-07-25,20:00 - 21:00,2001.38,0.0,2015.01,0.0
2024-07-25,21:00 - 22:00,1209.34,0.0,2274.73,0.0
2024-07-25,22:00 - 23:00,1117.63,0.0,2209.2000000000003,0.0
2024-07-25,23:00 - 00:00,1301.91,0.0,2101.6400000000003,0.0
2024-07-26,00:00 - 01:00,1117.99,0.0,1600.03,0.0
2024-07-26,01:00 - 02:00,912.21,0.0,1385.55,0.0
2024-07-26,02:00 - 03:00,775.53,0.0,1365.52,0.0
2024-07-26,03:00 - 04:00,671.35,0.0,1346.69,0.0
2024-07-26,04:00 - 05:00,715.19,0.0,1383.46,0.0
2024-07-26,05:00 - 06:00,669.34,0.0,1343.3,0.0
2024-07-26,06:00 - 07:00,792.89,0.0,2009.43,0.0
2024-07-26,07:00 - 08:00,275.63,0.0,2175.1,0.0
2024-07-26,08:00 - 09:00,742.88,0.0,2225.31,0.0
2024-07-26,09:00 - 10:00,1960.96,0.0,2240.44,0.0
2024-07-26,10:00 - 11:00,2387.92,0.0,2216.18,0.0
2024-07-26,11:00 - 12:00,2413.06,0.0,2197.01,0.0
2024-07-26,12:00 - 13:00,2522.53,0.0,2200.61,0.0
2024-07-26,13:00 - 14:00,2508.63,0.0,2159.48,0.0
2024-07-26,14:00 - 15:00,2715.51,0.0,2178.5299999999997,0.0
2024-07-26,15:00 - 16:00,2943.13,0.0,2249.77,0.0
2024-07-26,16:00 - 17:00,2950.88,0.0,2193.33,0.0
2024-07-26,17:00 - 18:00,2944.58,0.0,2198.85,0.0
2024-07-26,18:00 - 19:00,2403.98,0.0,1617.22,0.0
2024-07-26,19:00 - 20:00,1619.05,0.0,1729.6399999999999,0.0
2024-07-26,20:00 - 21:00,1092.37,0.0,2201.03,0.0
2024-07-26,21:00 - 22:00,635.52,0.0,2193.7200000000003,0.0
2024-07-26,22:00 - 23:00,790.19,0.0,2001.45,0.0
2024-07-26,23:00 - 00:00,677.26,0.0,1922.05,0.0
2024-07-27,00:00 - 01:00,991.93,0.0,1575.62,0.0
2024-07-27,01:00 - 02:00,946.37,0.0,1154.5900000000001,0.0
2024-07-27,02:00 - 03:00,799.44,0.0,1313.41,0.0
2024-07-27,03:00 - 04:00,726.92,0.0,1451.0,0.0
2024-07-27,04:00 - 05:00,601.52,0.0,1289.6399999999999,0.0
2024-07-27,05:00 - 06:00,720.03,0.0,1295.02,0.0
2024-07-27,06:00 - 07:00,962.81,0.0,1320.1,0.0
2024-07-27,07:00 - 08:00,1051.26,0.0,1342.67,0.0
2024-07-27,08:00 - 09:00,1654.96,0.0,1989.93,0.0
2024-07-27,09:00 - 10:00,2193.61,0.0,2178.77,0.0
2024-07-27,10:00 - 11:00,2673.66,0.0,2246.44,0.0
2024-07-27,11:00 - 12:00,2877.51,0.0,2223.9,0.0
2024-07-27,12:00 - 13:00,2828.12,0.0,2069.09,0.0
2024-07-27,13:00 - 14:00,2671.15,0.0,1684.82,0.0
2024-07-27,14:00 - 15:00,2315.49,0.0,1051.28,0.0
2024-07-27,15:00 - 16:00,2079.03,0.0,209.32,105.96000000000001
2024-07-27,16:00 - 17:00,2042.79,0.0,0.0,152.95999999999998
2024-07-27,17:00 - 18:00,1932.72,0.0,328.5,0.73
2024-07-27,18:00 - 19:00,1876.51,0.0,1437.77,0.0
2024-07-27,19:00 - 20:00,2416.21,0.0,2199.76,0.0
2024-07-27,20:00 - 21:00,2100.07,0.0,2299.22,0.0
2024-07-27,21:00 - 22:00,1585.96,0.0,2149.83,0.0
2024-07-27,22:00 - 23:00,1628.58,0.0,1957.69,0.0
2024-07-27,23:00 - 00:00,1699.86,0.0,1965.5700000000002,0.0
2024-07-28,00:00 - 01:00,1664.37,0.0,1383.2,0.0
2024-07-28,01:00 - 02:00,1606.58,0.0,1235.85,0.0
2024-07-28,02:00 - 03:00,1595.79,0.0,1288.1,0.0
2024-07-28,03:00 - 04:00,1690.49,0.0,1243.9299999999998,0.0
2024-07-28,04:00 - 05:00,1792.42,0.0,1275.1799999999998,0.0
2024-07-28,05:00 - 06:00,1700.4,0.0,1281.8899999999999,0.0
2024-07-28,06:00 - 07:00,1712.67,0.0,1308.44,0.0
2024-07-28,07:00 - 08:00,1713.64,0.0,1163.2800000000002,0.0
2024-07-28,08:00 - 09:00,2494.81,0.0,1203.8300000000002,0.0
2024-07-28,09:00 - 10:00,2951.02,0.0,1417.99,0.0
2024-07-28,10:00 - 11:00,3175.65,0.0,1211.47,0.0
2024-07-28,11:00 - 12:00,3017.33,0.0,382.9,0.0
2024-07-28,12:00 - 13:00,3032.51,0.0,893.65,0.0
2024-07-28,13:00 - 14:00,2972.1,0.0,1265.27,0.0
2024-07-28,14:00 - 15:00,2865.03,0.0,1289.13,0.0
2024-07-28,15:00 - 16:00,2855.3,0.0,1361.77,0.0
2024-07-28,16:00 - 17:00,2784.02,0.0,1424.72,0.0
2024-07-28,17:00 - 18:00,2565.67,0.0,975.43,0.0
2024-07-28,18:00 - 19:00,2682.97,0.0,830.8399999999999,0.0
2024-07-28,19:00 - 20:00,2794.4,0.0,1761.58,0.0
2024-07-28,20:00 - 21:00,2394.64,0.0,2218.13,0.0
2024-07-28,21:00 - 22:00,1873.22,0.0,2275.77,0.0
2024-07-28,22:00 - 23:00,1399.75,0.0,2101.55,0.0
2024-07-28,23:00 - 00:00,1532.62,0.0,2169.17,0.0
2024-07-29,00:00 - 01:00,1561.63,0.0,1575.54,0.0
2024-07-29,01:00 - 02:00,1792.39,0.0,1363.9,0.0
2024-07-29,02:00 - 03:00,2116.13,0.0,1340.07,0.0
2024-07-29,03:00 - 04:00,2025.5,0.0,1370.21,0.0
2024-07-29,04:00 - 05:00,1864.05,0.0,1368.53,0.0
2024-07-29,05:00 - 06:00,1283.52,0.0,1342.99,0.0
2024-07-29,06:00 - 07:00,883.58,0.0,2081.39,0.0
2024-07-29,07:00 - 08:00,859.53,0.0,2278.72,0.0
2024-07-29,08:00 - 09:00,697.43,0.0,2194.46,0.0
2024-07-29,09:00 - 10:00,1939.98,0.0,2494.79,0.0
2024-07-29,10:00 - 11:00,2412.82,0.0,2096.22,0.0
2024-07-29,11:00 - 12:00,2963.84,0.0,1932.91,0.0
2024-07-29,12:00 - 13:00,3008.6,0.0,1915.38,0.0
2024-07-29,13:00 - 14:00,2241.37,0.0,1837.75,0.0
2024-07-29,14:00 - 15:00,1669.29,0.0,1867.71,0.0
2024-07-29,15:00 - 16:00,1927.65,0.0,1869.36,0.0
2024-07-29,16:00 - 17:00,2283.91,0.0,1884.92,0.0
2024-07-29,17:00 - 18:00,2329.82,0.0,1868.13,0.0
2024-07-29,18:00 - 19:00,2424.77,0.0,2114.19,0.0
2024-07-29,19:00 - 20:00,2336.65,0.0,2151.35,0.0
2024-07-29,20:00 - 21:00,1617.95,0.0,2212.81,0.0
2024-07-29,21:00 - 22:00,768.15,0.0,2305.58,0.0
2024-07-29,22:00 - 23:00,760.51,0.0,1983.46,0.0
2024-07-29,23:00 - 00:00,1278.25,0.0,1728.33,0.0
2024-07-30,00:00 - 01:00,1259.67,0.0,1140.56,0.0
2024-07-30,01:00 - 02:00,1348.57,0.0,1284.51,0.0
2024-07-30,02:00 - 03:00,1307.78,0.0,1346.12,0.0
2024-07-30,03:00 - 04:00,1263.36,0.0,1271.91,0.0
2024-07-30,04:00 - 05:00,1121.27,0.0,1227.99,0.0
2024-07-30,05:00 - 06:00,1041.76,0.0,1180.8600000000001,0.0
2024-07-30,06:00 - 07:00,1022.1,0.0,2063.37,0.0
2024-07-30,07:00 - 08:00,666.88,0.0,2156.53,0.0
2024-07-30,08:00 - 09:00,1226.45,0.0,2155.58,0.0
2024-07-30,09:00 - 10:00,2400.29,0.0,2356.17,0.0
2024-07-30,10:00 - 11:00,3274.45,0.0,2270.5,0.0
2024-07-30,11:00 - 12:00,3715.89,0.0,2127.99,0.0
2024-07-30,12:00 - 13:00,3828.0,0.0,2075.39,0.0
2024-07-30,13:00 - 14:00,3676.07,0.0,2137.95,0.0
2024-07-30,14:00 - 15:00,3788.82,0.0,2250.7,0.0
2024-07-30,15:00 - 16:00,3838.44,0.0,2086.4,0.0
2024-07-30,16:00 - 17:00,3902.41,0.0,1873.97,0.0
2024-07-30,17:00 - 18:00,3514.96,0.0,1250.04,0.0
2024-07-30,18:00 - 19:00,3249.08,0.0,187.14,384.22
2024-07-30,19:00 - 20:00,3178.15,0.0,50.59,134.56
2024-07-30,20:00 - 21:00,2723.96,0.0,1288.46,0.0
2024-07-30,21:00 - 22:00,1805.41,0.0,991.0999999999999,0.0
2024-07-30,22:00 - 23:00,1672.57,0.0,1570.88,0.0
2024-07-30,23:00 - 00:00,2318.11,0.0,1665.85,0.0
2024-07-31,00:00 - 01:00,2608.04,0.0,1412.6100000000001,0.0
2024-07-31,01:00 - 02:00,2356.6,0.0,1288.65,0.0
2024-07-31,02:00 - 03:00,2189.65,0.0,1349.49,0.0
2024-07-31,03:00 - 04:00,1965.15,0.0,1293.8899999999999,0.0
2024-07-31,04:00 - 05:00,1894.5,0.0,1322.6399999999999,0.0
2024-07-31,05:00 - 06:00,1825.08,0.0,1380.33,0.0
2024-07-31,06:00 - 07:00,1668.75,0.0,1969.5900000000001,0.0
2024-07-31,07:00 - 08:00,1600.16,0.0,2081.7799999999997,0.0
2024-07-31,08:00 - 09:00,2421.76,0.0,1976.28,0.0
2024-07-31,09:00 - 10:00,2972.94,0.0,2141.77,0.0
2024-07-31,10:00 - 11:00,3293.79,0.0,2208.01,0.0
2024-07-31,11:00 - 12:00,3250.19,0.0,1997.54,0.0
2024-07-31,12:00 - 13:00,3354.92,0.0,2123.56,0.0
2024-07-31,13:00 - 14:00,3108.43,0.0,2089.4700000000003,0.0
2024-07-31,14:00 - 15:00,3020.33,0.0,2140.77,0.0
2024-07-31,15:00 - 16:00,2844.34,0.0,2230.3,0.0
2024-07-31,16:00 - 17:00,3355.08,0.0,2258.75,0.0
2024-07-31,17:00 - 18:00,3302.59,0.0,2219.55,0.0
2024-07-31,18:00 - 19:00,2759.25,0.0,546.5699999999999,44.230000000000004
2024-07-31,19:00 - 20:00,2555.33,0.0,700.34,30.09
2024-07-31,20:00 - 21:00,1789.97,0.0,1863.1499999999999,0.0
2024-07-31,21:00 - 22:00,861.72,0.0,1966.16,0.0
2024-07-31,22:00 - 23:00,1030.88,0.0,1883.65,0.0
2024-07-31,23:00 - 00:00,1677.88,0.0,1869.81,0.0
2024-08-01,00:00 - 01:00,1731.63,0.0,1556.81,0.0
2024-08-01,01:00 - 02:00,1679.28,0.0,1295.6299999999999,0.0
2024-08-01,02:00 - 03:00,1888.08,0.0,1340.48,0.0
2024-08-01,03:00 - 04:00,1828.18,0.0,1319.57,0.0
2024-08-01,04:00 - 05:00,1905.84,0.0,1324.05,0.0
2024-08-01,05:00 - 06:00,1861.77,0.0,1313.24,0.0
2024-08-01,06:00 - 07:00,1635.84,0.0,1808.02,0.0
2024-08-01,07:00 - 08:00,1059.24,0.0,1928.8999999999999,0.0
2024-08-01,08:00 - 09:00,1500.31,0.0,1847.2400000000002,0.0
2024-08-01,09:00 - 10:00,2532.34,0.0,1744.5,0.0
2024-08-01,10:00 - 11:00,2905.63,0.0,1578.76,0.0
2024-08-01,11:00 - 12:00,3355.36,0.0,1689.54,0.0
2024-08-01,12:00 - 13:00,3034.77,0.0,1528.13,0.0
2024-08-01,13:00 - 14:00,2367.7,0.0,929.87,0.0
2024-08-01,14:00 - 15:00,2309.76,0.0,1381.91,0.0
2024-08-01,15:00 - 16:00,2940.92,0.0,1975.69,0.0
2024-08-01,16:00 - 17:00,3270.32,0.0,2193.62,0.0
2024-08-01,17:00 - 18:00,3040.08,0.0,1696.62,0.0
2024-08-01,18:00 - 19:00,2756.66,0.0,270.58,0.0
2024-08-01,19:00 - 20:00,2297.63,0.0,917.4200000000001,85.31
2024-08-01,20:00 - 21:00,1946.32,0.0,1926.17,0.0
2024-08-01,21:00 - 22:00,812.84,0.0,1799.92,0.0
2024-08-01,22:00 - 23:00,661.49,0.0,1106.69,0.0
2024-08-01,23:00 - 00:00,1110.38,0.0,1011.81,0.0
2024-08-02,00:00 - 01:00,1113.03,0.0,1334.1599999999999,0.0
2024-08-02,01:00 - 02:00,948.97,0.0,1229.43,0.0
2024-08-02,02:00 - 03:00,1017.51,0.0,1192.79,0.0
2024-08-02,03:00 - 04:00,1021.56,0.0,1248.04,0.0
2024-08-02,04:00 - 05:00,1073.19,0.0,1320.69,0.0
2024-08-02,05:00 - 06:00,938.0,0.0,1263.69,0.0
2024-08-02,06:00 - 07:00,650.89,0.0,1729.19,0.0
2024-08-02,07:00 - 08:00,255.6,0.0,2047.69,0.0
2024-08-02,08:00 - 09:00,1052.68,0.0,2086.96,0.0
2024-08-02,09:00 - 10:00,2264.27,0.0,965.33,0.0
2024-08-02,10:00 - 11:00,2838.03,0.0,229.31,0.0
2024-08-02,11:00 - 12:00,3021.8,0.0,628.45,0.0
2024-08-02,12:00 - 13:00,2992.84,0.0,777.01,0.0
2024-08-02,13:00 - 14:00,2900.08,0.0,1460.08,0.0
2024-08-02,14:00 - 15:00,2481.0,0.0,1217.76,0.0
2024-08-02,15:00 - 16:00,2308.74,0.0,691.74,0.0
2024-08-02,16:00 - 17:00,2377.34,0.0,145.97,54.28
2024-08-02,17:00 - 18:00,2509.33,0.0,55.17,42.06
2024-08-02,18:00 - 19:00,2181.62,0.0,39.95,431.51
2024-08-02,19:00 - 20:00,1962.74,0.0,0.0,442.13
2024-08-02,20:00 - 21:00,1792.74,0.0,1616.1000000000001,67.34
2024-08-02,21:00 - 22:00,1271.69,0.0,2284.05,0.0
2024-08-02,22:00 - 23:00,1240.8,0.0,2046.23,0.0
2024-08-02,23:00 - 00:00,1588.63,0.0,1791.03,0.0
2024-08-03,00:00 - 01:00,1992.46,0.0,1667.52,0.0
2024-08-03,01:00 - 02:00,1971.34,0.0,1573.44,0.0
2024-08-03,02:00 - 03:00,1954.9,0.0,1587.64,0.0
2024-08-03,03:00 - 04:00,1992.48,0.0,1528.85,0.0
2024-08-03,04:00 - 05:00,1823.72,0.0,1564.48,0.0
2024-08-03,05:00 - 06:00,1417.06,0.0,1557.77,0.0
2024-08-03,06:00 - 07:00,1031.59,0.0,1587.53,0.0
2024-08-03,07:00 - 08:00,1014.61,0.0,1506.43,0.0
2024-08-03,08:00 - 09:00,1836.64,0.0,1801.97,0.0
2024-08-03,09:00 - 10:00,2828.42,0.0,1842.55,0.0
2024-08-03,10:00 - 11:00,2839.05,0.0,1529.6,0.0
2024-08-03,11:00 - 12:00,2899.33,0.0,691.34,0.0
2024-08-03,12:00 - 13:00,3059.41,0.0,354.08000000000004,0.0
2024-08-03,13:00 - 14:00,2985.58,0.0,1233.85,0.0
2024-08-03,14:00 - 15:00,2727.49,0.0,1688.62,0.0
2024-08-03,15:00 - 16:00,2677.14,0.0,1169.59,0.0
2024-08-03,16:00 - 17:00,2502.52,0.0,714.97,0.0
2024-08-03,17:00 - 18:00,2536.78,0.0,1451.85,0.0
2024-08-03,18:00 - 19:00,2510.73,0.0,2011.4499999999998,0.0
2024-08-03,19:00 - 20:00,2690.87,0.0,2205.55,0.0
2024-08-03,20:00 - 21:00,1780.24,0.0,2324.3199999999997,0.0
2024-08-03,21:00 - 22:00,1020.49,0.0,2225.98,0.0
2024-08-03,22:00 - 23:00,1377.55,0.0,2228.4900000000002,0.0
2024-08-03,23:00 - 00:00,1809.5,0.0,2080.57,0.0
2024-08-04,00:00 - 01:00,1987.53,0.0,1703.21,0.0
2024-08-04,01:00 - 02:00,2072.16,0.0,1490.31,0.0
2024-08-04,02:00 - 03:00,2156.79,0.0,1553.9099999999999,0.0
2024-08-04,03:00 - 04:00,1969.91,0.0,1594.3200000000002,0.0
2024-08-04,04:00 - 05:00,1853.78,0.0,1546.27,0.0
2024-08-04,05:00 - 06:00,1703.65,0.0,1603.13,0.0
2024-08-04,06:00 - 07:00,1569.55,0.0,1552.85,0.0
2024-08-04,07:00 - 08:00,1522.9,0.0,1594.0,0.0
2024-08-04,08:00 - 09:00,2069.78,0.0,1545.27,0.0
2024-08-04,09:00 - 10:00,2869.5,0.0,1557.34,0.0
2024-08-04,10:00 - 11:00,2908.31,0.0,1656.96,0.0
2024-08-04,11:00 - 12:00,2699.58,0.0,1061.44,0.0
2024-08-04,12:00 - 13:00,2673.83,0.0,1242.67,0.0
2024-08-04,13:00 - 14:00,2666.11,0.0,1540.6599999999999,0.0
2024-08-04,14:00 - 15:00,2242.77,0.0,1372.34,0.0
2024-08-04,15:00 - 16:00,2085.0,0.0,1190.73,0.0
2024-08-04,16:00 - 17:00,2038.06,0.0,1165.2,0.0
2024-08-04,17:00 - 18:00,1945.67,0.0,1331.31,0.0
2024-08-04,18:00 - 19:00,1876.86,0.0,1814.9,0.0
2024-08-04,19:00 - 20:00,2308.46,0.0,2358.38,0.0
2024-08-04,20:00 - 21:00,1997.08,0.0,2475.85,0.0
2024-08-04,21:00 - 22:00,446.22,25.21,2427.22,0.0
2024-08-04,22:00 - 23:00,0.0,377.46,2393.87,0.0
2024-08-04,23:00 - 00:00,498.42,103.1,2373.64,0.0
2024-08-05,00:00 - 01:00,1217.32,0.0,1944.87,0.0
2024-08-05,01:00 - 02:00,1543.9,0.0,1859.27,0.0
2024-08-05,02:00 - 03:00,1546.82,0.0,1854.73,0.0
2024-08-05,03:00 - 04:00,1469.46,0.0,1954.95,0.0
2024-08-05,04:00 - 05:00,1164.39,0.0,2169.16,0.0
2024-08-05,05:00 - 06:00,954.2,0.0,2254.6800000000003,0.0
2024-08-05,06:00 - 07:00,751.04,0.0,2386.35,0.0
2024-08-05,07:00 - 08:00,334.55,0.0,2443.39,0.0
2024-08-05,08:00 - 09:00,649.42,0.0,2379.11,0.0
2024-08-05,09:00 - 10:00,1592.81,0.0,2897.19,0.0
2024-08-05,10:00 - 11:00,2724.54,0.0,3101.01,0.0
2024-08-05,11:00 - 12:00,3036.72,0.0,2964.89,0.0
2024-08-05,12:00 - 13:00,3058.97,0.0,2853.07,0.0
2024-08-05,13:00 - 14:00,2777.91,0.0,2935.94,0.0
2024-08-05,14:00 - 15:00,2734.63,0.0,2896.6400000000003,0.0
2024-08-05,15:00 - 16:00,2236.54,0.0,2740.54,0.0
2024-08-05,16:00 - 17:00,2253.29,0.0,2850.9,0.0
2024-08-05,17:00 - 18:00,1988.03,0.0,2888.77,0.0
2024-08-05,18:00 - 19:00,2106.01,0.0,2989.29,0.0
2024-08-05,19:00 - 20:00,1828.58,0.0,3166.14,0.0
2024-08-05,20:00 - 21:00,1121.79,0.0,3120.88,0.0
2024-08-05,21:00 - 22:00,179.04,386.45,2734.3900000000003,0.0
2024-08-05,22:00 - 23:00,45.84,99.78,2458.62,0.0
2024-08-05,23:00 - 00:00,463.89,0.0,2409.76,0.0
2024-08-06,00:00 - 01:00,1006.73,0.0,2420.96,0.0
2024-08-06,01:00 - 02:00,1451.93,0.0,2422.8,0.0
2024-08-06,02:00 - 03:00,1564.47,0.0,2248.94,0.0
2024-08-06,03:00 - 04:00,1484.83,0.0,1941.2,0.0
2024-08-06,04:00 - 05:00,1463.23,0.0,2127.55,0.0
2024-08-06,05:00 - 06:00,1418.83,0.0,2110.26,0.0
2024-08-06,06:00 - 07:00,1069.9,0.0,2077.7200000000003,0.0
2024-08-06,07:00 - 08:00,421.26,0.0,2433.84,0.0
2024-08-06,08:00 - 09:00,1066.28,0.0,2426.37,0.0
2024-08-06,09:00 - 10:00,2202.49,0.0,2558.86,0.0
2024-08-06,10:00 - 11:00,2724.65,0.0,2619.69,0.0
2024-08-06,11:00 - 12:00,2914.83,0.0,2468.98,0.0
2024-08-06,12:00 - 13:00,2632.88,0.0,2587.08,0.0
2024-08-06,13:00 - 14:00,2728.21,0.0,2593.26,0.0
2024-08-06,14:00 - 15:00,2966.91,0.0,2528.3,0.0
2024-08-06,15:00 - 16:00,2978.08,0.0,2591.02,0.0
2024-08-06,16:00 - 17:00,2763.16,0.0,2617.17,0.0
2024-08-06,17:00 - 18:00,2688.17,0.0,2616.09,0.0
2024-08-06,18:00 - 19:00,2107.47,0.0,2311.71,0.0
2024-08-06,19:00 - 20:00,2160.53,0.0,2359.59,0.0
2024-08-06,20:00 - 21:00,1597.1,0.0,2511.84,0.0
2024-08-06,21:00 - 22:00,950.76,0.0,1944.35,0.0
2024-08-06,22:00 - 23:00,1100.03,0.0,1366.31,0.0
2024-08-06,23:00 - 00:00,1751.06,0.0,2111.83,0.0
2024-08-07,00:00 - 01:00,1368.79,0.0,2080.73,0.0
2024-08-07,01:00 - 02:00,1219.94,0.0,2056.14,0.0
2024-08-07,02:00 - 03:00,1407.5,0.0,2067.44,0.0
2024-08-07,03:00 - 04:00,1612.47,0.0,2085.73,0.0
2024-08-07,04:00 - 05:00,1850.4,0.0,2145.21,0.0
2024-08-07,05:00 - 06:00,1786.36,0.0,2271.76,0.0
2024-08-07,06:00 - 07:00,1345.13,0.0,2355.89,0.0
2024-08-07,07:00 - 08:00,1035.13,0.0,2475.07,0.0
2024-08-07,08:00 - 09:00,1680.17,0.0,2453.7799999999997,0.0
2024-08-07,09:00 - 10:00,3347.38,0.0,2491.77,0.0
2024-08-07,10:00 - 11:00,3807.91,0.0,2374.89,0.0
2024-08-07,11:00 - 12:00,3482.83,0.0,2512.2999999999997,0.0
2024-08-07,12:00 - 13:00,3197.16,0.0,2619.25,0.0
2024-08-07,13:00 - 14:00,2975.57,0.0,2609.09,0.0
2024-08-07,14:00 - 15:00,2854.13,0.0,2662.74,0.0
2024-08-07,15:00 - 16:00,3040.41,0.0,2662.1400000000003,0.0
2024-08-07,16:00 - 17:00,3025.02,0.0,2612.15,0.0
2024-08-07,17:00 - 18:00,3116.85,0.0,2602.2799999999997,0.0
2024-08-07,18:00 - 19:00,3163.48,0.0,2501.81,0.0
2024-08-07,19:00 - 20:00,3259.47,0.0,2635.83,0.0
2024-08-07,20:00 - 21:00,2701.26,0.0,2757.4,0.0
2024-08-07,21:00 - 22:00,1698.67,0.0,2627.9700000000003,0.0
2024-08-07,22:00 - 23:00,1482.88,0.0,2473.86,0.0
2024-08-07,23:00 - 00:00,1875.41,0.0,2551.79,0.0
2024-08-08,00:00 - 01:00,1956.7,0.0,2698.58,0.0
2024-08-08,01:00 - 02:00,2196.33,0.0,2748.19,0.0
2024-08-08,02:00 - 03:00,2356.62,0.0,2808.0299999999997,0.0
2024-08-08,03:00 - 04:00,2165.61,0.0,2805.5,0.0
2024-08-08,04:00 - 05:00,2096.0,0.0,2907.74,0.0
2024-08-08,05:00 - 06:00,2094.33,0.0,2889.59,0.0
2024-08-08,06:00 - 07:00,1630.84,0.0,2935.29,0.0
2024-08-08,07:00 - 08:00,1089.32,0.0,2934.8199999999997,0.0
2024-08-08,08:00 - 09:00,1487.14,0.0,2671.27,0.0
2024-08-08,09:00 - 10:00,2717.34,0.0,2851.4700000000003,0.0
2024-08-08,10:00 - 11:00,2981.95,0.0,2513.86,0.0
2024-08-08,11:00 - 12:00,3009.53,0.0,2677.43,0.0
2024-08-08,12:00 - 13:00,2775.11,0.0,2509.73,0.0
2024-08-08,13:00 - 14:00,2642.05,0.0,2743.4700000000003,0.0
2024-08-08,14:00 - 15:00,2670.2,0.0,2761.8900000000003,0.0
2024-08-08,15:00 - 16:00,2832.96,0.0,2706.6,0.0
2024-08-08,16:00 - 17:00,2899.42,0.0,2714.5099999999998,0.0
2024-08-08,17:00 - 18:00,3010.77,0.0,2737.3199999999997,0.0
2024-08-08,18:00 - 19:00,2800.36,0.0,2583.62,0.0
2024-08-08,19:00 - 20:00,2895.78,0.0,3003.69,0.0
2024-08-08,20:00 - 21:00,2141.99,0.0,3110.11,0.0
2024-08-08,21:00 - 22:00,1597.09,0.0,3003.38,0.0
2024-08-08,22:00 - 23:00,1733.74,0.0,3017.18,0.0
2024-08-08,23:00 - 00:00,1923.43,0.0,3044.16,0.0
2024-08-09,00:00 - 01:00,1884.08,0.0,2687.32,0.0
2024-08-09,01:00 - 02:00,1722.55,0.0,2635.21,0.0
2024-08-09,02:00 - 03:00,1523.82,0.0,2640.04,0.0
2024-08-09,03:00 - 04:00,1542.74,0.0,2601.4,0.0
2024-08-09,04:00 - 05:00,1473.44,0.0,2373.0299999999997,0.0
2024-08-09,05:00 - 06:00,1453.07,0.0,2319.23,0.0
2024-08-09,06:00 - 07:00,1305.73,0.0,2800.33,0.0
2024-08-09,07:00 - 08:00,1076.78,0.0,2891.51,0.0
2024-08-09,08:00 - 09:00,1584.5,0.0,2742.7200000000003,0.0
2024-08-09,09:00 - 10:00,2662.31,0.0,2802.48,0.0
2024-08-09,10:00 - 11:00,3058.7,0.0,2893.02,0.0
2024-08-09,11:00 - 12:00,3069.03,0.0,2727.92,0.0
2024-08-09,12:00 - 13:00,3181.5,0.0,2684.8900000000003,0.0
2024-08-09,13:00 - 14:00,3020.35,0.0,2791.67,0.0
2024-08-09,14:00 - 15:00,2991.08,0.0,2782.1,0.0
2024-08-09,15:00 - 16:00,3579.85,0.0,2890.74,0.0
2024-08-09,16:00 - 17:00,3516.25,0.0,2908.63,0.0
2024-08-09,17:00 - 18:00,3446.77,0.0,2924.46,0.0
2024-08-09,18:00 - 19:00,3248.91,0.0,2934.39,0.0
2024-08-09,19:00 - 20:00,3074.07,0.0,3043.96,0.0
2024-08-09,20:00 - 21:00,2463.54,0.0,3057.55,0.0
2024-08-09,21:00 - 22:00,1590.03,0.0,2742.62,0.0
2024-08-09,22:00 - 23:00,1604.43,0.0,2678.46,0.0
2024-08-09,23:00 - 00:00,2166.35,0.0,2627.2200000000003,0.0
2024-08-10,00:00 - 01:00,2229.23,0.0,2685.74,0.0
2024-08-10,01:00 - 02:00,2040.77,0.0,2719.99,0.0
2024-08-10,02:00 - 03:00,1952.45,0.0,2688.71,0.0
2024-08-10,03:00 - 04:00,1594.44,0.0,2695.8900000000003,0.0
2024-08-10,04:00 - 05:00,1324.17,0.0,2723.1800000000003,0.0
2024-08-10,05:00 - 06:00,1092.11,0.0,2705.79,0.0
2024-08-10,06:00 - 07:00,1062.98,0.0,2700.23,0.0
2024-08-10,07:00 - 08:00,1065.52,0.0,2598.31,0.0
2024-08-10,08:00 - 09:00,1810.89,0.0,2445.79,0.0
2024-08-10,09:00 - 10:00,2669.01,0.0,2444.01,0.0
2024-08-10,10:00 - 11:00,3117.41,0.0,2332.54,0.0
2024-08-10,11:00 - 12:00,3113.04,0.0,2317.93,0.0
2024-08-10,12:00 - 13:00,3019.41,0.0,2373.76,0.0
2024-08-10,13:00 - 14:00,2979.84,0.0,2399.76,0.0
2024-08-10,14:00 - 15:00,2828.31,0.0,2397.68,0.0
2024-08-10,15:00 - 16:00,2903.22,0.0,2360.69,0.0
2024-08-10,16:00 - 17:00,2661.15,0.0,2397.62,0.0
2024-08-10,17:00 - 18:00,2658.36,0.0,2374.4300000000003,0.0
2024-08-10,18:00 - 19:00,3121.22,0.0,2328.74,0.0
2024-08-10,19:00 - 20:00,3238.04,0.0,2303.79,0.0
2024-08-10,20:00 - 21:00,2705.35,0.0,2419.74,0.0
2024-08-10,21:00 - 22:00,1757.02,0.0,2533.67,0.0
2024-08-10,22:00 - 23:00,1432.42,0.0,2338.87,0.0
2024-08-10,23:00 - 00:00,2178.9,0.0,2394.13,0.0
2024-08-11,00:00 - 01:00,2249.27,0.0,2333.22,0.0
2024-08-11,01:00 - 02:00,2295.65,0.0,2549.76,0.0
2024-08-11,02:00 - 03:00,2520.55,0.0,2365.56,0.0
2024-08-11,03:00 - 04:00,2518.14,0.0,2399.86,0.0
2024-08-11,04:00 - 05:00,2436.54,0.0,2404.49,0.0
2024-08-11,05:00 - 06:00,2190.3,0.0,2422.06,0.0
2024-08-11,06:00 - 07:00,1982.96,0.0,2424.77,0.0
2024-08-11,07:00 - 08:00,2156.5,0.0,2447.78,0.0
2024-08-11,08:00 - 09:00,2706.96,0.0,2503.98,0.0
2024-08-11,09:00 - 10:00,2892.73,0.0,2473.4700000000003,0.0
2024-08-11,10:00 - 11:00,3041.24,0.0,1818.31,0.0
2024-08-11,11:00 - 12:00,3173.06,0.0,1757.78,0.0
2024-08-11,12:00 - 13:00,3099.69,0.0,2331.83,0.0
2024-08-11,13:00 - 14:00,3065.5,0.0,2675.0699999999997,0.0
2024-08-11,14:00 - 15:00,2899.93,0.0,2696.54,0.0
2024-08-11,15:00 - 16:00,2708.39,0.0,2544.57,0.0
2024-08-11,16:00 - 17:00,2185.62,0.0,1302.91,0.0
2024-08-11,17:00 - 18:00,1827.32,0.0,207.55,715.33
2024-08-11,18:00 - 19:00,1950.49,0.0,579.5899999999999,256.84
2024-08-11,19:00 - 20:00,2270.73,0.0,1812.25,0.0
2024-08-11,20:00 - 21:00,2126.69,0.0,2431.47,0.0
2024-08-11,21:00 - 22:00,1274.17,0.0,2453.66,0.0
2024-08-11,22:00 - 23:00,888.4,0.0,2394.1099999999997,0.0
2024-08-11,23:00 - 00:00,1350.96,0.0,2352.85,0.0
2024-08-12,00:00 - 01:00,1852.47,0.0,2407.38,0.0
2024-08-12,01:00 - 02:00,1915.29,0.0,2367.74,0.0
2024-08-12,02:00 - 03:00,2053.15,0.0,2432.17,0.0
2024-08-12,03:00 - 04:00,2055.27,0.0,2451.7799999999997,0.0
2024-08-12,04:00 - 05:00,1926.16,0.0,2404.65,0.0
2024-08-12,05:00 - 06:00,1618.86,0.0,2339.46,0.0
2024-08-12,06:00 - 07:00,1195.58,0.0,2661.88,0.0
2024-08-12,07:00 - 08:00,540.72,0.0,2482.75,0.0
2024-08-12,08:00 - 09:00,785.91,0.0,2303.38,0.0
2024-08-12,09:00 - 10:00,1736.85,0.0,2212.3599999999997,0.0
2024-08-12,10:00 - 11:00,2571.61,0.0,2291.05,0.0
2024-08-12,11:00 - 12:00,2806.16,0.0,2261.65,0.0
2024-08-12,12:00 - 13:00,2741.29,0.0,2225.13,0.0
2024-08-12,13:00 - 14:00,2592.92,0.0,2305.99,0.0
2024-08-12,14:00 - 15:00,2338.28,0.0,2382.17,0.0
2024-08-12,15:00 - 16:00,2238.0,0.0,2057.01,0.0
2024-08-12,16:00 - 17:00,2083.72,0.0,2156.37,0.0
2024-08-12,17:00 - 18:00,2084.89,0.0,2298.5699999999997,0.0
2024-08-12,18:00 - 19:00,1987.56,0.0,1521.1100000000001,0.0
2024-08-12,19:00 - 20:00,1290.11,0.0,288.24,8.41
2024-08-12,20:00 - 21:00,894.36,0.0,1166.85,0.0
2024-08-12,21:00 - 22:00,496.1,0.0,1860.88,0.0
2024-08-12,22:00 - 23:00,523.08,0.0,1637.6399999999999,0.0
2024-08-12,23:00 - 00:00,924.54,0.0,2147.83,0.0
2024-08-13,00:00 - 01:00,498.08,0.0,2316.79,0.0
2024-08-13,01:00 - 02:00,541.74,0.0,2298.99,0.0
2024-08-13,02:00 - 03:00,890.08,0.0,2327.34,0.0
2024-08-13,03:00 - 04:00,863.07,0.0,2252.4300000000003,0.0
2024-08-13,04:00 - 05:00,812.25,0.0,2570.0,0.0
2024-08-13,05:00 - 06:00,577.29,0.0,2457.48,0.0
2024-08-13,06:00 - 07:00,98.84,107.36,2591.62,0.0
2024-08-13,07:00 - 08:00,0.0,412.26,2446.31,0.0
2024-08-13,08:00 - 09:00,318.09,114.59,1926.99,0.0
2024-08-13,09:00 - 10:00,1652.49,0.0,1682.9099999999999,0.0
2024-08-13,10:00 - 11:00,1635.69,0.0,1906.1399999999999,0.0
2024-08-13,11:00 - 12:00,1776.17,0.0,2319.99,0.0
2024-08-13,12:00 - 13:00,1626.43,0.0,2266.65,0.0
2024-08-13,13:00 - 14:00,1462.52,0.0,2180.84,0.0
2024-08-13,14:00 - 15:00,1240.78,0.0,2377.06,0.0
2024-08-13,15:00 - 16:00,952.18,0.0,2143.11,0.0
2024-08-13,16:00 - 17:00,1167.28,0.0,1175.52,0.0
2024-08-13,17:00 - 18:00,886.99,0.0,483.90999999999997,0.0
2024-08-13,18:00 - 19:00,877.51,0.0,690.91,0.0
2024-08-13,19:00 - 20:00,1173.36,0.0,1005.52,0.0
2024-08-13,20:00 - 21:00,967.16,0.0,1624.56,0.0
2024-08-13,21:00 - 22:00,398.76,0.0,1873.24,0.0
2024-08-13,22:00 - 23:00,523.06,0.0,1787.12,0.0
2024-08-13,23:00 - 00:00,909.73,0.0,1820.19,0.0
2024-08-14,00:00 - 01:00,801.14,0.0,2422.47,0.0
2024-08-14,01:00 - 02:00,821.61,0.0,2459.39,0.0
2024-08-14,02:00 - 03:00,1348.73,0.0,2580.84,0.0
2024-08-14,03:00 - 04:00,1312.81,0.0,2578.74,0.0
2024-08-14,04:00 - 05:00,1292.31,0.0,2520.75,0.0
2024-08-14,05:00 - 06:00,1061.61,0.0,2505.74,0.0
2024-08-14,06:00 - 07:00,850.82,0.0,2324.7599999999998,0.0
2024-08-14,07:00 - 08:00,509.17,0.0,2272.33,0.0
2024-08-14,08:00 - 09:00,796.24,0.0,2292.78,0.0
2024-08-14,09:00 - 10:00,1883.33,0.0,711.81,34.94
2024-08-14,10:00 - 11:00,2535.7,0.0,0.0,901.19
2024-08-14,11:00 - 12:00,2488.16,0.0,0.0,1812.1100000000001
2024-08-14,12:00 - 13:00,2405.3,0.0,0.0,2347.55
2024-08-14,13:00 - 14:00,2325.74,0.0,0.0,2099.42
2024-08-14,14:00 - 15:00,2124.9,0.0,0.0,2335.08
2024-08-14,15:00 - 16:00,2178.02,0.0,0.0,2426.17
2024-08-14,16:00 - 17:00,2067.28,0.0,0.0,2108.09
2024-08-14,17:00 - 18:00,1870.23,0.0,0.0,2294.21
2024-08-14,18:00 - 19:00,1686.23,0.0,0.0,2173.74
2024-08-14,19:00 - 20:00,1716.58,0.0,0.0,1676.75
2024-08-14,20:00 - 21:00,1936.03,0.0,135.01,224.36
2024-08-14,21:00 - 22:00,1798.06,0.0,839.98,0.0
2024-08-14,22:00 - 23:00,1953.19,0.0,504.02,0.0
2024-08-14,23:00 - 00:00,2464.57,0.0,781.96,0.0
2024-08-15,00:00 - 01:00,2479.16,0.0,1706.43,0.0
2024-08-15,01:00 - 02:00,2262.56,0.0,1884.51,0.0
2024-08-15,02:00 - 03:00,2269.15,0.0,1693.66,0.0
2024-08-15,03:00 - 04:00,2170.12,0.0,1958.08,0.0
2024-08-15,04:00 - 05:00,2279.42,0.0,2039.89,0.0
2024-08-15,05:00 - 06:00,2129.33,0.0,2035.48,0.0
2024-08-15,06:00 - 07:00,1991.41,0.0,2010.52,0.0
2024-08-15,07:00 - 08:00,1965.07,0.0,2134.7,0.0
2024-08-15,08:00 - 09:00,1970.16,0.0,1367.89,0.0
2024-08-15,09:00 - 10:00,1870.73,0.0,54.57,1472.47
2024-08-15,10:00 - 11:00,2557.3,0.0,0.0,2336.09
2024-08-15,11:00 - 12:00,2984.24,0.0,0.0,2285.02
2024-08-15,12:00 - 13:00,2863.85,0.0,0.0,2554.02
2024-08-15,13:00 - 14:00,2825.62,0.0,0.0,1719.3400000000001
2024-08-15,14:00 - 15:00,2762.15,0.0,0.0,865.37
2024-08-15,15:00 - 16:00,2585.42,0.0,0.0,1440.4099999999999
2024-08-15,16:00 - 17:00,2359.3,0.0,0.0,2098.1
2024-08-15,17:00 - 18:00,2235.23,0.0,0.0,1900.49
2024-08-15,18:00 - 19:00,2438.8,0.0,0.0,809.92
2024-08-15,19:00 - 20:00,2522.84,0.0,429.64,0.0
2024-08-15,20:00 - 21:00,2536.96,0.0,2133.1800000000003,0.0
2024-08-15,21:00 - 22:00,1719.13,0.0,2606.2799999999997,0.0
2024-08-15,22:00 - 23:00,1457.22,0.0,2450.4300000000003,0.0
2024-08-15,23:00 - 00:00,1809.86,0.0,2392.09,0.0
2024-08-16,00:00 - 01:00,1761.17,0.0,2516.33,0.0
2024-08-16,01:00 - 02:00,1944.09,0.0,2236.81,0.0
2024-08-16,02:00 - 03:00,2184.55,0.0,2088.7200000000003,0.0
2024-08-16,03:00 - 04:00,2319.23,0.0,2111.15,0.0
2024-08-16,04:00 - 05:00,2219.44,0.0,1967.68,0.0
2024-08-16,05:00 - 06:00,1697.96,0.0,2126.72,0.0
2024-08-16,06:00 - 07:00,1277.84,0.0,2255.92,0.0
2024-08-16,07:00 - 08:00,1067.27,0.0,2516.18,0.0
2024-08-16,08:00 - 09:00,1519.47,0.0,2471.46,0.0
2024-08-16,09:00 - 10:00,2520.92,0.0,1174.8200000000002,0.0
2024-08-16,10:00 - 11:00,3094.86,0.0,365.74,31.0
2024-08-16,11:00 - 12:00,3195.98,0.0,0.0,442.42
2024-08-16,12:00 - 13:00,3295.78,0.0,331.36,149.27
2024-08-16,13:00 - 14:00,3273.8,0.0,1434.6299999999999,0.0
2024-08-16,14:00 - 15:00,2947.03,0.0,1323.19,0.0
2024-08-16,15:00 - 16:00,2965.25,0.0,369.99,0.0
2024-08-16,16:00 - 17:00,2854.35,0.0,47.77,367.82
2024-08-16,17:00 - 18:00,2705.37,0.0,0.0,967.61
2024-08-16,18:00 - 19:00,2793.0,0.0,0.0,764.8299999999999
2024-08-16,19:00 - 20:00,2676.41,0.0,1074.06,206.21
2024-08-16,20:00 - 21:00,2270.9,0.0,2641.98,0.0
2024-08-16,21:00 - 22:00,1315.96,0.0,2690.77,0.0
2024-08-16,22:00 - 23:00,1224.25,0.0,2659.34,0.0
2024-08-16,23:00 - 00:00,1412.63,0.0,2188.44,0.0
2024-08-17,00:00 - 01:00,1045.02,0.0,2556.36,0.0
2024-08-17,01:00 - 02:00,938.51,0.0,2299.4300000000003,0.0
2024-08-17,02:00 - 03:00,903.86,0.0,2113.24,0.0
2024-08-17,03:00 - 04:00,1143.19,0.0,2136.48,0.0
2024-08-17,04:00 - 05:00,1375.41,0.0,2183.61,0.0
2024-08-17,05:00 - 06:00,1626.6,0.0,2064.4,0.0
2024-08-17,06:00 - 07:00,1385.6,0.0,2149.24,0.0
2024-08-17,07:00 - 08:00,1057.09,0.0,2107.65,0.0
2024-08-17,08:00 - 09:00,1812.91,0.0,2017.9099999999999,0.0
2024-08-17,09:00 - 10:00,2546.41,0.0,515.21,513.56
2024-08-17,10:00 - 11:00,2603.8,0.0,0.0,1663.14
2024-08-17,11:00 - 12:00,2564.27,0.0,0.0,1615.07
2024-08-17,12:00 - 13:00,2299.82,0.0,0.0,1182.26
2024-08-17,13:00 - 14:00,2158.44,0.0,0.0,381.76
2024-08-17,14:00 - 15:00,1803.12,0.0,0.0,512.71
2024-08-17,15:00 - 16:00,1510.98,0.0,0.0,1274.8899999999999
2024-08-17,16:00 - 17:00,1203.53,0.0,0.0,1635.52
2024-08-17,17:00 - 18:00,1288.34,0.0,0.0,2322.52
2024-08-17,18:00 - 19:00,1060.7,0.0,0.0,2441.93
2024-08-17,19:00 - 20:00,1058.64,0.0,373.45,574.39
2024-08-17,20:00 - 21:00,1025.72,0.0,1698.74,0.0
2024-08-17,21:00 - 22:00,570.58,0.0,1962.23,0.0
2024-08-17,22:00 - 23:00,737.39,0.0,1932.67,0.0
2024-08-17,23:00 - 00:00,1211.45,0.0,1965.3700000000001,0.0
2024-08-18,00:00 - 01:00,1156.78,0.0,2194.62,0.0
2024-08-18,01:00 - 02:00,983.14,0.0,2283.4,0.0
2024-08-18,02:00 - 03:00,846.49,0.0,2258.85,0.0
2024-08-18,03:00 - 04:00,911.91,0.0,2288.9300000000003,0.0
2024-08-18,04:00 - 05:00,946.2,0.0,2109.65,0.0
2024-08-18,05:00 - 06:00,953.55,0.0,2048.2,0.0
2024-08-18,06:00 - 07:00,938.59,0.0,1920.53,0.0
2024-08-18,07:00 - 08:00,1133.85,0.0,1924.13,0.0
2024-08-18,08:00 - 09:00,1612.15,0.0,1776.59,0.0
2024-08-18,09:00 - 10:00,2014.77,0.0,357.17,412.67
2024-08-18,10:00 - 11:00,2039.58,0.0,0.0,1891.22
2024-08-18,11:00 - 12:00,2097.42,0.0,0.0,2695.15
2024-08-18,12:00 - 13:00,2194.06,0.0,0.0,2751.25
2024-08-18,13:00 - 14:00,2267.23,0.0,0.0,2857.8599999999997
2024-08-18,14:00 - 15:00,1985.3,0.0,0.0,2893.33
2024-08-18,15:00 - 16:00,1848.84,0.0,0.0,2905.92
2024-08-18,16:00 - 17:00,1742.68,0.0,0.0,2799.18
2024-08-18,17:00 - 18:00,1742.45,0.0,0.0,2781.91
2024-08-18,18:00 - 19:00,2039.56,0.0,0.0,2748.59
2024-08-18,19:00 - 20:00,2277.39,0.0,0.0,2157.85
2024-08-18,20:00 - 21:00,2394.34,0.0,370.59000000000003,442.41
2024-08-18,21:00 - 22:00,1813.94,0.0,1035.5,0.0
2024-08-18,22:00 - 23:00,1610.16,0.0,760.72,0.0
2024-08-18,23:00 - 00:00,1883.1,0.0,962.47,0.0
2024-08-19,00:00 - 01:00,2349.81,0.0,1644.9099999999999,0.0
2024-08-19,01:00 - 02:00,2836.34,0.0,1857.37,0.0
2024-08-19,02:00 - 03:00,2853.12,0.0,1645.05,0.0
2024-08-19,03:00 - 04:00,2749.85,0.0,1432.27,0.0
2024-08-19,04:00 - 05:00,2698.61,0.0,1575.27,0.0
2024-08-19,05:00 - 06:00,2000.23,0.0,1521.6599999999999,0.0
2024-08-19,06:00 - 07:00,1397.48,0.0,2196.53,0.0
2024-08-19,07:00 - 08:00,918.21,0.0,2078.47,0.0
2024-08-19,08:00 - 09:00,1159.07,0.0,1676.75,0.0
2024-08-19,09:00 - 10:00,1939.88,0.0,1389.62,0.0
2024-08-19,10:00 - 11:00,2349.77,0.0,746.53,0.0
2024-08-19,11:00 - 12:00,2874.3,0.0,993.8199999999999,0.0
2024-08-19,12:00 - 13:00,3065.27,0.0,1765.04,0.0
2024-08-19,13:00 - 14:00,3340.98,0.0,2479.62,0.0
2024-08-19,14:00 - 15:00,3083.45,0.0,2487.75,0.0
2024-08-19,15:00 - 16:00,2850.22,0.0,2374.12,0.0
2024-08-19,16:00 - 17:00,2696.67,0.0,2109.05,0.0
2024-08-19,17:00 - 18:00,2489.13,0.0,1218.04,0.0
2024-08-19,18:00 - 19:00,1569.01,0.0,191.5,191.42000000000002
2024-08-19,19:00 - 20:00,1426.95,0.0,971.24,64.23
2024-08-19,20:00 - 21:00,812.65,0.0,2355.91,0.0
2024-08-19,21:00 - 22:00,838.63,0.0,2826.09,0.0
2024-08-19,22:00 - 23:00,798.25,0.0,2882.24,0.0
2024-08-19,23:00 - 00:00,1089.0,0.0,2608.16,0.0
2024-08-20,00:00 - 01:00,1173.78,0.0,2618.61,0.0
2024-08-20,01:00 - 02:00,961.82,0.0,2711.97,0.0
2024-08-20,02:00 - 03:00,867.42,0.0,2489.32,0.0
2024-08-20,03:00 - 04:00,708.25,0.0,2601.96,0.0
2024-08-20,04:00 - 05:00,819.6,0.0,2826.56,0.0
2024-08-20,05:00 - 06:00,422.63,0.0,2877.06,0.0
2024-08-20,06:00 - 07:00,146.16,0.0,2791.06,0.0
2024-08-20,07:00 - 08:00,19.54,269.13,2757.63,0.0
2024-08-20,08:00 - 09:00,99.42,76.91,2579.6099999999997,0.0
2024-08-20,09:00 - 10:00,1279.83,0.0,2786.44,0.0
2024-08-20,10:00 - 11:00,1485.92,0.0,2548.64,0.0
2024-08-20,11:00 - 12:00,1807.85,0.0,2690.48,0.0
2024-08-20,12:00 - 13:00,2097.51,0.0,2581.45,0.0
2024-08-20,13:00 - 14:00,2134.7,0.0,2625.45,0.0
2024-08-20,14:00 - 15:00,2165.85,0.0,2539.77,0.0
2024-08-20,15:00 - 16:00,2156.81,0.0,2398.49,0.0
2024-08-20,16:00 - 17:00,1840.3,0.0,2541.41,0.0
2024-08-20,17:00 - 18:00,1893.28,0.0,2382.24,0.0
2024-08-20,18:00 - 19:00,2250.31,0.0,1821.04,0.0
2024-08-20,19:00 - 20:00,2239.96,0.0,1622.14,0.0
2024-08-20,20:00 - 21:00,1822.66,0.0,1972.21,0.0
2024-08-20,21:00 - 22:00,1560.86,0.0,2233.43,0.0
2024-08-20,22:00 - 23:00,1667.82,0.0,2004.96,0.0
2024-08-20,23:00 - 00:00,2009.86,0.0,2105.94,0.0
2024-08-21,00:00 - 01:00,1834.07,0.0,2355.04,0.0
2024-08-21,01:00 - 02:00,2116.26,0.0,2466.67,0.0
2024-08-21,02:00 - 03:00,2053.87,0.0,2237.7400000000002,0.0
2024-08-21,03:00 - 04:00,2217.67,0.0,2331.02,0.0
2024-08-21,04:00 - 05:00,2208.25,0.0,2339.44,0.0
2024-08-21,05:00 - 06:00,1937.55,0.0,2329.29,0.0
2024-08-21,06:00 - 07:00,1556.4,0.0,2284.42,0.0
2024-08-21,07:00 - 08:00,1369.25,0.0,2160.67,0.0
2024-08-21,08:00 - 09:00,1851.12,0.0,2536.51,0.0
2024-08-21,09:00 - 10:00,2617.59,0.0,2738.68,0.0
2024-08-21,10:00 - 11:00,2941.38,0.0,2562.7200000000003,0.0
2024-08-21,11:00 - 12:00,3144.23,0.0,2543.71,0.0
2024-08-21,12:00 - 13:00,3160.44,0.0,2685.57,0.0
2024-08-21,13:00 - 14:00,2999.08,0.0,2778.2,0.0
2024-08-21,14:00 - 15:00,2962.14,0.0,2627.11,0.0
2024-08-21,15:00 - 16:00,3011.71,0.0,2834.21,0.0
2024-08-21,16:00 - 17:00,2856.63,0.0,2987.65,0.0
2024-08-21,17:00 - 18:00,2809.43,0.0,2999.92,0.0
2024-08-21,18:00 - 19:00,2810.42,0.0,2554.23,0.0
2024-08-21,19:00 - 20:00,2474.33,0.0,2397.71,0.0
2024-08-21,20:00 - 21:00,1600.42,0.0,2396.21,0.0
2024-08-21,21:00 - 22:00,808.56,0.0,2266.27,0.0
2024-08-21,22:00 - 23:00,1130.33,0.0,2193.39,0.0
2024-08-21,23:00 - 00:00,1546.45,0.0,2198.04,0.0
2024-08-22,00:00 - 01:00,1440.66,0.0,2363.66,0.0
2024-08-22,01:00 - 02:00,1177.92,0.0,2494.3,0.0
2024-08-22,02:00 - 03:00,877.01,0.0,2467.79,0.0
2024-08-22,03:00 - 04:00,684.86,0.0,2494.24,0.0
2024-08-22,04:00 - 05:00,525.98,0.0,2281.55,0.0
2024-08-22,05:00 - 06:00,567.83,0.0,2239.13,0.0
2024-08-22,06:00 - 07:00,503.81,0.0,2299.74,0.0
2024-08-22,07:00 - 08:00,481.12,0.0,2307.3199999999997,0.0
2024-08-22,08:00 - 09:00,999.89,0.0,2548.5099999999998,0.0
2024-08-22,09:00 - 10:00,1960.92,0.0,2760.35,0.0
2024-08-22,10:00 - 11:00,2509.84,0.0,2773.5299999999997,0.0
2024-08-22,11:00 - 12:00,2616.43,0.0,2676.68,0.0
2024-08-22,12:00 - 13:00,2342.38,0.0,2257.31,0.0
2024-08-22,13:00 - 14:00,2088.16,0.0,2415.54,0.0
2024-08-22,14:00 - 15:00,1941.2,0.0,2337.25,0.0
2024-08-22,15:00 - 16:00,2280.52,0.0,2592.04,0.0
2024-08-22,16:00 - 17:00,2350.34,0.0,2758.25,0.0
2024-08-22,17:00 - 18:00,1770.68,0.0,2680.35,0.0
2024-08-22,18:00 - 19:00,2088.81,0.0,2872.06,0.0
2024-08-22,19:00 - 20:00,1598.61,0.0,2159.0,0.0
2024-08-22,20:00 - 21:00,835.44,0.0,2740.89,0.0
2024-08-22,21:00 - 22:00,518.43,0.0,3026.59,0.0
2024-08-22,22:00 - 23:00,781.56,0.0,2867.16,0.0
2024-08-22,23:00 - 00:00,1102.98,0.0,2739.17,0.0
2024-08-23,00:00 - 01:00,1306.93,0.0,2516.68,0.0
2024-08-23,01:00 - 02:00,1198.25,0.0,2411.1099999999997,0.0
2024-08-23,02:00 - 03:00,1072.48,0.0,2500.2200000000003,0.0
2024-08-23,03:00 - 04:00,875.72,0.0,2450.17,0.0
2024-08-23,04:00 - 05:00,967.99,0.0,2547.99,0.0
2024-08-23,05:00 - 06:00,1077.41,0.0,2534.08,0.0
2024-08-23,06:00 - 07:00,1180.69,0.0,2737.98,0.0
2024-08-23,07:00 - 08:00,858.95,0.0,2809.24,0.0
2024-08-23,08:00 - 09:00,1062.49,0.0,2531.06,0.0
2024-08-23,09:00 - 10:00,2170.57,0.0,2495.52,0.0
2024-08-23,10:00 - 11:00,2679.0,0.0,2685.14,0.0
2024-08-23,11:00 - 12:00,2693.92,0.0,2657.7,0.0
2024-08-23,12:00 - 13:00,2981.1,0.0,2320.99,0.0
2024-08-23,13:00 - 14:00,3072.02,0.0,2538.33,0.0
2024-08-23,14:00 - 15:00,3162.2,0.0,2591.29,0.0
2024-08-23,15:00 - 16:00,3303.51,0.0,2654.59,0.0
2024-08-23,16:00 - 17:00,3462.04,0.0,2597.06,0.0
2024-08-23,17:00 - 18:00,3226.45,0.0,2688.26,0.0
2024-08-23,18:00 - 19:00,3145.32,0.0,2797.21,0.0
2024-08-23,19:00 - 20:00,2568.64,0.0,2522.2,0.0
2024-08-23,20:00 - 21:00,2423.31,0.0,2458.54,0.0
2024-08-23,21:00 - 22:00,1687.0,0.0,2767.44,0.0
2024-08-23,22:00 - 23:00,1551.03,0.0,2786.04,0.0
2024-08-23,23:00 - 00:00,1579.15,0.0,2781.14,0.0
2024-08-24,00:00 - 01:00,1629.06,0.0,2558.94,0.0
2024-08-24,01:00 - 02:00,1719.42,0.0,2506.73,0.0
2024-08-24,02:00 - 03:00,1832.16,0.0,2480.7400000000002,0.0
2024-08-24,03:00 - 04:00,1854.21,0.0,2493.4700000000003,0.0
2024-08-24,04:00 - 05:00,1892.63,0.0,2483.1499999999996,0.0
2024-08-24,05:00 - 06:00,2018.07,0.0,2446.57,0.0
2024-08-24,06:00 - 07:00,2004.0,0.0,2454.88,0.0
2024-08-24,07:00 - 08:00,1938.6,0.0,2483.2,0.0
2024-08-24,08:00 - 09:00,2427.45,0.0,2311.79,0.0
2024-08-24,09:00 - 10:00,2564.35,0.0,2638.88,0.0
2024-08-24,10:00 - 11:00,3112.71,0.0,2566.08,0.0
2024-08-24,11:00 - 12:00,3302.17,0.0,1781.61,0.0
2024-08-24,12:00 - 13:00,3275.36,0.0,1343.6399999999999,0.0
2024-08-24,13:00 - 14:00,3006.34,0.0,2155.2,0.0
2024-08-24,14:00 - 15:00,2568.43,0.0,2315.51,0.0
2024-08-24,15:00 - 16:00,2241.69,0.0,2296.13,0.0
2024-08-24,16:00 - 17:00,1945.72,0.0,1704.74,0.0
2024-08-24,17:00 - 18:00,1582.12,0.0,792.68,0.0
2024-08-24,18:00 - 19:00,1722.05,0.0,1178.03,0.0
2024-08-24,19:00 - 20:00,2143.09,0.0,2049.44,0.0
2024-08-24,20:00 - 21:00,2036.12,0.0,2573.39,0.0
2024-08-24,21:00 - 22:00,1842.67,0.0,2509.6800000000003,0.0
2024-08-24,22:00 - 23:00,1912.07,0.0,2302.19,0.0
2024-08-24,23:00 - 00:00,2098.67,0.0,2329.56,0.0
2024-08-25,00:00 - 01:00,2083.41,0.0,2440.18,0.0
2024-08-25,01:00 - 02:00,1934.4,0.0,2249.9,0.0
2024-08-25,02:00 - 03:00,1727.81,0.0,2274.76,0.0
2024-08-25,03:00 - 04:00,1578.24,0.0,2261.0,0.0
2024-08-25,04:00 - 05:00,1300.54,0.0,2318.56,0.0
2024-08-25,05:00 - 06:00,1259.84,0.0,2606.7,0.0
2024-08-25,06:00 - 07:00,1081.12,0.0,2616.61,0.0
2024-08-25,07:00 - 08:00,1387.51,0.0,2607.78,0.0
2024-08-25,08:00 - 09:00,1605.96,0.0,2541.1800000000003,0.0
2024-08-25,09:00 - 10:00,1654.09,0.0,2338.39,0.0
2024-08-25,10:00 - 11:00,2008.57,0.0,2826.81,0.0
2024-08-25,11:00 - 12:00,2173.15,0.0,2894.7200000000003,0.0
2024-08-25,12:00 - 13:00,2252.95,0.0,2745.48,0.0
2024-08-25,13:00 - 14:00,2355.86,0.0,2680.0699999999997,0.0
2024-08-25,14:00 - 15:00,2323.67,0.0,2707.88,0.0
2024-08-25,15:00 - 16:00,2326.74,0.0,2755.9300000000003,0.0
2024-08-25,16:00 - 17:00,2171.14,0.0,2692.14,0.0
2024-08-25,17:00 - 18:00,2109.17,0.0,1198.6100000000001,0.0
2024-08-25,18:00 - 19:00,2179.34,0.0,399.54,0.0
2024-08-25,19:00 - 20:00,2496.75,0.0,1113.8600000000001,0.0
2024-08-25,20:00 - 21:00,2275.5,0.0,1352.34,0.0
2024-08-25,21:00 - 22:00,1463.34,0.0,1604.6100000000001,0.0
2024-08-25,22:00 - 23:00,1466.67,0.0,1654.53,0.0
2024-08-25,23:00 - 00:00,2117.76,0.0,1610.88,0.0
2024-08-26,00:00 - 01:00,2365.85,0.0,2409.21,0.0
2024-08-26,01:00 - 02:00,2492.83,0.0,2738.38,0.0
2024-08-26,02:00 - 03:00,2506.49,0.0,2541.65,0.0
2024-08-26,03:00 - 04:00,2551.22,0.0,2499.19,0.0
2024-08-26,04:00 - 05:00,2381.43,0.0,2508.21,0.0
2024-08-26,05:00 - 06:00,1921.63,0.0,2535.99,0.0
2024-08-26,06:00 - 07:00,1862.4,0.0,2462.81,0.0
2024-08-26,07:00 - 08:00,1441.95,0.0,2552.84,0.0
2024-08-26,08:00 - 09:00,1366.62,0.0,2466.64,0.0
2024-08-26,09:00 - 10:00,2248.59,0.0,2209.45,0.0
2024-08-26,10:00 - 11:00,2457.38,0.0,2283.99,0.0
2024-08-26,11:00 - 12:00,3170.09,0.0,2335.59,0.0
2024-08-26,12:00 - 13:00,3598.28,0.0,2392.27,0.0
2024-08-26,13:00 - 14:00,3511.06,0.0,2382.99,0.0
2024-08-26,14:00 - 15:00,2997.43,0.0,2337.9900000000002,0.0
2024-08-26,15:00 - 16:00,2795.7,0.0,2343.7,0.0
2024-08-26,16:00 - 17:00,3075.32,0.0,2396.27,0.0
2024-08-26,17:00 - 18:00,3085.01,0.0,1655.71,0.0
2024-08-26,18:00 - 19:00,2779.49,0.0,720.52,0.0
2024-08-26,19:00 - 20:00,2488.45,0.0,866.52,0.0
2024-08-26,20:00 - 21:00,1856.94,0.0,1570.27,0.0
2024-08-26,21:00 - 22:00,1149.74,0.0,2194.9900000000002,0.0
2024-08-26,22:00 - 23:00,1326.26,0.0,2129.0,0.0
2024-08-26,23:00 - 00:00,2230.67,0.0,2111.96,0.0
2024-08-27,00:00 - 01:00,2279.84,0.0,2123.83,0.0
2024-08-27,01:00 - 02:00,2266.06,0.0,2078.79,0.0
2024-08-27,02:00 - 03:00,2174.56,0.0,2017.89,0.0
2024-08-27,03:00 - 04:00,2086.83,0.0,2067.06,0.0
2024-08-27,04:00 - 05:00,1975.41,0.0,2061.73,0.0
2024-08-27,05:00 - 06:00,1961.2,0.0,2067.75,0.0
2024-08-27,06:00 - 07:00,1784.07,0.0,2049.88,0.0
2024-08-27,07:00 - 08:00,1719.74,0.0,2044.29,0.0
2024-08-27,08:00 - 09:00,1954.9,0.0,2006.3,0.0
2024-08-27,09:00 - 10:00,2200.36,0.0,2036.97,0.0
2024-08-27,10:00 - 11:00,2984.46,0.0,2252.11,0.0
2024-08-27,11:00 - 12:00,3325.04,0.0,2395.6,0.0
2024-08-27,12:00 - 13:00,3160.49,0.0,2304.3,0.0
2024-08-27,13:00 - 14:00,2797.5,0.0,2261.14,0.0
2024-08-27,14:00 - 15:00,2508.67,0.0,2128.04,0.0
2024-08-27,15:00 - 16:00,2642.95,0.0,2217.49,0.0
2024-08-27,16:00 - 17:00,2691.38,0.0,2320.3,0.0
2024-08-27,17:00 - 18:00,2410.84,0.0,2120.08,0.0
2024-08-27,18:00 - 19:00,2058.24,0.0,595.55,17.9
2024-08-27,19:00 - 20:00,1724.49,0.0,387.54999999999995,37.6
2024-08-27,20:00 - 21:00,1497.47,0.0,1736.65,0.0
2024-08-27,21:00 - 22:00,1110.37,0.0,2294.3500000000004,0.0
2024-08-27,22:00 - 23:00,1324.18,0.0,2065.01,0.0
2024-08-27,23:00 - 00:00,1648.78,0.0,2061.71,0.0
2024-08-28,00:00 - 01:00,1547.89,0.0,2184.9900000000002,0.0
2024-08-28,01:00 - 02:00,1490.53,0.0,2162.68,0.0
2024-08-28,02:00 - 03:00,1666.68,0.0,2235.84,0.0
2024-08-28,03:00 - 04:00,1709.19,0.0,2064.17,0.0
2024-08-28,04:00 - 05:00,1607.82,0.0,1996.76,0.0
2024-08-28,05:00 - 06:00,1505.36,0.0,1978.44,0.0
2024-08-28,06:00 - 07:00,1259.2,0.0,2146.46,0.0
2024-08-28,07:00 - 08:00,1105.49,0.0,2174.94,0.0
2024-08-28,08:00 - 09:00,1265.69,0.0,2030.2199999999998,0.0
2024-08-28,09:00 - 10:00,1425.1,0.0,2046.24,0.0
2024-08-28,10:00 - 11:00,2609.72,0.0,2079.4700000000003,0.0
2024-08-28,11:00 - 12:00,2839.14,0.0,1909.5,0.0
2024-08-28,12:00 - 13:00,2840.73,0.0,1992.3400000000001,0.0
2024-08-28,13:00 - 14:00,2894.4,0.0,2007.32,0.0
2024-08-28,14:00 - 15:00,2900.85,0.0,1993.0900000000001,0.0
2024-08-28,15:00 - 16:00,2873.14,0.0,1846.15,0.0
2024-08-28,16:00 - 17:00,2770.9,0.0,1000.49,0.0
2024-08-28,17:00 - 18:00,2395.0,0.0,430.86,0.0
2024-08-28,18:00 - 19:00,1781.42,0.0,83.55,38.37
2024-08-28,19:00 - 20:00,1477.99,0.0,56.49,43.82
2024-08-28,20:00 - 21:00,1119.24,0.0,920.55,0.0
2024-08-28,21:00 - 22:00,600.12,0.0,1686.1399999999999,0.0
2024-08-28,22:00 - 23:00,1056.55,0.0,2071.23,0.0
2024-08-28,23:00 - 00:00,2119.5,0.0,2095.99,0.0
2024-08-29,00:00 - 01:00,2116.98,0.0,2128.1,0.0
2024-08-29,01:00 - 02:00,2088.37,0.0,2220.0099999999998,0.0
2024-08-29,02:00 - 03:00,2037.72,0.0,2265.6800000000003,0.0
2024-08-29,03:00 - 04:00,2085.66,0.0,2159.83,0.0
2024-08-29,04:00 - 05:00,2020.65,0.0,2090.5,0.0
2024-08-29,05:00 - 06:00,1961.72,0.0,1920.19,0.0
2024-08-29,06:00 - 07:00,1709.06,0.0,1991.1399999999999,0.0
2024-08-29,07:00 - 08:00,1685.22,0.0,2025.6100000000001,0.0
2024-08-29,08:00 - 09:00,1724.42,0.0,1611.52,0.0
2024-08-29,09:00 - 10:00,2291.2,0.0,1903.31,0.0
2024-08-29,10:00 - 11:00,2887.0,0.0,1982.29,0.0
2024-08-29,11:00 - 12:00,2685.37,0.0,1555.49,0.0
2024-08-29,12:00 - 13:00,2595.7,0.0,2247.78,0.0
2024-08-29,13:00 - 14:00,2519.13,0.0,2151.26,0.0
2024-08-29,14:00 - 15:00,2329.06,0.0,1991.64,0.0
2024-08-29,15:00 - 16:00,2393.54,0.0,2028.4199999999998,0.0
2024-08-29,16:00 - 17:00,2274.23,0.0,1315.3899999999999,0.0
2024-08-29,17:00 - 18:00,2328.97,0.0,773.87,0.0
2024-08-29,18:00 - 19:00,2111.16,0.0,253.71,40.78
2024-08-29,19:00 - 20:00,1915.22,0.0,0.0,689.1
2024-08-29,20:00 - 21:00,2072.01,0.0,350.88,162.84
2024-08-29,21:00 - 22:00,2036.36,0.0,1525.35,0.0
2024-08-29,22:00 - 23:00,2051.02,0.0,1717.67,0.0
2024-08-29,23:00 - 00:00,2398.63,0.0,1735.09,0.0
2024-08-30,00:00 - 01:00,3086.32,0.0,1917.84,0.0
2024-08-30,01:00 - 02:00,3408.04,0.0,2218.42,0.0
2024-08-30,02:00 - 03:00,3167.99,0.0,1765.31,0.0
2024-08-30,03:00 - 04:00,2923.9,0.0,1722.05,0.0
2024-08-30,04:00 - 05:00,2815.35,0.0,2129.16,0.0
2024-08-30,05:00 - 06:00,2559.98,0.0,2093.61,0.0
2024-08-30,06:00 - 07:00,2378.97,0.0,2140.01,0.0
2024-08-30,07:00 - 08:00,2099.92,0.0,2249.12,0.0
2024-08-30,08:00 - 09:00,2244.31,0.0,2132.29,0.0
2024-08-30,09:00 - 10:00,2803.25,0.0,2063.18,0.0
2024-08-30,10:00 - 11:00,3003.29,0.0,1572.9,0.0
2024-08-30,11:00 - 12:00,2902.29,0.0,1640.79,0.0
2024-08-30,12:00 - 13:00,3052.35,0.0,1767.31,0.0
2024-08-30,13:00 - 14:00,2766.46,0.0,1664.2,0.0
2024-08-30,14:00 - 15:00,3085.8,0.0,2149.39,0.0
2024-08-30,15:00 - 16:00,3238.79,0.0,2122.83,0.0
2024-08-30,16:00 - 17:00,3178.3,0.0,2228.81,0.0
2024-08-30,17:00 - 18:00,2694.63,0.0,1808.72,0.0
2024-08-30,18:00 - 19:00,2973.56,0.0,1732.71,0.0
2024-08-30,19:00 - 20:00,3056.37,0.0,2181.73,0.0
2024-08-30,20:00 - 21:00,2997.5,0.0,2241.12,0.0
2024-08-30,21:00 - 22:00,2728.36,0.0,2321.5,0.0
2024-08-30,22:00 - 23:00,2816.32,0.0,1984.28,0.0
2024-08-30,23:00 - 00:00,3127.37,0.0,2044.44,0.0
2024-08-31,00:00 - 01:00,2757.1,0.0,2180.92,0.0
2024-08-31,01:00 - 02:00,2662.98,0.0,2052.7200000000003,0.0
2024-08-31,02:00 - 03:00,2689.86,0.0,2049.21,0.0
2024-08-31,03:00 - 04:00,2784.53,0.0,1938.27,0.0
2024-08-31,04:00 - 05:00,2738.44,0.0,2056.71,0.0
2024-08-31,05:00 - 06:00,2599.11,0.0,2147.07,0.0
2024-08-31,06:00 - 07:00,2561.2,0.0,2175.9900000000002,0.0
2024-08-31,07:00 - 08:00,2257.0,0.0,2120.26,0.0
2024-08-31,08:00 - 09:00,2167.6,0.0,1706.95,0.0
2024-08-31,09:00 - 10:00,2597.65,0.0,2050.07,0.0
2024-08-31,10:00 - 11:00,3307.92,0.0,2256.36,0.0
2024-08-31,11:00 - 12:00,3790.82,0.0,2191.0299999999997,0.0
2024-08-31,12:00 - 13:00,3758.42,0.0,2306.06,0.0
2024-08-31,13:00 - 14:00,3850.95,0.0,2071.1,0.0
2024-08-31,14:00 - 15:00,3593.45,0.0,2053.92,0.0
2024-08-31,15:00 - 16:00,3424.84,0.0,1842.37,0.0
2024-08-31,16:00 - 17:00,3175.11,0.0,1871.8000000000002,0.0
2024-08-31,17:00 - 18:00,3246.29,0.0,1894.1100000000001,0.0
2024-08-31,18:00 - 19:00,2373.99,0.0,787.4,0.0
2024-08-31,19:00 - 20:00,1762.8,0.0,620.15,0.0
2024-08-31,20:00 - 21:00,1314.58,0.0,1609.56,0.0
2024-08-31,21:00 - 22:00,1419.35,0.0,1877.23,0.0
2024-08-31,22:00 - 23:00,1235.06,0.0,1698.3600000000001,0.0
2024-08-31,23:00 - 00:00,1198.66,0.0,2052.88,0.0
2024-09-01,00:00 - 01:00,1203.2,0.0,2231.66,0.0
2024-09-01,01:00 - 02:00,1407.64,0.0,2159.17,0.0
2024-09-01,02:00 - 03:00,1584.98,0.0,2164.89,0.0
2024-09-01,03:00 - 04:00,1628.24,0.0,1950.3700000000001,0.0
2024-09-01,04:00 - 05:00,1542.41,0.0,1870.0,0.0
2024-09-01,05:00 - 06:00,1364.03,0.0,1892.53,0.0
2024-09-01,06:00 - 07:00,1389.32,0.0,1890.72,0.0
2024-09-01,07:00 - 08:00,1420.11,0.0,1892.67,0.0
2024-09-01,08:00 - 09:00,1660.17,0.0,1955.9,0.0
2024-09-01,09:00 - 10:00,2225.49,0.0,2029.71,0.0
2024-09-01,10:00 - 11:00,2504.62,0.0,2384.0299999999997,0.0
2024-09-01,11:00 - 12:00,3102.93,0.0,2347.77,0.0
2024-09-01,12:00 - 13:00,3250.71,0.0,2323.3199999999997,0.0
2024-09-01,13:00 - 14:00,2981.73,0.0,2460.02,0.0
2024-09-01,14:00 - 15:00,2718.61,0.0,2435.2200000000003,0.0
2024-09-01,15:00 - 16:00,2376.21,0.0,2448.88,0.0
2024-09-01,16:00 - 17:00,2025.92,0.0,2202.1,0.0
2024-09-01,17:00 - 18:00,1211.14,0.0,489.01,350.12
2024-09-01,18:00 - 19:00,247.27,0.0,0.0,631.76
2024-09-01,19:00 - 20:00,374.79,0.0,200.78,146.9
2024-09-01,20:00 - 21:00,114.74,49.97,1929.8000000000002,0.0
2024-09-01,21:00 - 22:00,0.0,135.85,2323.08,0.0
2024-09-01,22:00 - 23:00,20.55,25.41,2274.12,0.0
2024-09-01,23:00 - 00:00,591.8,1.4,2275.68,0.0
2024-09-02,00:00 - 01:00,561.98,0.0,2330.84,0.0
2024-09-02,01:00 - 02:00,604.13,0.0,2286.55,0.0
2024-09-02,02:00 - 03:00,708.41,0.0,2279.75,0.0
2024-09-02,03:00 - 04:00,781.34,0.0,2252.88,0.0
2024-09-02,04:00 - 05:00,701.87,0.0,2206.77,0.0
2024-09-02,05:00 - 06:00,617.58,0.0,2368.82,0.0
2024-09-02,06:00 - 07:00,348.59,0.0,2422.8,0.0
2024-09-02,07:00 - 08:00,95.4,0.0,2395.81,0.0
2024-09-02,08:00 - 09:00,379.21,0.0,1401.5700000000002,0.0
2024-09-02,09:00 - 10:00,1698.06,0.0,1272.29,0.0
2024-09-02,10:00 - 11:00,2675.88,0.0,1750.0299999999997,0.0
2024-09-02,11:00 - 12:00,2989.29,0.0,2126.07,0.0
2024-09-02,12:00 - 13:00,3166.96,0.0,2140.29,0.0
2024-09-02,13:00 - 14:00,3120.48,0.0,2205.25,0.0
2024-09-02,14:00 - 15:00,3120.49,0.0,2278.58,0.0
2024-09-02,15:00 - 16:00,2786.4,0.0,1948.81,0.0
2024-09-02,16:00 - 17:00,2262.31,0.0,1496.2,0.0
2024-09-02,17:00 - 18:00,1885.13,0.0,509.3,232.15
2024-09-02,18:00 - 19:00,690.85,0.0,0.0,1040.42
2024-09-02,19:00 - 20:00,64.44,353.3,0.0,887.63
2024-09-02,20:00 - 21:00,0.0,639.11,0.0,680.11
2024-09-02,21:00 - 22:00,0.0,594.86,909.19,212.16
2024-09-02,22:00 - 23:00,0.0,209.73,1068.6299999999999,0.0
2024-09-02,23:00 - 00:00,858.16,1.53,2049.88,0.0
2024-09-03,00:00 - 01:00,790.74,0.0,2429.98,0.0
2024-09-03,01:00 - 02:00,555.22,0.0,2320.0,0.0
2024-09-03,02:00 - 03:00,750.85,0.0,2391.2,0.0
2024-09-03,03:00 - 04:00,964.07,0.0,2390.9300000000003,0.0
2024-09-03,04:00 - 05:00,1283.62,0.0,2417.51,0.0
2024-09-03,05:00 - 06:00,1160.71,0.0,2390.01,0.0
2024-09-03,06:00 - 07:00,771.76,0.0,2359.84,0.0
2024-09-03,07:00 - 08:00,153.19,160.06,2236.01,0.0
2024-09-03,08:00 - 09:00,0.0,232.37,504.83,232.5
2024-09-03,09:00 - 10:00,947.11,0.0,0.0,554.4
2024-09-03,10:00 - 11:00,1858.3,0.0,0.0,338.82000000000005
2024-09-03,11:00 - 12:00,2324.62,0.0,0.0,736.15
2024-09-03,12:00 - 13:00,2474.64,0.0,0.0,517.21
2024-09-03,13:00 - 14:00,2587.97,0.0,0.0,182.46
2024-09-03,14:00 - 15:00,2446.5,0.0,0.0,467.15
2024-09-03,15:00 - 16:00,2388.34,0.0,0.0,819.52
2024-09-03,16:00 - 17:00,2738.95,0.0,0.0,833.27
2024-09-03,17:00 - 18:00,2703.99,0.0,0.0,1018.45
2024-09-03,18:00 - 19:00,2644.73,0.0,0.0,1023.25
2024-09-03,19:00 - 20:00,1960.42,0.0,0.0,960.31
2024-09-03,20:00 - 21:00,675.46,0.0,0.0,1108.14
2024-09-03,21:00 - 22:00,512.02,0.0,323.52,243.51
2024-09-03,22:00 - 23:00,835.42,0.0,118.78,107.34
2024-09-03,23:00 - 00:00,1437.37,0.0,1069.4,48.63
2024-09-04,00:00 - 01:00,1483.33,0.0,2124.9700000000003,0.0
2024-09-04,01:00 - 02:00,1560.26,0.0,2271.92,0.0
2024-09-04,02:00 - 03:00,1465.87,0.0,2294.73,0.0
2024-09-04,03:00 - 04:00,1060.86,0.0,2366.51,0.0
2024-09-04,04:00 - 05:00,844.34,0.0,2336.55,0.0
2024-09-04,05:00 - 06:00,841.38,0.0,2345.08,0.0
2024-09-04,06:00 - 07:00,847.6,0.0,2399.23,0.0
2024-09-04,07:00 - 08:00,378.93,0.0,1774.1999999999998,0.0
2024-09-04,08:00 - 09:00,299.13,0.0,350.01,508.65999999999997
2024-09-04,09:00 - 10:00,1136.46,0.0,0.0,884.17
2024-09-04,10:00 - 11:00,2356.02,0.0,0.0,987.55
2024-09-04,11:00 - 12:00,2950.65,0.0,0.0,985.07
2024-09-04,12:00 - 13:00,2942.42,0.0,0.0,794.28
2024-09-04,13:00 - 14:00,2923.52,0.0,0.0,799.68
2024-09-04,14:00 - 15:00,2753.14,0.0,0.0,874.65
2024-09-04,15:00 - 16:00,2768.64,0.0,0.0,882.31
2024-09-04,16:00 - 17:00,2731.63,0.0,0.0,960.01
2024-09-04,17:00 - 18:00,2845.67,0.0,0.0,808.12
2024-09-04,18:00 - 19:00,3057.15,0.0,0.0,606.48
2024-09-04,19:00 - 20:00,3015.4,0.0,0.0,484.93
2024-09-04,20:00 - 21:00,1664.28,0.0,18.14,258.43
2024-09-04,21:00 - 22:00,1418.98,0.0,716.97,56.86
2024-09-04,22:00 - 23:00,2283.3,0.0,1583.39,0.0
2024-09-04,23:00 - 00:00,2421.15,0.0,1966.95,0.0
2024-09-05,00:00 - 01:00,2112.45,0.0,2014.53,0.0
2024-09-05,01:00 - 02:00,2157.52,0.0,1920.13,0.0
2024-09-05,02:00 - 03:00,1971.77,0.0,1884.3799999999999,0.0
2024-09-05,03:00 - 04:00,1759.26,0.0,1909.15,0.0
2024-09-05,04:00 - 05:00,1664.12,0.0,2020.4,0.0
2024-09-05,05:00 - 06:00,1285.19,0.0,1813.47,0.0
2024-09-05,06:00 - 07:00,764.95,0.0,1899.81,0.0
2024-09-05,07:00 - 08:00,752.68,0.0,2310.38,0.0
2024-09-05,08:00 - 09:00,1192.56,0.0,1957.38,0.0
2024-09-05,09:00 - 10:00,2005.23,0.0,1835.36,0.0
2024-09-05,10:00 - 11:00,3009.33,0.0,1804.2,0.0
2024-09-05,11:00 - 12:00,3666.99,0.0,1790.27,0.0
2024-09-05,12:00 - 13:00,3596.52,0.0,1889.08,0.0
2024-09-05,13:00 - 14:00,3462.57,0.0,2035.59,0.0
2024-09-05,14:00 - 15:00,3210.34,0.0,1947.99,0.0
2024-09-05,15:00 - 16:00,2982.72,0.0,1833.31,0.0
2024-09-05,16:00 - 17:00,2622.25,0.0,1788.38,0.0
2024-09-05,17:00 - 18:00,2624.68,0.0,1923.54,0.0
2024-09-05,18:00 - 19:00,1994.98,0.0,452.25,167.76
2024-09-05,19:00 - 20:00,1701.96,0.0,855.02,62.44
2024-09-05,20:00 - 21:00,1300.26,0.0,1992.71,0.0
2024-09-05,21:00 - 22:00,634.35,0.0,2265.96,0.0
2024-09-05,22:00 - 23:00,1330.89,0.0,2177.1,0.0
2024-09-05,23:00 - 00:00,1599.95,0.0,1875.67,0.0
2024-09-06,00:00 - 01:00,832.02,0.0,2303.43,0.0
2024-09-06,01:00 - 02:00,887.45,0.0,1987.0,0.0
2024-09-06,02:00 - 03:00,1194.58,0.0,1932.8600000000001,0.0
2024-09-06,03:00 - 04:00,1246.39,0.0,1763.21,0.0
2024-09-06,04:00 - 05:00,1417.64,0.0,1703.51,0.0
2024-09-06,05:00 - 06:00,1266.42,0.0,1482.24,0.0
2024-09-06,06:00 - 07:00,632.08,0.0,1544.94,0.0
2024-09-06,07:00 - 08:00,126.65,0.0,1529.39,0.0
2024-09-06,08:00 - 09:00,270.82,31.3,1247.35,0.0
2024-09-06,09:00 - 10:00,1717.83,0.0,652.0,0.0
2024-09-06,10:00 - 11:00,2508.74,0.0,35.39,697.36
2024-09-06,11:00 - 12:00,2673.92,0.0,0.0,966.1500000000001
2024-09-06,12:00 - 13:00,2722.73,0.0,0.0,852.72
2024-09-06,13:00 - 14:00,2430.86,0.0,0.0,901.72
2024-09-06,14:00 - 15:00,2462.92,0.0,0.0,972.7
2024-09-06,15:00 - 16:00,2600.11,0.0,0.0,1031.53
2024-09-06,16:00 - 17:00,2538.52,0.0,0.0,1046.72
2024-09-06,17:00 - 18:00,2266.47,0.0,0.0,962.53
2024-09-06,18:00 - 19:00,2345.95,0.0,0.0,854.12
2024-09-06,19:00 - 20:00,1943.73,0.0,77.66,435.24
2024-09-06,20:00 - 21:00,1604.11,0.0,1477.77,0.0
2024-09-06,21:00 - 22:00,1410.95,0.0,1824.65,0.0
2024-09-06,22:00 - 23:00,1882.76,0.0,1508.98,0.0
2024-09-06,23:00 - 00:00,1801.32,0.0,1533.38,0.0
2024-09-07,00:00 - 01:00,893.71,0.0,1796.97,0.0
2024-09-07,01:00 - 02:00,445.23,0.0,1950.4699999999998,0.0
2024-09-07,02:00 - 03:00,622.66,0.0,1996.3799999999999,0.0
2024-09-07,03:00 - 04:00,706.03,0.0,1997.68,0.0
2024-09-07,04:00 - 05:00,735.53,0.0,1978.43,0.0
2024-09-07,05:00 - 06:00,744.26,0.0,1871.42,0.0
2024-09-07,06:00 - 07:00,877.58,0.0,1993.75,0.0
2024-09-07,07:00 - 08:00,712.7,0.0,1993.47,0.0
2024-09-07,08:00 - 09:00,920.29,0.0,1976.45,0.0
2024-09-07,09:00 - 10:00,2391.03,0.0,1483.91,0.0
2024-09-07,10:00 - 11:00,3135.23,0.0,203.28,117.94
2024-09-07,11:00 - 12:00,3451.28,0.0,0.0,797.01
2024-09-07,12:00 - 13:00,3521.07,0.0,0.0,983.1
2024-09-07,13:00 - 14:00,3547.99,0.0,447.91999999999996,237.57
2024-09-07,14:00 - 15:00,3359.03,0.0,585.8100000000001,0.0
2024-09-07,15:00 - 16:00,3287.77,0.0,70.82,676.68
2024-09-07,16:00 - 17:00,3140.17,0.0,0.0,848.21
2024-09-07,17:00 - 18:00,2774.43,0.0,5.14,229.06
2024-09-07,18:00 - 19:00,2189.81,0.0,493.15999999999997,0.0
2024-09-07,19:00 - 20:00,1877.5,0.0,1101.99,0.0
2024-09-07,20:00 - 21:00,1224.44,0.0,1873.68,0.0
2024-09-07,21:00 - 22:00,1043.93,0.0,1983.7,0.0
2024-09-07,22:00 - 23:00,865.62,0.0,1987.3000000000002,0.0
2024-09-07,23:00 - 00:00,1164.28,0.0,1815.44,0.0
2024-09-08,00:00 - 01:00,1341.74,0.0,1750.41,0.0
2024-09-08,01:00 - 02:00,1372.8,0.0,1787.64,0.0
2024-09-08,02:00 - 03:00,1286.44,0.0,1761.6999999999998,0.0
2024-09-08,03:00 - 04:00,1373.53,0.0,1837.51,0.0
2024-09-08,04:00 - 05:00,1444.3,0.0,1710.0,0.0
2024-09-08,05:00 - 06:00,1393.75,0.0,1552.74,0.0
2024-09-08,06:00 - 07:00,1232.42,0.0,1563.31,0.0
2024-09-08,07:00 - 08:00,1142.27,0.0,1863.78,0.0
2024-09-08,08:00 - 09:00,1649.4,0.0,1975.55,0.0
2024-09-08,09:00 - 10:00,2609.36,0.0,1482.02,0.0
2024-09-08,10:00 - 11:00,2703.0,0.0,306.59,64.47
2024-09-08,11:00 - 12:00,3033.68,0.0,0.0,701.55
2024-09-08,12:00 - 13:00,2920.38,0.0,0.0,1138.64
2024-09-08,13:00 - 14:00,2941.17,0.0,266.88,230.52
2024-09-08,14:00 - 15:00,2884.02,0.0,79.67,662.6700000000001
2024-09-08,15:00 - 16:00,2614.55,0.0,0.0,1198.83
2024-09-08,16:00 - 17:00,2418.27,0.0,0.0,1303.87
2024-09-08,17:00 - 18:00,2446.16,0.0,0.0,946.18
2024-09-08,18:00 - 19:00,2498.46,0.0,0.0,714.13
2024-09-08,19:00 - 20:00,3001.29,0.0,335.78,165.79000000000002
2024-09-08,20:00 - 21:00,2659.95,0.0,941.66,0.0
2024-09-08,21:00 - 22:00,1805.84,0.0,1418.39,0.0
2024-09-08,22:00 - 23:00,1690.05,0.0,1486.62,0.0
2024-09-08,23:00 - 00:00,2349.39,0.0,1433.08,0.0
2024-09-09,00:00 - 01:00,1932.31,0.0,621.3000000000001,0.0
2024-09-09,01:00 - 02:00,2057.43,0.0,364.81,0.0
2024-09-09,02:00 - 03:00,2305.09,0.0,311.07000000000005,0.0
2024-09-09,03:00 - 04:00,2315.21,0.0,272.18,0.0
2024-09-09,04:00 - 05:00,2155.52,0.0,558.29,0.0
2024-09-09,05:00 - 06:00,2103.9,0.0,748.52,0.0
2024-09-09,06:00 - 07:00,1493.84,0.0,731.98,0.0
2024-09-09,07:00 - 08:00,1198.6,0.0,1035.1,0.0
2024-09-09,08:00 - 09:00,1411.33,0.0,883.16,0.0
2024-09-09,09:00 - 10:00,2557.83,0.0,30.95,208.22
2024-09-09,10:00 - 11:00,4030.51,0.0,259.84,0.0
2024-09-09,11:00 - 12:00,4141.15,0.0,137.98,14.03
2024-09-09,12:00 - 13:00,3824.74,0.0,0.0,698.12
2024-09-09,13:00 - 14:00,3671.81,0.0,75.91,213.86999999999998
2024-09-09,14:00 - 15:00,3587.4,0.0,306.11,0.0
2024-09-09,15:00 - 16:00,3640.01,0.0,116.7,81.02000000000001
2024-09-09,16:00 - 17:00,3606.48,0.0,195.92000000000002,18.57
2024-09-09,17:00 - 18:00,3525.65,0.0,462.67,0.0
2024-09-09,18:00 - 19:00,3554.41,0.0,224.10999999999999,0.0
2024-09-09,19:00 - 20:00,2701.65,0.0,680.37,0.0
2024-09-09,20:00 - 21:00,1794.36,0.0,1211.22,0.0
2024-09-09,21:00 - 22:00,1517.06,0.0,1172.71,0.0
2024-09-09,22:00 - 23:00,1653.59,0.0,1135.38,0.0
2024-09-09,23:00 - 00:00,1904.31,0.0,1144.95,0.0
2024-09-10,00:00 - 01:00,1337.74,0.0,478.78000000000003,0.0
2024-09-10,01:00 - 02:00,1616.01,0.0,230.36,0.0
2024-09-10,02:00 - 03:00,1373.46,0.0,241.03,0.0
2024-09-10,03:00 - 04:00,1665.14,0.0,241.97,0.0
2024-09-10,04:00 - 05:00,2022.26,0.0,811.97,0.0
2024-09-10,05:00 - 06:00,2007.37,0.0,983.72,0.0
2024-09-10,06:00 - 07:00,1325.29,0.0,633.97,0.0
2024-09-10,07:00 - 08:00,693.83,0.0,599.66,0.0
2024-09-10,08:00 - 09:00,666.79,0.0,559.65,0.0
2024-09-10,09:00 - 10:00,2682.41,0.0,590.1,0.0
2024-09-10,10:00 - 11:00,3812.86,0.0,534.25,0.0
2024-09-10,11:00 - 12:00,3679.08,0.0,960.3900000000001,0.0
2024-09-10,12:00 - 13:00,3567.91,0.0,1144.26,0.0
2024-09-10,13:00 - 14:00,3874.76,0.0,1155.4299999999998,0.0
2024-09-10,14:00 - 15:00,3589.97,0.0,1106.71,0.0
2024-09-10,15:00 - 16:00,3492.6,0.0,1189.44,0.0
2024-09-10,16:00 - 17:00,3431.57,0.0,854.84,0.0
2024-09-10,17:00 - 18:00,3456.46,0.0,883.22,0.0
2024-09-10,18:00 - 19:00,3389.86,0.0,342.96,3.62
2024-09-10,19:00 - 20:00,3200.07,0.0,718.8,0.0
2024-09-10,20:00 - 21:00,2518.79,0.0,1201.98,0.0
2024-09-10,21:00 - 22:00,1849.95,0.0,1156.58,0.0
2024-09-10,22:00 - 23:00,2059.9,0.0,1144.8,0.0
2024-09-10,23:00 - 00:00,2068.46,0.0,1158.06,0.0
2024-09-11,00:00 - 01:00,2058.72,0.0,1207.0900000000001,0.0
2024-09-11,01:00 - 02:00,1949.42,0.0,1145.8400000000001,0.0
2024-09-11,02:00 - 03:00,1766.49,0.0,1130.12,0.0
2024-09-11,03:00 - 04:00,1816.08,0.0,1149.69,0.0
2024-09-11,04:00 - 05:00,1311.38,0.0,685.28,0.0
2024-09-11,05:00 - 06:00,993.89,0.0,421.99,0.0
2024-09-11,06:00 - 07:00,800.65,0.0,497.71000000000004,0.0
2024-09-11,07:00 - 08:00,271.6,0.0,539.03,0.0
2024-09-11,08:00 - 09:00,402.19,0.0,407.02,0.0
2024-09-11,09:00 - 10:00,1813.41,0.0,197.63,15.41
2024-09-11,10:00 - 11:00,2662.01,0.0,0.0,593.6
2024-09-11,11:00 - 12:00,3105.56,0.0,0.0,680.36
2024-09-11,12:00 - 13:00,3184.59,0.0,0.0,871.1899999999999
2024-09-11,13:00 - 14:00,3006.18,0.0,0.0,491.38
2024-09-11,14:00 - 15:00,3105.95,0.0,0.0,658.31
2024-09-11,15:00 - 16:00,3015.26,0.0,0.0,793.7
2024-09-11,16:00 - 17:00,2857.35,0.0,0.0,1017.3499999999999
2024-09-11,17:00 - 18:00,2709.34,0.0,0.0,825.35
2024-09-11,18:00 - 19:00,2482.27,0.0,0.0,927.51
2024-09-11,19:00 - 20:00,1589.82,0.0,0.0,806.9200000000001
2024-09-11,20:00 - 21:00,1003.22,0.0,253.68,212.43
2024-09-11,21:00 - 22:00,810.55,0.0,1040.83,0.0
2024-09-11,22:00 - 23:00,937.38,0.0,1058.99,0.0
2024-09-11,23:00 - 00:00,728.15,0.0,598.27,0.0
2024-09-12,00:00 - 01:00,191.22,5.1,1151.1399999999999,0.0
2024-09-12,01:00 - 02:00,297.18,0.0,1108.8,0.0
2024-09-12,02:00 - 03:00,297.25,0.0,1149.02,0.0
2024-09-12,03:00 - 04:00,394.85,0.0,1159.9,0.0
2024-09-12,04:00 - 05:00,422.03,0.0,1137.9099999999999,0.0
2024-09-12,05:00 - 06:00,254.01,0.0,984.3,0.0
2024-09-12,06:00 - 07:00,39.62,290.05,201.79,1.68
2024-09-12,07:00 - 08:00,0.0,924.13,16.07,134.04999999999998
2024-09-12,08:00 - 09:00,0.0,732.37,0.0,539.33
2024-09-12,09:00 - 10:00,914.86,127.09,0.0,703.76
2024-09-12,10:00 - 11:00,2190.47,0.0,0.0,812.3199999999999
2024-09-12,11:00 - 12:00,2838.37,0.0,0.0,961.73
2024-09-12,12:00 - 13:00,2959.74,0.0,0.0,938.02
2024-09-12,13:00 - 14:00,2605.58,0.0,0.0,982.59
2024-09-12,14:00 - 15:00,2825.92,0.0,0.0,925.1
2024-09-12,15:00 - 16:00,2565.42,0.0,0.0,735.5
2024-09-12,16:00 - 17:00,2619.13,0.0,0.0,260.46
2024-09-12,17:00 - 18:00,2286.46,0.0,2.47,671.06
2024-09-12,18:00 - 19:00,2321.1,0.0,0.0,987.94
2024-09-12,19:00 - 20:00,2006.87,0.0,0.0,918.6099999999999
2024-09-12,20:00 - 21:00,1097.29,0.0,0.0,485.91
2024-09-12,21:00 - 22:00,1173.37,0.0,346.37,133.01
2024-09-12,22:00 - 23:00,1571.39,0.0,78.8,662.86
2024-09-12,23:00 - 00:00,1472.34,0.0,0.0,816.13
2024-09-13,00:00 - 01:00,1235.91,0.0,149.57,184.77
2024-09-13,01:00 - 02:00,1366.17,0.0,359.62,0.0
2024-09-13,02:00 - 03:00,1559.23,0.0,343.59,0.0
2024-09-13,03:00 - 04:00,1325.84,0.0,230.12,0.0
2024-09-13,04:00 - 05:00,1416.06,0.0,509.60999999999996,0.0
2024-09-13,05:00 - 06:00,1212.59,0.0,241.91,0.0
2024-09-13,06:00 - 07:00,747.08,0.0,77.39,38.3
2024-09-13,07:00 - 08:00,152.92,64.43,0.0,780.71
2024-09-13,08:00 - 09:00,308.69,36.68,0.0,1347.94
2024-09-13,09:00 - 10:00,1264.18,0.0,0.0,1308.06
2024-09-13,10:00 - 11:00,1861.43,0.0,0.0,1443.99
2024-09-13,11:00 - 12:00,2371.84,0.0,0.0,947.5
2024-09-13,12:00 - 13:00,2556.18,0.0,0.0,945.43
2024-09-13,13:00 - 14:00,2400.53,0.0,0.0,800.05
2024-09-13,14:00 - 15:00,2554.11,0.0,0.0,869.98
2024-09-13,15:00 - 16:00,2946.66,0.0,0.0,1127.11
2024-09-13,16:00 - 17:00,3001.03,0.0,0.0,1269.59
2024-09-13,17:00 - 18:00,2895.18,0.0,0.0,1406.96
2024-09-13,18:00 - 19:00,2977.92,0.0,0.0,1323.56
2024-09-13,19:00 - 20:00,2480.46,0.0,0.0,1278.37
2024-09-13,20:00 - 21:00,1945.64,0.0,0.0,1277.03
2024-09-13,21:00 - 22:00,1574.76,0.0,0.0,455.02
2024-09-13,22:00 - 23:00,1617.09,0.0,0.0,922.49
2024-09-13,23:00 - 00:00,1792.72,0.0,0.0,984.3
2024-09-14,00:00 - 01:00,1859.43,0.0,0.0,673.21
2024-09-14,01:00 - 02:00,1621.97,0.0,208.05,147.86
2024-09-14,02:00 - 03:00,1340.51,0.0,750.9100000000001,0.0
2024-09-14,03:00 - 04:00,1078.04,0.0,1109.8899999999999,0.0
2024-09-14,04:00 - 05:00,881.67,0.0,1333.55,0.0
2024-09-14,05:00 - 06:00,590.47,0.0,1376.71,0.0
2024-09-14,06:00 - 07:00,132.74,44.89,569.57,0.0
2024-09-14,07:00 - 08:00,0.0,404.13,413.42,0.0
2024-09-14,08:00 - 09:00,0.0,620.9,173.26999999999998,178.4
2024-09-14,09:00 - 10:00,654.05,119.62,0.0,707.91
2024-09-14,10:00 - 11:00,1636.97,0.0,0.0,589.66
2024-09-14,11:00 - 12:00,2252.22,0.0,0.0,1036.11
2024-09-14,12:00 - 13:00,2523.36,0.0,0.0,996.78
2024-09-14,13:00 - 14:00,3011.54,0.0,36.83,257.72
2024-09-14,14:00 - 15:00,3079.29,0.0,517.79,0.0
2024-09-14,15:00 - 16:00,3130.47,0.0,121.85,400.22
2024-09-14,16:00 - 17:00,3250.98,0.0,0.0,779.97
2024-09-14,17:00 - 18:00,3271.52,0.0,0.0,275.8
2024-09-14,18:00 - 19:00,3275.31,0.0,0.0,480.65
2024-09-14,19:00 - 20:00,2061.68,0.0,0.0,523.35
2024-09-14,20:00 - 21:00,1451.4,0.0,840.61,64.74
2024-09-14,21:00 - 22:00,1431.83,0.0,1128.08,0.0
2024-09-14,22:00 - 23:00,1898.55,0.0,1061.23,0.0
2024-09-14,23:00 - 00:00,2103.75,0.0,809.85,0.0
2024-09-15,00:00 - 01:00,2513.49,0.0,1314.6399999999999,0.0
2024-09-15,01:00 - 02:00,2651.93,0.0,1379.34,0.0
2024-09-15,02:00 - 03:00,2797.48,0.0,1448.33,0.0
2024-09-15,03:00 - 04:00,2976.6,0.0,1281.47,0.0
2024-09-15,04:00 - 05:00,2860.88,0.0,1475.56,0.0
2024-09-15,05:00 - 06:00,2653.79,0.0,1413.37,0.0
2024-09-15,06:00 - 07:00,2529.63,0.0,1502.1799999999998,0.0
2024-09-15,07:00 - 08:00,2278.41,0.0,1466.1299999999999,0.0
2024-09-15,08:00 - 09:00,2683.15,0.0,1095.35,0.0
2024-09-15,09:00 - 10:00,2861.94,0.0,310.55,685.1500000000001
2024-09-15,10:00 - 11:00,3368.6,0.0,0.0,1299.9099999999999
2024-09-15,11:00 - 12:00,3557.9,0.0,0.0,1206.4
2024-09-15,12:00 - 13:00,3504.36,0.0,0.0,571.6
2024-09-15,13:00 - 14:00,3521.49,0.0,0.0,715.53
2024-09-15,14:00 - 15:00,3540.58,0.0,0.0,328.23
2024-09-15,15:00 - 16:00,3319.84,0.0,0.0,587.8199999999999
2024-09-15,16:00 - 17:00,3335.19,0.0,0.0,1139.9099999999999
2024-09-15,17:00 - 18:00,3370.39,0.0,0.0,1338.05
2024-09-15,18:00 - 19:00,3266.63,0.0,0.0,1438.67
2024-09-15,19:00 - 20:00,3063.42,0.0,0.0,1082.73
2024-09-15,20:00 - 21:00,2015.54,0.0,0.0,1124.04
2024-09-15,21:00 - 22:00,2066.68,0.0,0.0,311.24
2024-09-15,22:00 - 23:00,1970.23,0.0,0.0,573.1
2024-09-15,23:00 - 00:00,1958.52,0.0,0.0,1098.51
2024-09-16,00:00 - 01:00,1819.41,0.0,197.98000000000002,269.61
2024-09-16,01:00 - 02:00,1712.01,0.0,294.56,0.0
2024-09-16,02:00 - 03:00,1081.47,0.0,49.21,669.29
2024-09-16,03:00 - 04:00,1128.7,0.0,0.0,816.75
2024-09-16,04:00 - 05:00,1162.87,0.0,0.0,689.99
2024-09-16,05:00 - 06:00,903.42,0.0,0.0,913.03
2024-09-16,06:00 - 07:00,343.65,0.0,0.0,1165.9099999999999
2024-09-16,07:00 - 08:00,31.92,642.17,0.0,1471.85
2024-09-16,08:00 - 09:00,0.0,631.17,0.0,1495.72
2024-09-16,09:00 - 10:00,1380.4,113.36,0.0,1559.31
2024-09-16,10:00 - 11:00,2311.03,0.0,0.0,1571.67
2024-09-16,11:00 - 12:00,2769.23,0.0,0.0,1440.3600000000001
2024-09-16,12:00 - 13:00,3010.0,0.0,0.0,1328.55
2024-09-16,13:00 - 14:00,3058.85,0.0,0.0,1411.3400000000001
2024-09-16,14:00 - 15:00,3351.51,0.0,0.0,1397.01
2024-09-16,15:00 - 16:00,3453.99,0.0,0.0,1335.89
2024-09-16,16:00 - 17:00,3634.16,0.0,0.0,1372.4099999999999
2024-09-16,17:00 - 18:00,3788.7,0.0,0.0,1402.21
2024-09-16,18:00 - 19:00,3647.37,0.0,0.0,1285.09
2024-09-16,19:00 - 20:00,2805.67,0.0,0.0,1417.55
2024-09-16,20:00 - 21:00,1657.79,0.0,0.0,1166.82
2024-09-16,21:00 - 22:00,1502.19,0.0,104.34,153.59
2024-09-16,22:00 - 23:00,1817.06,0.0,44.59,583.43
2024-09-16,23:00 - 00:00,1773.41,0.0,50.53,273.35
2024-09-17,00:00 - 01:00,1564.42,0.0,803.47,12.01
2024-09-17,01:00 - 02:00,1340.25,0.0,1010.0200000000001,0.0
2024-09-17,02:00 - 03:00,1132.55,0.0,420.97,0.0
2024-09-17,03:00 - 04:00,933.25,0.0,258.07,0.0
2024-09-17,04:00 - 05:00,780.56,0.0,431.66999999999996,0.0
2024-09-17,05:00 - 06:00,663.73,0.0,635.89,0.0
2024-09-17,06:00 - 07:00,517.19,0.0,751.4399999999999,0.0
2024-09-17,07:00 - 08:00,94.1,470.23,135.03,268.88
2024-09-17,08:00 - 09:00,0.0,438.23,0.0,471.88
2024-09-17,09:00 - 10:00,1109.59,37.99,0.0,521.62
2024-09-17,10:00 - 11:00,2031.76,0.0,0.0,447.14
2024-09-17,11:00 - 12:00,2443.87,0.0,0.0,315.55
2024-09-17,12:00 - 13:00,2737.61,0.0,0.0,416.88
2024-09-17,13:00 - 14:00,2698.22,0.0,577.22,51.68
2024-09-17,14:00 - 15:00,2766.95,0.0,925.1300000000001,0.0
2024-09-17,15:00 - 16:00,3165.37,0.0,795.89,0.0
2024-09-17,16:00 - 17:00,3027.02,0.0,142.54,248.49
2024-09-17,17:00 - 18:00,2893.32,0.0,0.0,404.42999999999995
2024-09-17,18:00 - 19:00,2914.71,0.0,0.0,388.98
2024-09-17,19:00 - 20:00,3140.84,0.0,0.0,462.81
2024-09-17,20:00 - 21:00,2143.33,0.0,354.54,90.95
2024-09-17,21:00 - 22:00,1870.98,0.0,741.62,0.0
2024-09-17,22:00 - 23:00,1872.87,0.0,544.32,0.0
2024-09-17,23:00 - 00:00,2069.65,0.0,638.08,0.0
2024-09-18,00:00 - 01:00,1524.51,0.0,1296.43,0.0
2024-09-18,01:00 - 02:00,1161.34,0.0,1346.94,0.0
2024-09-18,02:00 - 03:00,1014.19,0.0,1096.99,0.0
2024-09-18,03:00 - 04:00,889.26,0.0,1394.65,0.0
2024-09-18,04:00 - 05:00,632.61,0.0,1710.27,0.0
2024-09-18,05:00 - 06:00,557.96,0.0,1657.1799999999998,0.0
2024-09-18,06:00 - 07:00,146.38,390.53,785.61,0.0
2024-09-18,07:00 - 08:00,0.0,968.02,421.66999999999996,0.0
2024-09-18,08:00 - 09:00,0.0,1009.86,834.04,0.0
2024-09-18,09:00 - 10:00,966.61,159.19,960.53,0.0
2024-09-18,10:00 - 11:00,1521.7,0.0,753.94,0.0
2024-09-18,11:00 - 12:00,2294.15,0.0,1660.15,0.0
2024-09-18,12:00 - 13:00,3305.01,0.0,2029.0900000000001,0.0
2024-09-18,13:00 - 14:00,3413.32,0.0,1895.69,0.0
2024-09-18,14:00 - 15:00,3933.17,0.0,2116.63,0.0
2024-09-18,15:00 - 16:00,4190.2,0.0,2277.17,0.0
2024-09-18,16:00 - 17:00,3974.56,0.0,2010.4899999999998,0.0
2024-09-18,17:00 - 18:00,3225.19,0.0,1751.3899999999999,0.0
2024-09-18,18:00 - 19:00,3003.03,0.0,406.84999999999997,82.62
2024-09-18,19:00 - 20:00,2375.04,0.0,0.0,602.98
2024-09-18,20:00 - 21:00,2194.92,0.0,1320.3400000000001,193.81
2024-09-18,21:00 - 22:00,2316.37,0.0,2039.74,0.0
2024-09-18,22:00 - 23:00,2929.83,0.0,2196.54,0.0
2024-09-18,23:00 - 00:00,2984.83,0.0,2109.5,0.0
2024-09-19,00:00 - 01:00,2534.83,0.0,2000.13,0.0
2024-09-19,01:00 - 02:00,2234.74,0.0,1641.9099999999999,0.0
2024-09-19,02:00 - 03:00,2290.84,0.0,1690.65,0.0
2024-09-19,03:00 - 04:00,2122.22,0.0,1729.43,0.0
2024-09-19,04:00 - 05:00,1961.61,0.0,1699.3,0.0
2024-09-19,05:00 - 06:00,1997.75,0.0,1678.5900000000001,0.0
2024-09-19,06:00 - 07:00,1059.1,0.0,1682.23,0.0
2024-09-19,07:00 - 08:00,183.57,12.17,1565.3600000000001,0.0
2024-09-19,08:00 - 09:00,297.7,12.01,1442.87,0.0
2024-09-19,09:00 - 10:00,658.8,0.0,1508.8,0.0
2024-09-19,10:00 - 11:00,2079.43,0.0,1561.25,0.0
2024-09-19,11:00 - 12:00,2293.17,0.0,1598.18,0.0
2024-09-19,12:00 - 13:00,2798.59,0.0,1810.5,0.0
2024-09-19,13:00 - 14:00,2814.61,0.0,1754.02,0.0
2024-09-19,14:00 - 15:00,3024.42,0.0,1719.32,0.0
2024-09-19,15:00 - 16:00,2999.66,0.0,1706.31,0.0
2024-09-19,16:00 - 17:00,2810.52,0.0,1576.11,0.0
2024-09-19,17:00 - 18:00,2943.21,0.0,1610.48,0.0
2024-09-19,18:00 - 19:00,2689.09,0.0,1464.85,0.0
2024-09-19,19:00 - 20:00,1988.73,0.0,1662.71,0.0
2024-09-19,20:00 - 21:00,1778.61,0.0,1808.28,0.0
2024-09-19,21:00 - 22:00,976.22,0.0,1418.78,0.0
2024-09-19,22:00 - 23:00,1197.03,0.0,1550.9,0.0
2024-09-19,23:00 - 00:00,1985.97,0.0,1606.75,0.0
2024-09-20,00:00 - 01:00,1934.93,0.0,1680.17,0.0
2024-09-20,01:00 - 02:00,2142.36,0.0,1744.83,0.0
2024-09-20,02:00 - 03:00,2433.63,0.0,1661.81,0.0
2024-09-20,03:00 - 04:00,2547.34,0.0,1706.52,0.0
2024-09-20,04:00 - 05:00,2145.4,0.0,1656.66,0.0
2024-09-20,05:00 - 06:00,1627.74,0.0,1532.77,0.0
2024-09-20,06:00 - 07:00,1087.61,0.0,1546.28,0.0
2024-09-20,07:00 - 08:00,501.46,0.0,1687.3600000000001,0.0
2024-09-20,08:00 - 09:00,326.74,0.0,1528.71,0.0
2024-09-20,09:00 - 10:00,1019.08,0.0,1561.27,0.0
2024-09-20,10:00 - 11:00,1844.74,0.0,1787.59,0.0
2024-09-20,11:00 - 12:00,2522.44,0.0,1791.01,0.0
2024-09-20,12:00 - 13:00,3379.95,0.0,1824.69,0.0
2024-09-20,13:00 - 14:00,3389.49,0.0,1654.63,0.0
2024-09-20,14:00 - 15:00,3332.1,0.0,1819.79,0.0
2024-09-20,15:00 - 16:00,3441.93,0.0,1783.72,0.0
2024-09-20,16:00 - 17:00,3552.09,0.0,1872.4,0.0
2024-09-20,17:00 - 18:00,3333.88,0.0,1631.52,0.0
2024-09-20,18:00 - 19:00,2651.86,0.0,1560.29,0.0
2024-09-20,19:00 - 20:00,1519.46,0.0,1262.88,0.0
2024-09-20,20:00 - 21:00,756.47,0.0,1597.96,0.0
2024-09-20,21:00 - 22:00,1137.13,0.0,1833.45,0.0
2024-09-20,22:00 - 23:00,1796.15,0.0,1548.28,0.0
2024-09-20,23:00 - 00:00,2147.99,0.0,1644.32,0.0
2024-09-21,00:00 - 01:00,2426.13,0.0,1888.44,0.0
2024-09-21,01:00 - 02:00,2653.34,0.0,1959.48,0.0
2024-09-21,02:00 - 03:00,3053.15,0.0,1872.21,0.0
2024-09-21,03:00 - 04:00,2917.07,0.0,1785.37,0.0
2024-09-21,04:00 - 05:00,2755.87,0.0,1768.24,0.0
2024-09-21,05:00 - 06:00,2804.55,0.0,1607.08,0.0
2024-09-21,06:00 - 07:00,3044.46,0.0,1696.99,0.0
2024-09-21,07:00 - 08:00,2823.02,0.0,1752.1399999999999,0.0
2024-09-21,08:00 - 09:00,2423.16,0.0,1863.96,0.0
2024-09-21,09:00 - 10:00,2100.66,0.0,1860.75,0.0
2024-09-21,10:00 - 11:00,2560.47,0.0,1850.83,0.0
2024-09-21,11:00 - 12:00,3207.82,0.0,2086.05,0.0
2024-09-21,12:00 - 13:00,3618.42,0.0,2000.96,0.0
2024-09-21,13:00 - 14:00,3740.22,0.0,2042.24,0.0
2024-09-21,14:00 - 15:00,3666.87,0.0,1921.44,0.0
2024-09-21,15:00 - 16:00,3657.95,0.0,1930.85,0.0
2024-09-21,16:00 - 17:00,3535.53,0.0,1391.57,0.0
2024-09-21,17:00 - 18:00,3328.22,0.0,1811.8000000000002,0.0
2024-09-21,18:00 - 19:00,3044.15,0.0,2020.71,0.0
2024-09-21,19:00 - 20:00,1966.21,0.0,1831.4299999999998,0.0
2024-09-21,20:00 - 21:00,1447.05,0.0,1876.4299999999998,0.0
2024-09-21,21:00 - 22:00,1470.16,0.0,1968.4,0.0
2024-09-21,22:00 - 23:00,1660.91,0.0,1796.6100000000001,0.0
2024-09-21,23:00 - 00:00,2121.6,0.0,1858.5,0.0
2024-09-22,00:00 - 01:00,2197.08,0.0,1946.48,0.0
2024-09-22,01:00 - 02:00,2291.31,0.0,1793.27,0.0
2024-09-22,02:00 - 03:00,2702.68,0.0,1975.37,0.0
2024-09-22,03:00 - 04:00,2487.62,0.0,1985.04,0.0
2024-09-22,04:00 - 05:00,2519.31,0.0,1988.71,0.0
2024-09-22,05:00 - 06:00,2199.47,0.0,1907.56,0.0
2024-09-22,06:00 - 07:00,2071.58,0.0,1934.58,0.0
2024-09-22,07:00 - 08:00,2079.47,0.0,1992.1100000000001,0.0
2024-09-22,08:00 - 09:00,2376.68,0.0,1939.53,0.0
2024-09-22,09:00 - 10:00,2701.58,0.0,1618.48,0.0
2024-09-22,10:00 - 11:00,3106.72,0.0,1649.38,0.0
2024-09-22,11:00 - 12:00,3581.02,0.0,1825.52,0.0
2024-09-22,12:00 - 13:00,3610.39,0.0,1120.28,0.0
2024-09-22,13:00 - 14:00,3906.88,0.0,1656.74,0.0
2024-09-22,14:00 - 15:00,3734.88,0.0,1339.38,0.0
2024-09-22,15:00 - 16:00,3171.41,0.0,33.56,455.01
2024-09-22,16:00 - 17:00,2853.28,0.0,0.0,593.48
2024-09-22,17:00 - 18:00,2812.57,0.0,316.49,102.8
2024-09-22,18:00 - 19:00,2914.02,0.0,1578.83,0.0
2024-09-22,19:00 - 20:00,1735.71,0.0,1248.1,0.0
2024-09-22,20:00 - 21:00,700.96,0.0,1697.77,0.0
2024-09-22,21:00 - 22:00,118.67,27.11,1873.94,0.0
2024-09-22,22:00 - 23:00,417.84,0.65,1853.92,0.0
2024-09-22,23:00 - 00:00,1112.87,0.0,1734.3,0.0
2024-09-23,00:00 - 01:00,1706.72,0.0,1931.22,0.0
2024-09-23,01:00 - 02:00,2046.84,0.0,1988.3,0.0
2024-09-23,02:00 - 03:00,2293.06,0.0,1932.66,0.0
2024-09-23,03:00 - 04:00,2193.03,0.0,1783.98,0.0
2024-09-23,04:00 - 05:00,2365.39,0.0,1903.29,0.0
2024-09-23,05:00 - 06:00,2078.07,0.0,1798.76,0.0
2024-09-23,06:00 - 07:00,1656.05,0.0,1851.6299999999999,0.0
2024-09-23,07:00 - 08:00,387.05,111.55,1960.77,0.0
2024-09-23,08:00 - 09:00,117.32,56.69,1931.26,0.0
2024-09-23,09:00 - 10:00,1485.25,0.0,1912.8600000000001,0.0
2024-09-23,10:00 - 11:00,3167.55,0.0,1864.99,0.0
2024-09-23,11:00 - 12:00,3771.29,0.0,1942.59,0.0
2024-09-23,12:00 - 13:00,4020.08,0.0,1854.79,0.0
2024-09-23,13:00 - 14:00,3936.89,0.0,1814.9,0.0
2024-09-23,14:00 - 15:00,3773.42,0.0,1803.4099999999999,0.0
2024-09-23,15:00 - 16:00,3626.09,0.0,1590.3,0.0
2024-09-23,16:00 - 17:00,3630.11,0.0,1816.73,0.0
2024-09-23,17:00 - 18:00,3559.76,0.0,1863.9499999999998,0.0
2024-09-23,18:00 - 19:00,2461.3,0.0,1887.53,0.0
2024-09-23,19:00 - 20:00,826.75,0.0,1598.3,0.0
2024-09-23,20:00 - 21:00,24.22,532.8,1815.49,0.0
2024-09-23,21:00 - 22:00,0.0,577.32,1871.54,0.0
2024-09-23,22:00 - 23:00,267.0,143.22,1817.19,0.0
2024-09-23,23:00 - 00:00,996.41,0.0,1970.6599999999999,0.0
2024-09-24,00:00 - 01:00,1490.48,0.0,2274.62,0.0
2024-09-24,01:00 - 02:00,1583.8,0.0,2334.1,0.0
2024-09-24,02:00 - 03:00,1493.36,0.0,2314.08,0.0
2024-09-24,03:00 - 04:00,1476.99,0.0,2429.63,0.0
2024-09-24,04:00 - 05:00,1551.22,0.0,2372.35,0.0
2024-09-24,05:00 - 06:00,1838.02,0.0,2373.18,0.0
2024-09-24,06:00 - 07:00,1183.68,0.0,2483.5,0.0
2024-09-24,07:00 - 08:00,491.97,0.0,2501.31,0.0
2024-09-24,08:00 - 09:00,684.78,0.0,2454.74,0.0
2024-09-24,09:00 - 10:00,1720.23,0.0,2335.33,0.0
2024-09-24,10:00 - 11:00,3008.58,0.0,2397.29,0.0
2024-09-24,11:00 - 12:00,3182.69,0.0,2355.81,0.0
2024-09-24,12:00 - 13:00,3127.02,0.0,2448.68,0.0
2024-09-24,13:00 - 14:00,3365.86,0.0,2393.73,0.0
2024-09-24,14:00 - 15:00,3750.3,0.0,2045.3899999999999,0.0
2024-09-24,15:00 - 16:00,3831.92,0.0,2060.63,0.0
2024-09-24,16:00 - 17:00,3319.92,0.0,1996.72,0.0
2024-09-24,17:00 - 18:00,3618.97,0.0,2089.65,0.0
2024-09-24,18:00 - 19:00,2924.23,0.0,2222.69,0.0
2024-09-24,19:00 - 20:00,1981.54,0.0,2212.5099999999998,0.0
2024-09-24,20:00 - 21:00,619.69,0.0,2233.9,0.0
2024-09-24,21:00 - 22:00,334.82,0.0,2213.16,0.0
2024-09-24,22:00 - 23:00,1305.33,0.0,2082.09,0.0
2024-09-24,23:00 - 00:00,2199.11,0.0,2220.33,0.0
2024-09-25,00:00 - 01:00,1963.33,0.0,2264.8500000000004,0.0
2024-09-25,01:00 - 02:00,2074.09,0.0,2288.25,0.0
2024-09-25,02:00 - 03:00,2150.19,0.0,2278.89,0.0
2024-09-25,03:00 - 04:00,2232.83,0.0,2193.56,0.0
2024-09-25,04:00 - 05:00,2036.54,0.0,1916.93,0.0
2024-09-25,05:00 - 06:00,1931.21,0.0,1980.49,0.0
2024-09-25,06:00 - 07:00,1854.66,0.0,2130.7,0.0
2024-09-25,07:00 - 08:00,686.6,0.0,2000.59,0.0
2024-09-25,08:00 - 09:00,360.49,0.0,1998.4299999999998,0.0
2024-09-25,09:00 - 10:00,1454.51,0.0,2120.77,0.0
2024-09-25,10:00 - 11:00,2092.5,0.0,2236.01,0.0
2024-09-25,11:00 - 12:00,2638.82,0.0,1993.43,0.0
2024-09-25,12:00 - 13:00,3021.33,0.0,1861.0900000000001,0.0
2024-09-25,13:00 - 14:00,2842.68,0.0,910.03,0.0
2024-09-25,14:00 - 15:00,2422.29,0.0,213.83,518.8299999999999
2024-09-25,15:00 - 16:00,2166.24,0.0,0.0,950.04
2024-09-25,16:00 - 17:00,2102.18,0.0,0.0,1207.77
2024-09-25,17:00 - 18:00,2202.32,0.0,302.54,268.22
2024-09-25,18:00 - 19:00,2201.54,0.0,1298.67,0.0
2024-09-25,19:00 - 20:00,1808.51,0.0,1063.42,0.0
2024-09-25,20:00 - 21:00,1317.82,0.0,2081.33,0.0
2024-09-25,21:00 - 22:00,1577.89,0.0,2370.96,0.0
2024-09-25,22:00 - 23:00,1980.13,0.0,2003.12,0.0
2024-09-25,23:00 - 00:00,1738.22,0.0,1517.3000000000002,0.0
2024-09-26,00:00 - 01:00,1448.0,0.0,1769.56,0.0
2024-09-26,01:00 - 02:00,1493.67,0.0,1485.07,0.0
2024-09-26,02:00 - 03:00,1440.44,0.0,537.24,0.0
2024-09-26,03:00 - 04:00,1406.38,0.0,438.16,0.0
2024-09-26,04:00 - 05:00,1219.9,0.0,616.85,0.0
2024-09-26,05:00 - 06:00,1096.56,0.0,179.39,450.15
2024-09-26,06:00 - 07:00,633.91,0.0,154.88,162.23
2024-09-26,07:00 - 08:00,75.28,589.21,0.0,540.04
2024-09-26,08:00 - 09:00,0.0,614.86,0.0,846.74
2024-09-26,09:00 - 10:00,548.04,99.64,0.0,1304.88
2024-09-26,10:00 - 11:00,1926.82,0.0,0.0,1159.44
2024-09-26,11:00 - 12:00,2355.1,0.0,0.0,1410.51
2024-09-26,12:00 - 13:00,2730.6,0.0,0.0,1327.2
2024-09-26,13:00 - 14:00,2588.39,0.0,0.0,1509.74
2024-09-26,14:00 - 15:00,2651.93,0.0,0.0,1319.93
2024-09-26,15:00 - 16:00,2873.96,0.0,243.74,266.39
2024-09-26,16:00 - 17:00,2891.67,0.0,278.39,0.0
2024-09-26,17:00 - 18:00,2668.33,0.0,54.11,601.3
2024-09-26,18:00 - 19:00,2874.03,0.0,0.0,1005.8199999999999
2024-09-26,19:00 - 20:00,2019.58,0.0,202.42,217.84
2024-09-26,20:00 - 21:00,1670.45,0.0,1718.35,0.0
2024-09-26,21:00 - 22:00,1936.19,0.0,2123.38,0.0
2024-09-26,22:00 - 23:00,2119.09,0.0,2254.96,0.0
2024-09-26,23:00 - 00:00,2074.87,0.0,2119.46,0.0
2024-09-27,00:00 - 01:00,2098.24,0.0,2323.2400000000002,0.0
2024-09-27,01:00 - 02:00,1823.5,0.0,2157.09,0.0
2024-09-27,02:00 - 03:00,2135.42,0.0,2387.35,0.0
2024-09-27,03:00 - 04:00,1913.27,0.0,2165.14,0.0
2024-09-27,04:00 - 05:00,1767.14,0.0,1960.47,0.0
2024-09-27,05:00 - 06:00,1424.93,0.0,2156.47,0.0
2024-09-27,06:00 - 07:00,984.19,0.0,2126.21,0.0
2024-09-27,07:00 - 08:00,291.44,0.0,2163.1400000000003,0.0
2024-09-27,08:00 - 09:00,546.07,0.0,2316.55,0.0
2024-09-27,09:00 - 10:00,1552.58,0.0,1712.5700000000002,0.0
2024-09-27,10:00 - 11:00,2269.97,0.0,1520.65,0.0
2024-09-27,11:00 - 12:00,2934.56,0.0,1615.6,0.0
2024-09-27,12:00 - 13:00,3115.05,0.0,174.26,419.37
2024-09-27,13:00 - 14:00,2731.56,0.0,298.14,110.28
2024-09-27,14:00 - 15:00,2647.56,0.0,0.0,1615.3400000000001
2024-09-27,15:00 - 16:00,2804.21,0.0,0.0,2185.79
2024-09-27,16:00 - 17:00,2971.74,0.0,0.0,668.85
2024-09-27,17:00 - 18:00,2878.77,0.0,0.0,1209.62
2024-09-27,18:00 - 19:00,2531.79,0.0,0.0,1206.76
2024-09-27,19:00 - 20:00,1369.75,0.0,1124.45,212.4
2024-09-27,20:00 - 21:00,346.49,0.0,2064.27,0.0
2024-09-27,21:00 - 22:00,100.89,0.0,2324.44,0.0
2024-09-27,22:00 - 23:00,671.94,0.0,2420.46,0.0
2024-09-27,23:00 - 00:00,1342.78,0.0,2397.13,0.0
2024-09-28,00:00 - 01:00,823.4,0.0,1593.31,0.0
2024-09-28,01:00 - 02:00,723.01,0.0,1307.95,0.0
2024-09-28,02:00 - 03:00,877.81,0.0,1230.98,0.0
2024-09-28,03:00 - 04:00,893.88,0.0,1249.94,0.0
2024-09-28,04:00 - 05:00,793.88,0.0,1777.77,0.0
2024-09-28,05:00 - 06:00,760.4,0.0,1839.3799999999999,0.0
2024-09-28,06:00 - 07:00,717.15,0.0,1740.75,0.0
2024-09-28,07:00 - 08:00,550.13,0.0,1773.5900000000001,0.0
2024-09-28,08:00 - 09:00,651.69,0.0,1814.92,0.0
2024-09-28,09:00 - 10:00,1376.38,0.0,1900.24,0.0
2024-09-28,10:00 - 11:00,2308.13,0.0,255.22,1235.18
2024-09-28,11:00 - 12:00,3184.93,0.0,0.0,1296.6599999999999
2024-09-28,12:00 - 13:00,3290.28,0.0,0.0,1282.81
2024-09-28,13:00 - 14:00,3187.14,0.0,0.0,786.83
2024-09-28,14:00 - 15:00,3234.21,0.0,305.11,98.4
2024-09-28,15:00 - 16:00,3166.6,0.0,166.39000000000001,0.0
2024-09-28,16:00 - 17:00,3227.52,0.0,0.0,940.74
2024-09-28,17:00 - 18:00,3067.18,0.0,0.0,1737.6799999999998
2024-09-28,18:00 - 19:00,2701.93,0.0,0.0,1920.32
2024-09-28,19:00 - 20:00,2221.01,0.0,561.31,397.12
2024-09-28,20:00 - 21:00,1220.11,0.0,1741.08,0.0
2024-09-28,21:00 - 22:00,977.07,0.0,2173.09,0.0
2024-09-28,22:00 - 23:00,1697.15,0.0,2037.34,0.0
2024-09-28,23:00 - 00:00,1813.31,0.0,2041.8100000000002,0.0
2024-09-29,00:00 - 01:00,1999.57,0.0,2214.97,0.0
2024-09-29,01:00 - 02:00,2324.6,0.0,2358.84,0.0
2024-09-29,02:00 - 03:00,2422.05,0.0,2335.35,0.0
2024-09-29,03:00 - 04:00,2799.83,0.0,2269.83,0.0
2024-09-29,04:00 - 05:00,2844.14,0.0,2148.8199999999997,0.0
2024-09-29,05:00 - 06:00,2784.73,0.0,2200.06,0.0
2024-09-29,06:00 - 07:00,2782.87,0.0,2208.2200000000003,0.0
2024-09-29,07:00 - 08:00,2589.82,0.0,2067.0,0.0
2024-09-29,08:00 - 09:00,2860.18,0.0,1939.13,0.0
2024-09-29,09:00 - 10:00,2975.3,0.0,864.8499999999999,0.0
2024-09-29,10:00 - 11:00,3025.94,0.0,79.41,1610.1100000000001
2024-09-29,11:00 - 12:00,3281.87,0.0,0.0,2012.6399999999999
2024-09-29,12:00 - 13:00,3464.12,0.0,0.0,2372.0299999999997
2024-09-29,13:00 - 14:00,3238.29,0.0,0.0,2175.35
2024-09-29,14:00 - 15:00,3059.43,0.0,0.0,1997.6
2024-09-29,15:00 - 16:00,3088.43,0.0,0.0,1946.98
2024-09-29,16:00 - 17:00,3049.73,0.0,0.0,2242.8
2024-09-29,17:00 - 18:00,3014.26,0.0,0.0,2463.74
2024-09-29,18:00 - 19:00,3299.73,0.0,0.0,1118.43
2024-09-29,19:00 - 20:00,3499.15,0.0,1732.8000000000002,55.84
2024-09-29,20:00 - 21:00,2117.73,0.0,2390.9300000000003,0.0
2024-09-29,21:00 - 22:00,1385.29,0.0,2393.65,0.0
2024-09-29,22:00 - 23:00,1706.25,0.0,2444.78,0.0
2024-09-29,23:00 - 00:00,2408.57,0.0,2349.85,0.0
2024-09-30,00:00 - 01:00,2709.23,0.0,2261.48,0.0
2024-09-30,01:00 - 02:00,2584.55,0.0,2095.18,0.0
2024-09-30,02:00 - 03:00,2532.46,0.0,2261.7799999999997,0.0
2024-09-30,03:00 - 04:00,2511.52,0.0,2224.63,0.0
2024-09-30,04:00 - 05:00,2417.22,0.0,2327.03,0.0
2024-09-30,05:00 - 06:00,2128.93,0.0,2303.24,0.0
2024-09-30,06:00 - 07:00,1858.79,0.0,2173.31,0.0
2024-09-30,07:00 - 08:00,952.33,0.0,2479.36,0.0
2024-09-30,08:00 - 09:00,409.28,0.0,2412.55,0.0
2024-09-30,09:00 - 10:00,1719.77,0.0,1532.51,0.0
2024-09-30,10:00 - 11:00,3448.97,0.0,1733.12,0.0
2024-09-30,11:00 - 12:00,3850.91,0.0,2182.67,0.0
2024-09-30,12:00 - 13:00,3963.06,0.0,1972.2,0.0
2024-09-30,13:00 - 14:00,3965.13,0.0,2303.64,0.0
2024-09-30,14:00 - 15:00,3978.95,0.0,2375.67,0.0
2024-09-30,15:00 - 16:00,3740.73,0.0,446.14,0.0
2024-09-30,16:00 - 17:00,3585.03,0.0,500.17999999999995,0.0
2024-09-30,17:00 - 18:00,3907.52,0.0,1665.6399999999999,0.0
2024-09-30,18:00 - 19:00,3164.87,0.0,2103.9,0.0
2024-09-30,19:00 - 20:00,1838.91,0.0,2315.09,0.0
2024-09-30,20:00 - 21:00,454.04,0.0,2374.2200000000003,0.0
2024-09-30,21:00 - 22:00,456.0,0.0,2267.76,0.0
2024-09-30,22:00 - 23:00,1517.21,0.0,2307.2000000000003,0.0
2024-09-30,23:00 - 00:00,1355.42,0.0,2287.91,0.0
2024-10-01,00:00 - 01:00,1380.1,0.0,2401.57,0.0
2024-10-01,01:00 - 02:00,1853.31,0.0,2428.99,0.0
2024-10-01,02:00 - 03:00,1908.64,0.0,2364.31,0.0
2024-10-01,03:00 - 04:00,2084.7,0.0,2392.71,0.0
2024-10-01,04:00 - 05:00,2334.02,0.0,2401.13,0.0
2024-10-01,05:00 - 06:00,2344.6,0.0,2375.88,0.0
2024-10-01,06:00 - 07:00,1955.67,0.0,2082.57,0.0
2024-10-01,07:00 - 08:00,1018.87,0.0,2166.18,0.0
2024-10-01,08:00 - 09:00,807.04,0.0,2130.04,0.0
2024-10-01,09:00 - 10:00,1605.21,0.0,1675.54,0.0
2024-10-01,10:00 - 11:00,2833.67,0.0,1526.3700000000001,0.0
2024-10-01,11:00 - 12:00,3554.72,0.0,1461.98,0.0
2024-10-01,12:00 - 13:00,3492.44,0.0,873.28,0.0
2024-10-01,13:00 - 14:00,3693.7,0.0,233.29000000000002,0.0
2024-10-01,14:00 - 15:00,3854.32,0.0,0.0,327.5
2024-10-01,15:00 - 16:00,3578.46,0.0,0.0,1104.1399999999999
2024-10-01,16:00 - 17:00,3664.24,0.0,0.0,924.79
2024-10-01,17:00 - 18:00,3034.53,0.0,0.0,848.6
2024-10-01,18:00 - 19:00,3098.87,0.0,10.05,456.65999999999997
2024-10-01,19:00 - 20:00,837.02,0.0,0.0,675.99
2024-10-01,20:00 - 21:00,68.52,155.04,1637.74,0.0
2024-10-01,21:00 - 22:00,50.83,44.23,2353.01,0.0
2024-10-01,22:00 - 23:00,770.84,0.0,2115.73,0.0
2024-10-01,23:00 - 00:00,1235.11,0.0,2077.74,0.0
2024-10-02,00:00 - 01:00,1609.69,0.0,1337.37,0.0
2024-10-02,01:00 - 02:00,1902.39,0.0,1106.27,0.0
2024-10-02,02:00 - 03:00,1724.37,0.0,1158.6100000000001,0.0
2024-10-02,03:00 - 04:00,2149.73,0.0,1157.76,0.0
2024-10-02,04:00 - 05:00,2610.92,0.0,2072.89,0.0
2024-10-02,05:00 - 06:00,2678.54,0.0,1885.65,0.0
2024-10-02,06:00 - 07:00,1883.6,0.0,1381.3,0.0
2024-10-02,07:00 - 08:00,1127.96,0.0,674.49,0.0
2024-10-02,08:00 - 09:00,824.66,0.0,525.78,0.0
2024-10-02,09:00 - 10:00,1465.88,0.0,194.68,0.0
2024-10-02,10:00 - 11:00,1833.54,0.0,0.0,1170.79
2024-10-02,11:00 - 12:00,2096.87,0.0,0.0,1566.08
2024-10-02,12:00 - 13:00,2547.21,0.0,0.0,2260.24
2024-10-02,13:00 - 14:00,2692.6,0.0,0.0,1978.55
2024-10-02,14:00 - 15:00,2689.74,0.0,0.0,2040.07
2024-10-02,15:00 - 16:00,2728.72,0.0,0.0,1714.73
2024-10-02,16:00 - 17:00,2346.71,0.0,0.0,2161.99
2024-10-02,17:00 - 18:00,2161.49,0.0,0.0,1572.6399999999999
2024-10-02,18:00 - 19:00,1263.38,0.0,0.0,1787.74
2024-10-02,19:00 - 20:00,369.96,0.0,0.0,1695.04
2024-10-02,20:00 - 21:00,408.55,0.0,505.70000000000005,234.38
2024-10-02,21:00 - 22:00,1681.85,0.0,1163.3400000000001,0.0
2024-10-02,22:00 - 23:00,2201.25,0.0,707.41,0.0
2024-10-02,23:00 - 00:00,3143.33,0.0,588.2,0.0
2024-10-03,00:00 - 01:00,3130.99,0.0,182.51,87.16
2024-10-03,01:00 - 02:00,3012.2,0.0,168.32,98.45
2024-10-03,02:00 - 03:00,2946.84,0.0,458.22,0.0
2024-10-03,03:00 - 04:00,3300.33,0.0,1339.03,0.0
2024-10-03,04:00 - 05:00,2770.8,0.0,1207.31,0.0
2024-10-03,05:00 - 06:00,2810.35,0.0,1113.22,0.0
2024-10-03,06:00 - 07:00,2982.05,0.0,798.03,0.0
2024-10-03,07:00 - 08:00,1670.74,0.0,177.11,320.61
2024-10-03,08:00 - 09:00,1196.28,0.0,53.959999999999994,98.9
2024-10-03,09:00 - 10:00,2611.98,0.0,121.05,20.14
2024-10-03,10:00 - 11:00,3504.16,0.0,23.11,1138.59
2024-10-03,11:00 - 12:00,3992.27,0.0,0.0,1670.55
2024-10-03,12:00 - 13:00,4132.15,0.0,0.0,1318.3400000000001
2024-10-03,13:00 - 14:00,4163.37,0.0,0.0,1130.01
2024-10-03,14:00 - 15:00,4301.66,0.0,0.0,1192.3899999999999
2024-10-03,15:00 - 16:00,4228.28,0.0,0.0,1448.92
2024-10-03,16:00 - 17:00,4187.28,0.0,0.0,774.3199999999999
2024-10-03,17:00 - 18:00,4140.31,0.0,0.0,801.79
2024-10-03,18:00 - 19:00,3911.81,0.0,0.0,1227.1399999999999
2024-10-03,19:00 - 20:00,2481.22,0.0,0.0,1624.08
2024-10-03,20:00 - 21:00,1478.88,0.0,1316.26,166.18
2024-10-03,21:00 - 22:00,1185.53,0.0,1674.58,0.0
2024-10-03,22:00 - 23:00,1799.93,0.0,1744.77,0.0
2024-10-03,23:00 - 00:00,2558.83,0.0,1407.85,0.0
2024-10-04,00:00 - 01:00,2818.17,0.0,1877.65,0.0
2024-10-04,01:00 - 02:00,2684.59,0.0,1937.2400000000002,0.0
2024-10-04,02:00 - 03:00,2909.36,0.0,1889.22,0.0
2024-10-04,03:00 - 04:00,2880.34,0.0,1932.17,0.0
2024-10-04,04:00 - 05:00,2945.55,0.0,1279.96,0.0
2024-10-04,05:00 - 06:00,2922.56,0.0,1084.46,0.0
2024-10-04,06:00 - 07:00,2446.35,0.0,1102.94,0.0
2024-10-04,07:00 - 08:00,1340.7,0.0,466.82,0.0
2024-10-04,08:00 - 09:00,1004.3,0.0,117.13,289.5
2024-10-04,09:00 - 10:00,3151.69,0.0,0.0,416.79999999999995
2024-10-04,10:00 - 11:00,4123.85,0.0,0.0,998.6700000000001
2024-10-04,11:00 - 12:00,4416.79,0.0,0.0,1149.97
2024-10-04,12:00 - 13:00,4324.21,0.0,0.0,1487.52
2024-10-04,13:00 - 14:00,4404.93,0.0,0.0,1325.9
2024-10-04,14:00 - 15:00,4475.66,0.0,0.0,1152.71
2024-10-04,15:00 - 16:00,4304.32,0.0,0.0,1200.06
2024-10-04,16:00 - 17:00,4276.42,0.0,0.0,1217.21
2024-10-04,17:00 - 18:00,4257.76,0.0,0.0,1085.2
2024-10-04,18:00 - 19:00,3807.84,0.0,0.0,1083.27
2024-10-04,19:00 - 20:00,1891.75,0.0,0.0,897.23
2024-10-04,20:00 - 21:00,1198.77,0.0,1197.24,128.04
2024-10-04,21:00 - 22:00,967.28,0.0,1697.31,0.0
2024-10-04,22:00 - 23:00,1596.83,0.0,1717.39,0.0
2024-10-04,23:00 - 00:00,2079.92,0.0,1560.6399999999999,0.0
2024-10-05,00:00 - 01:00,2067.93,0.0,2134.1,0.0
2024-10-05,01:00 - 02:00,2070.88,0.0,2125.52,0.0
2024-10-05,02:00 - 03:00,2357.47,0.0,2088.67,0.0
2024-10-05,03:00 - 04:00,2486.14,0.0,1963.02,0.0
2024-10-05,04:00 - 05:00,2581.86,0.0,1996.19,0.0
2024-10-05,05:00 - 06:00,2459.77,0.0,1640.9099999999999,0.0
2024-10-05,06:00 - 07:00,2163.55,0.0,1528.46,0.0
2024-10-05,07:00 - 08:00,1393.78,0.0,1140.69,0.0
2024-10-05,08:00 - 09:00,800.6,0.0,360.34000000000003,12.05
2024-10-05,09:00 - 10:00,1506.19,0.0,280.14,2.6
2024-10-05,10:00 - 11:00,2011.63,0.0,181.13,559.5799999999999
2024-10-05,11:00 - 12:00,2534.89,0.0,0.0,1376.73
2024-10-05,12:00 - 13:00,2766.79,0.0,0.0,2066.66
2024-10-05,13:00 - 14:00,2873.71,0.0,0.0,2300.89
2024-10-05,14:00 - 15:00,2644.72,0.0,0.0,1765.52
2024-10-05,15:00 - 16:00,2540.25,0.0,0.0,1388.34
2024-10-05,16:00 - 17:00,2110.38,0.0,0.0,2037.98
2024-10-05,17:00 - 18:00,2142.72,0.0,0.0,2042.19
2024-10-05,18:00 - 19:00,1813.31,0.0,0.0,1924.75
2024-10-05,19:00 - 20:00,1062.17,0.0,0.0,1644.28
2024-10-05,20:00 - 21:00,835.35,0.0,731.38,329.41
2024-10-05,21:00 - 22:00,1077.27,0.0,1710.6599999999999,0.0
2024-10-05,22:00 - 23:00,1554.25,0.0,1638.56,0.0
2024-10-05,23:00 - 00:00,1660.12,0.0,845.65,0.0
2024-10-06,00:00 - 01:00,1741.89,0.0,366.67,0.0
2024-10-06,01:00 - 02:00,1717.76,0.0,779.73,0.0
2024-10-06,02:00 - 03:00,1495.53,0.0,689.73,0.0
2024-10-06,03:00 - 04:00,1720.73,0.0,350.66,0.0
2024-10-06,04:00 - 05:00,1819.26,0.0,776.54,0.0
2024-10-06,05:00 - 06:00,1744.79,0.0,949.74,0.0
2024-10-06,06:00 - 07:00,1513.28,0.0,814.39,0.0
2024-10-06,07:00 - 08:00,1011.7,0.0,984.73,0.0
2024-10-06,08:00 - 09:00,1165.54,0.0,1268.1399999999999,0.0
2024-10-06,09:00 - 10:00,1332.58,0.0,172.8,783.1899999999999
2024-10-06,10:00 - 11:00,1402.1,0.0,0.0,2061.67
2024-10-06,11:00 - 12:00,1590.04,0.0,0.0,2368.65
2024-10-06,12:00 - 13:00,1703.04,0.0,0.0,2388.2799999999997
2024-10-06,13:00 - 14:00,1967.38,0.0,0.0,2440.3199999999997
2024-10-06,14:00 - 15:00,1932.95,0.0,0.0,2454.8
2024-10-06,15:00 - 16:00,2049.56,0.0,54.1,727.36
2024-10-06,16:00 - 17:00,2036.94,0.0,0.0,922.5500000000001
2024-10-06,17:00 - 18:00,1655.94,0.0,0.0,1837.44
2024-10-06,18:00 - 19:00,683.38,0.0,0.0,1399.0700000000002
2024-10-06,19:00 - 20:00,89.98,154.3,0.0,442.2
2024-10-06,20:00 - 21:00,106.57,30.59,1519.1999999999998,0.0
2024-10-06,21:00 - 22:00,38.43,76.14,1870.67,0.0
2024-10-06,22:00 - 23:00,187.22,16.71,2138.65,0.0
2024-10-06,23:00 - 00:00,1046.51,0.0,2126.2,0.0
2024-10-07,00:00 - 01:00,1229.59,0.0,2335.87,0.0
2024-10-07,01:00 - 02:00,1452.36,0.0,2451.06,0.0
2024-10-07,02:00 - 03:00,1699.63,0.0,2363.2400000000002,0.0
2024-10-07,03:00 - 04:00,1795.51,0.0,2446.49,0.0
2024-10-07,04:00 - 05:00,1558.11,0.0,2420.31,0.0
2024-10-07,05:00 - 06:00,979.27,0.0,2336.47,0.0
2024-10-07,06:00 - 07:00,198.54,4.62,1469.42,0.0
2024-10-07,07:00 - 08:00,0.0,887.92,204.68,283.28999999999996
2024-10-07,08:00 - 09:00,0.0,1097.68,0.0,572.83
2024-10-07,09:00 - 10:00,0.0,428.91,0.0,583.31
2024-10-07,10:00 - 11:00,20.5,161.54,0.0,1500.54
2024-10-07,11:00 - 12:00,477.86,0.0,0.0,2043.67
2024-10-07,12:00 - 13:00,463.04,0.0,0.0,1983.9
2024-10-07,13:00 - 14:00,629.06,0.0,0.0,1904.15
2024-10-07,14:00 - 15:00,854.6,0.0,0.0,1854.67
2024-10-07,15:00 - 16:00,939.19,0.0,0.0,2066.19
2024-10-07,16:00 - 17:00,614.55,0.0,0.0,2221.8199999999997
2024-10-07,17:00 - 18:00,445.8,0.0,0.0,1819.73
2024-10-07,18:00 - 19:00,33.67,87.52,0.0,1868.08
2024-10-07,19:00 - 20:00,0.0,383.9,0.0,1703.51
2024-10-07,20:00 - 21:00,67.66,117.8,278.51,380.81
2024-10-07,21:00 - 22:00,719.15,0.0,1569.19,0.0
2024-10-07,22:00 - 23:00,839.08,0.0,1559.62,0.0
2024-10-07,23:00 - 00:00,688.32,0.0,757.27,0.0
2024-10-08,00:00 - 01:00,1276.7,0.0,697.9300000000001,0.0
2024-10-08,01:00 - 02:00,1493.67,0.0,517.77,0.0
2024-10-08,02:00 - 03:00,1772.27,0.0,654.27,0.0
2024-10-08,03:00 - 04:00,1767.9,0.0,908.7,0.0
2024-10-08,04:00 - 05:00,1806.72,0.0,1160.73,0.0
2024-10-08,05:00 - 06:00,1516.17,0.0,268.5,86.06
2024-10-08,06:00 - 07:00,761.48,0.0,0.0,1190.75
2024-10-08,07:00 - 08:00,77.18,445.58,0.0,1736.5900000000001
2024-10-08,08:00 - 09:00,0.0,767.52,0.0,1280.29
2024-10-08,09:00 - 10:00,556.7,164.53,0.0,1629.83
2024-10-08,10:00 - 11:00,1587.66,0.0,0.0,1464.12
2024-10-08,11:00 - 12:00,2511.53,0.0,0.0,986.5
2024-10-08,12:00 - 13:00,2724.24,0.0,0.0,687.46
2024-10-08,13:00 - 14:00,2537.85,0.0,1186.94,93.38
2024-10-08,14:00 - 15:00,2822.19,0.0,1009.3199999999999,0.0
2024-10-08,15:00 - 16:00,2989.65,0.0,1746.3600000000001,0.0
2024-10-08,16:00 - 17:00,2670.88,0.0,1823.37,0.0
2024-10-08,17:00 - 18:00,2289.6,0.0,662.75,62.97
2024-10-08,18:00 - 19:00,1204.61,0.0,0.0,371.7
2024-10-08,19:00 - 20:00,189.31,635.67,263.1,0.0
2024-10-08,20:00 - 21:00,0.0,525.76,1653.25,0.0
2024-10-08,21:00 - 22:00,0.0,423.41,1948.38,0.0
2024-10-08,22:00 - 23:00,25.57,85.53,1955.96,0.0
2024-10-08,23:00 - 00:00,294.23,0.0,1434.1799999999998,0.0
2024-10-09,00:00 - 01:00,553.88,0.0,1737.01,0.0
2024-10-09,01:00 - 02:00,227.91,0.0,1819.66,0.0
2024-10-09,02:00 - 03:00,12.95,294.93,1480.6,0.0
2024-10-09,03:00 - 04:00,0.0,352.23,1967.98,0.0
2024-10-09,04:00 - 05:00,0.0,491.93,1809.06,0.0
2024-10-09,05:00 - 06:00,0.0,598.94,1777.99,0.0
2024-10-09,06:00 - 07:00,0.0,654.43,1321.82,0.0
2024-10-09,07:00 - 08:00,0.0,1196.96,297.0,47.949999999999996
2024-10-09,08:00 - 09:00,0.0,1708.59,0.0,931.95
2024-10-09,09:00 - 10:00,0.0,897.08,0.0,1104.8000000000002
2024-10-09,10:00 - 11:00,0.0,419.39,0.0,1016.15
2024-10-09,11:00 - 12:00,212.99,131.54,0.0,1436.8700000000001
2024-10-09,12:00 - 13:00,414.55,0.0,0.0,1264.3899999999999
2024-10-09,13:00 - 14:00,517.06,0.0,0.0,1620.1299999999999
2024-10-09,14:00 - 15:00,710.99,0.0,0.0,2251.46
2024-10-09,15:00 - 16:00,298.37,0.0,0.0,1949.57
2024-10-09,16:00 - 17:00,272.87,0.0,0.0,2308.85
2024-10-09,17:00 - 18:00,322.17,0.0,0.0,1715.67
2024-10-09,18:00 - 19:00,167.33,0.0,0.0,1668.92
2024-10-09,19:00 - 20:00,216.61,0.0,0.0,1638.01
2024-10-09,20:00 - 21:00,1107.59,0.0,1376.55,351.3
2024-10-09,21:00 - 22:00,1316.63,0.0,2011.6599999999999,0.0
2024-10-09,22:00 - 23:00,1888.49,0.0,1977.7,0.0
2024-10-09,23:00 - 00:00,2080.76,0.0,1469.46,0.0
2024-10-10,00:00 - 01:00,2787.5,0.0,1785.32,0.0
2024-10-10,01:00 - 02:00,2892.91,0.0,1830.98,0.0
2024-10-10,02:00 - 03:00,2831.86,0.0,1897.97,0.0
2024-10-10,03:00 - 04:00,2637.39,0.0,1896.85,0.0
2024-10-10,04:00 - 05:00,2348.1,0.0,1642.47,0.0
2024-10-10,05:00 - 06:00,2159.23,0.0,1495.6299999999999,0.0
2024-10-10,06:00 - 07:00,2113.75,0.0,1798.1399999999999,0.0
2024-10-10,07:00 - 08:00,1436.95,0.0,1971.4299999999998,0.0
2024-10-10,08:00 - 09:00,1080.74,0.0,2156.91,0.0
2024-10-10,09:00 - 10:00,2034.68,0.0,2022.06,0.0
2024-10-10,10:00 - 11:00,2275.67,0.0,1086.07,0.0
2024-10-10,11:00 - 12:00,3071.67,0.0,1426.1399999999999,0.0
2024-10-10,12:00 - 13:00,3970.97,0.0,1462.44,0.0
2024-10-10,13:00 - 14:00,3809.62,0.0,1301.7,0.0
2024-10-10,14:00 - 15:00,3821.47,0.0,1262.37,0.0
2024-10-10,15:00 - 16:00,3578.57,0.0,987.28,0.0
2024-10-10,16:00 - 17:00,3273.47,0.0,212.91,17.49
2024-10-10,17:00 - 18:00,3450.97,0.0,0.0,381.83
2024-10-10,18:00 - 19:00,2215.52,0.0,0.0,666.33
2024-10-10,19:00 - 20:00,614.91,0.0,35.74,574.6
2024-10-10,20:00 - 21:00,468.01,0.0,1586.65,0.0
2024-10-10,21:00 - 22:00,358.72,0.0,2169.1,0.0
2024-10-10,22:00 - 23:00,1001.76,0.0,2152.02,0.0
2024-10-10,23:00 - 00:00,1158.63,0.0,2005.83,0.0
2024-10-11,00:00 - 01:00,1082.64,0.0,2076.13,0.0
2024-10-11,01:00 - 02:00,647.07,0.0,2103.3599999999997,0.0
2024-10-11,02:00 - 03:00,171.69,0.0,1931.46,0.0
2024-10-11,03:00 - 04:00,50.08,177.9,2000.18,0.0
2024-10-11,04:00 - 05:00,0.0,724.61,1579.07,0.0
2024-10-11,05:00 - 06:00,0.0,1268.54,1225.16,0.0
2024-10-11,06:00 - 07:00,0.0,1709.08,241.44,377.01
2024-10-11,07:00 - 08:00,0.0,2472.74,0.0,1538.1499999999999
2024-10-11,08:00 - 09:00,0.0,2627.92,0.0,1223.62
2024-10-11,09:00 - 10:00,0.0,2225.86,0.0,384.62
2024-10-11,10:00 - 11:00,0.0,1332.89,464.58,41.02
2024-10-11,11:00 - 12:00,0.0,333.78,790.5699999999999,0.0
2024-10-11,12:00 - 13:00,1107.85,0.0,1756.28,0.0
2024-10-11,13:00 - 14:00,1491.75,0.0,1784.55,0.0
2024-10-11,14:00 - 15:00,1738.8,0.0,1955.7,0.0
2024-10-11,15:00 - 16:00,1736.17,0.0,847.55,0.0
2024-10-11,16:00 - 17:00,1896.38,0.0,149.5,1.18
2024-10-11,17:00 - 18:00,1756.08,0.0,26.82,264.7
2024-10-11,18:00 - 19:00,444.64,19.28,0.0,1547.28
2024-10-11,19:00 - 20:00,0.0,456.63,0.0,2027.0700000000002
2024-10-11,20:00 - 21:00,0.0,670.53,0.0,1310.27
2024-10-11,21:00 - 22:00,0.0,530.97,0.0,490.52
2024-10-11,22:00 - 23:00,49.03,92.63,0.0,1347.44
2024-10-11,23:00 - 00:00,114.6,0.0,0.0,1824.81
2024-10-12,00:00 - 01:00,844.59,0.0,0.0,580.69
2024-10-12,01:00 - 02:00,1539.37,0.0,66.0,101.28
2024-10-12,02:00 - 03:00,1369.54,0.0,77.68,139.63
2024-10-12,03:00 - 04:00,1296.51,0.0,374.13,34.7
2024-10-12,04:00 - 05:00,1418.64,0.0,868.67,0.0
2024-10-12,05:00 - 06:00,1734.11,0.0,1400.02,0.0
2024-10-12,06:00 - 07:00,1615.56,0.0,1157.0900000000001,0.0
2024-10-12,07:00 - 08:00,1781.36,0.0,1250.76,0.0
2024-10-12,08:00 - 09:00,1779.47,0.0,1535.63,0.0
2024-10-12,09:00 - 10:00,1953.9,0.0,2048.69,0.0
2024-10-12,10:00 - 11:00,1949.02,0.0,2259.4399999999996,0.0
2024-10-12,11:00 - 12:00,1776.48,0.0,2018.1599999999999,0.0
2024-10-12,12:00 - 13:00,1701.57,0.0,2267.5,0.0
2024-10-12,13:00 - 14:00,1736.59,0.0,2471.1,0.0
2024-10-12,14:00 - 15:00,1646.85,0.0,2277.0699999999997,0.0
2024-10-12,15:00 - 16:00,2165.8,0.0,1573.84,0.0
2024-10-12,16:00 - 17:00,2233.05,0.0,1305.97,0.0
2024-10-12,17:00 - 18:00,2188.9,0.0,1405.94,0.0
2024-10-12,18:00 - 19:00,1744.85,0.0,1415.6,0.0
2024-10-12,19:00 - 20:00,1084.79,0.0,1899.6599999999999,0.0
2024-10-12,20:00 - 21:00,563.92,0.0,2364.4,0.0
2024-10-12,21:00 - 22:00,250.05,0.0,2293.53,0.0
2024-10-12,22:00 - 23:00,37.09,89.24,2230.75,0.0
2024-10-12,23:00 - 00:00,149.71,30.39,1942.05,0.0
2024-10-13,00:00 - 01:00,348.92,0.0,2016.63,0.0
2024-10-13,01:00 - 02:00,405.43,0.0,2024.8799999999999,0.0
2024-10-13,02:00 - 03:00,158.66,0.73,2021.1200000000001,0.0
2024-10-13,03:00 - 04:00,39.03,50.61,2197.49,0.0
2024-10-13,04:00 - 05:00,161.98,37.26,2287.61,0.0
2024-10-13,05:00 - 06:00,151.8,0.0,2309.24,0.0
2024-10-13,06:00 - 07:00,36.52,7.96,2281.06,0.0
2024-10-13,07:00 - 08:00,43.75,3.49,2208.79,0.0
2024-10-13,08:00 - 09:00,52.72,14.33,2204.72,0.0
2024-10-13,09:00 - 10:00,291.33,10.33,2077.42,0.0
2024-10-13,10:00 - 11:00,1227.15,0.0,2356.93,0.0
2024-10-13,11:00 - 12:00,1837.23,0.0,2139.11,0.0
2024-10-13,12:00 - 13:00,1846.73,0.0,931.63,0.0
2024-10-13,13:00 - 14:00,1942.17,0.0,1894.4699999999998,0.0
2024-10-13,14:00 - 15:00,2106.62,0.0,1655.05,0.0
2024-10-13,15:00 - 16:00,2160.07,0.0,1712.75,0.0
2024-10-13,16:00 - 17:00,2043.66,0.0,423.82,188.5
2024-10-13,17:00 - 18:00,1968.75,0.0,790.31,138.77
2024-10-13,18:00 - 19:00,1793.34,0.0,1396.28,0.0
2024-10-13,19:00 - 20:00,1009.17,0.0,2053.48,0.0
2024-10-13,20:00 - 21:00,154.41,247.66,2417.38,0.0
2024-10-13,21:00 - 22:00,0.0,260.54,2456.14,0.0
2024-10-13,22:00 - 23:00,6.83,71.91,2401.16,0.0
2024-10-13,23:00 - 00:00,390.1,0.0,2277.49,0.0
2024-10-14,00:00 - 01:00,1333.87,0.0,2301.05,0.0
2024-10-14,01:00 - 02:00,1496.2,0.0,2308.23,0.0
2024-10-14,02:00 - 03:00,1755.16,0.0,2348.2799999999997,0.0
2024-10-14,03:00 - 04:00,1906.64,0.0,2220.92,0.0
2024-10-14,04:00 - 05:00,1714.74,0.0,2157.07,0.0
2024-10-14,05:00 - 06:00,1304.01,0.0,2049.65,0.0
2024-10-14,06:00 - 07:00,594.77,0.0,1756.24,0.0
2024-10-14,07:00 - 08:00,36.2,772.97,1325.9099999999999,0.0
2024-10-14,08:00 - 09:00,0.0,1404.85,1914.68,0.0
2024-10-14,09:00 - 10:00,0.0,685.69,2294.67,0.0
2024-10-14,10:00 - 11:00,221.84,122.38,2134.34,0.0
2024-10-14,11:00 - 12:00,701.4,0.0,1780.07,0.0
2024-10-14,12:00 - 13:00,583.75,0.0,1153.29,0.0
2024-10-14,13:00 - 14:00,604.27,0.0,1405.31,0.0
2024-10-14,14:00 - 15:00,822.95,0.0,1148.6,0.0
2024-10-14,15:00 - 16:00,1423.44,0.0,1395.88,0.0
2024-10-14,16:00 - 17:00,1914.75,0.0,1394.04,0.0
2024-10-14,17:00 - 18:00,1672.68,0.0,1285.26,0.0
2024-10-14,18:00 - 19:00,541.04,0.0,588.15,0.0
2024-10-14,19:00 - 20:00,86.05,636.7,74.55,78.61999999999999
2024-10-14,20:00 - 21:00,0.87,241.11,1398.42,0.0
2024-10-14,21:00 - 22:00,0.0,129.42,1660.6599999999999,0.0
2024-10-14,22:00 - 23:00,1377.47,22.16,1408.73,0.0
2024-10-14,23:00 - 00:00,1995.9,0.0,1157.22,0.0
2024-10-15,00:00 - 01:00,2178.04,0.0,2071.67,0.0
2024-10-15,01:00 - 02:00,1972.95,0.0,2292.75,0.0
2024-10-15,02:00 - 03:00,1796.2,0.0,2298.08,0.0
2024-10-15,03:00 - 04:00,2099.7,0.0,2302.04,0.0
2024-10-15,04:00 - 05:00,2509.03,0.0,2289.13,0.0
2024-10-15,05:00 - 06:00,2520.14,0.0,2253.55,0.0
2024-10-15,06:00 - 07:00,2051.77,0.0,1837.82,0.0
2024-10-15,07:00 - 08:00,394.44,447.55,1208.2,0.0
2024-10-15,08:00 - 09:00,0.0,1225.6,228.4,240.82999999999998
2024-10-15,09:00 - 10:00,0.0,716.77,157.42000000000002,99.74
2024-10-15,10:00 - 11:00,1169.94,95.74,151.39000000000001,0.0
2024-10-15,11:00 - 12:00,1604.89,0.0,1052.01,0.0
2024-10-15,12:00 - 13:00,2589.82,0.0,1946.91,0.0
2024-10-15,13:00 - 14:00,2654.87,0.0,2143.6400000000003,0.0
2024-10-15,14:00 - 15:00,2935.47,0.0,2323.36,0.0
2024-10-15,15:00 - 16:00,3062.82,0.0,2585.69,0.0
2024-10-15,16:00 - 17:00,2994.12,0.0,2134.49,0.0
2024-10-15,17:00 - 18:00,2918.96,0.0,2150.5699999999997,0.0
2024-10-15,18:00 - 19:00,1197.21,0.0,1541.26,0.0
2024-10-15,19:00 - 20:00,117.87,736.96,216.06,267.07
2024-10-15,20:00 - 21:00,0.0,1037.89,1398.1100000000001,0.0
2024-10-15,21:00 - 22:00,0.0,987.36,2271.45,0.0
2024-10-15,22:00 - 23:00,297.28,214.16,2377.67,0.0
2024-10-15,23:00 - 00:00,1454.33,0.0,2455.77,0.0
2024-10-16,00:00 - 01:00,1134.12,0.0,2461.46,0.0
2024-10-16,01:00 - 02:00,1317.07,0.0,2446.88,0.0
2024-10-16,02:00 - 03:00,1602.6,0.0,2468.25,0.0
2024-10-16,03:00 - 04:00,2004.55,0.0,2374.33,0.0
2024-10-16,04:00 - 05:00,2153.44,0.0,2168.17,0.0
2024-10-16,05:00 - 06:00,1995.93,0.0,2249.0699999999997,0.0
2024-10-16,06:00 - 07:00,1565.0,0.0,2366.58,0.0
2024-10-16,07:00 - 08:00,404.6,0.12,1869.81,0.0
2024-10-16,08:00 - 09:00,54.05,66.73,1262.68,0.0
2024-10-16,09:00 - 10:00,953.74,26.42,1321.53,0.0
2024-10-16,10:00 - 11:00,2164.55,0.0,2055.07,0.0
2024-10-16,11:00 - 12:00,2657.52,0.0,1891.3,0.0
2024-10-16,12:00 - 13:00,2894.65,0.0,2128.83,0.0
2024-10-16,13:00 - 14:00,2675.82,0.0,1541.4,0.0
2024-10-16,14:00 - 15:00,2607.18,0.0,375.28999999999996,54.02
2024-10-16,15:00 - 16:00,2511.12,0.0,0.0,1269.71
2024-10-16,16:00 - 17:00,2424.32,0.0,0.0,1181.81
2024-10-16,17:00 - 18:00,2810.48,0.0,513.89,254.53
2024-10-16,18:00 - 19:00,1548.55,0.0,748.1,0.0
2024-10-16,19:00 - 20:00,207.16,227.63,1359.33,0.0
2024-10-16,20:00 - 21:00,0.0,538.06,2345.48,0.0
2024-10-16,21:00 - 22:00,0.0,216.09,2404.81,0.0
2024-10-16,22:00 - 23:00,279.12,31.51,2322.52,0.0
2024-10-16,23:00 - 00:00,1208.13,0.0,2281.4,0.0
2024-10-17,00:00 - 01:00,1559.36,0.0,2094.7,0.0
2024-10-17,01:00 - 02:00,1636.31,0.0,2051.09,0.0
2024-10-17,02:00 - 03:00,1476.35,0.0,1951.84,0.0
2024-10-17,03:00 - 04:00,1417.12,0.0,1895.23,0.0
2024-10-17,04:00 - 05:00,1488.46,0.0,1766.37,0.0
2024-10-17,05:00 - 06:00,1498.63,0.0,1810.96,0.0
2024-10-17,06:00 - 07:00,585.58,0.0,1553.49,0.0
2024-10-17,07:00 - 08:00,51.16,1237.52,299.27,522.71
2024-10-17,08:00 - 09:00,0.0,1721.13,0.0,1273.44
2024-10-17,09:00 - 10:00,95.41,443.49,0.0,2158.02
2024-10-17,10:00 - 11:00,1331.75,0.0,0.0,2159.67
2024-10-17,11:00 - 12:00,1385.32,0.0,0.0,2124.66
2024-10-17,12:00 - 13:00,1112.53,0.0,0.0,1951.74
2024-10-17,13:00 - 14:00,1132.5,0.0,0.0,1877.33
2024-10-17,14:00 - 15:00,1329.61,0.0,0.0,605.9300000000001
2024-10-17,15:00 - 16:00,1441.13,0.0,0.0,504.12
2024-10-17,16:00 - 17:00,1446.99,0.0,0.0,1795.4
2024-10-17,17:00 - 18:00,1479.5,0.0,0.0,1981.69
2024-10-17,18:00 - 19:00,2258.67,0.0,0.0,1824.44
2024-10-17,19:00 - 20:00,1102.11,0.0,0.0,1957.09
2024-10-17,20:00 - 21:00,149.39,150.21,0.0,1956.59
2024-10-17,21:00 - 22:00,939.23,19.2,267.12,469.92
2024-10-17,22:00 - 23:00,1501.4,0.0,109.47,451.96000000000004
2024-10-17,23:00 - 00:00,1888.6,0.0,0.0,827.89
2024-10-18,00:00 - 01:00,3035.32,0.0,1054.47,216.45
2024-10-18,01:00 - 02:00,3350.65,0.0,1786.8,0.0
2024-10-18,02:00 - 03:00,3391.68,0.0,1845.8400000000001,0.0
2024-10-18,03:00 - 04:00,3305.46,0.0,1502.94,0.0
2024-10-18,04:00 - 05:00,3128.41,0.0,1384.78,0.0
2024-10-18,05:00 - 06:00,3183.13,0.0,1672.33,0.0
2024-10-18,06:00 - 07:00,2298.5,0.0,1126.8,0.0
2024-10-18,07:00 - 08:00,515.92,45.2,146.94,1058.88
2024-10-18,08:00 - 09:00,0.0,501.27,0.0,1639.39
2024-10-18,09:00 - 10:00,1355.43,128.02,0.0,1839.57
2024-10-18,10:00 - 11:00,2884.8,0.0,0.0,1746.7
2024-10-18,11:00 - 12:00,3732.51,0.0,0.0,1998.42
2024-10-18,12:00 - 13:00,3939.02,0.0,0.0,2122.38
2024-10-18,13:00 - 14:00,3817.5,0.0,0.0,2221.2599999999998
2024-10-18,14:00 - 15:00,3793.16,0.0,0.0,1985.52
2024-10-18,15:00 - 16:00,4117.71,0.0,0.0,1818.99
2024-10-18,16:00 - 17:00,3998.67,0.0,0.0,2197.63
2024-10-18,17:00 - 18:00,3465.31,0.0,0.0,1925.96
2024-10-18,18:00 - 19:00,2068.52,0.0,0.0,2277.48
2024-10-18,19:00 - 20:00,378.72,352.14,0.0,2056.08
2024-10-18,20:00 - 21:00,414.67,90.22,396.26,305.97
2024-10-18,21:00 - 22:00,621.82,0.0,925.96,0.0
2024-10-18,22:00 - 23:00,900.52,0.0,1014.7099999999999,0.0
2024-10-18,23:00 - 00:00,1460.3,0.0,847.99,0.0
2024-10-19,00:00 - 01:00,1763.36,0.0,1851.1999999999998,0.0
2024-10-19,01:00 - 02:00,1740.68,0.0,2405.6099999999997,0.0
2024-10-19,02:00 - 03:00,1929.7,0.0,2393.52,0.0
2024-10-19,03:00 - 04:00,2548.81,0.0,2198.2400000000002,0.0
2024-10-19,04:00 - 05:00,2497.85,0.0,2205.59,0.0
2024-10-19,05:00 - 06:00,2480.78,0.0,2257.48,0.0
2024-10-19,06:00 - 07:00,2049.43,0.0,1987.9499999999998,0.0
2024-10-19,07:00 - 08:00,1143.45,0.0,1749.31,0.0
2024-10-19,08:00 - 09:00,457.18,0.0,1805.83,0.0
2024-10-19,09:00 - 10:00,625.33,0.0,2143.2,0.0
2024-10-19,10:00 - 11:00,1715.35,0.0,1093.12,0.0
2024-10-19,11:00 - 12:00,2449.46,0.0,432.21000000000004,37.73
2024-10-19,12:00 - 13:00,2954.04,0.0,163.06,192.6
2024-10-19,13:00 - 14:00,3136.43,0.0,492.08,0.0
2024-10-19,14:00 - 15:00,3042.03,0.0,0.0,136.32
2024-10-19,15:00 - 16:00,3091.69,0.0,0.0,649.71
2024-10-19,16:00 - 17:00,3115.99,0.0,0.0,589.03
2024-10-19,17:00 - 18:00,2747.51,0.0,92.6,126.24000000000001
2024-10-19,18:00 - 19:00,2925.32,0.0,1169.67,0.0
2024-10-19,19:00 - 20:00,1753.92,0.0,410.31,0.0
2024-10-19,20:00 - 21:00,831.84,0.0,679.6,0.0
2024-10-19,21:00 - 22:00,809.16,0.0,1141.22,0.0
2024-10-19,22:00 - 23:00,965.2,0.0,941.5699999999999,0.0
2024-10-19,23:00 - 00:00,1172.44,0.0,550.81,0.0
2024-10-20,00:00 - 01:00,1457.59,0.0,1547.71,0.0
2024-10-20,01:00 - 02:00,1952.67,0.0,1952.3,0.0
2024-10-20,02:00 - 03:00,2173.95,0.0,1836.9,0.0
2024-10-20,03:00 - 04:00,2207.17,0.0,1401.78,0.0
2024-10-20,04:00 - 05:00,2245.21,0.0,1511.8700000000001,0.0
2024-10-20,05:00 - 06:00,2179.47,0.0,1634.6100000000001,0.0
2024-10-20,06:00 - 07:00,2108.71,0.0,1879.42,0.0
2024-10-20,07:00 - 08:00,2125.77,0.0,2148.37,0.0
2024-10-20,08:00 - 09:00,1729.03,0.0,2256.4,0.0
2024-10-20,09:00 - 10:00,2161.88,0.0,2030.15,0.0
2024-10-20,10:00 - 11:00,2370.49,0.0,1364.4,0.0
2024-10-20,11:00 - 12:00,2604.58,0.0,321.53999999999996,46.81
2024-10-20,12:00 - 13:00,3099.96,0.0,1660.1999999999998,0.0
2024-10-20,13:00 - 14:00,3118.34,0.0,1688.4,0.0
2024-10-20,14:00 - 15:00,3100.86,0.0,1555.06,0.0
2024-10-20,15:00 - 16:00,3002.52,0.0,1391.74,0.0
2024-10-20,16:00 - 17:00,3065.37,0.0,566.37,0.0
2024-10-20,17:00 - 18:00,3508.79,0.0,1130.94,0.0
2024-10-20,18:00 - 19:00,2796.75,0.0,1741.38,0.0
2024-10-20,19:00 - 20:00,1547.71,0.0,2298.1,0.0
2024-10-20,20:00 - 21:00,286.88,86.17,2466.91,0.0
2024-10-20,21:00 - 22:00,82.22,47.15,2433.09,0.0
2024-10-20,22:00 - 23:00,560.69,0.0,2363.09,0.0
2024-10-20,23:00 - 00:00,947.19,0.0,2417.9,0.0
2024-10-21,00:00 - 01:00,1761.64,0.0,2381.83,0.0
2024-10-21,01:00 - 02:00,2318.27,0.0,2427.55,0.0
2024-10-21,02:00 - 03:00,2314.95,0.0,2389.44,0.0
2024-10-21,03:00 - 04:00,2279.04,0.0,2449.94,0.0
2024-10-21,04:00 - 05:00,2485.0,0.0,2430.27,0.0
2024-10-21,05:00 - 06:00,2421.57,0.0,2379.89,0.0
2024-10-21,06:00 - 07:00,1810.64,0.0,2243.62,0.0
2024-10-21,07:00 - 08:00,399.19,95.89,1538.7,0.0
2024-10-21,08:00 - 09:00,0.0,154.39,1468.55,0.0
2024-10-21,09:00 - 10:00,668.57,0.0,1356.45,0.0
2024-10-21,10:00 - 11:00,2614.56,0.0,172.61,767.3499999999999
2024-10-21,11:00 - 12:00,3504.41,0.0,0.0,476.83
2024-10-21,12:00 - 13:00,3766.83,0.0,0.0,1158.32
2024-10-21,13:00 - 14:00,3900.23,0.0,0.0,877.23
2024-10-21,14:00 - 15:00,3832.81,0.0,0.0,348.7
2024-10-21,15:00 - 16:00,3545.32,0.0,0.0,188.23000000000002
2024-10-21,16:00 - 17:00,3520.21,0.0,0.0,449.37
2024-10-21,17:00 - 18:00,3546.86,0.0,0.0,376.89
2024-10-21,18:00 - 19:00,2361.16,0.0,462.95,41.22
2024-10-21,19:00 - 20:00,649.2,20.0,1714.6399999999999,0.0
2024-10-21,20:00 - 21:00,0.0,167.33,2270.45,0.0
2024-10-21,21:00 - 22:00,280.24,41.56,2423.66,0.0
2024-10-21,22:00 - 23:00,934.22,0.0,2450.27,0.0
2024-10-21,23:00 - 00:00,1482.05,0.0,2099.83,0.0
2024-10-22,00:00 - 01:00,2101.59,0.0,2087.4,0.0
2024-10-22,01:00 - 02:00,2155.97,0.0,1906.71,0.0
2024-10-22,02:00 - 03:00,2339.35,0.0,1939.43,0.0
2024-10-22,03:00 - 04:00,2453.33,0.0,2369.66,0.0
2024-10-22,04:00 - 05:00,2444.08,0.0,2330.41,0.0
2024-10-22,05:00 - 06:00,1874.62,0.0,1204.75,0.0
2024-10-22,06:00 - 07:00,1359.96,0.0,379.26,0.0
2024-10-22,07:00 - 08:00,287.76,504.72,0.0,715.48
2024-10-22,08:00 - 09:00,0.0,1207.96,0.0,654.12
2024-10-22,09:00 - 10:00,0.0,619.58,0.0,889.64
2024-10-22,10:00 - 11:00,542.04,98.58,0.0,1826.8400000000001
2024-10-22,11:00 - 12:00,2016.8,0.0,0.0,1882.27
2024-10-22,12:00 - 13:00,2743.95,0.0,0.0,1756.7
2024-10-22,13:00 - 14:00,2628.77,0.0,0.0,1586.8600000000001
2024-10-22,14:00 - 15:00,2575.71,0.0,0.0,950.04
2024-10-22,15:00 - 16:00,2748.85,0.0,0.0,853.4200000000001
2024-10-22,16:00 - 17:00,3019.92,0.0,0.0,936.8
2024-10-22,17:00 - 18:00,2830.61,0.0,0.0,1014.67
2024-10-22,18:00 - 19:00,1719.13,0.0,0.0,885.97
2024-10-22,19:00 - 20:00,382.43,0.0,0.0,1201.72
2024-10-22,20:00 - 21:00,607.01,0.0,687.8699999999999,243.42
2024-10-22,21:00 - 22:00,689.7,0.0,1503.59,0.0
2024-10-22,22:00 - 23:00,1126.12,0.0,526.03,0.0
2024-10-22,23:00 - 00:00,1272.64,0.0,0.0,384.75
2024-10-23,00:00 - 01:00,1142.2,0.0,0.0,889.99
2024-10-23,01:00 - 02:00,1194.68,0.0,124.5,328.96999999999997
2024-10-23,02:00 - 03:00,1299.17,0.0,382.72,0.0
2024-10-23,03:00 - 04:00,1612.47,0.0,1323.52,0.0
2024-10-23,04:00 - 05:00,1716.38,0.0,1904.29,0.0
2024-10-23,05:00 - 06:00,1271.73,0.0,1319.63,0.0
2024-10-23,06:00 - 07:00,475.41,0.0,1205.22,0.0
2024-10-23,07:00 - 08:00,35.57,1163.29,291.38,53.849999999999994
2024-10-23,08:00 - 09:00,0.0,1863.34,0.0,894.25
2024-10-23,09:00 - 10:00,0.0,1696.94,0.0,1239.7199999999998
2024-10-23,10:00 - 11:00,773.76,369.04,0.0,1651.59
2024-10-23,11:00 - 12:00,1632.18,0.0,0.0,1741.2
2024-10-23,12:00 - 13:00,2125.02,0.0,0.0,1702.03
2024-10-23,13:00 - 14:00,2685.46,0.0,83.94999999999999,491.56
2024-10-23,14:00 - 15:00,2705.76,0.0,531.21,0.0
2024-10-23,15:00 - 16:00,2785.25,0.0,867.06,0.0
2024-10-23,16:00 - 17:00,2931.16,0.0,217.6,50.45
2024-10-23,17:00 - 18:00,3078.18,0.0,586.0,0.0
2024-10-23,18:00 - 19:00,1586.37,0.0,139.87,292.08
2024-10-23,19:00 - 20:00,261.83,219.31,150.32,85.38
2024-10-23,20:00 - 21:00,13.94,86.59,1909.18,0.0
2024-10-23,21:00 - 22:00,176.11,0.0,2455.9,0.0
2024-10-23,22:00 - 23:00,1019.65,0.0,2419.83,0.0
2024-10-23,23:00 - 00:00,1896.33,0.0,2044.46,0.0
2024-10-24,00:00 - 01:00,2032.77,0.0,2328.79,0.0
2024-10-24,01:00 - 02:00,2346.58,0.0,2376.88,0.0
2024-10-24,02:00 - 03:00,2713.75,0.0,2382.08,0.0
2024-10-24,03:00 - 04:00,2838.71,0.0,2488.13,0.0
2024-10-24,04:00 - 05:00,2761.26,0.0,2478.01,0.0
2024-10-24,05:00 - 06:00,2443.22,0.0,2443.85,0.0
2024-10-24,06:00 - 07:00,1762.37,0.0,2479.69,0.0
2024-10-24,07:00 - 08:00,676.66,0.0,2243.45,0.0
2024-10-24,08:00 - 09:00,37.66,839.8,1602.3600000000001,0.0
2024-10-24,09:00 - 10:00,0.0,591.79,523.63,5.63
2024-10-24,10:00 - 11:00,1278.98,45.72,375.11,31.42
2024-10-24,11:00 - 12:00,2067.1,0.0,119.43,455.45000000000005
2024-10-24,12:00 - 13:00,2698.87,0.0,0.0,394.14
2024-10-24,13:00 - 14:00,2818.86,0.0,0.0,423.14
2024-10-24,14:00 - 15:00,2866.27,0.0,0.0,482.38
2024-10-24,15:00 - 16:00,2921.02,0.0,0.0,759.6
2024-10-24,16:00 - 17:00,3103.8,0.0,0.0,1086.6799999999998
2024-10-24,17:00 - 18:00,2918.22,0.0,0.0,871.87
2024-10-24,18:00 - 19:00,2081.95,0.0,0.0,284.07
2024-10-24,19:00 - 20:00,485.55,177.22,4.45,396.62
2024-10-24,20:00 - 21:00,409.68,20.26,1739.83,60.06
2024-10-24,21:00 - 22:00,969.24,0.0,1962.3200000000002,0.0
2024-10-24,22:00 - 23:00,1931.16,0.0,1884.1100000000001,0.0
2024-10-24,23:00 - 00:00,2278.28,0.0,1431.08,0.0
2024-10-25,00:00 - 01:00,1738.66,0.0,1625.54,0.0
2024-10-25,01:00 - 02:00,1568.41,0.0,1169.48,0.0
2024-10-25,02:00 - 03:00,1927.9,0.0,1033.17,0.0
2024-10-25,03:00 - 04:00,2122.61,0.0,1231.35,0.0
2024-10-25,04:00 - 05:00,1956.03,0.0,1561.95,0.0
2024-10-25,05:00 - 06:00,1458.9,0.0,1432.67,0.0
2024-10-25,06:00 - 07:00,614.37,0.0,1590.6,0.0
2024-10-25,07:00 - 08:00,41.52,610.55,1279.73,0.0
2024-10-25,08:00 - 09:00,0.0,1270.59,1271.48,0.0
2024-10-25,09:00 - 10:00,0.0,828.14,1038.08,0.0
2024-10-25,10:00 - 11:00,0.0,196.46,368.89,0.0
2024-10-25,11:00 - 12:00,592.17,19.73,396.11,0.0
2024-10-25,12:00 - 13:00,176.78,56.92,81.78,196.25
2024-10-25,13:00 - 14:00,288.48,47.6,0.0,605.94
2024-10-25,14:00 - 15:00,822.37,0.0,0.0,713.55
2024-10-25,15:00 - 16:00,1222.97,0.0,0.0,732.99
2024-10-25,16:00 - 17:00,1112.43,0.0,0.0,829.31
2024-10-25,17:00 - 18:00,1063.33,0.0,0.0,991.97
2024-10-25,18:00 - 19:00,208.73,112.49,0.0,1243.07
2024-10-25,19:00 - 20:00,0.0,926.17,0.0,866.0
2024-10-25,20:00 - 21:00,0.0,895.18,574.1700000000001,165.75
2024-10-25,21:00 - 22:00,0.0,562.69,1338.17,0.0
2024-10-25,22:00 - 23:00,0.0,565.87,357.51,362.43999999999994
2024-10-25,23:00 - 00:00,233.78,138.54,0.0,961.46
2024-10-26,00:00 - 01:00,317.31,0.0,160.41,268.83
2024-10-26,01:00 - 02:00,986.06,0.0,1089.88,0.0
2024-10-26,02:00 - 03:00,1685.92,0.0,1603.14,0.0
2024-10-26,03:00 - 04:00,2412.16,0.0,1371.6100000000001,0.0
2024-10-26,04:00 - 05:00,2756.91,0.0,1871.83,0.0
2024-10-26,05:00 - 06:00,2821.12,0.0,1806.41,0.0
2024-10-26,06:00 - 07:00,2691.59,0.0,1723.08,0.0
2024-10-26,07:00 - 08:00,2188.44,0.0,1063.87,0.0
2024-10-26,08:00 - 09:00,1917.79,0.0,1565.19,0.0
2024-10-26,09:00 - 10:00,1465.86,0.0,442.81,209.55
2024-10-26,10:00 - 11:00,2107.31,0.0,0.0,994.36
2024-10-26,11:00 - 12:00,2789.87,0.0,0.0,1135.53
2024-10-26,12:00 - 13:00,2589.39,0.0,0.0,1792.81
2024-10-26,13:00 - 14:00,2508.82,0.0,0.0,1564.75
2024-10-26,14:00 - 15:00,2340.09,0.0,0.0,1054.27
2024-10-26,15:00 - 16:00,2115.73,0.0,0.0,1501.44
2024-10-26,16:00 - 17:00,1940.74,0.0,0.0,1365.92
2024-10-26,17:00 - 18:00,2061.46,0.0,0.0,862.0799999999999
2024-10-26,18:00 - 19:00,1399.13,0.0,0.0,979.44
2024-10-26,19:00 - 20:00,245.13,526.38,0.0,1295.21
2024-10-26,20:00 - 21:00,43.91,139.68,658.45,221.04
2024-10-26,21:00 - 22:00,0.0,186.55,1058.73,0.0
2024-10-26,22:00 - 23:00,0.0,72.65,549.4,0.0
2024-10-26,23:00 - 00:00,0.0,178.33,49.28,189.26999999999998
2024-10-27,00:00 - 01:00,0.0,370.95,461.51,36.69
2024-10-27,01:00 - 02:00,0.0,265.71,619.54,0.0
2024-10-27,02:00 - 03:00,1037.24,0.0,2275.7799999999997,0.0
2024-10-27,03:00 - 04:00,911.19,0.0,2132.34,0.0
2024-10-27,04:00 - 05:00,1017.62,0.0,2324.4700000000003,0.0
2024-10-27,05:00 - 06:00,1066.34,0.0,2332.62,0.0
2024-10-27,06:00 - 07:00,976.57,0.0,2373.96,0.0
2024-10-27,07:00 - 08:00,239.58,88.24,2218.25,0.0
2024-10-27,08:00 - 09:00,859.35,47.06,2205.66,0.0
2024-10-27,09:00 - 10:00,1240.58,0.0,586.45,347.85
2024-10-27,10:00 - 11:00,1635.23,0.0,0.0,641.31
2024-10-27,11:00 - 12:00,2516.18,0.0,0.0,324.01
2024-10-27,12:00 - 13:00,2786.81,0.0,0.0,131.82
2024-10-27,13:00 - 14:00,2637.19,0.0,122.33000000000001,0.0
2024-10-27,14:00 - 15:00,2170.14,0.0,20.01,1019.98
2024-10-27,15:00 - 16:00,1838.38,0.0,0.0,702.74
2024-10-27,16:00 - 17:00,1030.49,0.0,0.0,1323.49
2024-10-27,17:00 - 18:00,470.46,0.0,0.0,1641.73
2024-10-27,18:00 - 19:00,60.94,572.59,0.0,1498.76
2024-10-27,19:00 - 20:00,0.0,1360.74,0.0,1540.31
2024-10-27,20:00 - 21:00,0.0,1428.8,0.0,864.65
2024-10-27,21:00 - 22:00,0.0,1471.91,0.0,540.25
2024-10-27,22:00 - 23:00,0.0,1041.8,0.0,954.06
2024-10-27,23:00 - 00:00,188.8,187.1,0.0,1559.78
2024-10-28,00:00 - 01:00,234.03,0.0,0.0,1558.1100000000001
2024-10-28,01:00 - 02:00,894.83,0.0,0.0,501.15000000000003
2024-10-28,02:00 - 03:00,1413.28,0.0,430.8,40.86
2024-10-28,03:00 - 04:00,1651.71,0.0,1076.35,0.0
2024-10-28,04:00 - 05:00,1502.15,0.0,1117.6,0.0
2024-10-28,05:00 - 06:00,1133.89,0.0,1158.12,0.0
2024-10-28,06:00 - 07:00,208.97,325.32,441.03999999999996,0.0
2024-10-28,07:00 - 08:00,0.0,1662.45,75.98,82.97
2024-10-28,08:00 - 09:00,0.0,2263.88,0.0,1297.98
2024-10-28,09:00 - 10:00,64.4,630.27,0.0,1750.09
2024-10-28,10:00 - 11:00,846.95,0.0,0.0,1382.99
2024-10-28,11:00 - 12:00,1361.49,0.0,0.0,1393.3600000000001
2024-10-28,12:00 - 13:00,1730.01,0.0,0.0,1157.44
2024-10-28,13:00 - 14:00,1767.87,0.0,0.0,1424.95
2024-10-28,14:00 - 15:00,1771.56,0.0,0.0,1471.37
2024-10-28,15:00 - 16:00,1776.83,0.0,0.0,1379.46
2024-10-28,16:00 - 17:00,1165.62,0.0,0.0,1305.38
2024-10-28,17:00 - 18:00,175.65,308.78,0.0,1507.83
2024-10-28,18:00 - 19:00,58.17,119.86,0.0,1566.81
2024-10-28,19:00 - 20:00,8.7,804.83,0.0,1618.31
2024-10-28,20:00 - 21:00,0.0,1119.28,231.63,423.51
2024-10-28,21:00 - 22:00,0.0,925.44,410.31,0.0
2024-10-28,22:00 - 23:00,0.0,784.17,89.14,760.8299999999999
2024-10-28,23:00 - 00:00,0.0,539.34,0.0,1326.88
2024-10-29,00:00 - 01:00,0.86,150.78,0.0,905.16
2024-10-29,01:00 - 02:00,282.51,46.3,0.0,971.98
2024-10-29,02:00 - 03:00,688.93,0.0,0.0,961.02
2024-10-29,03:00 - 04:00,1122.66,0.0,448.46,194.96
2024-10-29,04:00 - 05:00,1089.98,0.0,592.95,0.0
2024-10-29,05:00 - 06:00,648.57,0.0,109.92,427.49
2024-10-29,06:00 - 07:00,102.18,683.75,0.0,1088.76
2024-10-29,07:00 - 08:00,0.0,1985.28,0.0,1253.71
2024-10-29,08:00 - 09:00,0.0,2352.17,0.0,1251.6
2024-10-29,09:00 - 10:00,0.0,687.98,0.0,1049.1399999999999
2024-10-29,10:00 - 11:00,0.0,559.27,0.0,1301.71
2024-10-29,11:00 - 12:00,0.0,268.98,0.0,1292.1599999999999
2024-10-29,12:00 - 13:00,0.0,242.09,0.0,1358.38
2024-10-29,13:00 - 14:00,30.28,53.4,0.0,930.87
2024-10-29,14:00 - 15:00,105.78,0.0,0.0,1316.2
2024-10-29,15:00 - 16:00,263.36,0.0,0.0,1168.53
2024-10-29,16:00 - 17:00,122.51,0.0,0.0,1256.93
2024-10-29,17:00 - 18:00,219.17,0.0,0.0,1202.87
2024-10-29,18:00 - 19:00,21.37,23.87,0.0,1208.55
2024-10-29,19:00 - 20:00,0.0,550.66,0.0,1259.63
2024-10-29,20:00 - 21:00,0.0,1148.49,0.0,1445.37
2024-10-29,21:00 - 22:00,0.0,721.04,0.0,1544.03
2024-10-29,22:00 - 23:00,540.75,147.06,0.0,1547.45
2024-10-29,23:00 - 00:00,1273.08,0.0,0.0,1618.1399999999999
2024-10-30,00:00 - 01:00,1922.74,0.0,0.0,1529.93
2024-10-30,01:00 - 02:00,1871.71,0.0,0.0,1571.68
2024-10-30,02:00 - 03:00,2176.59,0.0,0.0,1529.07
2024-10-30,03:00 - 04:00,2305.38,0.0,0.0,1005.5
2024-10-30,04:00 - 05:00,1910.15,0.0,0.0,629.69
2024-10-30,05:00 - 06:00,1763.15,0.0,13.67,142.23000000000002
2024-10-30,06:00 - 07:00,931.22,0.0,66.14,9.81
2024-10-30,07:00 - 08:00,100.38,423.67,0.0,834.66
2024-10-30,08:00 - 09:00,0.0,940.91,0.0,1414.02
2024-10-30,09:00 - 10:00,200.5,280.08,0.0,2000.8600000000001
2024-10-30,10:00 - 11:00,1742.78,0.0,0.0,1394.88
2024-10-30,11:00 - 12:00,1996.98,0.0,0.0,1046.1100000000001
2024-10-30,12:00 - 13:00,1849.91,0.0,0.0,1275.43
2024-10-30,13:00 - 14:00,2550.66,0.0,0.0,530.09
2024-10-30,14:00 - 15:00,2308.34,0.0,0.0,481.63
2024-10-30,15:00 - 16:00,2252.1,0.0,53.6,174.77
2024-10-30,16:00 - 17:00,1620.29,0.0,277.65,4.82
2024-10-30,17:00 - 18:00,363.71,49.9,529.55,0.0
2024-10-30,18:00 - 19:00,0.0,590.76,111.87,255.82
2024-10-30,19:00 - 20:00,0.0,702.63,243.97,41.43
2024-10-30,20:00 - 21:00,0.0,637.77,1603.8,0.0
2024-10-30,21:00 - 22:00,0.0,560.72,1531.08,0.0
2024-10-30,22:00 - 23:00,0.0,324.11,947.5,0.0
2024-10-30,23:00 - 00:00,549.86,38.65,892.75,0.0
2024-10-31,00:00 - 01:00,545.05,0.0,1252.72,0.0
2024-10-31,01:00 - 02:00,877.26,0.0,1443.47,0.0
2024-10-31,02:00 - 03:00,878.1,0.0,1318.09,0.0
2024-10-31,03:00 - 04:00,907.81,0.0,1555.19,0.0
2024-10-31,04:00 - 05:00,1109.17,0.0,1811.7,0.0
2024-10-31,05:00 - 06:00,935.69,0.0,1809.6100000000001,0.0
2024-10-31,06:00 - 07:00,176.82,862.24,1751.4,0.0
2024-10-31,07:00 - 08:00,0.0,2419.82,1069.69,0.0
2024-10-31,08:00 - 09:00,0.0,2644.37,459.26,0.0
2024-10-31,09:00 - 10:00,0.0,1800.41,73.82,177.55
2024-10-31,10:00 - 11:00,0.0,730.23,0.0,445.9
2024-10-31,11:00 - 12:00,619.95,117.74,0.0,434.0
2024-10-31,12:00 - 13:00,907.4,0.0,0.0,412.38
2024-10-31,13:00 - 14:00,987.57,0.0,26.37,96.1
2024-10-31,14:00 - 15:00,734.56,0.0,62.849999999999994,0.0
2024-10-31,15:00 - 16:00,157.52,91.72,17.59,517.26
2024-10-31,16:00 - 17:00,0.0,406.33,322.08,192.09
2024-10-31,17:00 - 18:00,0.0,1318.2,784.8399999999999,0.0
2024-10-31,18:00 - 19:00,0.0,1565.62,1506.79,0.0
2024-10-31,19:00 - 20:00,0.0,1219.54,2509.35,0.0
2024-10-31,20:00 - 21:00,0.0,1016.22,2772.2200000000003,0.0
2024-10-31,21:00 - 22:00,0.0,588.7,2699.34,0.0
2024-10-31,22:00 - 23:00,0.0,567.72,1903.88,0.0
2024-10-31,23:00 - 00:00,255.8,141.1,2006.5600000000002,0.0
2024-11-01,00:00 - 01:00,82.77,125.56,1871.25,0.0
2024-11-01,01:00 - 02:00,0.0,75.04,1502.46,0.0
2024-11-01,02:00 - 03:00,442.01,0.0,1359.48,0.0
2024-11-01,03:00 - 04:00,1628.21,0.0,2148.22,0.0
2024-11-01,04:00 - 05:00,2161.62,0.0,2927.27,0.0
2024-11-01,05:00 - 06:00,1605.41,0.0,2186.88,0.0
2024-11-01,06:00 - 07:00,412.64,0.0,1221.83,0.0
2024-11-01,07:00 - 08:00,23.7,590.44,920.6800000000001,0.0
2024-11-01,08:00 - 09:00,0.0,254.89,973.43,0.0
2024-11-01,09:00 - 10:00,975.79,19.63,480.97,0.0
2024-11-01,10:00 - 11:00,2129.62,0.0,780.02,0.0
2024-11-01,11:00 - 12:00,2848.37,0.0,1811.8799999999999,0.0
2024-11-01,12:00 - 13:00,3053.83,0.0,1673.53,0.0
2024-11-01,13:00 - 14:00,3267.24,0.0,1964.67,0.0
2024-11-01,14:00 - 15:00,2885.9,0.0,1897.8400000000001,0.0
2024-11-01,15:00 - 16:00,2908.4,0.0,697.01,0.0
2024-11-01,16:00 - 17:00,1618.51,0.0,138.32,11.49
2024-11-01,17:00 - 18:00,306.04,456.39,286.27,0.0
2024-11-01,18:00 - 19:00,0.0,1548.86,12.7,506.77
2024-11-01,19:00 - 20:00,0.0,1805.66,119.94999999999999,194.78
2024-11-01,20:00 - 21:00,0.0,1163.14,1914.04,0.0
2024-11-01,21:00 - 22:00,0.0,1206.78,2403.7,0.0
2024-11-01,22:00 - 23:00,0.0,1058.51,2278.37,0.0
2024-11-01,23:00 - 00:00,0.0,785.07,1651.23,0.0
2024-11-02,00:00 - 01:00,425.36,165.66,1930.3000000000002,0.0
2024-11-02,01:00 - 02:00,441.88,0.0,2050.87,0.0
2024-11-02,02:00 - 03:00,395.62,0.0,2083.81,0.0
2024-11-02,03:00 - 04:00,687.98,0.0,2645.08,0.0
2024-11-02,04:00 - 05:00,728.28,0.0,2605.6800000000003,0.0
2024-11-02,05:00 - 06:00,1235.1,0.0,2734.04,0.0
2024-11-02,06:00 - 07:00,368.43,59.89,2260.04,0.0
2024-11-02,07:00 - 08:00,0.0,481.75,1778.48,0.0
2024-11-02,08:00 - 09:00,0.0,803.15,910.57,0.0
2024-11-02,09:00 - 10:00,42.66,236.72,209.76000000000002,30.72
2024-11-02,10:00 - 11:00,1147.16,0.0,0.0,706.3199999999999
2024-11-02,11:00 - 12:00,1853.7,0.0,0.0,1518.42
2024-11-02,12:00 - 13:00,1872.76,0.0,0.0,1696.65
2024-11-02,13:00 - 14:00,2163.76,0.0,0.0,1495.96
2024-11-02,14:00 - 15:00,2492.98,0.0,0.0,1642.08
2024-11-02,15:00 - 16:00,2676.09,0.0,0.0,862.02
2024-11-02,16:00 - 17:00,2389.35,0.0,0.0,353.79
2024-11-02,17:00 - 18:00,1278.23,0.0,723.26,53.64
2024-11-02,18:00 - 19:00,227.76,573.67,320.64,92.71000000000001
2024-11-02,19:00 - 20:00,0.0,1083.63,265.21000000000004,51.3
2024-11-02,20:00 - 21:00,0.0,969.39,1489.46,0.0
2024-11-02,21:00 - 22:00,0.0,672.12,2507.02,0.0
2024-11-02,22:00 - 23:00,0.0,332.8,1793.1799999999998,0.0
2024-11-02,23:00 - 00:00,4.79,75.07,1071.46,0.0
2024-11-03,00:00 - 01:00,370.78,0.0,766.3199999999999,0.0
2024-11-03,01:00 - 02:00,666.88,0.0,568.21,0.0
2024-11-03,02:00 - 03:00,1711.56,0.0,995.98,0.0
2024-11-03,03:00 - 04:00,2145.81,0.0,1289.18,0.0
2024-11-03,04:00 - 05:00,2174.06,0.0,1291.75,0.0
2024-11-03,05:00 - 06:00,1985.59,0.0,1101.66,0.0
2024-11-03,06:00 - 07:00,1989.93,0.0,953.9,0.0
2024-11-03,07:00 - 08:00,1335.84,0.0,364.45,0.0
2024-11-03,08:00 - 09:00,1264.56,0.0,0.0,550.62
2024-11-03,09:00 - 10:00,1582.02,0.0,0.0,1211.69
2024-11-03,10:00 - 11:00,1812.87,0.0,0.0,1266.82
2024-11-03,11:00 - 12:00,2082.03,0.0,0.0,830.9
2024-11-03,12:00 - 13:00,2332.28,0.0,0.0,515.53
2024-11-03,13:00 - 14:00,2652.89,0.0,0.0,435.51
2024-11-03,14:00 - 15:00,2815.51,0.0,0.0,452.34
2024-11-03,15:00 - 16:00,3022.04,0.0,0.0,985.93
2024-11-03,16:00 - 17:00,2295.79,0.0,0.0,1031.3400000000001
2024-11-03,17:00 - 18:00,468.37,495.81,0.0,896.0899999999999
2024-11-03,18:00 - 19:00,0.0,1693.84,0.0,1169.44
2024-11-03,19:00 - 20:00,0.0,2442.91,0.0,2007.88
2024-11-03,20:00 - 21:00,0.0,2109.9,404.26,570.05
2024-11-03,21:00 - 22:00,0.0,1851.39,1264.12,0.0
2024-11-03,22:00 - 23:00,0.0,1697.22,462.61,58.71
2024-11-03,23:00 - 00:00,0.0,956.23,172.97,39.47
2024-11-04,00:00 - 01:00,605.19,148.24,135.32999999999998,63.03
2024-11-04,01:00 - 02:00,1007.17,0.0,6.81,269.11
2024-11-04,02:00 - 03:00,1519.92,0.0,0.0,306.64
2024-11-04,03:00 - 04:00,2421.1,0.0,916.15,33.93
2024-11-04,04:00 - 05:00,2476.16,0.0,1646.18,0.0
2024-11-04,05:00 - 06:00,1970.81,0.0,1702.75,0.0
2024-11-04,06:00 - 07:00,413.86,460.8,808.75,0.0
2024-11-04,07:00 - 08:00,0.0,1933.96,247.4,0.0
2024-11-04,08:00 - 09:00,0.0,2532.91,13.52,1050.19
2024-11-04,09:00 - 10:00,0.0,2125.34,0.0,1694.15
2024-11-04,10:00 - 11:00,334.48,444.41,0.0,1104.85
2024-11-04,11:00 - 12:00,870.89,0.0,0.0,983.29
2024-11-04,12:00 - 13:00,1567.43,0.0,0.0,657.6
2024-11-04,13:00 - 14:00,1821.31,0.0,0.0,673.14
2024-11-04,14:00 - 15:00,2376.24,0.0,70.07000000000001,185.49
2024-11-04,15:00 - 16:00,1670.45,0.0,0.0,981.46
2024-11-04,16:00 - 17:00,1215.92,0.0,0.0,1003.87
2024-11-04,17:00 - 18:00,236.39,742.14,0.0,1136.91
2024-11-04,18:00 - 19:00,0.0,1629.77,0.0,1443.5
2024-11-04,19:00 - 20:00,0.0,1715.42,0.0,678.11
2024-11-04,20:00 - 21:00,0.0,1252.55,1984.62,0.0
2024-11-04,21:00 - 22:00,0.0,888.0,3171.85,0.0
2024-11-04,22:00 - 23:00,0.0,238.63,2963.1,0.0
2024-11-04,23:00 - 00:00,505.41,12.2,2850.19,0.0
2024-11-05,00:00 - 01:00,942.25,0.0,2257.4700000000003,0.0
2024-11-05,01:00 - 02:00,1258.54,0.0,2011.97,0.0
2024-11-05,02:00 - 03:00,1390.07,0.0,2031.96,0.0
2024-11-05,03:00 - 04:00,1293.73,0.0,1998.45,0.0
2024-11-05,04:00 - 05:00,1325.97,0.0,3109.48,0.0
2024-11-05,05:00 - 06:00,1160.88,0.0,3278.07,0.0
2024-11-05,06:00 - 07:00,273.56,353.25,3317.2799999999997,0.0
2024-11-05,07:00 - 08:00,0.0,1998.09,1748.75,0.0
2024-11-05,08:00 - 09:00,0.0,2465.36,802.82,0.0
2024-11-05,09:00 - 10:00,0.0,823.27,970.49,0.0
2024-11-05,10:00 - 11:00,1004.18,59.2,920.9200000000001,0.0
2024-11-05,11:00 - 12:00,2227.13,0.0,1100.6,0.0
2024-11-05,12:00 - 13:00,2953.47,0.0,1386.92,0.0
2024-11-05,13:00 - 14:00,2599.71,0.0,744.0799999999999,0.0
2024-11-05,14:00 - 15:00,2000.78,0.0,138.07,355.01
2024-11-05,15:00 - 16:00,2093.15,0.0,0.0,715.24
2024-11-05,16:00 - 17:00,1585.8,0.0,0.0,1025.6
2024-11-05,17:00 - 18:00,310.39,284.73,0.0,1048.09
2024-11-05,18:00 - 19:00,0.0,847.41,0.0,911.22
2024-11-05,19:00 - 20:00,0.0,658.3,156.27,248.92000000000002
2024-11-05,20:00 - 21:00,0.0,171.56,2433.46,0.0
2024-11-05,21:00 - 22:00,455.05,26.71,3215.23,0.0
2024-11-05,22:00 - 23:00,908.33,0.0,3242.59,0.0
2024-11-05,23:00 - 00:00,1529.2,0.0,2733.27,0.0
2024-11-06,00:00 - 01:00,433.88,3.34,2944.77,0.0
2024-11-06,01:00 - 02:00,492.44,0.0,3202.76,0.0
2024-11-06,02:00 - 03:00,566.63,0.0,3159.23,0.0
2024-11-06,03:00 - 04:00,830.77,0.0,3073.25,0.0
2024-11-06,04:00 - 05:00,1227.05,0.0,3156.61,0.0
2024-11-06,05:00 - 06:00,971.35,0.0,2970.25,0.0
2024-11-06,06:00 - 07:00,218.83,32.57,3076.0,0.0
2024-11-06,07:00 - 08:00,0.0,1047.72,2790.36,0.0
2024-11-06,08:00 - 09:00,0.0,1691.86,774.07,243.85000000000002
2024-11-06,09:00 - 10:00,326.69,336.49,0.0,1323.49
2024-11-06,10:00 - 11:00,1526.37,0.0,0.0,1499.1399999999999
2024-11-06,11:00 - 12:00,2996.09,0.0,0.0,559.78
2024-11-06,12:00 - 13:00,3460.98,0.0,0.0,143.23000000000002
2024-11-06,13:00 - 14:00,3490.34,0.0,0.0,164.32
2024-11-06,14:00 - 15:00,3531.21,0.0,0.0,130.46
2024-11-06,15:00 - 16:00,3489.77,0.0,0.0,253.18
2024-11-06,16:00 - 17:00,3297.33,0.0,0.26,90.8
2024-11-06,17:00 - 18:00,829.86,10.36,0.0,443.11
2024-11-06,18:00 - 19:00,0.0,967.83,0.0,560.28
2024-11-06,19:00 - 20:00,0.0,1268.98,406.96000000000004,98.44
2024-11-06,20:00 - 21:00,0.0,873.82,1546.76,0.0
2024-11-06,21:00 - 22:00,0.0,739.31,2689.84,0.0
2024-11-06,22:00 - 23:00,50.96,156.57,2627.06,0.0
2024-11-06,23:00 - 00:00,31.52,213.83,2884.74,0.0
2024-11-07,00:00 - 01:00,738.8,54.42,3175.39,0.0
2024-11-07,01:00 - 02:00,1513.16,0.0,3185.65,0.0
2024-11-07,02:00 - 03:00,1943.12,0.0,3116.31,0.0
2024-11-07,03:00 - 04:00,1729.71,0.0,3205.9700000000003,0.0
2024-11-07,04:00 - 05:00,1555.16,0.0,2923.45,0.0
2024-11-07,05:00 - 06:00,1483.68,0.0,2851.58,0.0
2024-11-07,06:00 - 07:00,644.37,0.0,3082.44,0.0
2024-11-07,07:00 - 08:00,52.8,1170.19,2343.51,0.0
2024-11-07,08:00 - 09:00,0.0,1105.18,1393.1399999999999,0.0
2024-11-07,09:00 - 10:00,1125.27,177.01,257.27,347.73
2024-11-07,10:00 - 11:00,1765.03,0.0,0.0,737.22
2024-11-07,11:00 - 12:00,2534.54,0.0,0.0,421.34
2024-11-07,12:00 - 13:00,2490.82,0.0,0.0,263.43
2024-11-07,13:00 - 14:00,2490.29,0.0,0.0,345.09000000000003
2024-11-07,14:00 - 15:00,2977.34,0.0,0.0,278.53
2024-11-07,15:00 - 16:00,3274.74,0.0,0.0,454.05
2024-11-07,16:00 - 17:00,2125.89,0.0,0.0,275.85
2024-11-07,17:00 - 18:00,439.27,154.98,39.58,75.42
2024-11-07,18:00 - 19:00,0.0,859.54,508.83,4.66
2024-11-07,19:00 - 20:00,0.0,1171.38,1613.99,0.0
2024-11-07,20:00 - 21:00,0.0,810.52,3069.42,0.0
2024-11-07,21:00 - 22:00,0.0,864.56,3245.92,0.0
2024-11-07,22:00 - 23:00,522.51,182.9,2217.95,0.0
2024-11-07,23:00 - 00:00,401.12,0.0,1217.4,0.0
2024-11-08,00:00 - 01:00,395.46,0.0,1377.38,0.0
2024-11-08,01:00 - 02:00,613.8,0.0,1539.26,0.0
2024-11-08,02:00 - 03:00,1200.65,0.0,2864.02,0.0
2024-11-08,03:00 - 04:00,1561.62,0.0,2988.39,0.0
2024-11-08,04:00 - 05:00,1691.66,0.0,2964.68,0.0
2024-11-08,05:00 - 06:00,1703.93,0.0,2884.7200000000003,0.0
2024-11-08,06:00 - 07:00,1435.17,0.0,2678.84,0.0
2024-11-08,07:00 - 08:00,288.74,550.58,1828.76,0.0
2024-11-08,08:00 - 09:00,0.0,967.0,847.5799999999999,0.0
2024-11-08,09:00 - 10:00,676.38,210.34,827.39,0.0
2024-11-08,10:00 - 11:00,1857.25,0.0,1328.02,0.0
2024-11-08,11:00 - 12:00,2603.36,0.0,1530.63,0.0
2024-11-08,12:00 - 13:00,2903.17,0.0,2231.8199999999997,0.0
2024-11-08,13:00 - 14:00,2905.4,0.0,3333.5,0.0
2024-11-08,14:00 - 15:00,2295.42,0.0,2071.27,0.0
2024-11-08,15:00 - 16:00,2141.26,0.0,1523.47,0.0
2024-11-08,16:00 - 17:00,1315.92,0.0,1139.67,0.0
2024-11-08,17:00 - 18:00,670.48,0.0,683.98,0.0
2024-11-08,18:00 - 19:00,924.91,0.0,2508.41,0.0
2024-11-08,19:00 - 20:00,1331.07,0.0,3143.14,0.0
2024-11-08,20:00 - 21:00,1916.24,0.0,3458.13,0.0
2024-11-08,21:00 - 22:00,2329.54,0.0,3492.08,0.0
2024-11-08,22:00 - 23:00,2790.87,0.0,3259.4700000000003,0.0
2024-11-08,23:00 - 00:00,2655.19,0.0,2778.4700000000003,0.0
2024-11-09,00:00 - 01:00,2466.15,0.0,2887.51,0.0
2024-11-09,01:00 - 02:00,2553.64,0.0,2995.83,0.0
2024-11-09,02:00 - 03:00,2799.14,0.0,2984.48,0.0
2024-11-09,03:00 - 04:00,3149.98,0.0,2846.74,0.0
2024-11-09,04:00 - 05:00,2928.74,0.0,2706.33,0.0
2024-11-09,05:00 - 06:00,2702.61,0.0,2265.41,0.0
2024-11-09,06:00 - 07:00,2433.46,0.0,1511.87,0.0
2024-11-09,07:00 - 08:00,2011.5,0.0,2110.72,0.0
2024-11-09,08:00 - 09:00,1666.49,0.0,2045.06,0.0
2024-11-09,09:00 - 10:00,1672.1,0.0,1112.66,0.0
2024-11-09,10:00 - 11:00,1923.26,0.0,187.58,441.74
2024-11-09,11:00 - 12:00,2038.45,0.0,0.0,2207.27
2024-11-09,12:00 - 13:00,2411.43,0.0,0.0,2916.46
2024-11-09,13:00 - 14:00,2733.42,0.0,0.0,2859.44
2024-11-09,14:00 - 15:00,3066.41,0.0,0.0,2859.86
2024-11-09,15:00 - 16:00,3556.4,0.0,0.0,2847.48
2024-11-09,16:00 - 17:00,2904.38,0.0,0.0,2862.14
2024-11-09,17:00 - 18:00,1207.45,0.0,0.0,2736.8
2024-11-09,18:00 - 19:00,268.64,0.0,0.0,2461.24
2024-11-09,19:00 - 20:00,240.06,0.0,0.0,2365.26
2024-11-09,20:00 - 21:00,326.55,0.0,103.14,592.7900000000001
2024-11-09,21:00 - 22:00,1074.27,0.0,1068.65,0.0
2024-11-09,22:00 - 23:00,1902.71,0.0,411.39,56.23
2024-11-09,23:00 - 00:00,2297.89,0.0,40.43,458.62
2024-11-10,00:00 - 01:00,2840.73,0.0,0.0,1291.02
2024-11-10,01:00 - 02:00,2304.8,0.0,0.0,2408.94
2024-11-10,02:00 - 03:00,1815.32,0.0,0.0,2769.98
2024-11-10,03:00 - 04:00,1645.65,0.0,0.0,2393.52
2024-11-10,04:00 - 05:00,1712.91,0.0,0.0,2230.04
2024-11-10,05:00 - 06:00,1694.6,0.0,0.0,2112.87
2024-11-10,06:00 - 07:00,1640.13,0.0,0.0,1990.67
2024-11-10,07:00 - 08:00,954.83,0.0,0.0,2656.61
2024-11-10,08:00 - 09:00,1477.73,0.0,0.0,2929.16
2024-11-10,09:00 - 10:00,2133.9,0.0,0.0,3286.3
2024-11-10,10:00 - 11:00,2395.79,0.0,0.0,3077.74
2024-11-10,11:00 - 12:00,2911.46,0.0,0.0,2392.23
2024-11-10,12:00 - 13:00,3015.84,0.0,0.0,2129.25
2024-11-10,13:00 - 14:00,2988.03,0.0,0.0,1957.05
2024-11-10,14:00 - 15:00,2901.95,0.0,0.0,1968.24
2024-11-10,15:00 - 16:00,2754.49,0.0,0.0,2397.63
2024-11-10,16:00 - 17:00,2322.21,0.0,0.0,2323.12
2024-11-10,17:00 - 18:00,1501.61,0.0,0.0,2010.57
2024-11-10,18:00 - 19:00,270.83,752.08,0.0,2412.06
2024-11-10,19:00 - 20:00,0.0,733.26,0.0,2785.19
2024-11-10,20:00 - 21:00,29.42,142.7,0.0,1463.91
2024-11-10,21:00 - 22:00,816.54,0.0,259.93,85.9
2024-11-10,22:00 - 23:00,1465.11,0.0,73.94,252.25
2024-11-10,23:00 - 00:00,1810.25,0.0,0.0,1276.06
2024-11-11,00:00 - 01:00,1547.0,0.0,0.0,2547.17
2024-11-11,01:00 - 02:00,1631.1,0.0,0.0,2841.95
2024-11-11,02:00 - 03:00,1757.77,0.0,0.0,2984.59
2024-11-11,03:00 - 04:00,1748.79,0.0,0.0,2679.62
2024-11-11,04:00 - 05:00,2015.89,0.0,0.0,1745.63
2024-11-11,05:00 - 06:00,2015.86,0.0,0.0,948.68
2024-11-11,06:00 - 07:00,1232.55,0.0,0.0,506.46000000000004
2024-11-11,07:00 - 08:00,222.55,71.32,188.17000000000002,28.5
2024-11-11,08:00 - 09:00,0.0,276.59,14.48,498.58000000000004
2024-11-11,09:00 - 10:00,1073.33,17.84,0.0,2188.91
2024-11-11,10:00 - 11:00,2442.47,0.0,0.0,1143.88
2024-11-11,11:00 - 12:00,2750.94,0.0,0.0,831.34
2024-11-11,12:00 - 13:00,2501.78,0.0,0.0,460.41999999999996
2024-11-11,13:00 - 14:00,2410.46,0.0,0.0,123.15
2024-11-11,14:00 - 15:00,2557.73,0.0,0.0,230.49
2024-11-11,15:00 - 16:00,2798.86,0.0,0.0,238.39
2024-11-11,16:00 - 17:00,3008.94,0.0,0.0,266.09000000000003
2024-11-11,17:00 - 18:00,2752.08,0.0,202.72,164.44
2024-11-11,18:00 - 19:00,1283.11,0.0,40.41,104.5
2024-11-11,19:00 - 20:00,354.95,0.0,11.21,283.86
2024-11-11,20:00 - 21:00,356.93,0.0,0.0,219.49
2024-11-11,21:00 - 22:00,1056.21,0.0,696.28,0.0
2024-11-11,22:00 - 23:00,1243.27,0.0,180.31,160.19
2024-11-11,23:00 - 00:00,1268.75,0.0,0.0,334.84000000000003
2024-11-12,00:00 - 01:00,1702.67,0.0,0.0,742.48
2024-11-12,01:00 - 02:00,1721.36,0.0,0.0,1000.36
2024-11-12,02:00 - 03:00,1427.54,0.0,0.0,748.6899999999999
2024-11-12,03:00 - 04:00,1271.75,0.0,0.0,924.1
2024-11-12,04:00 - 05:00,1228.98,0.0,0.0,247.2
2024-11-12,05:00 - 06:00,935.98,0.0,0.0,657.54
2024-11-12,06:00 - 07:00,994.42,0.0,0.0,987.8199999999999
2024-11-12,07:00 - 08:00,439.02,0.0,0.0,948.47
2024-11-12,08:00 - 09:00,452.69,8.26,0.0,795.6
2024-11-12,09:00 - 10:00,1887.54,0.0,0.0,1129.76
2024-11-12,10:00 - 11:00,2414.5,0.0,0.0,1161.8200000000002
2024-11-12,11:00 - 12:00,2400.83,0.0,0.0,1256.7
2024-11-12,12:00 - 13:00,2310.09,0.0,0.0,1249.63
2024-11-12,13:00 - 14:00,2119.52,0.0,0.0,1298.08
2024-11-12,14:00 - 15:00,2209.85,0.0,0.0,1250.1399999999999
2024-11-12,15:00 - 16:00,2561.71,0.0,0.0,692.5899999999999
2024-11-12,16:00 - 17:00,2582.27,0.0,0.0,431.96000000000004
2024-11-12,17:00 - 18:00,2451.44,0.0,0.0,460.19000000000005
2024-11-12,18:00 - 19:00,1296.58,0.0,0.0,722.06
2024-11-12,19:00 - 20:00,641.21,0.0,0.0,865.8799999999999
2024-11-12,20:00 - 21:00,116.49,101.33,0.0,265.31
2024-11-12,21:00 - 22:00,206.4,39.72,0.0,43.86
2024-11-12,22:00 - 23:00,346.21,0.0,9.01,289.97
2024-11-12,23:00 - 00:00,90.44,0.0,0.0,721.25
2024-11-13,00:00 - 01:00,24.71,34.15,0.0,368.67
2024-11-13,01:00 - 02:00,27.78,21.84,0.0,142.83
2024-11-13,02:00 - 03:00,35.86,0.0,39.28,32.66
2024-11-13,03:00 - 04:00,270.33,0.0,291.09000000000003,0.0
2024-11-13,04:00 - 05:00,496.3,0.0,303.04,0.0
2024-11-13,05:00 - 06:00,297.91,0.0,22.5,91.49
2024-11-13,06:00 - 07:00,40.36,40.91,0.0,272.43
2024-11-13,07:00 - 08:00,0.0,1312.66,130.75,129.28
2024-11-13,08:00 - 09:00,0.0,1751.45,12.72,108.93
2024-11-13,09:00 - 10:00,0.0,1391.62,0.0,229.46
2024-11-13,10:00 - 11:00,0.0,970.51,0.0,283.13
2024-11-13,11:00 - 12:00,198.25,178.16,0.0,416.86
2024-11-13,12:00 - 13:00,71.26,26.62,0.0,397.42
2024-11-13,13:00 - 14:00,20.88,178.86,0.0,522.12
2024-11-13,14:00 - 15:00,0.0,127.96,0.0,511.6
2024-11-13,15:00 - 16:00,0.0,815.34,0.0,557.34
2024-11-13,16:00 - 17:00,0.0,505.2,0.0,476.19000000000005
2024-11-13,17:00 - 18:00,0.0,264.31,0.0,520.46
2024-11-13,18:00 - 19:00,0.0,744.39,0.0,371.25
2024-11-13,19:00 - 20:00,0.0,1370.77,0.0,335.88
2024-11-13,20:00 - 21:00,0.0,1440.61,0.0,162.57999999999998
2024-11-13,21:00 - 22:00,0.0,1105.97,637.44,20.45
2024-11-13,22:00 - 23:00,0.0,1025.79,201.71,75.93
2024-11-13,23:00 - 00:00,0.0,353.71,0.0,343.39
2024-11-14,00:00 - 01:00,407.16,0.6,0.0,490.87
2024-11-14,01:00 - 02:00,494.38,0.0,0.0,562.06
2024-11-14,02:00 - 03:00,664.91,0.0,0.0,158.57999999999998
2024-11-14,03:00 - 04:00,374.74,0.0,336.8,0.0
2024-11-14,04:00 - 05:00,122.56,0.0,595.97,0.0
2024-11-14,05:00 - 06:00,0.0,382.71,78.18,452.55
2024-11-14,06:00 - 07:00,0.0,563.33,24.95,317.87
2024-11-14,07:00 - 08:00,0.0,1814.19,0.0,223.67000000000002
2024-11-14,08:00 - 09:00,0.0,2437.66,120.34,206.72
2024-11-14,09:00 - 10:00,0.0,1514.18,0.0,455.98
2024-11-14,10:00 - 11:00,8.42,309.51,0.0,482.37
2024-11-14,11:00 - 12:00,31.55,27.76,0.0,314.23
2024-11-14,12:00 - 13:00,339.71,0.0,43.07,190.95999999999998
2024-11-14,13:00 - 14:00,98.8,9.45,78.16,215.85
2024-11-14,14:00 - 15:00,86.87,0.0,0.0,302.03
2024-11-14,15:00 - 16:00,11.28,294.14,0.0,807.8100000000001
2024-11-14,16:00 - 17:00,0.0,965.73,0.0,1257.35
2024-11-14,17:00 - 18:00,0.0,1704.21,0.0,936.88
2024-11-14,18:00 - 19:00,0.0,2224.38,0.0,884.55
2024-11-14,19:00 - 20:00,0.0,2345.65,0.0,799.45
2024-11-14,20:00 - 21:00,0.0,1791.05,1168.7,91.73
2024-11-14,21:00 - 22:00,0.0,1100.96,3026.42,0.0
2024-11-14,22:00 - 23:00,0.0,491.91,2811.92,0.0
2024-11-14,23:00 - 00:00,206.27,100.15,1696.92,0.0
2024-11-15,00:00 - 01:00,920.77,0.0,2087.3900000000003,0.0
2024-11-15,01:00 - 02:00,1010.6,0.0,1927.55,0.0
2024-11-15,02:00 - 03:00,968.16,0.0,1257.21,0.0
2024-11-15,03:00 - 04:00,1271.1,0.0,1567.5900000000001,0.0
2024-11-15,04:00 - 05:00,1352.45,0.0,1986.1,0.0
2024-11-15,05:00 - 06:00,1238.83,0.0,2075.0,0.0
2024-11-15,06:00 - 07:00,243.79,282.28,968.22,0.0
2024-11-15,07:00 - 08:00,0.0,2156.32,22.94,162.53
2024-11-15,08:00 - 09:00,0.0,2462.44,0.0,330.32
2024-11-15,09:00 - 10:00,0.0,1235.04,0.0,278.72
2024-11-15,10:00 - 11:00,368.82,195.39,0.0,193.54
2024-11-15,11:00 - 12:00,1052.85,0.0,0.0,231.57999999999998
2024-11-15,12:00 - 13:00,1577.73,0.0,0.0,306.43
2024-11-15,13:00 - 14:00,1553.78,0.0,0.0,442.59
2024-11-15,14:00 - 15:00,1040.07,0.0,0.0,311.84000000000003
2024-11-15,15:00 - 16:00,807.3,0.0,12.82,179.51
2024-11-15,16:00 - 17:00,749.41,0.0,279.96,48.66
2024-11-15,17:00 - 18:00,176.08,777.75,104.49,50.55
2024-11-15,18:00 - 19:00,0.0,1406.48,810.07,0.0
2024-11-15,19:00 - 20:00,0.0,1503.32,2399.36,0.0
2024-11-15,20:00 - 21:00,0.0,1196.51,3446.38,0.0
2024-11-15,21:00 - 22:00,0.0,734.56,3491.55,0.0
2024-11-15,22:00 - 23:00,392.96,92.58,3124.85,0.0
2024-11-15,23:00 - 00:00,845.52,0.0,2914.59,0.0
2024-11-16,00:00 - 01:00,936.58,0.0,1923.79,0.0
2024-11-16,01:00 - 02:00,926.08,0.0,1405.8400000000001,0.0
2024-11-16,02:00 - 03:00,991.2,0.0,1266.11,0.0
2024-11-16,03:00 - 04:00,922.64,0.0,1800.98,0.0
2024-11-16,04:00 - 05:00,878.28,0.0,1989.16,0.0
2024-11-16,05:00 - 06:00,957.36,0.0,2464.9700000000003,0.0
2024-11-16,06:00 - 07:00,525.83,0.0,2042.42,0.0
2024-11-16,07:00 - 08:00,385.32,0.0,1957.9099999999999,0.0
2024-11-16,08:00 - 09:00,77.98,444.98,1655.94,0.0
2024-11-16,09:00 - 10:00,0.0,501.41,696.01,0.0
2024-11-16,10:00 - 11:00,0.0,503.38,48.84,726.85
2024-11-16,11:00 - 12:00,44.16,138.78,0.0,604.84
2024-11-16,12:00 - 13:00,80.39,41.09,0.0,395.45
2024-11-16,13:00 - 14:00,173.45,11.78,5.35,76.86999999999999
2024-11-16,14:00 - 15:00,346.36,0.0,183.85,0.0
2024-11-16,15:00 - 16:00,564.03,0.0,182.12,0.0
2024-11-16,16:00 - 17:00,164.64,7.45,1080.3200000000002,0.0
2024-11-16,17:00 - 18:00,0.0,778.58,1816.15,0.0
2024-11-16,18:00 - 19:00,0.0,1284.95,2070.54,0.0
2024-11-16,19:00 - 20:00,0.0,2284.57,2491.66,0.0
2024-11-16,20:00 - 21:00,0.0,2403.54,3155.26,0.0
2024-11-16,21:00 - 22:00,0.0,2324.51,3193.34,0.0
2024-11-16,22:00 - 23:00,0.0,1579.14,2901.77,0.0
2024-11-16,23:00 - 00:00,0.0,1252.08,2652.24,0.0
2024-11-17,00:00 - 01:00,0.0,377.17,3073.67,0.0
2024-11-17,01:00 - 02:00,4.66,44.37,2973.6499999999996,0.0
2024-11-17,02:00 - 03:00,316.97,0.0,3173.21,0.0
2024-11-17,03:00 - 04:00,612.68,0.0,3239.42,0.0
2024-11-17,04:00 - 05:00,584.97,0.0,3016.42,0.0
2024-11-17,05:00 - 06:00,559.2,0.0,3000.45,0.0
2024-11-17,06:00 - 07:00,419.83,0.0,3079.92,0.0
2024-11-17,07:00 - 08:00,472.69,0.0,3007.83,0.0
2024-11-17,08:00 - 09:00,673.04,0.0,3105.79,0.0
2024-11-17,09:00 - 10:00,1097.97,0.0,2835.84,0.0
2024-11-17,10:00 - 11:00,1719.94,0.0,2744.78,0.0
2024-11-17,11:00 - 12:00,2327.29,0.0,2118.97,0.0
2024-11-17,12:00 - 13:00,2645.11,0.0,1857.29,0.0
2024-11-17,13:00 - 14:00,3382.73,0.0,2822.71,0.0
2024-11-17,14:00 - 15:00,3134.52,0.0,3014.7200000000003,0.0
2024-11-17,15:00 - 16:00,3028.17,0.0,2983.99,0.0
2024-11-17,16:00 - 17:00,2359.25,0.0,3015.81,0.0
2024-11-17,17:00 - 18:00,542.52,41.91,2989.88,0.0
2024-11-17,18:00 - 19:00,0.0,470.72,2607.44,0.0
2024-11-17,19:00 - 20:00,0.0,819.85,2662.11,0.0
2024-11-17,20:00 - 21:00,0.0,796.18,3055.74,0.0
2024-11-17,21:00 - 22:00,0.0,412.33,3161.2200000000003,0.0
2024-11-17,22:00 - 23:00,353.91,49.71,2958.7,0.0
2024-11-17,23:00 - 00:00,643.88,0.0,3062.7799999999997,0.0
2024-11-18,00:00 - 01:00,2011.45,0.0,2889.1000000000004,0.0
2024-11-18,01:00 - 02:00,2739.19,0.0,2710.2,0.0
2024-11-18,02:00 - 03:00,2923.37,0.0,2793.32,0.0
2024-11-18,03:00 - 04:00,2967.91,0.0,2697.58,0.0
2024-11-18,04:00 - 05:00,3022.1,0.0,2730.0699999999997,0.0
2024-11-18,05:00 - 06:00,2843.73,0.0,2734.97,0.0
2024-11-18,06:00 - 07:00,1792.4,0.0,2592.48,0.0
2024-11-18,07:00 - 08:00,1764.13,0.0,2647.44,0.0
2024-11-18,08:00 - 09:00,428.7,157.93,2228.43,0.0
2024-11-18,09:00 - 10:00,1554.64,31.48,2148.94,0.0
2024-11-18,10:00 - 11:00,3226.38,0.0,2280.05,0.0
2024-11-18,11:00 - 12:00,3849.35,0.0,2365.12,0.0
2024-11-18,12:00 - 13:00,4448.86,0.0,2575.7799999999997,0.0
2024-11-18,13:00 - 14:00,4568.69,0.0,2312.74,0.0
2024-11-18,14:00 - 15:00,4599.27,0.0,2528.5,0.0
2024-11-18,15:00 - 16:00,4157.49,0.0,2388.27,0.0
2024-11-18,16:00 - 17:00,3178.79,0.0,2162.67,0.0
2024-11-18,17:00 - 18:00,1531.36,0.0,1872.99,0.0
2024-11-18,18:00 - 19:00,155.12,76.58,2293.46,0.0
2024-11-18,19:00 - 20:00,0.0,217.45,2510.5699999999997,0.0
2024-11-18,20:00 - 21:00,0.0,176.44,2413.34,0.0
2024-11-18,21:00 - 22:00,252.6,26.55,2430.08,0.0
2024-11-18,22:00 - 23:00,1062.59,0.0,2441.5699999999997,0.0
2024-11-18,23:00 - 00:00,1851.46,0.0,2528.45,0.0
2024-11-19,00:00 - 01:00,1699.74,0.0,1915.6,0.0
2024-11-19,01:00 - 02:00,1986.53,0.0,1767.05,0.0
2024-11-19,02:00 - 03:00,2298.36,0.0,1685.94,0.0
2024-11-19,03:00 - 04:00,2467.62,0.0,1527.59,0.0
2024-11-19,04:00 - 05:00,2774.54,0.0,2217.46,0.0
2024-11-19,05:00 - 06:00,2725.67,0.0,2300.66,0.0
2024-11-19,06:00 - 07:00,1821.93,0.0,2228.1,0.0
2024-11-19,07:00 - 08:00,452.36,0.0,2233.0299999999997,0.0
2024-11-19,08:00 - 09:00,591.9,0.0,2314.35,0.0
2024-11-19,09:00 - 10:00,1560.47,0.0,2432.4,0.0
2024-11-19,10:00 - 11:00,2385.5,0.0,2667.1,0.0
2024-11-19,11:00 - 12:00,3256.85,0.0,2573.05,0.0
2024-11-19,12:00 - 13:00,3167.84,0.0,2415.55,0.0
2024-11-19,13:00 - 14:00,3716.67,0.0,2445.95,0.0
2024-11-19,14:00 - 15:00,3907.44,0.0,2159.66,0.0
2024-11-19,15:00 - 16:00,3882.41,0.0,1944.23,0.0
2024-11-19,16:00 - 17:00,3126.52,0.0,1338.99,0.0
2024-11-19,17:00 - 18:00,2161.41,0.0,1768.59,0.0
2024-11-19,18:00 - 19:00,1113.36,0.0,1958.99,0.0
2024-11-19,19:00 - 20:00,788.52,0.0,1656.0,0.0
2024-11-19,20:00 - 21:00,1018.86,0.0,2223.81,0.0
2024-11-19,21:00 - 22:00,1243.05,0.0,2416.16,0.0
2024-11-19,22:00 - 23:00,1678.73,0.0,2256.05,0.0
2024-11-19,23:00 - 00:00,2151.85,0.0,1790.66,0.0
2024-11-20,00:00 - 01:00,1968.8,0.0,1096.2,0.0
2024-11-20,01:00 - 02:00,2293.38,0.0,1157.13,0.0
2024-11-20,02:00 - 03:00,2824.62,0.0,1032.82,0.0
2024-11-20,03:00 - 04:00,2375.49,0.0,399.03000000000003,3.11
2024-11-20,04:00 - 05:00,2155.43,0.0,233.44,0.0
2024-11-20,05:00 - 06:00,1546.89,0.0,0.0,381.53999999999996
2024-11-20,06:00 - 07:00,872.35,0.0,0.0,1387.77
2024-11-20,07:00 - 08:00,155.83,190.23,0.0,1664.8700000000001
2024-11-20,08:00 - 09:00,0.0,362.11,0.0,1337.9
2024-11-20,09:00 - 10:00,960.17,93.01,0.0,1555.8
2024-11-20,10:00 - 11:00,2680.74,0.0,0.0,1472.52
2024-11-20,11:00 - 12:00,3725.46,0.0,0.0,993.64
2024-11-20,12:00 - 13:00,3926.78,0.0,0.0,789.64
2024-11-20,13:00 - 14:00,3924.16,0.0,0.0,868.72
2024-11-20,14:00 - 15:00,3928.1,0.0,0.0,801.61
2024-11-20,15:00 - 16:00,4029.13,0.0,0.0,479.24
2024-11-20,16:00 - 17:00,3788.83,0.0,0.0,367.5
2024-11-20,17:00 - 18:00,2752.05,0.0,0.0,422.97
2024-11-20,18:00 - 19:00,964.83,0.0,0.0,1393.72
2024-11-20,19:00 - 20:00,562.86,0.0,0.0,1648.01
2024-11-20,20:00 - 21:00,394.61,0.0,123.44,312.92
2024-11-20,21:00 - 22:00,489.71,0.0,845.24,0.0
2024-11-20,22:00 - 23:00,1120.51,0.0,166.94,579.07
2024-11-20,23:00 - 00:00,2288.7,0.0,0.0,1748.55
2024-11-21,00:00 - 01:00,2092.27,0.0,0.0,2173.5
2024-11-21,01:00 - 02:00,1905.79,0.0,0.0,2579.55
2024-11-21,02:00 - 03:00,2187.44,0.0,0.0,2636.49
2024-11-21,03:00 - 04:00,2074.33,0.0,0.0,2650.4700000000003
2024-11-21,04:00 - 05:00,2353.9,0.0,0.0,2570.57
2024-11-21,05:00 - 06:00,2318.31,0.0,0.0,2516.25
2024-11-21,06:00 - 07:00,2131.88,0.0,0.0,1905.95
2024-11-21,07:00 - 08:00,1697.38,0.0,0.0,1356.93
2024-11-21,08:00 - 09:00,1299.43,0.0,0.0,1545.55
2024-11-21,09:00 - 10:00,2092.58,0.0,0.0,1737.54
2024-11-21,10:00 - 11:00,2479.44,0.0,0.0,1234.47
2024-11-21,11:00 - 12:00,2555.0,0.0,0.0,1776.74
2024-11-21,12:00 - 13:00,2762.4,0.0,0.0,1952.08
2024-11-21,13:00 - 14:00,2766.52,0.0,0.0,1886.61
2024-11-21,14:00 - 15:00,2835.76,0.0,0.0,1823.6000000000001
2024-11-21,15:00 - 16:00,2874.56,0.0,0.0,1558.3
2024-11-21,16:00 - 17:00,2817.86,0.0,0.0,1091.68
2024-11-21,17:00 - 18:00,2281.24,0.0,0.0,835.36
2024-11-21,18:00 - 19:00,825.66,0.0,0.0,1485.47
2024-11-21,19:00 - 20:00,110.18,306.56,0.0,1834.29
2024-11-21,20:00 - 21:00,0.0,365.41,0.0,1667.0
2024-11-21,21:00 - 22:00,220.49,55.85,0.0,2009.27
2024-11-21,22:00 - 23:00,987.9,0.0,0.0,2233.12
2024-11-21,23:00 - 00:00,1514.47,0.0,0.0,2063.98
2024-11-22,00:00 - 01:00,1340.62,0.0,0.0,2534.84
2024-11-22,01:00 - 02:00,1596.54,0.0,0.0,2274.1
2024-11-22,02:00 - 03:00,2160.34,0.0,0.0,2035.01
2024-11-22,03:00 - 04:00,2220.47,0.0,0.0,2363.22
2024-11-22,04:00 - 05:00,2470.22,0.0,0.0,1794.34
2024-11-22,05:00 - 06:00,1982.95,0.0,0.0,2350.9
2024-11-22,06:00 - 07:00,1764.51,0.0,0.0,2533.85
2024-11-22,07:00 - 08:00,1299.24,0.0,0.0,2184.42
2024-11-22,08:00 - 09:00,1231.63,0.0,0.0,1320.48
2024-11-22,09:00 - 10:00,1955.14,0.0,0.0,943.03
2024-11-22,10:00 - 11:00,2741.55,0.0,0.0,361.13
2024-11-22,11:00 - 12:00,2908.77,0.0,0.0,230.32
2024-11-22,12:00 - 13:00,3070.16,0.0,171.65,84.53
2024-11-22,13:00 - 14:00,3195.03,0.0,1537.58,0.0
2024-11-22,14:00 - 15:00,3427.33,0.0,2188.2799999999997,0.0
2024-11-22,15:00 - 16:00,3493.23,0.0,2004.9,0.0
2024-11-22,16:00 - 17:00,3042.57,0.0,1965.04,0.0
2024-11-22,17:00 - 18:00,1714.8,0.0,2407.36,0.0
2024-11-22,18:00 - 19:00,694.53,0.0,2589.8599999999997,0.0
2024-11-22,19:00 - 20:00,216.68,0.0,2912.33,0.0
2024-11-22,20:00 - 21:00,198.3,0.0,3500.81,0.0
2024-11-22,21:00 - 22:00,402.53,0.0,3451.58,0.0
2024-11-22,22:00 - 23:00,667.58,0.0,3349.27,0.0
2024-11-22,23:00 - 00:00,1287.13,0.0,3379.72,0.0
2024-11-23,00:00 - 01:00,1033.07,0.0,3371.67,0.0
2024-11-23,01:00 - 02:00,1135.18,0.0,3397.9,0.0
2024-11-23,02:00 - 03:00,1124.85,0.0,3556.53,0.0
2024-11-23,03:00 - 04:00,1046.71,0.0,3579.79,0.0
2024-11-23,04:00 - 05:00,786.26,0.0,3213.99,0.0
2024-11-23,05:00 - 06:00,741.8,0.0,2884.96,0.0
2024-11-23,06:00 - 07:00,794.86,0.0,3063.7,0.0
2024-11-23,07:00 - 08:00,449.47,0.0,3308.2599999999998,0.0
2024-11-23,08:00 - 09:00,130.68,0.39,3184.58,0.0
2024-11-23,09:00 - 10:00,0.0,102.63,1657.72,0.0
2024-11-23,10:00 - 11:00,152.94,38.51,298.46,499.81
2024-11-23,11:00 - 12:00,548.71,0.0,0.0,331.21
2024-11-23,12:00 - 13:00,583.28,0.0,0.0,856.97
2024-11-23,13:00 - 14:00,651.31,0.0,0.0,938.01
2024-11-23,14:00 - 15:00,479.12,0.0,0.0,950.65
2024-11-23,15:00 - 16:00,565.93,0.0,0.0,1021.05
2024-11-23,16:00 - 17:00,121.03,27.14,0.0,1012.43
2024-11-23,17:00 - 18:00,25.56,118.51,1464.7,178.4
2024-11-23,18:00 - 19:00,0.0,850.47,1604.6100000000001,0.0
2024-11-23,19:00 - 20:00,0.0,1000.04,1716.3,0.0
2024-11-23,20:00 - 21:00,0.0,821.51,2504.17,0.0
2024-11-23,21:00 - 22:00,0.0,316.71,2793.7799999999997,0.0
2024-11-23,22:00 - 23:00,0.0,83.32,2832.7,0.0
2024-11-23,23:00 - 00:00,458.09,0.0,2860.4,0.0
2024-11-24,00:00 - 01:00,866.02,0.0,2502.25,0.0
2024-11-24,01:00 - 02:00,833.27,0.0,1722.9899999999998,0.0
2024-11-24,02:00 - 03:00,600.91,0.0,1137.49,0.0
2024-11-24,03:00 - 04:00,517.68,0.0,849.64,0.0
2024-11-24,04:00 - 05:00,479.81,0.0,592.65,0.0
2024-11-24,05:00 - 06:00,485.52,0.0,476.2,0.0
2024-11-24,06:00 - 07:00,479.53,0.0,208.1,0.0
2024-11-24,07:00 - 08:00,586.45,0.0,265.39,0.0
2024-11-24,08:00 - 09:00,623.75,0.0,33.67,353.38
2024-11-24,09:00 - 10:00,674.5,0.0,0.0,1534.52
2024-11-24,10:00 - 11:00,782.85,0.0,0.0,2277.76
2024-11-24,11:00 - 12:00,815.6,0.0,0.0,2081.89
2024-11-24,12:00 - 13:00,1253.52,0.0,0.0,2010.1599999999999
2024-11-24,13:00 - 14:00,1463.63,0.0,0.0,1278.25
2024-11-24,14:00 - 15:00,1466.9,0.0,0.0,690.86
2024-11-24,15:00 - 16:00,1341.6,0.0,0.0,690.24
2024-11-24,16:00 - 17:00,1435.27,0.0,0.0,927.23
2024-11-24,17:00 - 18:00,1280.34,0.0,8.59,207.77999999999997
2024-11-24,18:00 - 19:00,640.02,0.0,1143.97,0.0
2024-11-24,19:00 - 20:00,161.86,9.31,2062.57,0.0
2024-11-24,20:00 - 21:00,195.83,0.0,2933.1400000000003,0.0
2024-11-24,21:00 - 22:00,308.6,0.0,3332.08,0.0
2024-11-24,22:00 - 23:00,939.99,0.0,3290.67,0.0
2024-11-24,23:00 - 00:00,1557.73,0.0,1894.51,0.0
2024-11-25,00:00 - 01:00,1342.24,0.0,251.86,139.17000000000002
2024-11-25,01:00 - 02:00,1525.36,0.0,0.0,591.79
2024-11-25,02:00 - 03:00,1766.94,0.0,0.0,443.52000000000004
2024-11-25,03:00 - 04:00,1699.03,0.0,43.150000000000006,46.21
2024-11-25,04:00 - 05:00,1944.33,0.0,875.37,0.0
2024-11-25,05:00 - 06:00,2096.32,0.0,814.5600000000001,0.0
2024-11-25,06:00 - 07:00,2246.86,0.0,1574.83,0.0
2024-11-25,07:00 - 08:00,1155.73,0.0,2408.67,0.0
2024-11-25,08:00 - 09:00,1065.42,0.0,2510.4,0.0
2024-11-25,09:00 - 10:00,1689.06,0.0,2072.46,0.0
2024-11-25,10:00 - 11:00,1832.16,0.0,1304.99,0.0
2024-11-25,11:00 - 12:00,1836.39,0.0,492.85,25.87
2024-11-25,12:00 - 13:00,1624.49,0.0,147.75,0.2
2024-11-25,13:00 - 14:00,1447.53,0.0,0.0,468.20000000000005
2024-11-25,14:00 - 15:00,1540.5,0.0,0.0,1365.53
2024-11-25,15:00 - 16:00,1974.18,0.0,0.0,1778.52
2024-11-25,16:00 - 17:00,2676.92,0.0,355.41,484.86
2024-11-25,17:00 - 18:00,2752.97,0.0,2342.33,0.0
2024-11-25,18:00 - 19:00,1458.53,0.0,2452.7200000000003,0.0
2024-11-25,19:00 - 20:00,981.6,0.0,2339.37,0.0
2024-11-25,20:00 - 21:00,923.08,0.0,2368.58,0.0
2024-11-25,21:00 - 22:00,906.64,0.0,2418.36,0.0
2024-11-25,22:00 - 23:00,1533.01,0.0,2649.41,0.0
2024-11-25,23:00 - 00:00,2402.26,0.0,2619.89,0.0
2024-11-26,00:00 - 01:00,2999.04,0.0,2707.72,0.0
2024-11-26,01:00 - 02:00,3140.63,0.0,2812.61,0.0
2024-11-26,02:00 - 03:00,3078.38,0.0,2749.35,0.0
2024-11-26,03:00 - 04:00,3026.13,0.0,2711.45,0.0
2024-11-26,04:00 - 05:00,2908.23,0.0,2618.13,0.0
2024-11-26,05:00 - 06:00,2793.4,0.0,2751.46,0.0
2024-11-26,06:00 - 07:00,2020.1,0.0,2691.88,0.0
2024-11-26,07:00 - 08:00,1056.08,0.0,2669.08,0.0
2024-11-26,08:00 - 09:00,375.33,0.0,2762.4,0.0
2024-11-26,09:00 - 10:00,1376.68,0.0,2679.13,0.0
2024-11-26,10:00 - 11:00,2267.99,0.0,2742.17,0.0
2024-11-26,11:00 - 12:00,2877.49,0.0,2713.49,0.0
2024-11-26,12:00 - 13:00,3327.45,0.0,2722.16,0.0
2024-11-26,13:00 - 14:00,3175.38,0.0,2689.92,0.0
2024-11-26,14:00 - 15:00,2851.26,0.0,2648.3,0.0
2024-11-26,15:00 - 16:00,2660.54,0.0,2657.92,0.0
2024-11-26,16:00 - 17:00,2465.03,0.0,2701.87,0.0
2024-11-26,17:00 - 18:00,1971.65,0.0,2218.46,0.0
2024-11-26,18:00 - 19:00,579.4,0.0,1440.07,0.0
2024-11-26,19:00 - 20:00,741.81,0.0,1935.9899999999998,0.0
2024-11-26,20:00 - 21:00,1166.33,0.0,2551.1400000000003,0.0
2024-11-26,21:00 - 22:00,1894.0,0.0,2581.6,0.0
2024-11-26,22:00 - 23:00,2406.92,0.0,2539.49,0.0
2024-11-26,23:00 - 00:00,2616.1,0.0,2574.96,0.0
2024-11-27,00:00 - 01:00,2649.28,0.0,2693.58,0.0
2024-11-27,01:00 - 02:00,2652.54,0.0,2774.71,0.0
2024-11-27,02:00 - 03:00,2645.02,0.0,2709.79,0.0
2024-11-27,03:00 - 04:00,2696.31,0.0,2804.85,0.0
2024-11-27,04:00 - 05:00,2697.39,0.0,2830.45,0.0
2024-11-27,05:00 - 06:00,2628.51,0.0,2872.75,0.0
2024-11-27,06:00 - 07:00,1972.93,0.0,2775.37,0.0
2024-11-27,07:00 - 08:00,793.59,0.0,2665.31,0.0
2024-11-27,08:00 - 09:00,301.68,0.0,2616.81,0.0
2024-11-27,09:00 - 10:00,2063.77,0.0,2567.01,0.0
2024-11-27,10:00 - 11:00,3231.65,0.0,2728.94,0.0
2024-11-27,11:00 - 12:00,2996.43,0.0,2726.44,0.0
2024-11-27,12:00 - 13:00,2881.37,0.0,2758.34,0.0
2024-11-27,13:00 - 14:00,2860.34,0.0,2835.88,0.0
2024-11-27,14:00 - 15:00,3039.07,0.0,2807.39,0.0
2024-11-27,15:00 - 16:00,3290.15,0.0,2661.48,0.0
2024-11-27,16:00 - 17:00,3070.53,0.0,2878.48,0.0
2024-11-27,17:00 - 18:00,1965.24,0.0,2800.87,0.0
2024-11-27,18:00 - 19:00,543.74,0.0,2793.81,0.0
2024-11-27,19:00 - 20:00,101.67,0.48,2480.17,0.0
2024-11-27,20:00 - 21:00,52.32,123.33,2370.1099999999997,0.0
2024-11-27,21:00 - 22:00,0.0,282.34,2463.35,0.0
2024-11-27,22:00 - 23:00,489.26,85.19,2290.9900000000002,0.0
2024-11-27,23:00 - 00:00,1105.08,0.0,2306.79,0.0
2024-11-28,00:00 - 01:00,1236.57,0.0,2068.29,0.0
2024-11-28,01:00 - 02:00,1018.1,0.0,2198.31,0.0
2024-11-28,02:00 - 03:00,892.0,0.0,2215.3,0.0
2024-11-28,03:00 - 04:00,672.46,0.0,2209.67,0.0
2024-11-28,04:00 - 05:00,474.75,0.0,2600.76,0.0
2024-11-28,05:00 - 06:00,278.37,0.0,2539.49,0.0
2024-11-28,06:00 - 07:00,20.37,467.89,2449.16,0.0
2024-11-28,07:00 - 08:00,0.0,1119.43,2042.4899999999998,0.0
2024-11-28,08:00 - 09:00,0.0,1311.28,1981.29,0.0
2024-11-28,09:00 - 10:00,71.34,277.06,1931.3899999999999,0.0
2024-11-28,10:00 - 11:00,463.45,0.0,1095.83,0.0
2024-11-28,11:00 - 12:00,1219.33,0.0,1221.12,0.0
2024-11-28,12:00 - 13:00,1158.24,0.0,1393.65,0.0
2024-11-28,13:00 - 14:00,1027.77,0.0,1620.83,0.0
2024-11-28,14:00 - 15:00,1087.61,0.0,1328.04,0.0
2024-11-28,15:00 - 16:00,1042.17,0.0,447.38,0.0
2024-11-28,16:00 - 17:00,759.55,0.0,668.03,0.0
2024-11-28,17:00 - 18:00,540.27,0.0,1399.52,0.0
2024-11-28,18:00 - 19:00,72.5,1082.08,1216.3700000000001,0.0
2024-11-28,19:00 - 20:00,0.0,1185.7,1636.21,0.0
2024-11-28,20:00 - 21:00,0.0,716.5,2016.5,0.0
2024-11-28,21:00 - 22:00,0.0,413.97,1871.08,0.0
2024-11-28,22:00 - 23:00,516.81,54.24,2397.59,0.0
2024-11-28,23:00 - 00:00,647.82,0.0,2065.44,0.0
2024-11-29,00:00 - 01:00,789.86,0.0,2589.94,0.0
2024-11-29,01:00 - 02:00,1089.03,0.0,2724.53,0.0
2024-11-29,02:00 - 03:00,1278.29,0.0,2777.39,0.0
2024-11-29,03:00 - 04:00,1431.84,0.0,2706.86,0.0
2024-11-29,04:00 - 05:00,1671.57,0.0,2658.74,0.0
2024-11-29,05:00 - 06:00,1683.38,0.0,2779.31,0.0
2024-11-29,06:00 - 07:00,1189.16,0.0,2609.37,0.0
2024-11-29,07:00 - 08:00,199.93,516.17,2374.9700000000003,0.0
2024-11-29,08:00 - 09:00,0.0,769.87,2370.26,0.0
2024-11-29,09:00 - 10:00,863.74,141.22,2415.73,0.0
2024-11-29,10:00 - 11:00,2066.74,0.0,2463.84,0.0
2024-11-29,11:00 - 12:00,3034.1,0.0,2490.98,0.0
2024-11-29,12:00 - 13:00,3591.29,0.0,2638.51,0.0
2024-11-29,13:00 - 14:00,3587.56,0.0,2882.73,0.0
2024-11-29,14:00 - 15:00,3616.5,0.0,2712.04,0.0
2024-11-29,15:00 - 16:00,3682.25,0.0,2628.31,0.0
2024-11-29,16:00 - 17:00,3012.66,0.0,2768.73,0.0
2024-11-29,17:00 - 18:00,1954.63,0.0,2931.1,0.0
2024-11-29,18:00 - 19:00,523.74,0.0,2843.64,0.0
2024-11-29,19:00 - 20:00,33.14,128.03,2567.88,0.0
2024-11-29,20:00 - 21:00,171.34,35.09,2489.15,0.0
2024-11-29,21:00 - 22:00,181.67,0.0,2227.59,0.0
2024-11-29,22:00 - 23:00,805.27,0.0,2331.13,0.0
2024-11-29,23:00 - 00:00,1561.48,0.0,2385.6400000000003,0.0
2024-11-30,00:00 - 01:00,1625.61,0.0,2401.0299999999997,0.0
2024-11-30,01:00 - 02:00,1589.74,0.0,2416.1800000000003,0.0
2024-11-30,02:00 - 03:00,1628.51,0.0,2368.89,0.0
2024-11-30,03:00 - 04:00,1458.45,0.0,2436.36,0.0
2024-11-30,04:00 - 05:00,1305.33,0.0,2380.05,0.0
2024-11-30,05:00 - 06:00,1234.79,0.0,2503.16,0.0
2024-11-30,06:00 - 07:00,1093.3,0.0,2457.06,0.0
2024-11-30,07:00 - 08:00,610.93,0.0,2473.44,0.0
2024-11-30,08:00 - 09:00,123.31,20.48,2492.41,0.0
2024-11-30,09:00 - 10:00,824.71,0.0,2369.65,0.0
2024-11-30,10:00 - 11:00,1746.24,0.0,2363.06,0.0
2024-11-30,11:00 - 12:00,2357.59,0.0,2330.79,0.0
2024-11-30,12:00 - 13:00,2368.28,0.0,2090.95,0.0
2024-11-30,13:00 - 14:00,2387.96,0.0,1366.8400000000001,0.0
2024-11-30,14:00 - 15:00,2452.17,0.0,1030.05,0.0
2024-11-30,15:00 - 16:00,2202.78,0.0,209.25,354.76
2024-11-30,16:00 - 17:00,2232.25,0.0,1214.01,29.66
2024-11-30,17:00 - 18:00,1178.06,0.0,2149.04,0.0
2024-11-30,18:00 - 19:00,571.59,0.0,2452.9,0.0
2024-11-30,19:00 - 20:00,106.51,33.46,2141.3999999999996,0.0
2024-11-30,20:00 - 21:00,0.0,58.61,2035.56,0.0
2024-11-30,21:00 - 22:00,195.59,8.56,2110.55,0.0
2024-11-30,22:00 - 23:00,1070.4,0.0,1999.1399999999999,0.0
2024-11-30,23:00 - 00:00,1468.34,0.0,2238.33,0.0
2024-12-01,00:00 - 01:00,1828.54,0.0,2505.9900000000002,0.0
2024-12-01,01:00 - 02:00,1746.96,0.0,2493.68,0.0
2024-12-01,02:00 - 03:00,1764.26,0.0,2600.76,0.0
2024-12-01,03:00 - 04:00,1793.75,0.0,2584.41,0.0
2024-12-01,04:00 - 05:00,1385.91,0.0,2391.9700000000003,0.0
2024-12-01,05:00 - 06:00,1157.69,0.0,2550.54,0.0
2024-12-01,06:00 - 07:00,1065.68,0.0,2514.96,0.0
2024-12-01,07:00 - 08:00,813.99,0.0,2404.98,0.0
2024-12-01,08:00 - 09:00,654.05,0.0,2052.81,0.0
2024-12-01,09:00 - 10:00,1000.89,0.0,1894.02,0.0
2024-12-01,10:00 - 11:00,1532.54,0.0,2040.12,0.0
2024-12-01,11:00 - 12:00,2169.5,0.0,1889.3400000000001,0.0
2024-12-01,12:00 - 13:00,2242.63,0.0,1805.42,0.0
2024-12-01,13:00 - 14:00,2260.58,0.0,1761.99,0.0
2024-12-01,14:00 - 15:00,2325.97,0.0,1827.67,0.0
2024-12-01,15:00 - 16:00,2141.24,0.0,1880.82,0.0
2024-12-01,16:00 - 17:00,1603.9,0.0,1774.02,0.0
2024-12-01,17:00 - 18:00,312.36,59.41,1537.51,0.0
2024-12-01,18:00 - 19:00,0.0,677.24,2352.87,0.0
2024-12-01,19:00 - 20:00,0.0,1197.53,2194.68,0.0
2024-12-01,20:00 - 21:00,0.0,1117.12,2200.38,0.0
2024-12-01,21:00 - 22:00,752.6,208.74,2425.76,0.0
2024-12-01,22:00 - 23:00,957.0,0.0,2305.3199999999997,0.0
2024-12-01,23:00 - 00:00,1241.02,0.0,2406.29,0.0
2024-12-02,00:00 - 01:00,2005.49,0.0,2499.59,0.0
2024-12-02,01:00 - 02:00,2522.84,0.0,2540.86,0.0
2024-12-02,02:00 - 03:00,2515.34,0.0,2653.5699999999997,0.0
2024-12-02,03:00 - 04:00,2540.65,0.0,2645.36,0.0
2024-12-02,04:00 - 05:00,2430.61,0.0,2686.9,0.0
2024-12-02,05:00 - 06:00,2326.16,0.0,2699.7200000000003,0.0
2024-12-02,06:00 - 07:00,2097.51,0.0,2363.46,0.0
2024-12-02,07:00 - 08:00,1562.21,0.0,2149.3500000000004,0.0
2024-12-02,08:00 - 09:00,997.49,0.0,2576.8,0.0
2024-12-02,09:00 - 10:00,1678.22,0.0,1960.46,0.0
2024-12-02,10:00 - 11:00,2633.82,0.0,1899.44,0.0
2024-12-02,11:00 - 12:00,3100.3,0.0,1970.75,0.0
2024-12-02,12:00 - 13:00,3386.5,0.0,1987.93,0.0
2024-12-02,13:00 - 14:00,3424.05,0.0,2004.96,0.0
2024-12-02,14:00 - 15:00,2865.21,0.0,2011.56,0.0
2024-12-02,15:00 - 16:00,3121.83,0.0,1923.14,0.0
2024-12-02,16:00 - 17:00,3120.73,0.0,1987.8899999999999,0.0
2024-12-02,17:00 - 18:00,2385.03,0.0,1943.41,0.0
2024-12-02,18:00 - 19:00,1910.24,0.0,2115.9300000000003,0.0
2024-12-02,19:00 - 20:00,1953.85,0.0,2292.87,0.0
2024-12-02,20:00 - 21:00,2000.53,0.0,2393.37,0.0
2024-12-02,21:00 - 22:00,2666.41,0.0,2385.9300000000003,0.0
2024-12-02,22:00 - 23:00,3272.2,0.0,2524.67,0.0
2024-12-02,23:00 - 00:00,3138.84,0.0,2434.9,0.0
2024-12-03,00:00 - 01:00,3632.05,0.0,2674.85,0.0
2024-12-03,01:00 - 02:00,3332.22,0.0,2745.7799999999997,0.0
2024-12-03,02:00 - 03:00,3304.92,0.0,2696.71,0.0
2024-12-03,03:00 - 04:00,3168.02,0.0,2685.96,0.0
2024-12-03,04:00 - 05:00,3012.68,0.0,2677.8500000000004,0.0
2024-12-03,05:00 - 06:00,2656.17,0.0,2761.25,0.0
2024-12-03,06:00 - 07:00,2559.38,0.0,2480.09,0.0
2024-12-03,07:00 - 08:00,2284.74,0.0,2218.1,0.0
2024-12-03,08:00 - 09:00,1433.22,0.0,2103.2400000000002,0.0
2024-12-03,09:00 - 10:00,2375.96,0.0,1181.47,0.0
2024-12-03,10:00 - 11:00,3386.92,0.0,1253.1999999999998,0.0
2024-12-03,11:00 - 12:00,3707.8,0.0,249.63,162.07
2024-12-03,12:00 - 13:00,3276.94,0.0,0.0,1201.67
2024-12-03,13:00 - 14:00,2552.12,0.0,0.0,2062.26
2024-12-03,14:00 - 15:00,2820.68,0.0,0.0,2121.65
2024-12-03,15:00 - 16:00,3431.73,0.0,0.0,1416.21
2024-12-03,16:00 - 17:00,2953.69,0.0,0.0,1062.9
2024-12-03,17:00 - 18:00,2377.13,0.0,0.0,1169.56
2024-12-03,18:00 - 19:00,611.91,0.0,0.0,1165.51
2024-12-03,19:00 - 20:00,45.56,220.39,0.0,1171.56
2024-12-03,20:00 - 21:00,709.95,44.7,0.0,1104.2
2024-12-03,21:00 - 22:00,1551.77,0.0,251.17000000000002,172.13
2024-12-03,22:00 - 23:00,2251.89,0.0,290.59,0.0
2024-12-03,23:00 - 00:00,2693.85,0.0,1433.2,0.0
2024-12-04,00:00 - 01:00,2071.38,0.0,1782.3,0.0
2024-12-04,01:00 - 02:00,1663.23,0.0,996.8900000000001,0.0
2024-12-04,02:00 - 03:00,1693.88,0.0,1169.38,0.0
2024-12-04,03:00 - 04:00,1846.13,0.0,1005.4599999999999,0.0
2024-12-04,04:00 - 05:00,1953.88,0.0,325.34000000000003,4.05
2024-12-04,05:00 - 06:00,2075.84,0.0,102.48,349.15999999999997
2024-12-04,06:00 - 07:00,1372.73,0.0,0.0,1076.88
2024-12-04,07:00 - 08:00,710.15,0.0,0.0,1196.8
2024-12-04,08:00 - 09:00,897.52,0.0,0.0,1317.78
2024-12-04,09:00 - 10:00,2349.99,0.0,0.0,1087.14
2024-12-04,10:00 - 11:00,3361.74,0.0,0.0,1115.0900000000001
2024-12-04,11:00 - 12:00,3846.68,0.0,0.0,547.13
2024-12-04,12:00 - 13:00,4149.1,0.0,0.0,529.03
2024-12-04,13:00 - 14:00,4129.07,0.0,0.0,715.79
2024-12-04,14:00 - 15:00,4136.98,0.0,0.0,722.35
2024-12-04,15:00 - 16:00,3860.36,0.0,50.339999999999996,203.83
2024-12-04,16:00 - 17:00,3782.17,0.0,11.34,63.379999999999995
2024-12-04,17:00 - 18:00,2520.01,0.0,55.52,34.92
2024-12-04,18:00 - 19:00,788.99,0.0,8.63,1290.02
2024-12-04,19:00 - 20:00,825.92,0.0,0.0,921.86
2024-12-04,20:00 - 21:00,2411.5,0.0,1645.52,0.0
2024-12-04,21:00 - 22:00,2694.96,0.0,2189.29,0.0
2024-12-04,22:00 - 23:00,2837.14,0.0,2327.3,0.0
2024-12-04,23:00 - 00:00,2871.33,0.0,2396.66,0.0
2024-12-05,00:00 - 01:00,3114.04,0.0,2623.46,0.0
2024-12-05,01:00 - 02:00,3306.68,0.0,2592.92,0.0
2024-12-05,02:00 - 03:00,3284.91,0.0,2591.27,0.0
2024-12-05,03:00 - 04:00,3265.05,0.0,2581.09,0.0
2024-12-05,04:00 - 05:00,3130.43,0.0,2543.37,0.0
2024-12-05,05:00 - 06:00,3060.02,0.0,2570.69,0.0
2024-12-05,06:00 - 07:00,3146.79,0.0,2668.64,0.0
2024-12-05,07:00 - 08:00,2572.89,0.0,2420.0099999999998,0.0
2024-12-05,08:00 - 09:00,2228.86,0.0,2373.0299999999997,0.0
2024-12-05,09:00 - 10:00,3087.88,0.0,2483.7799999999997,0.0
2024-12-05,10:00 - 11:00,3615.14,0.0,1848.51,0.0
2024-12-05,11:00 - 12:00,4005.81,0.0,714.13,0.0
2024-12-05,12:00 - 13:00,4134.63,0.0,841.7,0.0
2024-12-05,13:00 - 14:00,3992.76,0.0,1428.37,0.0
2024-12-05,14:00 - 15:00,4397.63,0.0,1206.57,0.0
2024-12-05,15:00 - 16:00,4595.08,0.0,1448.1799999999998,0.0
2024-12-05,16:00 - 17:00,4179.61,0.0,2301.25,0.0
2024-12-05,17:00 - 18:00,3160.84,0.0,2483.63,0.0
2024-12-05,18:00 - 19:00,1937.87,0.0,2424.26,0.0
2024-12-05,19:00 - 20:00,1459.36,0.0,2064.89,0.0
2024-12-05,20:00 - 21:00,1357.79,0.0,2362.54,0.0
2024-12-05,21:00 - 22:00,2031.86,0.0,2500.9900000000002,0.0
2024-12-05,22:00 - 23:00,2563.82,0.0,2457.39,0.0
2024-12-05,23:00 - 00:00,2661.27,0.0,2486.96,0.0
2024-12-06,00:00 - 01:00,3293.35,0.0,2483.85,0.0
2024-12-06,01:00 - 02:00,3479.9,0.0,2274.32,0.0
2024-12-06,02:00 - 03:00,3509.15,0.0,2388.37,0.0
2024-12-06,03:00 - 04:00,3517.43,0.0,2432.59,0.0
2024-12-06,04:00 - 05:00,3471.79,0.0,2407.08,0.0
2024-12-06,05:00 - 06:00,3480.72,0.0,2411.81,0.0
2024-12-06,06:00 - 07:00,3461.03,0.0,2329.82,0.0
2024-12-06,07:00 - 08:00,3390.59,0.0,2022.3899999999999,0.0
2024-12-06,08:00 - 09:00,3460.83,0.0,1454.17,0.0
2024-12-06,09:00 - 10:00,3467.46,0.0,345.32,66.11
2024-12-06,10:00 - 11:00,3462.51,0.0,0.0,1499.93
2024-12-06,11:00 - 12:00,3798.48,0.0,0.0,1901.8899999999999
2024-12-06,12:00 - 13:00,3992.1,0.0,0.0,2134.26
2024-12-06,13:00 - 14:00,4008.44,0.0,0.0,1784.33
2024-12-06,14:00 - 15:00,3930.46,0.0,0.0,1810.97
2024-12-06,15:00 - 16:00,4181.74,0.0,0.0,2261.95
2024-12-06,16:00 - 17:00,4272.2,0.0,0.0,1152.93
2024-12-06,17:00 - 18:00,4026.02,0.0,1163.8899999999999,0.0
2024-12-06,18:00 - 19:00,2503.65,0.0,865.73,0.0
2024-12-06,19:00 - 20:00,2394.42,0.0,2052.54,0.0
2024-12-06,20:00 - 21:00,2564.68,0.0,2634.02,0.0
2024-12-06,21:00 - 22:00,2381.58,0.0,2391.4300000000003,0.0
2024-12-06,22:00 - 23:00,2400.84,0.0,2563.4700000000003,0.0
2024-12-06,23:00 - 00:00,2547.92,0.0,2490.55,0.0
2024-12-07,00:00 - 01:00,2160.04,0.0,2605.79,0.0
2024-12-07,01:00 - 02:00,1743.63,0.0,1993.0,0.0
2024-12-07,02:00 - 03:00,1361.18,0.0,1383.6,0.0
2024-12-07,03:00 - 04:00,1638.93,0.0,1552.41,0.0
2024-12-07,04:00 - 05:00,1734.07,0.0,1817.3400000000001,0.0
2024-12-07,05:00 - 06:00,2323.3,0.0,2187.69,0.0
2024-12-07,06:00 - 07:00,1920.47,0.0,1414.76,0.0
2024-12-07,07:00 - 08:00,1434.03,0.0,2163.5,0.0
2024-12-07,08:00 - 09:00,446.76,0.0,849.94,0.0
2024-12-07,09:00 - 10:00,524.52,0.0,83.69,796.2
2024-12-07,10:00 - 11:00,1458.01,0.0,0.0,1777.78
2024-12-07,11:00 - 12:00,1901.96,0.0,0.0,2712.38
2024-12-07,12:00 - 13:00,2244.62,0.0,0.0,2740.17
2024-12-07,13:00 - 14:00,2178.52,0.0,0.0,2751.96
2024-12-07,14:00 - 15:00,2020.31,0.0,0.0,2817.74
2024-12-07,15:00 - 16:00,1910.15,0.0,0.0,2865.1
2024-12-07,16:00 - 17:00,2349.7,0.0,0.0,2227.62
2024-12-07,17:00 - 18:00,1347.46,0.0,0.0,1769.53
2024-12-07,18:00 - 19:00,838.2,0.0,0.0,1612.78
2024-12-07,19:00 - 20:00,185.47,54.15,0.0,1679.66
2024-12-07,20:00 - 21:00,29.28,36.04,0.0,940.13
2024-12-07,21:00 - 22:00,309.83,24.75,313.52,176.94
2024-12-07,22:00 - 23:00,420.19,0.0,134.08,956.64
2024-12-07,23:00 - 00:00,717.17,0.0,0.0,1711.6399999999999
2024-12-08,00:00 - 01:00,990.56,0.0,0.0,2380.33
2024-12-08,01:00 - 02:00,1124.75,0.0,0.0,2655.84
2024-12-08,02:00 - 03:00,1189.58,0.0,0.0,2668.09
2024-12-08,03:00 - 04:00,1090.1,0.0,0.0,2534.54
2024-12-08,04:00 - 05:00,835.36,0.0,0.0,2725.84
2024-12-08,05:00 - 06:00,778.96,0.0,0.0,2757.23
2024-12-08,06:00 - 07:00,728.64,0.0,0.0,2742.42
2024-12-08,07:00 - 08:00,716.8,0.0,0.0,2636.88
2024-12-08,08:00 - 09:00,793.2,0.0,0.0,2727.91
2024-12-08,09:00 - 10:00,974.46,0.0,0.0,2725.0
2024-12-08,10:00 - 11:00,1105.17,0.0,0.0,2815.18
2024-12-08,11:00 - 12:00,1321.9,0.0,0.0,2968.52
2024-12-08,12:00 - 13:00,1452.81,0.0,0.0,2969.16
2024-12-08,13:00 - 14:00,1641.64,0.0,0.0,2866.08
2024-12-08,14:00 - 15:00,1362.13,0.0,0.0,2954.13
2024-12-08,15:00 - 16:00,1264.06,0.0,0.0,2981.26
2024-12-08,16:00 - 17:00,1299.83,0.0,0.0,2728.73
2024-12-08,17:00 - 18:00,901.15,0.0,0.0,2232.72
2024-12-08,18:00 - 19:00,167.02,51.22,0.0,2184.55
2024-12-08,19:00 - 20:00,70.58,32.73,0.0,2045.8500000000001
2024-12-08,20:00 - 21:00,273.1,0.0,0.0,1415.01
2024-12-08,21:00 - 22:00,139.86,0.0,12.02,393.18
2024-12-08,22:00 - 23:00,203.94,0.0,0.0,1508.58
2024-12-08,23:00 - 00:00,358.25,0.0,0.0,2323.82
2024-12-09,00:00 - 01:00,557.13,0.0,0.0,2714.88
2024-12-09,01:00 - 02:00,912.73,0.0,0.0,2712.42
2024-12-09,02:00 - 03:00,959.77,0.0,0.0,2917.0699999999997
2024-12-09,03:00 - 04:00,1174.91,0.0,0.0,2558.32
2024-12-09,04:00 - 05:00,1422.14,0.0,0.0,2030.06
2024-12-09,05:00 - 06:00,1028.24,0.0,0.0,2612.66
2024-12-09,06:00 - 07:00,404.31,0.0,0.0,3021.04
2024-12-09,07:00 - 08:00,259.66,0.0,0.0,2895.7799999999997
2024-12-09,08:00 - 09:00,467.34,0.0,0.0,2080.06
2024-12-09,09:00 - 10:00,495.61,0.0,0.0,2464.81
2024-12-09,10:00 - 11:00,1792.78,0.0,0.0,2587.65
2024-12-09,11:00 - 12:00,2543.71,0.0,0.0,2692.46
2024-12-09,12:00 - 13:00,2395.3,0.0,0.0,2684.0
2024-12-09,13:00 - 14:00,2581.72,0.0,0.0,2381.6099999999997
2024-12-09,14:00 - 15:00,2740.94,0.0,0.0,2307.51
2024-12-09,15:00 - 16:00,2741.52,0.0,0.0,2532.39
2024-12-09,16:00 - 17:00,2350.75,0.0,0.0,1961.19
2024-12-09,17:00 - 18:00,2225.45,0.0,0.0,1320.52
2024-12-09,18:00 - 19:00,1708.3,0.0,993.59,131.58
2024-12-09,19:00 - 20:00,1605.84,0.0,1150.19,0.0
2024-12-09,20:00 - 21:00,1905.82,0.0,1821.49,0.0
2024-12-09,21:00 - 22:00,2100.91,0.0,2038.33,0.0
2024-12-09,22:00 - 23:00,2910.85,0.0,2040.26,0.0
2024-12-09,23:00 - 00:00,3580.0,0.0,2045.2200000000003,0.0
2024-12-10,00:00 - 01:00,3821.07,0.0,2051.8,0.0
2024-12-10,01:00 - 02:00,3746.14,0.0,1986.59,0.0
2024-12-10,02:00 - 03:00,3721.39,0.0,1934.3600000000001,0.0
2024-12-10,03:00 - 04:00,3696.87,0.0,2067.39,0.0
2024-12-10,04:00 - 05:00,3262.43,0.0,2186.42,0.0
2024-12-10,05:00 - 06:00,2925.63,0.0,2184.59,0.0
2024-12-10,06:00 - 07:00,2594.57,0.0,2202.96,0.0
2024-12-10,07:00 - 08:00,2228.62,0.0,2150.8199999999997,0.0
2024-12-10,08:00 - 09:00,1871.17,0.0,2238.2,0.0
2024-12-10,09:00 - 10:00,2586.11,0.0,1320.5500000000002,0.0
2024-12-10,10:00 - 11:00,2992.33,0.0,203.13,883.19
2024-12-10,11:00 - 12:00,2997.6,0.0,0.0,1801.02
2024-12-10,12:00 - 13:00,2939.34,0.0,0.0,1959.06
2024-12-10,13:00 - 14:00,2825.56,0.0,0.0,1804.54
2024-12-10,14:00 - 15:00,2968.0,0.0,0.0,1846.3200000000002
2024-12-10,15:00 - 16:00,3046.04,0.0,0.0,1947.06
2024-12-10,16:00 - 17:00,2694.43,0.0,0.0,922.53
2024-12-10,17:00 - 18:00,1366.12,0.0,0.0,758.21
2024-12-10,18:00 - 19:00,208.64,251.95,0.0,487.37
2024-12-10,19:00 - 20:00,0.0,242.12,908.1,41.17
2024-12-10,20:00 - 21:00,336.49,4.12,1662.62,0.0
2024-12-10,21:00 - 22:00,787.33,0.0,1675.06,0.0
2024-12-10,22:00 - 23:00,2187.46,0.0,1568.6,0.0
2024-12-10,23:00 - 00:00,2818.6,0.0,2353.16,0.0
2024-12-11,00:00 - 01:00,3021.91,0.0,2937.52,0.0
2024-12-11,01:00 - 02:00,3031.02,0.0,3079.51,0.0
2024-12-11,02:00 - 03:00,2753.74,0.0,3049.5699999999997,0.0
2024-12-11,03:00 - 04:00,2817.99,0.0,3025.65,0.0
2024-12-11,04:00 - 05:00,2731.52,0.0,3320.12,0.0
2024-12-11,05:00 - 06:00,2397.63,0.0,3138.27,0.0
2024-12-11,06:00 - 07:00,1418.27,0.0,3063.75,0.0
2024-12-11,07:00 - 08:00,465.6,0.0,639.64,694.9599999999999
2024-12-11,08:00 - 09:00,35.1,973.67,0.0,1396.88
2024-12-11,09:00 - 10:00,372.93,287.05,0.0,606.7
2024-12-11,10:00 - 11:00,1442.25,0.0,0.0,316.68
2024-12-11,11:00 - 12:00,2539.54,0.0,0.0,214.17
2024-12-11,12:00 - 13:00,2703.3,0.0,0.0,195.59
2024-12-11,13:00 - 14:00,2156.25,0.0,0.0,266.65999999999997
2024-12-11,14:00 - 15:00,2363.64,0.0,0.0,320.09000000000003
2024-12-11,15:00 - 16:00,2613.62,0.0,0.0,272.54
2024-12-11,16:00 - 17:00,1433.65,0.0,0.0,303.71000000000004
2024-12-11,17:00 - 18:00,265.04,0.0,0.31,207.73000000000002
2024-12-11,18:00 - 19:00,0.0,484.01,0.0,117.67
2024-12-11,19:00 - 20:00,23.97,146.64,32.73,11.23
2024-12-11,20:00 - 21:00,0.0,212.58,17.259999999999998,12.67
2024-12-11,21:00 - 22:00,446.83,49.93,1235.78,0.0
2024-12-11,22:00 - 23:00,1815.08,0.0,906.9100000000001,0.0
2024-12-11,23:00 - 00:00,2469.85,0.0,1364.87,0.0
2024-12-12,00:00 - 01:00,3094.26,0.0,2700.4700000000003,0.0
2024-12-12,01:00 - 02:00,2960.85,0.0,3256.75,0.0
2024-12-12,02:00 - 03:00,2949.61,0.0,3308.04,0.0
2024-12-12,03:00 - 04:00,3024.22,0.0,3262.44,0.0
2024-12-12,04:00 - 05:00,2865.89,0.0,3352.73,0.0
2024-12-12,05:00 - 06:00,2119.4,0.0,2444.04,0.0
2024-12-12,06:00 - 07:00,1276.97,0.0,776.74,0.0
2024-12-12,07:00 - 08:00,212.47,694.47,11.4,1020.0899999999999
2024-12-12,08:00 - 09:00,0.0,2088.45,0.0,1324.1
2024-12-12,09:00 - 10:00,0.0,1696.49,0.0,1207.79
2024-12-12,10:00 - 11:00,618.77,324.59,0.0,1259.08
2024-12-12,11:00 - 12:00,1401.15,0.0,0.0,1047.48
2024-12-12,12:00 - 13:00,1603.5,0.0,0.0,969.48
2024-12-12,13:00 - 14:00,1592.16,0.0,0.0,667.83
2024-12-12,14:00 - 15:00,1604.83,0.0,0.0,622.3299999999999
2024-12-12,15:00 - 16:00,1696.86,0.0,0.0,1150.6399999999999
2024-12-12,16:00 - 17:00,351.77,441.05,0.0,1201.6399999999999
2024-12-12,17:00 - 18:00,0.0,410.49,405.1,228.33
2024-12-12,18:00 - 19:00,0.0,471.28,102.5,0.0
2024-12-12,19:00 - 20:00,0.0,452.94,253.72,0.0
2024-12-12,20:00 - 21:00,0.0,624.17,1084.56,0.0
2024-12-12,21:00 - 22:00,0.0,184.5,1335.21,0.0
2024-12-12,22:00 - 23:00,1202.32,0.0,1894.8899999999999,0.0
2024-12-12,23:00 - 00:00,2072.0,0.0,2723.79,0.0
2024-12-13,00:00 - 01:00,2346.8,0.0,3073.6400000000003,0.0
2024-12-13,01:00 - 02:00,2290.17,0.0,2654.86,0.0
2024-12-13,02:00 - 03:00,2470.96,0.0,2818.91,0.0
2024-12-13,03:00 - 04:00,2775.08,0.0,3182.01,0.0
2024-12-13,04:00 - 05:00,2723.02,0.0,3301.14,0.0
2024-12-13,05:00 - 06:00,2561.14,0.0,3240.91,0.0
2024-12-13,06:00 - 07:00,1875.86,0.0,2134.78,0.0
2024-12-13,07:00 - 08:00,352.23,758.03,276.35,244.56
2024-12-13,08:00 - 09:00,0.0,1374.4,78.15,74.23
2024-12-13,09:00 - 10:00,0.0,1038.97,23.33,200.85999999999999
2024-12-13,10:00 - 11:00,486.2,199.66,0.0,1095.1
2024-12-13,11:00 - 12:00,1431.86,0.0,0.0,1938.22
2024-12-13,12:00 - 13:00,2144.68,0.0,0.0,1970.08
2024-12-13,13:00 - 14:00,2191.64,0.0,0.0,1966.08
2024-12-13,14:00 - 15:00,2378.35,0.0,0.0,2044.73
2024-12-13,15:00 - 16:00,2227.89,0.0,0.0,1988.6100000000001
2024-12-13,16:00 - 17:00,1641.68,0.0,0.0,1693.76
2024-12-13,17:00 - 18:00,335.12,605.51,443.34000000000003,340.44
2024-12-13,18:00 - 19:00,0.0,476.39,1198.9299999999998,0.0
2024-12-13,19:00 - 20:00,0.27,68.17,1580.35,0.0
2024-12-13,20:00 - 21:00,1.66,58.94,1755.62,0.0
2024-12-13,21:00 - 22:00,0.0,18.36,3046.33,0.0
2024-12-13,22:00 - 23:00,1797.56,0.0,3513.96,0.0
2024-12-13,23:00 - 00:00,2369.17,0.0,3452.4700000000003,0.0
2024-12-14,00:00 - 01:00,2328.45,0.0,3109.95,0.0
2024-12-14,01:00 - 02:00,2656.07,0.0,3167.79,0.0
2024-12-14,02:00 - 03:00,2612.25,0.0,3101.84,0.0
2024-12-14,03:00 - 04:00,2745.46,0.0,3091.82,0.0
2024-12-14,04:00 - 05:00,2807.17,0.0,2954.62,0.0
2024-12-14,05:00 - 06:00,2871.31,0.0,2792.79,0.0
2024-12-14,06:00 - 07:00,2936.89,0.0,2692.62,0.0
2024-12-14,07:00 - 08:00,2767.81,0.0,2755.75,0.0
2024-12-14,08:00 - 09:00,2300.8,0.0,3011.38,0.0
2024-12-14,09:00 - 10:00,2835.1,0.0,3109.8,0.0
2024-12-14,10:00 - 11:00,3054.13,0.0,1894.91,0.0
2024-12-14,11:00 - 12:00,3166.48,0.0,793.15,0.0
2024-12-14,12:00 - 13:00,3511.89,0.0,250.66,53.07
2024-12-14,13:00 - 14:00,3965.95,0.0,655.43,0.0
2024-12-14,14:00 - 15:00,3913.67,0.0,1115.01,0.0
2024-12-14,15:00 - 16:00,4377.31,0.0,1522.21,0.0
2024-12-14,16:00 - 17:00,4542.07,0.0,3101.28,0.0
2024-12-14,17:00 - 18:00,3814.54,0.0,3362.88,0.0
2024-12-14,18:00 - 19:00,3076.0,0.0,3313.27,0.0
2024-12-14,19:00 - 20:00,2737.7,0.0,3298.0,0.0
2024-12-14,20:00 - 21:00,2563.53,0.0,3106.86,0.0
2024-12-14,21:00 - 22:00,2599.4,0.0,3249.43,0.0
2024-12-14,22:00 - 23:00,3346.55,0.0,3226.44,0.0
2024-12-14,23:00 - 00:00,3626.38,0.0,3218.3199999999997,0.0
2024-12-15,00:00 - 01:00,3192.95,0.0,2825.1,0.0
2024-12-15,01:00 - 02:00,2971.49,0.0,2804.59,0.0
2024-12-15,02:00 - 03:00,3436.77,0.0,2632.27,0.0
2024-12-15,03:00 - 04:00,3536.53,0.0,2486.69,0.0
2024-12-15,04:00 - 05:00,3652.94,0.0,2383.95,0.0
2024-12-15,05:00 - 06:00,3541.88,0.0,2417.31,0.0
2024-12-15,06:00 - 07:00,3329.1,0.0,2381.6800000000003,0.0
2024-12-15,07:00 - 08:00,3017.31,0.0,2605.41,0.0
2024-12-15,08:00 - 09:00,3088.54,0.0,2583.99,0.0
2024-12-15,09:00 - 10:00,3104.07,0.0,2647.42,0.0
2024-12-15,10:00 - 11:00,2828.72,0.0,1573.89,0.0
2024-12-15,11:00 - 12:00,2820.95,0.0,272.12,439.15
2024-12-15,12:00 - 13:00,2882.17,0.0,0.0,653.11
2024-12-15,13:00 - 14:00,3003.61,0.0,282.26,222.32
2024-12-15,14:00 - 15:00,3107.98,0.0,1313.39,0.0
2024-12-15,15:00 - 16:00,3299.37,0.0,1662.82,0.0
2024-12-15,16:00 - 17:00,3229.53,0.0,2867.68,0.0
2024-12-15,17:00 - 18:00,2794.63,0.0,3154.37,0.0
2024-12-15,18:00 - 19:00,1923.29,0.0,3007.57,0.0
2024-12-15,19:00 - 20:00,1395.88,0.0,3090.59,0.0
2024-12-15,20:00 - 21:00,1117.92,0.0,3096.5600000000004,0.0
2024-12-15,21:00 - 22:00,1036.84,0.0,3275.74,0.0
2024-12-15,22:00 - 23:00,1598.87,0.0,3154.4700000000003,0.0
2024-12-15,23:00 - 00:00,1535.2,0.0,2775.86,0.0
2024-12-16,00:00 - 01:00,1771.14,0.0,3219.8,0.0
2024-12-16,01:00 - 02:00,1541.09,0.0,3281.9,0.0
2024-12-16,02:00 - 03:00,893.25,0.0,3291.65,0.0
2024-12-16,03:00 - 04:00,576.09,0.0,3326.4,0.0
2024-12-16,04:00 - 05:00,273.05,0.0,3094.6099999999997,0.0
2024-12-16,05:00 - 06:00,87.94,17.15,3009.05,0.0
2024-12-16,06:00 - 07:00,382.55,0.0,2982.8599999999997,0.0
2024-12-16,07:00 - 08:00,98.38,579.15,3035.82,0.0
2024-12-16,08:00 - 09:00,0.0,1423.1,2995.83,0.0
2024-12-16,09:00 - 10:00,447.75,330.51,3062.7599999999998,0.0
2024-12-16,10:00 - 11:00,1534.18,0.0,2871.8,0.0
2024-12-16,11:00 - 12:00,2356.41,0.0,3389.12,0.0
2024-12-16,12:00 - 13:00,2766.73,0.0,3651.93,0.0
2024-12-16,13:00 - 14:00,2782.64,0.0,3579.39,0.0
2024-12-16,14:00 - 15:00,2853.81,0.0,3483.82,0.0
2024-12-16,15:00 - 16:00,3329.1,0.0,2953.48,0.0
2024-12-16,16:00 - 17:00,2927.51,0.0,3183.0,0.0
2024-12-16,17:00 - 18:00,1392.3,0.0,3064.29,0.0
2024-12-16,18:00 - 19:00,212.63,250.06,3018.83,0.0
2024-12-16,19:00 - 20:00,0.0,684.68,3018.95,0.0
2024-12-16,20:00 - 21:00,0.0,779.42,3247.74,0.0
2024-12-16,21:00 - 22:00,182.16,171.1,3278.41,0.0
2024-12-16,22:00 - 23:00,1402.04,0.0,3220.82,0.0
2024-12-16,23:00 - 00:00,2135.49,0.0,3302.14,0.0
2024-12-17,00:00 - 01:00,1695.88,0.0,1477.3400000000001,0.0
2024-12-17,01:00 - 02:00,1513.32,0.0,1183.69,0.0
2024-12-17,02:00 - 03:00,1290.81,0.0,1151.81,0.0
2024-12-17,03:00 - 04:00,1010.37,0.0,1243.1799999999998,0.0
2024-12-17,04:00 - 05:00,903.19,0.0,1996.94,0.0
2024-12-17,05:00 - 06:00,875.17,0.0,2363.92,0.0
2024-12-17,06:00 - 07:00,859.6,0.0,3096.98,0.0
2024-12-17,07:00 - 08:00,665.51,0.0,3313.84,0.0
2024-12-17,08:00 - 09:00,217.34,0.0,3331.9300000000003,0.0
2024-12-17,09:00 - 10:00,903.19,0.0,3085.2799999999997,0.0
2024-12-17,10:00 - 11:00,1922.35,0.0,3380.13,0.0
2024-12-17,11:00 - 12:00,2412.71,0.0,3239.11,0.0
2024-12-17,12:00 - 13:00,2780.17,0.0,2503.54,0.0
2024-12-17,13:00 - 14:00,2447.91,0.0,936.96,0.0
2024-12-17,14:00 - 15:00,2227.95,0.0,1170.39,0.0
2024-12-17,15:00 - 16:00,2356.72,0.0,1531.88,0.0
2024-12-17,16:00 - 17:00,2586.44,0.0,2692.09,0.0
2024-12-17,17:00 - 18:00,1935.2,0.0,3040.75,0.0
2024-12-17,18:00 - 19:00,978.97,0.0,3154.04,0.0
2024-12-17,19:00 - 20:00,662.95,0.0,3200.56,0.0
2024-12-17,20:00 - 21:00,704.87,0.0,3403.22,0.0
2024-12-17,21:00 - 22:00,1335.07,0.0,3509.86,0.0
2024-12-17,22:00 - 23:00,2166.67,0.0,3383.01,0.0
2024-12-17,23:00 - 00:00,2352.73,0.0,3355.81,0.0
2024-12-18,00:00 - 01:00,2397.49,0.0,2806.7200000000003,0.0
2024-12-18,01:00 - 02:00,2539.51,0.0,2988.3,0.0
2024-12-18,02:00 - 03:00,2608.48,0.0,2945.69,0.0
2024-12-18,03:00 - 04:00,2642.4,0.0,2766.62,0.0
2024-12-18,04:00 - 05:00,2601.08,0.0,2739.83,0.0
2024-12-18,05:00 - 06:00,2269.57,0.0,2693.81,0.0
2024-12-18,06:00 - 07:00,1601.8,0.0,2822.3900000000003,0.0
2024-12-18,07:00 - 08:00,325.02,18.74,2888.36,0.0
2024-12-18,08:00 - 09:00,0.0,478.41,3004.68,0.0
2024-12-18,09:00 - 10:00,601.3,116.58,2987.88,0.0
2024-12-18,10:00 - 11:00,2004.44,0.0,3004.5299999999997,0.0
2024-12-18,11:00 - 12:00,2549.11,0.0,2961.79,0.0
2024-12-18,12:00 - 13:00,2814.24,0.0,3052.4,0.0
2024-12-18,13:00 - 14:00,2849.49,0.0,2961.19,0.0
2024-12-18,14:00 - 15:00,3642.24,0.0,2985.1499999999996,0.0
2024-12-18,15:00 - 16:00,3961.62,0.0,2988.07,0.0
2024-12-18,16:00 - 17:00,3069.92,0.0,3137.1400000000003,0.0
2024-12-18,17:00 - 18:00,1254.53,0.0,3162.09,0.0
2024-12-18,18:00 - 19:00,176.75,163.67,3017.15,0.0
2024-12-18,19:00 - 20:00,0.0,231.21,3176.62,0.0
2024-12-18,20:00 - 21:00,11.24,58.43,3193.17,0.0
2024-12-18,21:00 - 22:00,426.59,0.0,3355.15,0.0
2024-12-18,22:00 - 23:00,1074.66,0.0,3402.31,0.0
2024-12-18,23:00 - 00:00,2200.61,0.0,3380.66,0.0
2024-12-19,00:00 - 01:00,1870.74,0.0,2713.33,0.0
2024-12-19,01:00 - 02:00,2331.19,0.0,2645.5699999999997,0.0
2024-12-19,02:00 - 03:00,2548.42,0.0,2433.91,0.0
2024-12-19,03:00 - 04:00,2518.55,0.0,2525.44,0.0
2024-12-19,04:00 - 05:00,2444.26,0.0,2674.35,0.0
2024-12-19,05:00 - 06:00,2314.69,0.0,2765.62,0.0
2024-12-19,06:00 - 07:00,1522.17,0.0,2937.67,0.0
2024-12-19,07:00 - 08:00,762.62,0.0,2919.56,0.0
2024-12-19,08:00 - 09:00,258.8,0.0,2856.55,0.0
2024-12-19,09:00 - 10:00,857.99,0.0,3276.85,0.0
2024-12-19,10:00 - 11:00,2162.17,0.0,3172.58,0.0
2024-12-19,11:00 - 12:00,2583.62,0.0,3054.95,0.0
2024-12-19,12:00 - 13:00,3034.73,0.0,2949.6,0.0
2024-12-19,13:00 - 14:00,2786.07,0.0,1783.92,0.0
2024-12-19,14:00 - 15:00,3018.57,0.0,1225.74,0.0
2024-12-19,15:00 - 16:00,3252.4,0.0,623.78,0.0
2024-12-19,16:00 - 17:00,3520.87,0.0,1762.24,0.0
2024-12-19,17:00 - 18:00,3242.09,0.0,2518.77,0.0
2024-12-19,18:00 - 19:00,2682.44,0.0,2835.45,0.0
2024-12-19,19:00 - 20:00,2157.53,0.0,2917.6,0.0
2024-12-19,20:00 - 21:00,2028.98,0.0,2949.27,0.0
2024-12-19,21:00 - 22:00,1721.99,0.0,2892.08,0.0
2024-12-19,22:00 - 23:00,2285.06,0.0,2956.81,0.0
2024-12-19,23:00 - 00:00,2936.52,0.0,2928.28,0.0
2024-12-20,00:00 - 01:00,2595.46,0.0,2000.85,0.0
2024-12-20,01:00 - 02:00,2676.16,0.0,1625.67,0.0
2024-12-20,02:00 - 03:00,2949.83,0.0,1371.74,0.0
2024-12-20,03:00 - 04:00,3151.06,0.0,1602.0,0.0
2024-12-20,04:00 - 05:00,3318.83,0.0,2221.48,0.0
2024-12-20,05:00 - 06:00,3089.26,0.0,2111.55,0.0
2024-12-20,06:00 - 07:00,2720.61,0.0,1979.4099999999999,0.0
2024-12-20,07:00 - 08:00,1031.59,0.0,2208.1,0.0
2024-12-20,08:00 - 09:00,314.12,0.0,2775.7799999999997,0.0
2024-12-20,09:00 - 10:00,1129.87,0.0,2427.69,0.0
2024-12-20,10:00 - 11:00,2273.64,0.0,1561.1299999999999,0.0
2024-12-20,11:00 - 12:00,2542.33,0.0,554.67,0.0
2024-12-20,12:00 - 13:00,3439.14,0.0,1326.96,0.0
2024-12-20,13:00 - 14:00,4286.03,0.0,2024.1,0.0
2024-12-20,14:00 - 15:00,4292.22,0.0,1235.1599999999999,0.0
2024-12-20,15:00 - 16:00,4334.76,0.0,336.05,0.0
2024-12-20,16:00 - 17:00,3911.05,0.0,1484.54,0.0
2024-12-20,17:00 - 18:00,2459.1,0.0,2491.26,0.0
2024-12-20,18:00 - 19:00,1084.62,0.0,2723.84,0.0
2024-12-20,19:00 - 20:00,836.21,0.0,2915.9900000000002,0.0
2024-12-20,20:00 - 21:00,897.96,0.0,2984.08,0.0
2024-12-20,21:00 - 22:00,940.47,0.0,2981.7400000000002,0.0
2024-12-20,22:00 - 23:00,1574.8,0.0,2835.9700000000003,0.0
2024-12-20,23:00 - 00:00,1889.69,0.0,2910.4,0.0
2024-12-21,00:00 - 01:00,1815.88,0.0,2502.6,0.0
2024-12-21,01:00 - 02:00,1622.18,0.0,2469.45,0.0
2024-12-21,02:00 - 03:00,1873.74,0.0,2317.16,0.0
2024-12-21,03:00 - 04:00,1900.91,0.0,2098.3,0.0
2024-12-21,04:00 - 05:00,1879.26,0.0,1921.34,0.0
2024-12-21,05:00 - 06:00,1818.62,0.0,1785.17,0.0
2024-12-21,06:00 - 07:00,1561.91,0.0,1803.45,0.0
2024-12-21,07:00 - 08:00,1437.6,0.0,1992.05,0.0
2024-12-21,08:00 - 09:00,1247.87,0.0,2098.56,0.0
2024-12-21,09:00 - 10:00,1496.51,0.0,2483.8900000000003,0.0
2024-12-21,10:00 - 11:00,2248.07,0.0,2317.1,0.0
2024-12-21,11:00 - 12:00,2731.11,0.0,2907.69,0.0
2024-12-21,12:00 - 13:00,3229.72,0.0,3101.8599999999997,0.0
2024-12-21,13:00 - 14:00,3359.95,0.0,3094.67,0.0
2024-12-21,14:00 - 15:00,3787.37,0.0,3053.7,0.0
2024-12-21,15:00 - 16:00,3735.31,0.0,2940.39,0.0
2024-12-21,16:00 - 17:00,3342.02,0.0,2859.92,0.0
2024-12-21,17:00 - 18:00,1857.15,0.0,2993.44,0.0
2024-12-21,18:00 - 19:00,807.12,0.0,2982.2200000000003,0.0
2024-12-21,19:00 - 20:00,353.82,0.0,2766.5,0.0
2024-12-21,20:00 - 21:00,279.77,0.0,2921.08,0.0
2024-12-21,21:00 - 22:00,387.08,0.0,2968.63,0.0
2024-12-21,22:00 - 23:00,1390.98,0.0,2951.02,0.0
2024-12-21,23:00 - 00:00,1585.94,0.0,2758.27,0.0
2024-12-22,00:00 - 01:00,1558.04,0.0,2546.11,0.0
2024-12-22,01:00 - 02:00,1895.94,0.0,2473.2799999999997,0.0
2024-12-22,02:00 - 03:00,2112.0,0.0,2482.04,0.0
2024-12-22,03:00 - 04:00,2189.25,0.0,2522.16,0.0
2024-12-22,04:00 - 05:00,2711.39,0.0,2446.47,0.0
2024-12-22,05:00 - 06:00,3086.81,0.0,2267.26,0.0
2024-12-22,06:00 - 07:00,3126.86,0.0,2410.79,0.0
2024-12-22,07:00 - 08:00,2785.55,0.0,2592.6000000000004,0.0
2024-12-22,08:00 - 09:00,2463.85,0.0,2361.68,0.0
2024-12-22,09:00 - 10:00,2880.24,0.0,2235.94,0.0
2024-12-22,10:00 - 11:00,2828.76,0.0,569.82,170.36
2024-12-22,11:00 - 12:00,2879.03,0.0,0.0,1368.07
2024-12-22,12:00 - 13:00,3033.63,0.0,0.0,2508.65
2024-12-22,13:00 - 14:00,3171.23,0.0,0.0,2653.35
2024-12-22,14:00 - 15:00,3130.32,0.0,0.0,3209.94
2024-12-22,15:00 - 16:00,3099.66,0.0,0.0,2976.92
2024-12-22,16:00 - 17:00,2782.4,0.0,0.0,2726.84
2024-12-22,17:00 - 18:00,1158.13,0.0,0.0,2642.32
2024-12-22,18:00 - 19:00,155.78,362.41,0.0,1997.3
2024-12-22,19:00 - 20:00,0.0,741.25,0.0,1879.08
2024-12-22,20:00 - 21:00,0.0,258.97,148.36,351.11
2024-12-22,21:00 - 22:00,328.36,7.88,1019.77,0.0
2024-12-22,22:00 - 23:00,812.46,0.0,1548.69,0.0
2024-12-22,23:00 - 00:00,1956.36,0.0,1788.69,0.0
2024-12-23,00:00 - 01:00,3045.22,0.0,1769.49,0.0
2024-12-23,01:00 - 02:00,2958.18,0.0,873.09,0.0
2024-12-23,02:00 - 03:00,2484.94,0.0,78.18,557.61
2024-12-23,03:00 - 04:00,2259.23,0.0,0.0,1253.1599999999999
2024-12-23,04:00 - 05:00,1771.89,0.0,0.0,1441.3400000000001
2024-12-23,05:00 - 06:00,1500.78,0.0,0.0,1187.6599999999999
2024-12-23,06:00 - 07:00,1501.32,0.0,0.0,821.37
2024-12-23,07:00 - 08:00,969.84,0.0,359.53000000000003,158.92
2024-12-23,08:00 - 09:00,337.5,0.0,287.72,235.67000000000002
2024-12-23,09:00 - 10:00,795.78,0.0,0.0,1910.9900000000002
2024-12-23,10:00 - 11:00,1831.29,0.0,0.0,3274.95
2024-12-23,11:00 - 12:00,2594.3,0.0,0.0,3006.55
2024-12-23,12:00 - 13:00,3088.37,0.0,0.0,1396.76
2024-12-23,13:00 - 14:00,3072.52,0.0,0.0,958.86
2024-12-23,14:00 - 15:00,3008.87,0.0,0.0,2334.5699999999997
2024-12-23,15:00 - 16:00,3092.66,0.0,0.0,2746.6099999999997
2024-12-23,16:00 - 17:00,2720.26,0.0,0.0,2401.04
2024-12-23,17:00 - 18:00,1371.75,0.0,0.0,2733.61
2024-12-23,18:00 - 19:00,200.36,620.59,0.0,3111.54
2024-12-23,19:00 - 20:00,0.0,890.85,0.0,2846.73
2024-12-23,20:00 - 21:00,0.0,558.48,0.0,981.89
2024-12-23,21:00 - 22:00,0.0,644.36,0.0,491.31
2024-12-23,22:00 - 23:00,0.0,445.13,0.0,1348.44
2024-12-23,23:00 - 00:00,276.28,89.57,0.0,2632.66
2024-12-24,00:00 - 01:00,217.14,0.0,0.0,2343.9
2024-12-24,01:00 - 02:00,444.88,0.0,0.0,1945.39
2024-12-24,02:00 - 03:00,587.62,0.0,0.0,2298.1600000000003
2024-12-24,03:00 - 04:00,561.64,0.0,0.0,3099.96
2024-12-24,04:00 - 05:00,364.76,0.0,0.0,3119.4300000000003
2024-12-24,05:00 - 06:00,155.71,0.0,0.0,2759.51
2024-12-24,06:00 - 07:00,22.56,87.32,0.0,2165.41
2024-12-24,07:00 - 08:00,0.0,1002.18,0.0,2467.14
2024-12-24,08:00 - 09:00,0.0,2159.36,0.0,1987.29
2024-12-24,09:00 - 10:00,0.0,1733.95,0.0,2440.82
2024-12-24,10:00 - 11:00,0.0,399.9,0.0,2891.61
2024-12-24,11:00 - 12:00,573.56,0.0,0.0,2874.76
2024-12-24,12:00 - 13:00,839.28,0.0,0.0,2889.42
2024-12-24,13:00 - 14:00,1251.9,0.0,0.0,2732.02
2024-12-24,14:00 - 15:00,1568.77,0.0,0.0,3014.74
2024-12-24,15:00 - 16:00,1696.45,0.0,0.0,2883.96
2024-12-24,16:00 - 17:00,1188.81,0.0,0.0,2811.1
2024-12-24,17:00 - 18:00,218.01,701.46,0.0,2546.38
2024-12-24,18:00 - 19:00,0.0,827.06,412.72,590.44
2024-12-24,19:00 - 20:00,0.0,700.12,739.5899999999999,0.0
2024-12-24,20:00 - 21:00,175.17,148.32,1554.77,0.0
2024-12-24,21:00 - 22:00,563.71,0.0,1345.12,0.0
2024-12-24,22:00 - 23:00,154.29,131.71,270.88,703.64
2024-12-24,23:00 - 00:00,0.0,317.55,0.0,2106.8
2024-12-25,00:00 - 01:00,965.69,31.75,0.0,1110.85
2024-12-25,01:00 - 02:00,1498.8,0.0,0.0,171.28
2024-12-25,02:00 - 03:00,1621.68,0.0,0.0,289.86
2024-12-25,03:00 - 04:00,1754.83,0.0,434.3,0.0
2024-12-25,04:00 - 05:00,1506.87,0.0,534.07,0.0
2024-12-25,05:00 - 06:00,1706.3,0.0,889.23,0.0
2024-12-25,06:00 - 07:00,1675.52,0.0,1388.75,0.0
2024-12-25,07:00 - 08:00,1258.27,0.0,1242.0,0.0
2024-12-25,08:00 - 09:00,476.07,0.0,258.05,116.85
2024-12-25,09:00 - 10:00,46.58,37.73,0.0,2068.11
2024-12-25,10:00 - 11:00,279.11,24.03,0.0,3527.74
2024-12-25,11:00 - 12:00,1210.99,0.0,0.0,3488.85
2024-12-25,12:00 - 13:00,2015.02,0.0,0.0,2708.3
2024-12-25,13:00 - 14:00,1916.77,0.0,0.0,2444.14
2024-12-25,14:00 - 15:00,2370.23,0.0,0.0,2484.42
2024-12-25,15:00 - 16:00,2756.71,0.0,0.0,2911.98
2024-12-25,16:00 - 17:00,1803.95,0.0,0.0,2499.66
2024-12-25,17:00 - 18:00,1272.82,0.0,1255.18,427.3
2024-12-25,18:00 - 19:00,619.79,0.0,1778.64,0.0
2024-12-25,19:00 - 20:00,351.82,0.0,1889.98,0.0
2024-12-25,20:00 - 21:00,236.56,0.0,1797.72,0.0
2024-12-25,21:00 - 22:00,151.15,0.0,1784.22,0.0
2024-12-25,22:00 - 23:00,553.29,0.0,1856.1,0.0
2024-12-25,23:00 - 00:00,1050.08,0.0,1835.65,0.0
2024-12-26,00:00 - 01:00,1372.59,0.0,2117.58,0.0
2024-12-26,01:00 - 02:00,1595.1,0.0,2476.06,0.0
2024-12-26,02:00 - 03:00,1703.32,0.0,2460.9,0.0
2024-12-26,03:00 - 04:00,1766.59,0.0,2452.4300000000003,0.0
2024-12-26,04:00 - 05:00,1677.3,0.0,2352.3199999999997,0.0
2024-12-26,05:00 - 06:00,1533.89,0.0,2223.9300000000003,0.0
2024-12-26,06:00 - 07:00,1481.73,0.0,2293.59,0.0
2024-12-26,07:00 - 08:00,1360.3,0.0,2450.58,0.0
2024-12-26,08:00 - 09:00,808.02,0.0,2452.12,0.0
2024-12-26,09:00 - 10:00,1493.09,0.0,2427.7200000000003,0.0
2024-12-26,10:00 - 11:00,1707.57,0.0,2246.56,0.0
2024-12-26,11:00 - 12:00,2764.73,0.0,2436.89,0.0
2024-12-26,12:00 - 13:00,3395.11,0.0,2529.08,0.0
2024-12-26,13:00 - 14:00,3486.43,0.0,2532.37,0.0
2024-12-26,14:00 - 15:00,3686.98,0.0,2371.58,0.0
2024-12-26,15:00 - 16:00,3566.57,0.0,1136.22,0.0
2024-12-26,16:00 - 17:00,3560.77,0.0,1356.0,0.0
2024-12-26,17:00 - 18:00,2539.48,0.0,2198.33,0.0
2024-12-26,18:00 - 19:00,1783.72,0.0,2083.13,0.0
2024-12-26,19:00 - 20:00,1709.38,0.0,2299.03,0.0
2024-12-26,20:00 - 21:00,1431.52,0.0,2428.24,0.0
2024-12-26,21:00 - 22:00,1874.99,0.0,2435.85,0.0
2024-12-26,22:00 - 23:00,2572.09,0.0,2333.35,0.0
2024-12-26,23:00 - 00:00,3291.17,0.0,2398.8,0.0
2024-12-27,00:00 - 01:00,3412.66,0.0,2417.2400000000002,0.0
2024-12-27,01:00 - 02:00,3275.89,0.0,2389.4700000000003,0.0
2024-12-27,02:00 - 03:00,3455.27,0.0,2091.34,0.0
2024-12-27,03:00 - 04:00,3477.3,0.0,2411.22,0.0
2024-12-27,04:00 - 05:00,3437.43,0.0,2143.25,0.0
2024-12-27,05:00 - 06:00,3115.22,0.0,2183.96,0.0
2024-12-27,06:00 - 07:00,2450.13,0.0,2261.63,0.0
2024-12-27,07:00 - 08:00,1398.09,0.0,2416.35,0.0
2024-12-27,08:00 - 09:00,891.76,0.0,2403.0299999999997,0.0
2024-12-27,09:00 - 10:00,1080.57,0.0,2081.17,0.0
2024-12-27,10:00 - 11:00,2836.36,0.0,2519.88,0.0
2024-12-27,11:00 - 12:00,3850.37,0.0,2082.17,0.0
2024-12-27,12:00 - 13:00,4061.84,0.0,1299.23,0.0
2024-12-27,13:00 - 14:00,4124.44,0.0,1380.78,0.0
2024-12-27,14:00 - 15:00,3606.67,0.0,345.26,136.53000000000003
2024-12-27,15:00 - 16:00,3662.76,0.0,0.0,746.48
2024-12-27,16:00 - 17:00,3855.04,0.0,530.37,241.6
2024-12-27,17:00 - 18:00,2931.6,0.0,265.31,25.59
2024-12-27,18:00 - 19:00,1892.77,0.0,1243.9,0.0
2024-12-27,19:00 - 20:00,1757.55,0.0,1810.17,0.0
2024-12-27,20:00 - 21:00,1903.08,0.0,2280.69,0.0
2024-12-27,21:00 - 22:00,2181.1,0.0,2358.04,0.0
2024-12-27,22:00 - 23:00,3078.74,0.0,2338.5299999999997,0.0
2024-12-27,23:00 - 00:00,2997.73,0.0,2405.06,0.0
2024-12-28,00:00 - 01:00,3143.65,0.0,2453.86,0.0
2024-12-28,01:00 - 02:00,2924.14,0.0,2704.42,0.0
2024-12-28,02:00 - 03:00,2571.45,0.0,2461.42,0.0
2024-12-28,03:00 - 04:00,2685.26,0.0,2684.66,0.0
2024-12-28,04:00 - 05:00,2569.43,0.0,2674.22,0.0
2024-12-28,05:00 - 06:00,2315.37,0.0,2566.93,0.0
2024-12-28,06:00 - 07:00,2048.8,0.0,2640.7799999999997,0.0
2024-12-28,07:00 - 08:00,1785.36,0.0,2581.65,0.0
2024-12-28,08:00 - 09:00,1690.95,0.0,2723.79,0.0
2024-12-28,09:00 - 10:00,1808.33,0.0,2593.67,0.0
2024-12-28,10:00 - 11:00,2177.52,0.0,1268.34,0.0
2024-12-28,11:00 - 12:00,3000.3,0.0,551.81,0.0
2024-12-28,12:00 - 13:00,3536.44,0.0,41.989999999999995,38.5
2024-12-28,13:00 - 14:00,3745.03,0.0,300.49,7.42
2024-12-28,14:00 - 15:00,3845.36,0.0,235.26,5.51
2024-12-28,15:00 - 16:00,3940.42,0.0,0.0,187.86
2024-12-28,16:00 - 17:00,3933.97,0.0,665.32,99.87
2024-12-28,17:00 - 18:00,3565.91,0.0,1570.22,0.0
2024-12-28,18:00 - 19:00,2193.23,0.0,2300.75,0.0
2024-12-28,19:00 - 20:00,1754.02,0.0,2733.46,0.0
2024-12-28,20:00 - 21:00,1691.32,0.0,3045.29,0.0
2024-12-28,21:00 - 22:00,1804.82,0.0,3021.39,0.0
2024-12-28,22:00 - 23:00,2587.51,0.0,2850.66,0.0
2024-12-28,23:00 - 00:00,3276.29,0.0,2542.17,0.0
2024-12-29,00:00 - 01:00,3267.38,0.0,2564.79,0.0
2024-12-29,01:00 - 02:00,3029.9,0.0,2550.74,0.0
2024-12-29,02:00 - 03:00,2969.48,0.0,2551.69,0.0
2024-12-29,03:00 - 04:00,3085.87,0.0,2332.0499999999997,0.0
2024-12-29,04:00 - 05:00,2936.61,0.0,2264.1800000000003,0.0
2024-12-29,05:00 - 06:00,2798.35,0.0,2288.36,0.0
2024-12-29,06:00 - 07:00,2479.87,0.0,2256.02,0.0
2024-12-29,07:00 - 08:00,2347.99,0.0,2262.13,0.0
2024-12-29,08:00 - 09:00,2292.12,0.0,2558.67,0.0
2024-12-29,09:00 - 10:00,2382.85,0.0,2309.5,0.0
2024-12-29,10:00 - 11:00,2726.06,0.0,1353.33,0.0
2024-12-29,11:00 - 12:00,3050.12,0.0,565.98,0.0
2024-12-29,12:00 - 13:00,3622.56,0.0,305.58,0.0
2024-12-29,13:00 - 14:00,3859.27,0.0,855.6099999999999,0.0
2024-12-29,14:00 - 15:00,3838.68,0.0,610.67,0.0
2024-12-29,15:00 - 16:00,3364.65,0.0,21.23,599.1600000000001
2024-12-29,16:00 - 17:00,3216.62,0.0,0.0,376.83
2024-12-29,17:00 - 18:00,2898.98,0.0,1721.36,36.13
2024-12-29,18:00 - 19:00,2177.55,0.0,2714.67,0.0
2024-12-29,19:00 - 20:00,1692.49,0.0,3093.54,0.0
2024-12-29,20:00 - 21:00,1416.09,0.0,3120.9700000000003,0.0
2024-12-29,21:00 - 22:00,1886.7,0.0,2967.69,0.0
2024-12-29,22:00 - 23:00,2737.16,0.0,2754.71,0.0
2024-12-29,23:00 - 00:00,2818.23,0.0,2513.87,0.0
