Timestep,Import_FR_MW,Import_PT_MW
0,1240.0884513444125,-1794.4504558402496
1,1240.0884513444125,-1794.4504558402496
2,-1451.6868146527886,-1338.1073425025002
3,-1451.6868146527886,-1338.1073425025002
4,-2800.0,-1651.7541570589992
5,-2800.0,-1651.7541570589992
6,-2800.0,-1382.50265603375
7,-2800.0,-1382.50265603375
8,-2800.0,-1315.027142755
9,-2800.0,-1315.027142755
10,-2800.0,-3144.744919762299
11,-2800.0,-3144.744919762299
12,-2800.0,-4200.0
13,-2800.0,-4200.0
14,-2800.0,-4200.0
15,-2800.0,-4200.0
16,-2800.0,-3947.909444062
17,-2800.0,-3947.909444062
18,2800.0,830.5177573260007
19,2800.0,830.5177573260007
20,2800.0,979.0391887662499
21,2800.0,979.0391887662499
22,2800.0,-74.77263369199864
23,2800.0,-74.77263369199864
24,2800.0,560.8801985622504
25,2800.0,560.8801985622504
26,2800.0,-322.1130080081466
27,2800.0,-322.1130080081466
28,2042.4726553683986,-2491.0171125157494
29,2042.4726553683986,-2491.0171125157494
30,2600.4278059833186,-2406.579627478
31,2600.4278059833186,-2406.579627478
32,2800.0,-2432.9798000349992
33,2800.0,-2432.9798000349992
34,-2800.0,-3911.4509852160004
35,-2800.0,-3911.4509852160004
36,-2800.0,-4042.34782022925
37,-2800.0,-4042.34782022925
38,-2800.0,-4078.26935841625
39,-2800.0,-4078.26935841625
40,2800.0,-3910.6638481917494
41,2800.0,-3910.6638481917494
42,2800.0,-1135.9507271479997
43,2800.0,-1135.9507271479997
44,2800.0,-152.83876778426566
45,2800.0,-152.83876778426566
46,2800.0,-260.5999727472499
47,2800.0,-260.5999727472499
48,2800.0,1862.483758656249
49,2800.0,1862.483758656249
50,2800.0,-113.33967000356415
51,2800.0,-113.33967000356415
52,2023.264235025505,-2468.851903385499
53,2023.264235025505,-2468.851903385499
54,1432.7285231238639,-1752.2396599825001
55,1432.7285231238639,-1752.2396599825001
56,2800.0,-2020.0062069657492
57,2800.0,-2020.0062069657492
58,-2800.0,-3464.894758897249
59,-2800.0,-3464.894758897249
60,-1676.304707953188,-3482.624606822
61,-1676.304707953188,-3482.624606822
62,602.6956043697173,-4200.0
63,602.6956043697173,-4200.0
64,335.26906754232095,-3806.573650517
65,335.26906754232095,-3806.573650517
66,2800.0,-73.8646496679994
67,2800.0,-73.8646496679994
68,2800.0,228.92738112700044
69,2800.0,228.92738112700044
70,2800.0,837.55996767325
71,2800.0,837.55996767325
72,2800.0,-459.9309782393757
73,2800.0,-459.9309782393757
74,832.0671984413966,-1989.2563035055
75,832.0671984413966,-1989.2563035055
76,-2171.459556087182,-1517.4483470025002
77,-2171.459556087182,-1517.4483470025002
78,-1639.5226938839205,-1229.334625237499
79,-1639.5226938839205,-1229.334625237499
80,46.082154212269415,-1508.8740090622496
81,46.082154212269415,-1508.8740090622496
82,-2800.0,-3452.6835795442494
83,-2800.0,-3452.6835795442494
84,-2800.0,-3776.8022983974997
85,-2800.0,-3776.8022983974997
86,-2800.0,-3818.2148650994995
87,-2800.0,-3818.2148650994995
88,-291.3230496424226,-3653.4666842327492
89,-291.3230496424226,-3653.4666842327492
90,2800.0,-2804.4884055642497
91,2800.0,-2804.4884055642497
92,2800.0,-2705.2346271734996
93,2800.0,-2705.2346271734996
94,2800.0,731.5834738482499
95,2800.0,731.5834738482499
96,2800.0,1455.3189097477498
97,2800.0,1455.3189097477498
98,2800.0,-2936.036627513
99,2800.0,-2936.036627513
100,2800.0,-690.442793551204
101,2800.0,-690.442793551204
102,2800.0,-1525.6336244627555
103,2800.0,-1525.6336244627555
104,2800.0,-1693.9577314095504
105,2800.0,-1693.9577314095504
106,-2800.0,-4200.0
107,-2800.0,-4200.0
108,-2800.0,-4200.0
109,-2800.0,-4200.0
110,-2800.0,-4200.0
111,-2800.0,-4200.0
112,1246.728150348321,-4200.0
113,1246.728150348321,-4200.0
114,2800.0,-710.9343957524998
115,2800.0,-710.9343957524998
116,2800.0,-4200.0
117,2800.0,-4200.0
118,2800.0,69.22361955350061
119,2800.0,69.22361955350061
120,2800.0,883.3495339065003
121,2800.0,883.3495339065003
122,2800.0,-642.8698640027505
123,2800.0,-642.8698640027505
124,1970.2198695172865,-3437.0965496562494
125,1970.2198695172865,-3437.0965496562494
126,1528.7541896124335,-3901.767104115749
127,1528.7541896124335,-3901.767104115749
128,1758.1922457456876,-4200.0
129,1758.1922457456876,-4200.0
130,-2800.0,-4200.0
131,-2800.0,-4200.0
132,-2800.0,-4200.0
133,-2800.0,-4200.0
134,-2800.0,-4200.0
135,-2800.0,-4200.0
136,416.8667634097965,-4200.0
137,416.8667634097965,-4200.0
138,2800.0,-4200.0
139,2800.0,-4200.0
140,2800.0,-2077.346725523157
141,2800.0,-2077.346725523157
142,2800.0,342.61614647150054
143,2800.0,342.61614647150054
144,2800.0,1680.6239671219992
145,2800.0,1680.6239671219992
146,2800.0,375.82775324310205
147,2800.0,375.82775324310205
148,2800.0,-2286.6715936534993
149,2800.0,-2286.6715936534993
150,2800.0,428.3493529217358
151,2800.0,428.3493529217358
152,2800.0,1047.1252905930005
153,2800.0,1047.1252905930005
154,2800.0,-2148.3306855966875
155,2800.0,-2148.3306855966875
156,-2800.0,-3909.5111645896723
157,-2800.0,-3909.5111645896723
158,-2137.5305783907825,-4200.0
159,-2137.5305783907825,-4200.0
160,2800.0,-1683.148184643249
161,2800.0,-1683.148184643249
162,2800.0,-623.9554908227483
163,2800.0,-623.9554908227483
164,2800.0,-4200.0
165,2800.0,-4200.0
166,2800.0,2296.3547621996977
167,2800.0,2296.3547621996977
168,2800.0,-224.1999032622498
169,2800.0,-224.1999032622498
170,2800.0,268.02275959350027
171,2800.0,268.02275959350027
172,2800.0,-1189.476034927507
173,2800.0,-1189.476034927507
174,-1748.3614370080559,-867.7885702962494
175,-1748.3614370080559,-867.7885702962494
176,1027.1168311606216,940.8884498730004
177,1027.1168311606216,940.8884498730004
178,553.5865942269338,-4200.0
179,553.5865942269338,-4200.0
180,-2800.0,-4200.0
181,-2800.0,-4200.0
182,-2800.0,-4200.0
183,-2800.0,-4200.0
184,737.4512135308014,83.26629908250015
185,737.4512135308014,83.26629908250015
186,-973.7144958772205,22.157042813916632
187,-973.7144958772205,22.157042813916632
188,2800.0,-3347.7038787919996
189,2800.0,-3347.7038787919996
190,2800.0,-2181.14740915175
191,2800.0,-2181.14740915175
192,2800.0,2228.839475887
193,2800.0,2228.839475887
194,2800.0,-660.7620564724457
195,2800.0,-660.7620564724457
196,2139.118546988114,-2316.413702004249
197,2139.118546988114,-2316.413702004249
198,2800.0,-2092.6920707337495
199,2800.0,-2092.6920707337495
200,2800.0,-1777.5727390667498
201,2800.0,-1777.5727390667498
202,-982.1344797227521,-4135.647686859249
203,-982.1344797227521,-4135.647686859249
204,-2309.0482792907096,-4200.0
205,-2309.0482792907096,-4200.0
206,-700.3161724390466,-4200.0
207,-700.3161724390466,-4200.0
208,2800.0,-2736.7740854179992
209,2800.0,-2736.7740854179992
210,2800.0,-4200.0
211,2800.0,-4200.0
212,2800.0,-954.7012961049995
213,2800.0,-954.7012961049995
214,2800.0,-3614.8927651577487
215,2800.0,-3614.8927651577487
216,2800.0,311.9709831804994
217,2800.0,311.9709831804994
218,2800.0,-2705.210573168499
219,2800.0,-2705.210573168499
220,2800.0,-3242.4886533077497
221,2800.0,-3242.4886533077497
222,2800.0,-2398.5548427192502
223,2800.0,-2398.5548427192502
224,2800.0,-953.3679188295005
225,2800.0,-953.3679188295005
226,2800.0,-4200.0
227,2800.0,-4200.0
228,2800.0,-4200.0
229,2800.0,-4200.0
230,2800.0,-4200.0
231,2800.0,-4200.0
232,2800.0,-4005.652469992499
233,2800.0,-4005.652469992499
234,2800.0,-4200.0
235,2800.0,-4200.0
236,2800.0,-1778.7068580195005
237,2800.0,-1778.7068580195005
238,2800.0,366.4192937152493
239,2800.0,366.4192937152493
240,2800.0,-3837.3908756504993
241,2800.0,-3837.3908756504993
242,2800.0,-2644.4696855878456
243,2800.0,-2644.4696855878456
244,2800.0,-3114.7899605354996
245,2800.0,-3114.7899605354996
246,2800.0,-2991.32608645625
247,2800.0,-2991.32608645625
248,2800.0,-3133.516742846914
249,2800.0,-3133.516742846914
250,2800.0,-4200.0
251,2800.0,-4200.0
252,2800.0,-4200.0
253,2800.0,-4200.0
254,1832.403350463257,-4200.0
255,1832.403350463257,-4200.0
256,1527.5970704032934,-3535.9612570424997
257,1527.5970704032934,-3535.9612570424997
258,2800.0,-2669.5444026637497
259,2800.0,-2669.5444026637497
260,2800.0,-4200.0
261,2800.0,-4200.0
262,2800.0,-351.5306639164992
263,2800.0,-351.5306639164992
264,2800.0,-1663.6711899074958
265,2800.0,-1663.6711899074958
266,2800.0,-2308.9005329454994
267,2800.0,-2308.9005329454994
268,1323.1975970260464,-2013.0928834607503
269,1323.1975970260464,-2013.0928834607503
270,337.7134661815371,-2405.90849820275
271,337.7134661815371,-2405.90849820275
272,2313.4247426320503,-3900.193093750249
273,2313.4247426320503,-3900.193093750249
274,-2800.0,-4200.0
275,-2800.0,-4200.0
276,-1905.0382643916892,-4200.0
277,-1905.0382643916892,-4200.0
278,-1846.2014255616486,-4200.0
279,-1846.2014255616486,-4200.0
280,-1843.7854189935533,-4200.0
281,-1843.7854189935533,-4200.0
282,2800.0,-4200.0
283,2800.0,-4200.0
284,2800.0,-4200.0
285,2800.0,-4200.0
286,2800.0,-2690.5237220152503
287,2800.0,-2690.5237220152503
288,2800.0,-3332.3624164617495
289,2800.0,-3332.3624164617495
290,2800.0,-3505.414567748
291,2800.0,-3505.414567748
292,1488.7537056898236,-3463.217627136
293,1488.7537056898236,-3463.217627136
294,-2800.0,-3799.2359940962497
295,-2800.0,-3799.2359940962497
296,-2800.0,-4200.0
297,-2800.0,-4200.0
298,-2800.0,-4200.0
299,-2800.0,-4200.0
300,-2800.0,-4200.0
301,-2800.0,-4200.0
302,-2800.0,-4200.0
303,-2800.0,-4200.0
304,-2800.0,-4200.0
305,-2800.0,-4200.0
306,2800.0,-4200.0
307,2800.0,-4200.0
308,2800.0,-3947.0118118597493
309,2800.0,-3947.0118118597493
310,2800.0,-4200.0
311,2800.0,-4200.0
312,2800.0,-1763.6561387304482
313,2800.0,-1763.6561387304482
314,2800.0,-4200.0
315,2800.0,-4200.0
316,98.58136290607763,-3871.7008721955
317,98.58136290607763,-3871.7008721955
318,2800.0,-4138.72709897375
319,2800.0,-4138.72709897375
320,2800.0,-4200.0
321,2800.0,-4200.0
322,2800.0,-2487.1326655849643
323,2800.0,-2487.1326655849643
324,-2800.0,-4200.0
325,-2800.0,-4200.0
326,-2800.0,-4200.0
327,-2800.0,-4200.0
328,2208.1479116229,-3695.2768877260714
329,2208.1479116229,-3695.2768877260714
330,2800.0,-2108.037023343686
331,2800.0,-2108.037023343686
332,2800.0,-2169.3001956482203
333,2800.0,-2169.3001956482203
334,2800.0,-3974.78194331525
335,2800.0,-3974.78194331525
336,2800.0,-2919.7063274051125
337,2800.0,-2919.7063274051125
338,2422.4154947856005,-2187.74819468825
339,2422.4154947856005,-2187.74819468825
340,-1619.556308850697,-1568.3612533767491
341,-1619.556308850697,-1568.3612533767491
342,-2800.0,-1525.3284447162505
343,-2800.0,-1525.3284447162505
344,-2800.0,-1118.6676565377875
345,-2800.0,-1118.6676565377875
346,-2800.0,-1851.7997991079992
347,-2800.0,-1851.7997991079992
348,-2800.0,-2902.476513290181
349,-2800.0,-2902.476513290181
350,-2800.0,-2690.97900100075
351,-2800.0,-2690.97900100075
352,-2800.0,-988.0337301606487
353,-2800.0,-988.0337301606487
354,-2800.0,-2468.995594261829
355,-2800.0,-2468.995594261829
356,-2800.0,-4200.0
357,-2800.0,-4200.0
358,-2800.0,-4200.0
359,-2800.0,-4200.0
360,-2800.0,-1570.6151375120226
361,-2800.0,-1570.6151375120226
362,-2800.0,-1449.3934266447504
363,-2800.0,-1449.3934266447504
364,-2800.0,-2053.8506240817496
365,-2800.0,-2053.8506240817496
366,-2800.0,-2977.45830411125
367,-2800.0,-2977.45830411125
368,-2800.0,672.8372864852408
369,-2800.0,672.8372864852408
370,-2800.0,-4200.0
371,-2800.0,-4200.0
372,-2800.0,-4200.0
373,-2800.0,-4200.0
374,-2800.0,-4200.0
375,-2800.0,-4200.0
376,-2800.0,-4200.0
377,-2800.0,-4200.0
378,-2800.0,-4200.0
379,-2800.0,-4200.0
380,-2800.0,-4200.0
381,-2800.0,-4200.0
382,-2800.0,-4200.0
383,-2800.0,-4200.0
384,-2800.0,-1496.1938749815001
385,-2800.0,-1496.1938749815001
386,-2800.0,-1235.1113668163289
387,-2800.0,-1235.1113668163289
388,-2800.0,-3129.0576178381925
389,-2800.0,-3129.0576178381925
390,-2800.0,-947.9869459485005
391,-2800.0,-947.9869459485005
392,-2800.0,-4200.0
393,-2800.0,-4200.0
394,-2800.0,-2198.840237469798
395,-2800.0,-2198.840237469798
396,-2800.0,-4200.0
397,-2800.0,-4200.0
398,-2800.0,-4200.0
399,-2800.0,-4200.0
400,-2800.0,-4200.0
401,-2800.0,-4200.0
402,-2800.0,-4200.0
403,-2800.0,-4200.0
404,-2800.0,-936.1294765767507
405,-2800.0,-936.1294765767507
406,-2800.0,607.3484445782497
407,-2800.0,607.3484445782497
408,-2800.0,-895.3907502900001
409,-2800.0,-895.3907502900001
410,-2800.0,1222.9842630690237
411,-2800.0,1222.9842630690237
412,-2800.0,-1568.4542357762502
413,-2800.0,-1568.4542357762502
414,-2800.0,522.125546798261
415,-2800.0,522.125546798261
416,-2800.0,168.434897956
417,-2800.0,168.434897956
418,-2800.0,571.0430818509999
419,-2800.0,571.0430818509999
420,-2800.0,-1496.6383833177497
421,-2800.0,-1496.6383833177497
422,-2800.0,-1272.5898951189997
423,-2800.0,-1272.5898951189997
424,-2800.0,-1091.1151424527502
425,-2800.0,-1091.1151424527502
426,-2800.0,-324.94799793949915
427,-2800.0,-324.94799793949915
428,-2800.0,2780.4976100325002
429,-2800.0,2780.4976100325002
430,-2800.0,1934.7264344449995
431,-2800.0,1934.7264344449995
432,-2800.0,4200.0
433,-2800.0,4200.0
434,-2800.0,1811.7905982542325
435,-2800.0,1811.7905982542325
436,-2800.0,-86.15802214924952
437,-2800.0,-86.15802214924952
438,-2800.0,-1341.0959003184998
439,-2800.0,-1341.0959003184998
440,-2800.0,-3100.01122482875
441,-2800.0,-3100.01122482875
442,-2800.0,-3444.729086187537
443,-2800.0,-3444.729086187537
444,-2800.0,-4200.0
445,-2800.0,-4200.0
446,-2800.0,-4200.0
447,-2800.0,-4200.0
448,-2800.0,-4200.0
449,-2800.0,-4200.0
450,-2800.0,-3835.4651098384993
451,-2800.0,-3835.4651098384993
452,-2800.0,-4200.0
453,-2800.0,-4200.0
454,-2800.0,-568.0702771619999
455,-2800.0,-568.0702771619999
456,-2800.0,-2639.21095550225
457,-2800.0,-2639.21095550225
458,-2800.0,-728.2511889215007
459,-2800.0,-728.2511889215007
460,-2800.0,-2066.4743554125425
461,-2800.0,-2066.4743554125425
462,-2800.0,-3117.4122996982496
463,-2800.0,-3117.4122996982496
464,-2800.0,-2335.2999192652505
465,-2800.0,-2335.2999192652505
466,-2800.0,-3813.8709915105005
467,-2800.0,-3813.8709915105005
468,-2800.0,-3682.4422300660003
469,-2800.0,-3682.4422300660003
470,-2800.0,-4198.9295220525
471,-2800.0,-4198.9295220525
472,-2800.0,-2662.5133531484994
473,-2800.0,-2662.5133531484994
474,-2800.0,181.10413032924953
475,-2800.0,181.10413032924953
476,-2800.0,413.4892307700002
477,-2800.0,413.4892307700002
478,-2800.0,702.4820566155004
479,-2800.0,702.4820566155004
480,-2800.0,1250.8137127150003
481,-2800.0,1250.8137127150003
482,-2800.0,68.18644329093513
483,-2800.0,68.18644329093513
484,-2800.0,-3421.1419236294996
485,-2800.0,-3421.1419236294996
486,-2800.0,-3521.9261830617497
487,-2800.0,-3521.9261830617497
488,-2800.0,-2585.5784759074995
489,-2800.0,-2585.5784759074995
490,-2800.0,-3683.2543336440012
491,-2800.0,-3683.2543336440012
492,-2800.0,-4200.0
493,-2800.0,-4200.0
494,-2800.0,-2904.3594387110934
495,-2800.0,-2904.3594387110934
496,-2800.0,-3310.06257814725
497,-2800.0,-3310.06257814725
498,-2800.0,-3196.696778410922
499,-2800.0,-3196.696778410922
500,-2800.0,951.3063050609999
501,-2800.0,951.3063050609999
502,-2800.0,-2745.968100046999
503,-2800.0,-2745.968100046999
504,-2800.0,-1116.27493698937
505,-2800.0,-1116.27493698937
506,-2800.0,-875.422744146249
507,-2800.0,-875.422744146249
508,-2800.0,-988.75478807125
509,-2800.0,-988.75478807125
510,-2800.0,-1929.6527481742505
511,-2800.0,-1929.6527481742505
512,-2800.0,-3639.246552123
513,-2800.0,-3639.246552123
514,-2800.0,-3536.0385597487502
515,-2800.0,-3536.0385597487502
516,-2800.0,-4200.0
517,-2800.0,-4200.0
518,-2800.0,-4200.0
519,-2800.0,-4200.0
520,-2800.0,-4200.0
521,-2800.0,-4200.0
522,-2800.0,-2622.3534607829993
523,-2800.0,-2622.3534607829993
524,-2800.0,-2761.69189100175
525,-2800.0,-2761.69189100175
526,-2800.0,-2190.926591728
527,-2800.0,-2190.926591728
528,-2800.0,-4200.0
529,-2800.0,-4200.0
530,-2800.0,-3810.5154359109993
531,-2800.0,-3810.5154359109993
532,-2800.0,-3840.238092446
533,-2800.0,-3840.238092446
534,-2800.0,-4200.0
535,-2800.0,-4200.0
536,-2800.0,-2408.0228074242505
537,-2800.0,-2408.0228074242505
538,-2800.0,-4200.0
539,-2800.0,-4200.0
540,-2800.0,-4200.0
541,-2800.0,-4200.0
542,-2800.0,-4200.0
543,-2800.0,-4200.0
544,-2800.0,-4200.0
545,-2800.0,-4200.0
546,-2800.0,-2136.415027968056
547,-2800.0,-2136.415027968056
548,-2800.0,-1341.9281447882504
549,-2800.0,-1341.9281447882504
550,-2800.0,-2290.5452967345
551,-2800.0,-2290.5452967345
552,-2800.0,-1083.8683206205005
553,-2800.0,-1083.8683206205005
554,-2800.0,-1387.994991934329
555,-2800.0,-1387.994991934329
556,-2800.0,-3013.7569168392506
557,-2800.0,-3013.7569168392506
558,-2800.0,-2847.955326607518
559,-2800.0,-2847.955326607518
560,-2800.0,-146.00785962733426
561,-2800.0,-146.00785962733426
562,-2800.0,-3284.8175598437506
563,-2800.0,-3284.8175598437506
564,-2800.0,-4200.0
565,-2800.0,-4200.0
566,-2800.0,-4200.0
567,-2800.0,-4200.0
568,-2800.0,-4200.0
569,-2800.0,-4200.0
570,-2800.0,-3620.111891420751
571,-2800.0,-3620.111891420751
572,-2800.0,-4139.035545592
573,-2800.0,-4139.035545592
574,-2800.0,-3269.077514222
575,-2800.0,-3269.077514222
576,-2800.0,-2715.01255634675
577,-2800.0,-2715.01255634675
578,-2800.0,-2582.5949396507503
579,-2800.0,-2582.5949396507503
580,-2800.0,-2467.9213276822497
581,-2800.0,-2467.9213276822497
582,-2800.0,-2432.33188199475
583,-2800.0,-2432.33188199475
584,-2800.0,-2711.0426298779994
585,-2800.0,-2711.0426298779994
586,-2800.0,-3737.5997863687335
587,-2800.0,-3737.5997863687335
588,-2800.0,-4200.0
589,-2800.0,-4200.0
590,-2800.0,-4200.0
591,-2800.0,-4200.0
592,-2800.0,-3406.30619242175
593,-2800.0,-3406.30619242175
594,-2800.0,-4033.5986041490005
595,-2800.0,-4033.5986041490005
596,-2800.0,-2715.844331196862
597,-2800.0,-2715.844331196862
598,-2800.0,-3294.0148538661942
599,-2800.0,-3294.0148538661942
600,-2800.0,-2469.350977153499
601,-2800.0,-2469.350977153499
602,-2800.0,-2248.6704101672503
603,-2800.0,-2248.6704101672503
604,-2800.0,-2491.6991987569995
605,-2800.0,-2491.6991987569995
606,-2800.0,-3183.5451539275
607,-2800.0,-3183.5451539275
608,-2800.0,-4200.0
609,-2800.0,-4200.0
610,-2800.0,-4200.0
611,-2800.0,-4200.0
612,-2800.0,-4200.0
613,-2800.0,-4200.0
614,-2800.0,-4200.0
615,-2800.0,-4200.0
616,-2800.0,-4200.0
617,-2800.0,-4200.0
618,-2800.0,-4200.0
619,-2800.0,-4200.0
620,-2800.0,-3167.8891725842495
621,-2800.0,-3167.8891725842495
622,-2800.0,-1826.2794546026653
623,-2800.0,-1826.2794546026653
624,-2800.0,-1340.7036923787455
625,-2800.0,-1340.7036923787455
626,-2800.0,-247.81549827608433
627,-2800.0,-247.81549827608433
628,-2800.0,-2512.8560960247505
629,-2800.0,-2512.8560960247505
630,-2800.0,-3110.495608834751
631,-2800.0,-3110.495608834751
632,-2800.0,-4200.0
633,-2800.0,-4200.0
634,-2800.0,-4200.0
635,-2800.0,-4200.0
636,-2800.0,-4200.0
637,-2800.0,-4200.0
638,-2800.0,-4200.0
639,-2800.0,-4200.0
640,-2800.0,-4200.0
641,-2800.0,-4200.0
642,-2800.0,-3819.5519384812496
643,-2800.0,-3819.5519384812496
644,-2800.0,-3555.622376415249
645,-2800.0,-3555.622376415249
646,-2800.0,-3337.7556917133984
647,-2800.0,-3337.7556917133984
648,-2800.0,-1139.2716490029761
649,-2800.0,-1139.2716490029761
650,-2800.0,-3164.405408809751
651,-2800.0,-3164.405408809751
652,-2800.0,-3387.9564035999992
653,-2800.0,-3387.9564035999992
654,-2800.0,-3469.6578984575
655,-2800.0,-3469.6578984575
656,-2800.0,-4200.0
657,-2800.0,-4200.0
658,-2800.0,-4200.0
659,-2800.0,-4200.0
660,-2800.0,-4200.0
661,-2800.0,-4200.0
662,-2800.0,-4200.0
663,-2800.0,-4200.0
664,-2800.0,-3900.102517160638
665,-2800.0,-3900.102517160638
666,-2800.0,-266.8567628867495
667,-2800.0,-266.8567628867495
668,-2800.0,1976.2156144903856
669,-2800.0,1976.2156144903856
670,-2800.0,937.2625948406803
671,-2800.0,937.2625948406803
672,-2800.0,894.316214693501
673,-2800.0,894.316214693501
674,-2800.0,1117.4012334734998
675,-2800.0,1117.4012334734998
676,-2800.0,-605.795812528625
677,-2800.0,-605.795812528625
678,-2800.0,1016.8760502792493
679,-2800.0,1016.8760502792493
680,-2800.0,-2307.518477295682
681,-2800.0,-2307.518477295682
682,-2800.0,-2240.6960664816615
683,-2800.0,-2240.6960664816615
684,-2800.0,-2970.8104027134996
685,-2800.0,-2970.8104027134996
686,-2800.0,-2867.113792655
687,-2800.0,-2867.113792655
688,-2800.0,-2398.51821668475
689,-2800.0,-2398.51821668475
690,-2800.0,-2485.4941770315495
691,-2800.0,-2485.4941770315495
692,-2800.0,-546.8371825705817
693,-2800.0,-546.8371825705817
694,-2800.0,73.25202232250012
695,-2800.0,73.25202232250012
696,-2800.0,-555.3388776339989
697,-2800.0,-555.3388776339989
698,-2800.0,-180.1786457497492
699,-2800.0,-180.1786457497492
700,-2800.0,-821.4918721575086
701,-2800.0,-821.4918721575086
702,-2800.0,-135.59401633474954
703,-2800.0,-135.59401633474954
704,-2800.0,-1347.653640806
705,-2800.0,-1347.653640806
706,-2800.0,-1465.273327229499
707,-2800.0,-1465.273327229499
708,-2800.0,-1215.8747361322503
709,-2800.0,-1215.8747361322503
710,-2800.0,-1468.9729907417495
711,-2800.0,-1468.9729907417495
712,-2800.0,-1835.9183206294992
713,-2800.0,-1835.9183206294992
714,-2800.0,-1926.8457540802501
715,-2800.0,-1926.8457540802501
716,-2800.0,-1560.4854432731554
717,-2800.0,-1560.4854432731554
718,-2800.0,-721.0077274287496
719,-2800.0,-721.0077274287496
720,-2800.0,394.94885095300015
721,-2800.0,394.94885095300015
722,-2800.0,833.9390099635011
723,-2800.0,833.9390099635011
724,-2800.0,761.1257950233012
725,-2800.0,761.1257950233012
726,-2800.0,868.2863806550004
727,-2800.0,868.2863806550004
728,-2800.0,218.28639948025102
729,-2800.0,218.28639948025102
730,-2800.0,-1330.3483152866538
731,-2800.0,-1330.3483152866538
732,-2800.0,-2769.0446253972505
733,-2800.0,-2769.0446253972505
734,-2800.0,-2981.30713041975
735,-2800.0,-2981.30713041975
736,-2800.0,-742.7419455080008
737,-2800.0,-742.7419455080008
738,-2800.0,-522.8090622454993
739,-2800.0,-522.8090622454993
740,-2800.0,-2158.8617112454995
741,-2800.0,-2158.8617112454995
742,-2800.0,-2128.44403763625
743,-2800.0,-2128.44403763625
744,-2800.0,-417.15595637763545
745,-2800.0,-417.15595637763545
746,-2800.0,-1852.9971249597497
747,-2800.0,-1852.9971249597497
748,-2800.0,-2015.1763827027503
749,-2800.0,-2015.1763827027503
750,-2800.0,-2005.4762006260003
751,-2800.0,-2005.4762006260003
752,-2800.0,-2164.6572092547503
753,-2800.0,-2164.6572092547503
754,-2800.0,-2252.0114013047423
755,-2800.0,-2252.0114013047423
756,-2800.0,-3781.87827807325
757,-2800.0,-3781.87827807325
758,-2800.0,-3709.8077608309995
759,-2800.0,-3709.8077608309995
760,-2800.0,-2302.332370747
761,-2800.0,-2302.332370747
762,-2800.0,-3679.4497664415003
763,-2800.0,-3679.4497664415003
764,-2800.0,383.6186870315005
765,-2800.0,383.6186870315005
766,-2800.0,677.7772681629995
767,-2800.0,677.7772681629995
768,-2800.0,-3040.0333891805003
769,-2800.0,-3040.0333891805003
770,-2800.0,-2423.9758765845
771,-2800.0,-2423.9758765845
772,-2800.0,84.83927483950174
773,-2800.0,84.83927483950174
774,-2800.0,-1894.341139096
775,-2800.0,-1894.341139096
776,-2800.0,-384.48873841124987
777,-2800.0,-384.48873841124987
778,-2800.0,-1738.3786840132498
779,-2800.0,-1738.3786840132498
780,-2800.0,-1578.1651671332493
781,-2800.0,-1578.1651671332493
782,-2800.0,-1902.185982913572
783,-2800.0,-1902.185982913572
784,-2800.0,1189.789843644161
785,-2800.0,1189.789843644161
786,-2800.0,-2021.6328013437496
787,-2800.0,-2021.6328013437496
788,-2800.0,-2012.3142329245002
789,-2800.0,-2012.3142329245002
790,-2800.0,-2190.1696592920007
791,-2800.0,-2190.1696592920007
792,-2800.0,-1615.2890506484996
793,-2800.0,-1615.2890506484996
794,-2800.0,-1170.9220990496688
795,-2800.0,-1170.9220990496688
796,-2800.0,-2172.07101798425
797,-2800.0,-2172.07101798425
798,-2800.0,-2080.5959023802498
799,-2800.0,-2080.5959023802498
800,-2800.0,-2788.14675723075
801,-2800.0,-2788.14675723075
802,-2800.0,-1703.3542152842501
803,-2800.0,-1703.3542152842501
804,-2800.0,-3714.4106301735
805,-2800.0,-3714.4106301735
806,-2800.0,-2543.0482700371504
807,-2800.0,-2543.0482700371504
808,-2800.0,-1204.7431954682497
809,-2800.0,-1204.7431954682497
810,-2800.0,-1872.5606859662494
811,-2800.0,-1872.5606859662494
812,-2800.0,-698.2907298785003
813,-2800.0,-698.2907298785003
814,-2800.0,-851.29273967675
815,-2800.0,-851.29273967675
816,-2800.0,-1865.3626833237504
817,-2800.0,-1865.3626833237504
818,-2800.0,-1585.8298011637498
819,-2800.0,-1585.8298011637498
820,-2800.0,-1248.052680746
821,-2800.0,-1248.052680746
822,-2800.0,-1662.6454780572494
823,-2800.0,-1662.6454780572494
824,-2800.0,-2141.8332329742498
825,-2800.0,-2141.8332329742498
826,-2800.0,-3036.158231434404
827,-2800.0,-3036.158231434404
828,-2800.0,-4128.7126816495
829,-2800.0,-4128.7126816495
830,-2800.0,-4200.0
831,-2800.0,-4200.0
832,-2800.0,-2083.7756861404996
833,-2800.0,-2083.7756861404996
834,-2800.0,-3065.838944203
835,-2800.0,-3065.838944203
836,-2800.0,-1588.7597348040908
837,-2800.0,-1588.7597348040908
838,-2800.0,-3433.9815858624997
839,-2800.0,-3433.9815858624997
840,-2800.0,-2537.1598144285
841,-2800.0,-2537.1598144285
842,-2800.0,-2280.7387378559906
843,-2800.0,-2280.7387378559906
844,-2800.0,-4200.0
845,-2800.0,-4200.0
846,-2800.0,-2552.130280626
847,-2800.0,-2552.130280626
848,-2800.0,-3310.10051183775
849,-2800.0,-3310.10051183775
850,-2800.0,-4200.0
851,-2800.0,-4200.0
852,-2800.0,-4200.0
853,-2800.0,-4200.0
854,-2800.0,-4200.0
855,-2800.0,-4200.0
856,-2800.0,-4200.0
857,-2800.0,-4200.0
858,-2800.0,-4200.0
859,-2800.0,-4200.0
860,-2800.0,-2006.6981871065
861,-2800.0,-2006.6981871065
862,-2800.0,-1920.92588678213
863,-2800.0,-1920.92588678213
864,-2800.0,-1089.095889758877
865,-2800.0,-1089.095889758877
866,-2800.0,-3207.96759107125
867,-2800.0,-3207.96759107125
868,-2800.0,-3171.17331457725
869,-2800.0,-3171.17331457725
870,-2800.0,-3225.6110383562504
871,-2800.0,-3225.6110383562504
872,-2800.0,-2758.153578144269
873,-2800.0,-2758.153578144269
874,-2800.0,-4200.0
875,-2800.0,-4200.0
876,-2800.0,-4200.0
877,-2800.0,-4200.0
878,-2800.0,-4200.0
879,-2800.0,-4200.0
880,-2800.0,-4200.0
881,-2800.0,-4200.0
882,-2800.0,-1855.7121708679992
883,-2800.0,-1855.7121708679992
884,-2800.0,-1749.9259196027501
885,-2800.0,-1749.9259196027501
886,-2800.0,-802.1651504022498
887,-2800.0,-802.1651504022498
888,-2800.0,-234.87397927475013
889,-2800.0,-234.87397927475013
890,-2800.0,186.3753038825007
891,-2800.0,186.3753038825007
892,-2800.0,374.6554785622493
893,-2800.0,374.6554785622493
894,-2800.0,678.6334923487502
895,-2800.0,678.6334923487502
896,-2800.0,385.19373472174993
897,-2800.0,385.19373472174993
898,-2800.0,-1257.1081048303022
899,-2800.0,-1257.1081048303022
900,-2800.0,-2223.07741145775
901,-2800.0,-2223.07741145775
902,-2800.0,-1185.6571727897835
903,-2800.0,-1185.6571727897835
904,-2800.0,2764.5897494750006
905,-2800.0,2764.5897494750006
906,-2800.0,724.6481100352494
907,-2800.0,724.6481100352494
908,-2800.0,-346.5631626807508
909,-2800.0,-346.5631626807508
910,-2800.0,1936.44109088625
911,-2800.0,1936.44109088625
912,-2800.0,2557.0150508487495
913,-2800.0,2557.0150508487495
914,-2800.0,2760.084285988515
915,-2800.0,2760.084285988515
916,-2800.0,-1845.0415296602505
917,-2800.0,-1845.0415296602505
918,-2800.0,-583.6121026213204
919,-2800.0,-583.6121026213204
920,-2800.0,-490.01897382834795
921,-2800.0,-490.01897382834795
922,-2800.0,-2523.081150975413
923,-2800.0,-2523.081150975413
924,-2800.0,-4200.0
925,-2800.0,-4200.0
926,-2800.0,-4177.88688489275
927,-2800.0,-4177.88688489275
928,-2800.0,-2829.306945680637
929,-2800.0,-2829.306945680637
930,-2800.0,-2779.8172283679996
931,-2800.0,-2779.8172283679996
932,-2800.0,2021.3909968039998
933,-2800.0,2021.3909968039998
934,-2800.0,2405.3506694156094
935,-2800.0,2405.3506694156094
936,-2800.0,-1256.8861113988823
937,-2800.0,-1256.8861113988823
938,-2800.0,-1016.12577260125
939,-2800.0,-1016.12577260125
940,-2800.0,-909.3280351534995
941,-2800.0,-909.3280351534995
942,-2800.0,-1087.5090859762495
943,-2800.0,-1087.5090859762495
944,-2800.0,-1981.1614768109994
945,-2800.0,-1981.1614768109994
946,-2800.0,-4200.0
947,-2800.0,-4200.0
948,-2800.0,-4200.0
949,-2800.0,-4200.0
950,-2800.0,-4200.0
951,-2800.0,-4200.0
952,-2800.0,-4104.3933327575
953,-2800.0,-4104.3933327575
954,-2800.0,277.13141615600034
955,-2800.0,277.13141615600034
956,-2800.0,705.6961306077501
957,-2800.0,705.6961306077501
958,-2800.0,-1728.4981130659999
959,-2800.0,-1728.4981130659999
960,-2800.0,2196.333870867499
961,-2800.0,2196.333870867499
962,-2800.0,932.4070201057493
963,-2800.0,932.4070201057493
964,-2800.0,167.07953900967368
965,-2800.0,167.07953900967368
966,-2800.0,-284.99232061174916
967,-2800.0,-284.99232061174916
968,-2800.0,-819.0491654301532
969,-2800.0,-819.0491654301532
970,-2800.0,-3567.03394520475
971,-2800.0,-3567.03394520475
972,-2800.0,-4046.3769651304997
973,-2800.0,-4046.3769651304997
974,-2800.0,-4200.0
975,-2800.0,-4200.0
976,-2800.0,-317.279490693978
977,-2800.0,-317.279490693978
978,-2800.0,-594.1366798315007
979,-2800.0,-594.1366798315007
980,-2800.0,-2098.3412891687494
981,-2800.0,-2098.3412891687494
982,-2800.0,197.82719501774955
983,-2800.0,197.82719501774955
984,-2800.0,997.6164489797502
985,-2800.0,997.6164489797502
986,-2800.0,1198.7112126454995
987,-2800.0,1198.7112126454995
988,-2800.0,1191.22375609775
989,-2800.0,1191.22375609775
990,-2800.0,1217.2921001930008
991,-2800.0,1217.2921001930008
992,-2800.0,-366.688834821025
993,-2800.0,-366.688834821025
994,-2800.0,-1267.8967483032502
995,-2800.0,-1267.8967483032502
996,-2800.0,-1482.0399075297864
997,-2800.0,-1482.0399075297864
998,-2800.0,-47.69881074349996
999,-2800.0,-47.69881074349996
1000,-2800.0,-461.9454153705001
1001,-2800.0,-461.9454153705001
1002,-2800.0,-1030.0015954977503
1003,-2800.0,-1030.0015954977503
1004,-2800.0,-1017.0077504994993
1005,-2800.0,-1017.0077504994993
1006,-2800.0,-473.8495241422497
1007,-2800.0,-473.8495241422497
1008,-2800.0,-1527.0646166802508
1009,-2800.0,-1527.0646166802508
1010,-2800.0,510.6871106874987
1011,-2800.0,510.6871106874987
1012,-2800.0,2007.9855390485
1013,-2800.0,2007.9855390485
1014,-2800.0,3807.3696476392497
1015,-2800.0,3807.3696476392497
1016,-2800.0,1411.2994663344998
1017,-2800.0,1411.2994663344998
1018,-2800.0,-1493.8310503697494
1019,-2800.0,-1493.8310503697494
1020,-2800.0,-118.63841811844759
1021,-2800.0,-118.63841811844759
1022,-2800.0,1893.5278156397499
1023,-2800.0,1893.5278156397499
1024,-2800.0,1635.52015916225
1025,-2800.0,1635.52015916225
1026,-2800.0,2596.696196708999
1027,-2800.0,2596.696196708999
1028,-2800.0,-682.8637348155003
1029,-2800.0,-682.8637348155003
1030,-2800.0,-369.225017621
1031,-2800.0,-369.225017621
1032,-2800.0,198.36276483499933
1033,-2800.0,198.36276483499933
1034,-2800.0,-1089.8173550697502
1035,-2800.0,-1089.8173550697502
1036,-2800.0,729.6177971492498
1037,-2800.0,729.6177971492498
1038,-2800.0,848.2667709867501
1039,-2800.0,848.2667709867501
1040,-2800.0,-1538.2665640222503
1041,-2800.0,-1538.2665640222503
1042,-2800.0,-4200.0
1043,-2800.0,-4200.0
1044,-2800.0,-4200.0
1045,-2800.0,-4200.0
1046,-2800.0,-3149.2578172440008
1047,-2800.0,-3149.2578172440008
1048,-2800.0,-3441.3205954309997
1049,-2800.0,-3441.3205954309997
1050,-2800.0,-42.465524333620124
1051,-2800.0,-42.465524333620124
1052,-2800.0,-1402.182248135001
1053,-2800.0,-1402.182248135001
1054,-2800.0,-641.9124794192494
1055,-2800.0,-641.9124794192494
1056,-2800.0,1923.3313281294813
1057,-2800.0,1923.3313281294813
1058,-2243.43992545581,-3321.513740236
1059,-2243.43992545581,-3321.513740236
1060,-2800.0,-3218.0126655829995
1061,-2800.0,-3218.0126655829995
1062,-2800.0,-2983.09681257075
1063,-2800.0,-2983.09681257075
1064,-2800.0,-2806.8602073619995
1065,-2800.0,-2806.8602073619995
1066,-2800.0,-2649.0264890645003
1067,-2800.0,-2649.0264890645003
1068,-2800.0,-4200.0
1069,-2800.0,-4200.0
1070,-2800.0,-3132.300172353658
1071,-2800.0,-3132.300172353658
1072,-2800.0,-2212.80455533125
1073,-2800.0,-2212.80455533125
1074,-2800.0,-2199.1950737814996
1075,-2800.0,-2199.1950737814996
1076,-2800.0,-1799.3266553804988
1077,-2800.0,-1799.3266553804988
1078,-2800.0,-1144.4952778162497
1079,-2800.0,-1144.4952778162497
1080,-2800.0,-745.3882363557505
1081,-2800.0,-745.3882363557505
1082,-2800.0,-498.3702075352494
1083,-2800.0,-498.3702075352494
1084,-2800.0,-387.7862873992499
1085,-2800.0,-387.7862873992499
1086,-2800.0,-266.58380136174947
1087,-2800.0,-266.58380136174947
1088,-2800.0,-903.7698060974999
1089,-2800.0,-903.7698060974999
1090,-2800.0,-1488.8633313865002
1091,-2800.0,-1488.8633313865002
1092,-2800.0,-2137.1114935975
1093,-2800.0,-2137.1114935975
1094,-2800.0,-2271.697884337
1095,-2800.0,-2271.697884337
1096,-2800.0,-2653.3698051932333
1097,-2800.0,-2653.3698051932333
1098,-2800.0,-3700.875972754391
1099,-2800.0,-3700.875972754391
1100,-2800.0,-429.4979706527265
1101,-2800.0,-429.4979706527265
1102,-2800.0,-1922.7746878836533
1103,-2800.0,-1922.7746878836533
1104,-2800.0,-3306.96760735075
1105,-2800.0,-3306.96760735075
1106,-2800.0,-1431.3959637460575
1107,-2800.0,-1431.3959637460575
1108,-2800.0,-2728.221453191
1109,-2800.0,-2728.221453191
1110,-2800.0,-2882.664322698529
1111,-2800.0,-2882.664322698529
1112,-2800.0,-2977.7696868172497
1113,-2800.0,-2977.7696868172497
1114,-2800.0,-4200.0
1115,-2800.0,-4200.0
1116,-2800.0,-2452.382754540001
1117,-2800.0,-2452.382754540001
1118,-2800.0,-2438.95711245475
1119,-2800.0,-2438.95711245475
1120,-2800.0,-3121.864560849
1121,-2800.0,-3121.864560849
1122,-2800.0,-3156.0490199234996
1123,-2800.0,-3156.0490199234996
1124,-2800.0,-2086.279555235
1125,-2800.0,-2086.279555235
1126,-2800.0,-1394.7088189342494
1127,-2800.0,-1394.7088189342494
1128,-2800.0,-1928.83351952259
1129,-2800.0,-1928.83351952259
1130,-2800.0,-603.6845622806977
1131,-2800.0,-603.6845622806977
1132,-2800.0,-3017.2860803497497
1133,-2800.0,-3017.2860803497497
1134,-2800.0,-2713.2087622562494
1135,-2800.0,-2713.2087622562494
1136,-2800.0,-2175.7226222035006
1137,-2800.0,-2175.7226222035006
1138,-2800.0,-1763.2063692842503
1139,-2800.0,-1763.2063692842503
1140,-2800.0,-1742.0436647497509
1141,-2800.0,-1742.0436647497509
1142,-2800.0,-1629.811329573
1143,-2800.0,-1629.811329573
1144,-2800.0,-2575.9608933415
1145,-2800.0,-2575.9608933415
1146,-2800.0,-3788.9671267334998
1147,-2800.0,-3788.9671267334998
1148,-2800.0,-1721.3855217332493
1149,-2800.0,-1721.3855217332493
1150,-2800.0,-1604.8264984151792
1151,-2800.0,-1604.8264984151792
1152,-2800.0,-3974.75163900825
1153,-2800.0,-3974.75163900825
1154,-2800.0,-1186.831067299
1155,-2800.0,-1186.831067299
1156,-2800.0,-4085.30390387235
1157,-2800.0,-4085.30390387235
1158,-2800.0,-4200.0
1159,-2800.0,-4200.0
1160,-2800.0,-4200.0
1161,-2800.0,-4200.0
1162,-2800.0,-2905.394666959666
1163,-2800.0,-2905.394666959666
1164,-2800.0,-4200.0
1165,-2800.0,-4200.0
1166,-2800.0,-4200.0
1167,-2800.0,-4200.0
1168,-2800.0,-3348.754499392749
1169,-2800.0,-3348.754499392749
1170,-2800.0,-1581.9775416175598
1171,-2800.0,-1581.9775416175598
1172,-2800.0,2168.6422457361205
1173,-2800.0,2168.6422457361205
1174,-2800.0,3217.4292854480154
1175,-2800.0,3217.4292854480154
1176,-2800.0,3886.5602044897496
1177,-2800.0,3886.5602044897496
1178,-2800.0,3702.1294198079995
1179,-2800.0,3702.1294198079995
1180,-2800.0,1860.705888970674
1181,-2800.0,1860.705888970674
1182,-2800.0,3527.7178239917557
1183,-2800.0,3527.7178239917557
1184,-2800.0,838.2447686471551
1185,-2800.0,838.2447686471551
1186,-2800.0,-2439.435803798251
1187,-2800.0,-2439.435803798251
1188,-2800.0,-3226.42202988375
1189,-2800.0,-3226.42202988375
1190,-2800.0,-3808.3465988555004
1191,-2800.0,-3808.3465988555004
1192,-2800.0,-1026.6855772540002
1193,-2800.0,-1026.6855772540002
1194,-2800.0,-1588.777392604
1195,-2800.0,-1588.777392604
1196,-2800.0,-123.90881704825051
1197,-2800.0,-123.90881704825051
1198,-2800.0,545.9245816160001
1199,-2800.0,545.9245816160001
1200,-2800.0,1038.5066956137507
1201,-2800.0,1038.5066956137507
1202,-2800.0,1305.208357953249
1203,-2800.0,1305.208357953249
1204,-2800.0,1619.1481554297488
1205,-2800.0,1619.1481554297488
1206,-2800.0,1806.7535827300007
1207,-2800.0,1806.7535827300007
1208,-2800.0,-2543.1811322922504
1209,-2800.0,-2543.1811322922504
1210,-2800.0,-4068.4621140337504
1211,-2800.0,-4068.4621140337504
1212,-2800.0,-3704.6036370769993
1213,-2800.0,-3704.6036370769993
1214,-2800.0,-3610.26233504875
1215,-2800.0,-3610.26233504875
1216,-2800.0,-2560.3018810861904
1217,-2800.0,-2560.3018810861904
1218,-2800.0,-541.2106851666808
1219,-2800.0,-541.2106851666808
1220,-2800.0,637.6681476624999
1221,-2800.0,637.6681476624999
1222,-2800.0,4200.0
1223,-2800.0,4200.0
1224,-2800.0,3234.809620774853
1225,-2800.0,3234.809620774853
1226,-2800.0,-145.91964835696672
1227,-2800.0,-145.91964835696672
1228,-2800.0,-1205.79682213575
1229,-2800.0,-1205.79682213575
1230,-2800.0,-548.6058064664994
1231,-2800.0,-548.6058064664994
1232,-2800.0,-90.39770603349916
1233,-2800.0,-90.39770603349916
1234,-2800.0,574.7307161520002
1235,-2800.0,574.7307161520002
1236,-2800.0,-216.5886706163401
1237,-2800.0,-216.5886706163401
1238,-2800.0,-2132.4826503530003
1239,-2800.0,-2132.4826503530003
1240,-2800.0,363.95918952149896
1241,-2800.0,363.95918952149896
1242,-2800.0,1597.4810550217499
1243,-2800.0,1597.4810550217499
1244,-2800.0,-2166.8069998617502
1245,-2800.0,-2166.8069998617502
1246,-2800.0,-2168.9725845832504
1247,-2800.0,-2168.9725845832504
1248,-2800.0,-1712.3931093290003
1249,-2800.0,-1712.3931093290003
1250,-2800.0,-1469.6901247932492
1251,-2800.0,-1469.6901247932492
1252,-2800.0,-1532.8103516792498
1253,-2800.0,-1532.8103516792498
1254,-2800.0,-2093.80629417375
1255,-2800.0,-2093.80629417375
1256,-2800.0,-1428.2440752044995
1257,-2800.0,-1428.2440752044995
1258,-2800.0,-1148.8782432162498
1259,-2800.0,-1148.8782432162498
1260,-2800.0,-4089.144119063749
1261,-2800.0,-4089.144119063749
1262,-2451.6828279803813,-3921.305080192501
1263,-2451.6828279803813,-3921.305080192501
1264,-2800.0,-2094.1591220297496
1265,-2800.0,-2094.1591220297496
1266,-2800.0,-3021.3936291682494
1267,-2800.0,-3021.3936291682494
1268,-2800.0,-3244.922258438617
1269,-2800.0,-3244.922258438617
1270,-2800.0,-2630.3882697047497
1271,-2800.0,-2630.3882697047497
1272,-2800.0,-705.9443762098144
1273,-2800.0,-705.9443762098144
1274,-2800.0,1237.2133260900046
1275,-2800.0,1237.2133260900046
1276,-2800.0,-1808.8678847412493
1277,-2800.0,-1808.8678847412493
1278,-2800.0,-2179.526355792
1279,-2800.0,-2179.526355792
1280,-2800.0,-1848.731756076064
1281,-2800.0,-1848.731756076064
1282,-2800.0,-4200.0
1283,-2800.0,-4200.0
1284,-2800.0,-3045.168444911
1285,-2800.0,-3045.168444911
1286,-2800.0,-2855.64098286475
1287,-2800.0,-2855.64098286475
1288,-2800.0,-682.2149534847504
1289,-2800.0,-682.2149534847504
1290,-2800.0,-2069.8834046720003
1291,-2800.0,-2069.8834046720003
1292,-2800.0,-2528.6619138979995
1293,-2800.0,-2528.6619138979995
1294,-2800.0,-2250.2470889060005
1295,-2800.0,-2250.2470889060005
1296,-2800.0,-1877.2701111832494
1297,-2800.0,-1877.2701111832494
1298,-2800.0,-2731.2088421538856
1299,-2800.0,-2731.2088421538856
1300,-2800.0,-4200.0
1301,-2800.0,-4200.0
1302,-2800.0,-4200.0
1303,-2800.0,-4200.0
1304,-2800.0,-4200.0
1305,-2800.0,-4200.0
1306,-2800.0,-3655.5711475845
1307,-2800.0,-3655.5711475845
1308,-2800.0,-2957.85021076275
1309,-2800.0,-2957.85021076275
1310,-2800.0,-3082.5536634397504
1311,-2800.0,-3082.5536634397504
1312,-2800.0,-4200.0
1313,-2800.0,-4200.0
1314,-2800.0,-2841.42596143
1315,-2800.0,-2841.42596143
1316,-2800.0,-3673.8544794814998
1317,-2800.0,-3673.8544794814998
1318,-2800.0,-3341.3600828665003
1319,-2800.0,-3341.3600828665003
1320,-2800.0,-3031.0981697892503
1321,-2800.0,-3031.0981697892503
1322,-2800.0,-2921.3230546085
1323,-2800.0,-2921.3230546085
1324,-2800.0,-4200.0
1325,-2800.0,-4200.0
1326,-2800.0,-2800.994789518274
1327,-2800.0,-2800.994789518274
1328,-2800.0,-3001.624369253749
1329,-2800.0,-3001.624369253749
1330,-2800.0,-4200.0
1331,-2800.0,-4200.0
1332,-2800.0,-4200.0
1333,-2800.0,-4200.0
1334,-2800.0,-4200.0
1335,-2800.0,-4200.0
1336,-2800.0,-4200.0
1337,-2800.0,-4200.0
1338,-2800.0,-3200.0969490980006
1339,-2800.0,-3200.0969490980006
1340,-2800.0,-806.4927876637498
1341,-2800.0,-806.4927876637498
1342,-2800.0,-1656.7484010478438
1343,-2800.0,-1656.7484010478438
1344,-2800.0,-3935.9894590112867
1345,-2800.0,-3935.9894590112867
1346,-2800.0,-2865.5245991352504
1347,-2800.0,-2865.5245991352504
1348,-2800.0,-2654.2533615112498
1349,-2800.0,-2654.2533615112498
1350,-2800.0,-2757.739149974249
1351,-2800.0,-2757.739149974249
1352,-2800.0,-3223.42525554575
1353,-2800.0,-3223.42525554575
1354,-2800.0,-2706.4668061234997
1355,-2800.0,-2706.4668061234997
1356,-2800.0,-1784.7701560477508
1357,-2800.0,-1784.7701560477508
1358,-2800.0,-2048.01727110875
1359,-2800.0,-2048.01727110875
1360,-2800.0,-2542.03608453975
1361,-2800.0,-2542.03608453975
1362,-2800.0,-3578.1800854975004
1363,-2800.0,-3578.1800854975004
1364,-2800.0,-2238.74227614425
1365,-2800.0,-2238.74227614425
1366,-2800.0,-3369.39398860775
1367,-2800.0,-3369.39398860775
1368,-2800.0,-2849.2025916125
1369,-2800.0,-2849.2025916125
1370,-2800.0,-2634.88620612475
1371,-2800.0,-2634.88620612475
1372,-2800.0,-2292.198623068278
1373,-2800.0,-2292.198623068278
1374,-2800.0,-1464.5366227209997
1375,-2800.0,-1464.5366227209997
1376,-2800.0,-2050.1710537524996
1377,-2800.0,-2050.1710537524996
1378,-2800.0,-2089.059995934751
1379,-2800.0,-2089.059995934751
1380,-2800.0,-4200.0
1381,-2800.0,-4200.0
1382,-2800.0,-4200.0
1383,-2800.0,-4200.0
1384,-2800.0,-2280.53471799625
1385,-2800.0,-2280.53471799625
1386,-2800.0,-2692.301308042749
1387,-2800.0,-2692.301308042749
1388,-2800.0,-2194.4555161198114
1389,-2800.0,-2194.4555161198114
1390,-2800.0,-2930.56387285875
1391,-2800.0,-2930.56387285875
1392,-2800.0,-2524.56183218525
1393,-2800.0,-2524.56183218525
1394,-2800.0,-2484.8633291857495
1395,-2800.0,-2484.8633291857495
1396,-2800.0,-2443.921104307
1397,-2800.0,-2443.921104307
1398,-2800.0,-2228.3751546045
1399,-2800.0,-2228.3751546045
1400,-2800.0,-2335.075237703
1401,-2800.0,-2335.075237703
1402,-2800.0,-1687.641807688
1403,-2800.0,-1687.641807688
1404,-2800.0,-1901.841772101
1405,-2800.0,-1901.841772101
1406,-2800.0,-2372.8220254085004
1407,-2800.0,-2372.8220254085004
1408,-2800.0,-2835.182542054
1409,-2800.0,-2835.182542054
1410,-2800.0,-3172.8083886597497
1411,-2800.0,-3172.8083886597497
1412,-2800.0,-1876.9724978780177
1413,-2800.0,-1876.9724978780177
1414,-2800.0,-3061.9206903619997
1415,-2800.0,-3061.9206903619997
1416,-2800.0,-2524.56183218525
1417,-2800.0,-2524.56183218525
1418,-2800.0,-855.8633291857495
1419,-2800.0,-855.8633291857495
1420,-2800.0,-2443.921104307
1421,-2800.0,-2443.921104307
1422,-2800.0,-2228.3751546045
1423,-2800.0,-2228.3751546045
1424,-2800.0,-2010.5033927186487
1425,-2800.0,-2010.5033927186487
1426,-2800.0,-1687.641807688
1427,-2800.0,-1687.641807688
1428,-2800.0,-1901.841772101
1429,-2800.0,-1901.841772101
1430,-2800.0,-2372.8220254085004
1431,-2800.0,-2372.8220254085004
1432,-2800.0,-2835.182542054
1433,-2800.0,-2835.182542054
1434,-2800.0,-3172.8083886597497
1435,-2800.0,-3172.8083886597497
1436,-2800.0,-1876.9724978780177
1437,-2800.0,-1876.9724978780177
1438,-2800.0,-3061.9206903619997
1439,-2800.0,-3061.9206903619997
1440,-450.2563737883256,-2595.4287551772495
1441,-450.2563737883256,-2595.4287551772495
1442,2685.107189398881,-2547.93610374
1443,2685.107189398881,-2547.93610374
1444,2800.0,-3611.878325431353
1445,2800.0,-3611.878325431353
1446,595.7234817607605,-2257.0308820647497
1447,595.7234817607605,-2257.0308820647497
1448,-870.7275090482444,-2211.2210528514997
1449,-870.7275090482444,-2211.2210528514997
1450,-660.4552884877121,-2119.2442384024994
1451,-660.4552884877121,-2119.2442384024994
1452,1559.9374421550456,-3386.706584106494
1453,1559.9374421550456,-3386.706584106494
1454,1599.4634920017124,-4200.0
1455,1599.4634920017124,-4200.0
1456,99.04733272681915,-2178.9928666344995
1457,99.04733272681915,-2178.9928666344995
1458,-2800.0,-2762.1445304095
1459,-2800.0,-2762.1445304095
1460,2073.1819460308698,-3124.7508253135
1461,2073.1819460308698,-3124.7508253135
1462,1548.9446134165,-3155.600996254
1463,1548.9446134165,-3155.600996254
1464,2800.0,-2765.5141030887507
1465,2800.0,-2765.5141030887507
1466,2800.0,-2465.7724343372506
1467,2800.0,-2465.7724343372506
1468,-2428.6035069783193,-2626.19962961875
1469,-2428.6035069783193,-2626.19962961875
1470,-2800.0,-2420.5178553137494
1471,-2800.0,-2420.5178553137494
1472,-2800.0,-3557.932526643
1473,-2800.0,-3557.932526643
1474,-99.95839678866469,-3424.1117836175004
1475,-99.95839678866469,-3424.1117836175004
1476,1704.026803984918,-4200.0
1477,1704.026803984918,-4200.0
1478,1303.4178982206213,-4200.0
1479,1303.4178982206213,-4200.0
1480,-2800.0,-3649.9018462084996
1481,-2800.0,-3649.9018462084996
1482,-2800.0,-4033.6998138567496
1483,-2800.0,-4033.6998138567496
1484,-1786.7059668673974,219.4886641462499
1485,-1786.7059668673974,219.4886641462499
1486,-1855.1852291075047,593.4187036819994
1487,-1855.1852291075047,593.4187036819994
1488,-2800.0,-561.491638026594
1489,-2800.0,-561.491638026594
1490,-2505.7771205665167,-3163.6916952379997
1491,-2505.7771205665167,-3163.6916952379997
1492,-2800.0,-2788.2191697824996
1493,-2800.0,-2788.2191697824996
1494,-2800.0,-2904.3440200922505
1495,-2800.0,-2904.3440200922505
1496,-2800.0,-1999.6612152787502
1497,-2800.0,-1999.6612152787502
1498,-2800.0,-3451.5422166994995
1499,-2800.0,-3451.5422166994995
1500,-2800.0,-2889.3563423179994
1501,-2800.0,-2889.3563423179994
1502,-2800.0,-2913.3175750205
1503,-2800.0,-2913.3175750205
1504,-2800.0,-3025.232646912501
1505,-2800.0,-3025.232646912501
1506,-2800.0,-2094.0963607222493
1507,-2800.0,-2094.0963607222493
1508,-2800.0,-890.3111402939094
1509,-2800.0,-890.3111402939094
1510,-2800.0,-1544.4299755388483
1511,-2800.0,-1544.4299755388483
1512,-2800.0,3146.832623778153
1513,-2800.0,3146.832623778153
1514,-2685.3029517234672,-1823.2482263437496
1515,-2685.3029517234672,-1823.2482263437496
1516,-2800.0,-1400.8503169005003
1517,-2800.0,-1400.8503169005003
1518,-2800.0,-1188.1168192535001
1519,-2800.0,-1188.1168192535001
1520,-2800.0,-1114.1248114872506
1521,-2800.0,-1114.1248114872506
1522,-2800.0,-3397.1672901354996
1523,-2800.0,-3397.1672901354996
1524,-2800.0,-3394.56515357425
1525,-2800.0,-3394.56515357425
1526,-2800.0,-3544.47399095125
1527,-2800.0,-3544.47399095125
1528,-2800.0,-3888.01631814775
1529,-2800.0,-3888.01631814775
1530,-2800.0,-1330.4029887390006
1531,-2800.0,-1330.4029887390006
1532,-2800.0,-1211.2937034692504
1533,-2800.0,-1211.2937034692504
1534,-2800.0,-592.3515435859999
1535,-2800.0,-592.3515435859999
1536,-2800.0,110.54416456125
1537,-2800.0,110.54416456125
1538,-2800.0,334.9012318185005
1539,-2800.0,334.9012318185005
1540,-2800.0,-1856.1934674340828
1541,-2800.0,-1856.1934674340828
1542,-2800.0,-1548.1418388437924
1543,-2800.0,-1548.1418388437924
1544,-2800.0,-2587.982830152
1545,-2800.0,-2587.982830152
1546,-2800.0,-2450.5617543542503
1547,-2800.0,-2450.5617543542503
1548,-2800.0,-2840.910184736
1549,-2800.0,-2840.910184736
1550,-2800.0,-3865.06789875525
1551,-2800.0,-3865.06789875525
1552,-2800.0,-4200.0
1553,-2800.0,-4200.0
1554,-2800.0,-2943.635936191
1555,-2800.0,-2943.635936191
1556,-2800.0,-2326.3874740124993
1557,-2800.0,-2326.3874740124993
1558,-2800.0,933.48821992175
1559,-2800.0,933.48821992175
1560,-2800.0,-913.2447016105007
1561,-2800.0,-913.2447016105007
1562,-2800.0,-952.6502437097506
1563,-2800.0,-952.6502437097506
1564,-2800.0,-953.5171238707503
1565,-2800.0,-953.5171238707503
1566,-2800.0,1639.4532072011543
1567,-2800.0,1639.4532072011543
1568,-2800.0,-2411.3314190497504
1569,-2800.0,-2411.3314190497504
1570,-2800.0,-2227.2270279014992
1571,-2800.0,-2227.2270279014992
1572,-2800.0,-4200.0
1573,-2800.0,-4200.0
1574,-2800.0,-3256.3472560872724
1575,-2800.0,-3256.3472560872724
1576,-2800.0,-3163.9375236282503
1577,-2800.0,-3163.9375236282503
1578,-2800.0,957.8450524268428
1579,-2800.0,957.8450524268428
1580,-2800.0,2484.9307731072504
1581,-2800.0,2484.9307731072504
1582,-2800.0,3077.0409582295006
1583,-2800.0,3077.0409582295006
1584,-2800.0,-2172.8450110729996
1585,-2800.0,-2172.8450110729996
1586,-2341.324071673638,-1865.46852932625
1587,-2341.324071673638,-1865.46852932625
1588,-2800.0,231.4603211320009
1589,-2800.0,231.4603211320009
1590,-2800.0,-690.6361932992854
1591,-2800.0,-690.6361932992854
1592,-2800.0,-1471.4766033645
1593,-2800.0,-1471.4766033645
1594,-2800.0,-1672.9611982939996
1595,-2800.0,-1672.9611982939996
1596,-1872.8766170740982,-4200.0
1597,-1872.8766170740982,-4200.0
1598,-960.0941780712783,-3962.010313953877
1599,-960.0941780712783,-3962.010313953877
1600,-2800.0,-2435.5119419545
1601,-2800.0,-2435.5119419545
1602,-2800.0,1538.6931920432735
1603,-2800.0,1538.6931920432735
1604,-2800.0,2597.6728907492497
1605,-2800.0,2597.6728907492497
1606,-2800.0,4079.364969558839
1607,-2800.0,4079.364969558839
1608,-2800.0,117.8818037097135
1609,-2800.0,117.8818037097135
1610,-1251.5292484332986,-1902.67108235025
1611,-1251.5292484332986,-1902.67108235025
1612,-2251.4443362288584,-1693.070515937
1613,-2251.4443362288584,-1693.070515937
1614,-2129.70514473448,-666.7371142027505
1615,-2129.70514473448,-666.7371142027505
1616,-297.66152014896034,-1025.9088106190002
1617,-297.66152014896034,-1025.9088106190002
1618,-1691.4771179012005,-1153.8896975337507
1619,-1691.4771179012005,-1153.8896975337507
1620,2567.7571330316387,-3788.222659163999
1621,2567.7571330316387,-3788.222659163999
1622,2800.0,-3711.68218992
1623,2800.0,-3711.68218992
1624,-2800.0,-1254.794347861749
1625,-2800.0,-1254.794347861749
1626,-2800.0,-2102.1182641745
1627,-2800.0,-2102.1182641745
1628,-2800.0,-217.8033333006424
1629,-2800.0,-217.8033333006424
1630,-2800.0,-1051.9966916600033
1631,-2800.0,-1051.9966916600033
1632,-1664.0380033727397,-1194.1701578682496
1633,-1664.0380033727397,-1194.1701578682496
1634,-61.37608421511868,-577.1540239742503
1635,-61.37608421511868,-577.1540239742503
1636,-2800.0,-722.4397624384997
1637,-2800.0,-722.4397624384997
1638,-2800.0,-976.4272350065003
1639,-2800.0,-976.4272350065003
1640,-2800.0,-2371.909063573461
1641,-2800.0,-2371.909063573461
1642,-2800.0,-3096.9068871277495
1643,-2800.0,-3096.9068871277495
1644,-2800.0,-4200.0
1645,-2800.0,-4200.0
1646,-2800.0,-4200.0
1647,-2800.0,-4200.0
1648,-2800.0,-3390.9101192777507
1649,-2800.0,-3390.9101192777507
1650,-2800.0,-3033.417746659413
1651,-2800.0,-3033.417746659413
1652,-2800.0,1852.5251138309513
1653,-2800.0,1852.5251138309513
1654,-2800.0,1338.7382306311993
1655,-2800.0,1338.7382306311993
1656,-2800.0,-1273.1025065081221
1657,-2800.0,-1273.1025065081221
1658,-2800.0,-1398.1078983012503
1659,-2800.0,-1398.1078983012503
1660,-2800.0,-1074.0999533695003
1661,-2800.0,-1074.0999533695003
1662,-2800.0,-476.9229684872507
1663,-2800.0,-476.9229684872507
1664,-2800.0,-4007.5037406576794
1665,-2800.0,-4007.5037406576794
1666,-2800.0,-4200.0
1667,-2800.0,-4200.0
1668,-2800.0,-4200.0
1669,-2800.0,-4200.0
1670,-2800.0,-4200.0
1671,-2800.0,-4200.0
1672,-2800.0,-4200.0
1673,-2800.0,-4200.0
1674,-2800.0,-3660.0370567775
1675,-2800.0,-3660.0370567775
1676,-2800.0,2841.3442232831003
1677,-2800.0,2841.3442232831003
1678,-2800.0,862.1123498972502
1679,-2800.0,862.1123498972502
1680,-2324.6502003919377,2793.3709045255
1681,-2324.6502003919377,2793.3709045255
1682,171.56373035302204,-29.973555903000488
1683,171.56373035302204,-29.973555903000488
1684,-2800.0,305.39594810175004
1685,-2800.0,305.39594810175004
1686,-2800.0,571.9671327790002
1687,-2800.0,571.9671327790002
1688,-2800.0,-36.39303217275119
1689,-2800.0,-36.39303217275119
1690,-2800.0,-3217.20785519375
1691,-2800.0,-3217.20785519375
1692,-2800.0,-4200.0
1693,-2800.0,-4200.0
1694,-2800.0,-3837.6671385968075
1695,-2800.0,-3837.6671385968075
1696,-2800.0,-3468.7926051192503
1697,-2800.0,-3468.7926051192503
1698,-2800.0,1206.22637346175
1699,-2800.0,1206.22637346175
1700,-2800.0,546.3859020949994
1701,-2800.0,546.3859020949994
1702,-2800.0,1077.5586036022487
1703,-2800.0,1077.5586036022487
1704,-2800.0,182.9897477411232
1705,-2800.0,182.9897477411232
1706,451.85341349926057,-1717.65024167425
1707,451.85341349926057,-1717.65024167425
1708,-2800.0,4134.7399346809525
1709,-2800.0,4134.7399346809525
1710,-2800.0,-19.864019873750294
1711,-2800.0,-19.864019873750294
1712,-2800.0,-316.2839220650003
1713,-2800.0,-316.2839220650003
1714,-2800.0,-3439.6625952722497
1715,-2800.0,-3439.6625952722497
1716,-1841.970270016178,-4200.0
1717,-1841.970270016178,-4200.0
1718,-2800.0,-4200.0
1719,-2800.0,-4200.0
1720,-2800.0,-2800.2771086779994
1721,-2800.0,-2800.2771086779994
1722,-2800.0,-118.19308841250086
1723,-2800.0,-118.19308841250086
1724,-2800.0,931.2261575434995
1725,-2800.0,931.2261575434995
1726,-2800.0,-32.80045518575025
1727,-2800.0,-32.80045518575025
1728,-2800.0,597.3779814334994
1729,-2800.0,597.3779814334994
1730,-957.4868698126975,-1972.4129928735001
1731,-957.4868698126975,-1972.4129928735001
1732,-2800.0,-1519.9144876575
1733,-2800.0,-1519.9144876575
1734,-2800.0,-655.1681780217496
1735,-2800.0,-655.1681780217496
1736,-2800.0,-317.99196064424905
1737,-2800.0,-317.99196064424905
1738,-2800.0,-3271.686741384
1739,-2800.0,-3271.686741384
1740,-2800.0,-3642.90477553225
1741,-2800.0,-3642.90477553225
1742,-2800.0,-4200.0
1743,-2800.0,-4200.0
1744,-2800.0,-1847.9150776295
1745,-2800.0,-1847.9150776295
1746,-2800.0,-655.9307250444999
1747,-2800.0,-655.9307250444999
1748,-2800.0,-2201.0317044349995
1749,-2800.0,-2201.0317044349995
1750,-2800.0,-1763.7613279234997
1751,-2800.0,-1763.7613279234997
1752,-2800.0,-1733.665389307499
1753,-2800.0,-1733.665389307499
1754,-2417.517457931888,-1840.5937830290004
1755,-2417.517457931888,-1840.5937830290004
1756,-2800.0,-1651.3387756964999
1757,-2800.0,-1651.3387756964999
1758,-2800.0,-1295.4040706274996
1759,-2800.0,-1295.4040706274996
1760,-2800.0,-1126.5551628529997
1761,-2800.0,-1126.5551628529997
1762,-2800.0,-4200.0
1763,-2800.0,-4200.0
1764,-2800.0,-4200.0
1765,-2800.0,-4200.0
1766,-2800.0,-4200.0
1767,-2800.0,-4200.0
1768,-2800.0,-4200.0
1769,-2800.0,-4200.0
1770,-2800.0,-1354.0050806904992
1771,-2800.0,-1354.0050806904992
1772,-2800.0,-1478.3807486587502
1773,-2800.0,-1478.3807486587502
1774,-2800.0,-2474.1725315601125
1775,-2800.0,-2474.1725315601125
1776,-2800.0,-1878.8248459944994
1777,-2800.0,-1878.8248459944994
1778,-2310.661645872,-1680.2245490685
1779,-2310.661645872,-1680.2245490685
1780,-2573.151678033939,-767.2718721749952
1781,-2573.151678033939,-767.2718721749952
1782,-2800.0,-170.066765219
1783,-2800.0,-170.066765219
1784,-2800.0,-1131.2255555601678
1785,-2800.0,-1131.2255555601678
1786,-2800.0,-2423.39894908225
1787,-2800.0,-2423.39894908225
1788,-2800.0,-4200.0
1789,-2800.0,-4200.0
1790,-2800.0,-3305.606460577881
1791,-2800.0,-3305.606460577881
1792,-2800.0,-2499.47248509325
1793,-2800.0,-2499.47248509325
1794,-2800.0,-1407.7554389415
1795,-2800.0,-1407.7554389415
1796,-2800.0,1145.2308831302498
1797,-2800.0,1145.2308831302498
1798,-2800.0,-3042.80454444625
1799,-2800.0,-3042.80454444625
1800,-2800.0,-471.2621505322504
1801,-2800.0,-471.2621505322504
1802,-2800.0,-2129.8873236850004
1803,-2800.0,-2129.8873236850004
1804,-2800.0,1133.3326671552495
1805,-2800.0,1133.3326671552495
1806,-2800.0,-1417.7738021473006
1807,-2800.0,-1417.7738021473006
1808,-2800.0,-2208.627167797178
1809,-2800.0,-2208.627167797178
1810,-2800.0,-2405.977863430749
1811,-2800.0,-2405.977863430749
1812,-2800.0,-4200.0
1813,-2800.0,-4200.0
1814,-2800.0,-4200.0
1815,-2800.0,-4200.0
1816,-2800.0,-3016.8460739964994
1817,-2800.0,-3016.8460739964994
1818,-2800.0,-3815.66498467725
1819,-2800.0,-3815.66498467725
1820,-2800.0,581.9867105064595
1821,-2800.0,581.9867105064595
1822,-2800.0,-444.3561240924996
1823,-2800.0,-444.3561240924996
1824,-2800.0,-3223.501211185
1825,-2800.0,-3223.501211185
1826,-2800.0,-2808.6995682404995
1827,-2800.0,-2808.6995682404995
1828,-2800.0,-2331.22402901655
1829,-2800.0,-2331.22402901655
1830,-2800.0,-3943.6861096321254
1831,-2800.0,-3943.6861096321254
1832,-2800.0,-4200.0
1833,-2800.0,-4200.0
1834,-2800.0,-4200.0
1835,-2800.0,-4200.0
1836,-2800.0,-4200.0
1837,-2800.0,-4200.0
1838,-2800.0,-4200.0
1839,-2800.0,-4200.0
1840,-2800.0,-4200.0
1841,-2800.0,-4200.0
1842,-2800.0,-4200.0
1843,-2800.0,-4200.0
1844,-2800.0,-4200.0
1845,-2800.0,-4200.0
1846,-2800.0,-4200.0
1847,-2800.0,-4200.0
1848,-2800.0,-515.8786212178729
1849,-2800.0,-515.8786212178729
1850,-2800.0,-2623.52151832775
1851,-2800.0,-2623.52151832775
1852,-2800.0,-2526.3510744379996
1853,-2800.0,-2526.3510744379996
1854,-2800.0,-2110.011321838031
1855,-2800.0,-2110.011321838031
1856,-2800.0,-311.3765692893121
1857,-2800.0,-311.3765692893121
1858,-2800.0,-2396.7621238332495
1859,-2800.0,-2396.7621238332495
1860,-2800.0,-2550.9983160285
1861,-2800.0,-2550.9983160285
1862,-2800.0,-3347.6111992052492
1863,-2800.0,-3347.6111992052492
1864,-2800.0,-3600.5240237352505
1865,-2800.0,-3600.5240237352505
1866,-2800.0,1219.399422173
1867,-2800.0,1219.399422173
1868,-2800.0,981.4382658955001
1869,-2800.0,981.4382658955001
1870,-2800.0,1029.1248449280001
1871,-2800.0,1029.1248449280001
1872,-2800.0,438.6985440094795
1873,-2800.0,438.6985440094795
1874,-2800.0,-2425.5487733812497
1875,-2800.0,-2425.5487733812497
1876,-2800.0,-2269.1988874695
1877,-2800.0,-2269.1988874695
1878,-2800.0,-2029.4008546094992
1879,-2800.0,-2029.4008546094992
1880,-2800.0,-2140.494859841001
1881,-2800.0,-2140.494859841001
1882,-2800.0,-1416.51579328775
1883,-2800.0,-1416.51579328775
1884,-2800.0,-1790.264490869
1885,-2800.0,-1790.264490869
1886,-2800.0,-2334.6354445872503
1887,-2800.0,-2334.6354445872503
1888,-2800.0,-3040.16656509775
1889,-2800.0,-3040.16656509775
1890,-2800.0,-2634.4526253139265
1891,-2800.0,-2634.4526253139265
1892,-2800.0,868.0015145647503
1893,-2800.0,868.0015145647503
1894,-2800.0,-555.538032472221
1895,-2800.0,-555.538032472221
1896,-2800.0,-1401.6495314602498
1897,-2800.0,-1401.6495314602498
1898,-2800.0,-1288.0152033169998
1899,-2800.0,-1288.0152033169998
1900,-2800.0,-1312.9664068875004
1901,-2800.0,-1312.9664068875004
1902,-2800.0,-1247.07248586875
1903,-2800.0,-1247.07248586875
1904,-2800.0,-1406.7152512485
1905,-2800.0,-1406.7152512485
1906,-2800.0,-890.058253448
1907,-2800.0,-890.058253448
1908,-2800.0,-1620.4055809855008
1909,-2800.0,-1620.4055809855008
1910,-2800.0,-2837.48113242575
1911,-2800.0,-2837.48113242575
1912,-2800.0,-1953.0943558179997
1913,-2800.0,-1953.0943558179997
1914,-2800.0,-3131.93414788325
1915,-2800.0,-3131.93414788325
1916,-2800.0,410.1784811267553
1917,-2800.0,410.1784811267553
1918,-2800.0,-895.4560336172503
1919,-2800.0,-895.4560336172503
1920,-2800.0,-2224.13160262525
1921,-2800.0,-2224.13160262525
1922,-2800.0,-1973.7471083484998
1923,-2800.0,-1973.7471083484998
1924,-2800.0,-1810.6909710322498
1925,-2800.0,-1810.6909710322498
1926,-2800.0,-1686.8218173242503
1927,-2800.0,-1686.8218173242503
1928,-2800.0,-1360.7805381664994
1929,-2800.0,-1360.7805381664994
1930,-2800.0,-2053.4601772145
1931,-2800.0,-2053.4601772145
1932,-2450.4040873130016,-2570.181286291001
1933,-2450.4040873130016,-2570.181286291001
1934,-802.718674758562,-2807.380246713249
1935,-802.718674758562,-2807.380246713249
1936,-2800.0,-3105.5428091472504
1937,-2800.0,-3105.5428091472504
1938,-2800.0,-2001.4457864195
1939,-2800.0,-2001.4457864195
1940,-2800.0,-2685.6446363987498
1941,-2800.0,-2685.6446363987498
1942,-2800.0,-723.4894376474999
1943,-2800.0,-723.4894376474999
1944,-2800.0,365.0157674437032
1945,-2800.0,365.0157674437032
1946,-1704.8907556316572,-1908.5087482705003
1947,-1704.8907556316572,-1908.5087482705003
1948,-1061.3765238831984,-1541.8415706744995
1949,-1061.3765238831984,-1541.8415706744995
1950,-54.35727178267916,-1375.80595755475
1951,-54.35727178267916,-1375.80595755475
1952,2368.406834506717,-800.6145323362498
1953,2368.406834506717,-800.6145323362498
1954,2338.9536149478226,-515.5545173180008
1955,2338.9536149478226,-515.5545173180008
1956,2800.0,-1060.9450240293409
1957,2800.0,-1060.9450240293409
1958,2800.0,-1487.1700633197506
1959,2800.0,-1487.1700633197506
1960,-2800.0,-2325.8943740649993
1961,-2800.0,-2325.8943740649993
1962,-2800.0,-993.7727909445002
1963,-2800.0,-993.7727909445002
1964,-2800.0,-2627.1307058637503
1965,-2800.0,-2627.1307058637503
1966,-2800.0,-2041.94269387025
1967,-2800.0,-2041.94269387025
1968,-2800.0,-1676.7796089265294
1969,-2800.0,-1676.7796089265294
1970,-2800.0,-988.2535270279996
1971,-2800.0,-988.2535270279996
1972,-2800.0,-2832.1566382032497
1973,-2800.0,-2832.1566382032497
1974,-2800.0,-2968.9564157279997
1975,-2800.0,-2968.9564157279997
1976,-2800.0,-3549.20183707025
1977,-2800.0,-3549.20183707025
1978,-2800.0,-2916.4712915269993
1979,-2800.0,-2916.4712915269993
1980,-2800.0,-1757.880257072
1981,-2800.0,-1757.880257072
1982,-2800.0,-1196.4645335544992
1983,-2800.0,-1196.4645335544992
1984,-2800.0,-1385.7737384020002
1985,-2800.0,-1385.7737384020002
1986,-2800.0,-2053.7220566607493
1987,-2800.0,-2053.7220566607493
1988,-2800.0,-1932.5386759107496
1989,-2800.0,-1932.5386759107496
1990,-2800.0,-1101.08607309525
1991,-2800.0,-1101.08607309525
1992,-2800.0,-67.62810087224989
1993,-2800.0,-67.62810087224989
1994,-2800.0,-645.8405431142728
1995,-2800.0,-645.8405431142728
1996,-2800.0,-1859.2841764155037
1997,-2800.0,-1859.2841764155037
1998,-2800.0,-2489.173788368922
1999,-2800.0,-2489.173788368922
2000,-2800.0,-2779.4181624044995
2001,-2800.0,-2779.4181624044995
2002,-2800.0,-2603.8353974164993
2003,-2800.0,-2603.8353974164993
2004,-2800.0,-2550.5390331337494
2005,-2800.0,-2550.5390331337494
2006,-2800.0,-3247.1715356965005
2007,-2800.0,-3247.1715356965005
2008,-2800.0,-3831.3956085709997
2009,-2800.0,-3831.3956085709997
2010,-2800.0,-4200.0
2011,-2800.0,-4200.0
2012,-2800.0,-4200.0
2013,-2800.0,-4200.0
2014,-2800.0,-3794.929375003716
2015,-2800.0,-3794.929375003716
2016,-2800.0,550.6438566954039
2017,-2800.0,550.6438566954039
2018,-2800.0,-1733.4231809367507
2019,-2800.0,-1733.4231809367507
2020,-2800.0,-2100.463879408
2021,-2800.0,-2100.463879408
2022,-2800.0,-1952.2060507762499
2023,-2800.0,-1952.2060507762499
2024,-2800.0,-1391.8827472077282
2025,-2800.0,-1391.8827472077282
2026,-2800.0,-4044.1445403287507
2027,-2800.0,-4044.1445403287507
2028,-2800.0,-3837.7568223734997
2029,-2800.0,-3837.7568223734997
2030,-2800.0,-3822.8010021237505
2031,-2800.0,-3822.8010021237505
2032,-2800.0,-3235.355753623713
2033,-2800.0,-3235.355753623713
2034,-2800.0,-3047.61304719675
2035,-2800.0,-3047.61304719675
2036,-2800.0,-701.9670224389661
2037,-2800.0,-701.9670224389661
2038,-2800.0,-745.2640625993263
2039,-2800.0,-745.2640625993263
2040,-2800.0,-3203.4881999695003
2041,-2800.0,-3203.4881999695003
2042,-2800.0,-2894.16777372875
2043,-2800.0,-2894.16777372875
2044,-2800.0,-2918.8648067450004
2045,-2800.0,-2918.8648067450004
2046,-2800.0,-3291.158279983
2047,-2800.0,-3291.158279983
2048,-2800.0,-3538.5654586294995
2049,-2800.0,-3538.5654586294995
2050,-2800.0,-2563.3801798637505
2051,-2800.0,-2563.3801798637505
2052,-2800.0,-4200.0
2053,-2800.0,-4200.0
2054,-2800.0,-2418.20269520275
2055,-2800.0,-2418.20269520275
2056,-2800.0,-2594.191159143298
2057,-2800.0,-2594.191159143298
2058,-2800.0,-763.4740581827236
2059,-2800.0,-763.4740581827236
2060,-2800.0,-1002.4497937814995
2061,-2800.0,-1002.4497937814995
2062,-2800.0,-1648.366132981182
2063,-2800.0,-1648.366132981182
2064,-2800.0,-352.83937174199946
2065,-2800.0,-352.83937174199946
2066,-2800.0,-166.41125574746184
2067,-2800.0,-166.41125574746184
2068,-2800.0,-1312.4774772612782
2069,-2800.0,-1312.4774772612782
2070,-2800.0,-19.95476673799385
2071,-2800.0,-19.95476673799385
2072,-2800.0,-1318.7026294540701
2073,-2800.0,-1318.7026294540701
2074,-2800.0,-3336.3658748265007
2075,-2800.0,-3336.3658748265007
2076,-2800.0,-4019.6047504323215
2077,-2800.0,-4019.6047504323215
2078,-2800.0,-3323.4402855505004
2079,-2800.0,-3323.4402855505004
2080,-2800.0,-2977.5798540515
2081,-2800.0,-2977.5798540515
2082,-2800.0,-1547.9657118334053
2083,-2800.0,-1547.9657118334053
2084,-2800.0,-3196.8623712109993
2085,-2800.0,-3196.8623712109993
2086,-2800.0,1077.6276837584992
2087,-2800.0,1077.6276837584992
2088,-2800.0,-155.59740597975042
2089,-2800.0,-155.59740597975042
2090,2121.488580438563,-1400.0245568551381
2091,2121.488580438563,-1400.0245568551381
2092,1593.2925391220406,-2655.8632724727504
2093,1593.2925391220406,-2655.8632724727504
2094,2665.244254053342,-2441.79757809525
2095,2665.244254053342,-2441.79757809525
2096,227.99592630025836,-2588.6928000214994
2097,227.99592630025836,-2588.6928000214994
2098,2800.0,-2450.2377536715003
2099,2800.0,-2450.2377536715003
2100,2800.0,-4200.0
2101,2800.0,-4200.0
2102,2800.0,-4118.90531704175
2103,2800.0,-4118.90531704175
2104,2800.0,-1650.9842112359993
2105,2800.0,-1650.9842112359993
2106,2800.0,-2575.308599649
2107,2800.0,-2575.308599649
2108,2800.0,-1822.4922983916622
2109,2800.0,-1822.4922983916622
2110,2800.0,-2115.5015294466098
2111,2800.0,-2115.5015294466098
2112,2800.0,-2137.1016802059994
2113,2800.0,-2137.1016802059994
2114,2800.0,-106.46252923973589
2115,2800.0,-106.46252923973589
2116,2800.0,-2279.6826376090003
2117,2800.0,-2279.6826376090003
2118,2800.0,-2223.02486064925
2119,2800.0,-2223.02486064925
2120,2800.0,-2226.928394490602
2121,2800.0,-2226.928394490602
2122,2800.0,-1563.007509231058
2123,2800.0,-1563.007509231058
2124,-906.6551360794169,-3967.4870561935
2125,-906.6551360794169,-3967.4870561935
2126,2800.0,-3616.56536424975
2127,2800.0,-3616.56536424975
2128,2800.0,-2538.19047065005
2129,2800.0,-2538.19047065005
2130,2800.0,-2201.62505459725
2131,2800.0,-2201.62505459725
2132,2800.0,-1936.3929088941895
2133,2800.0,-1936.3929088941895
2134,2800.0,-2837.3647130874997
2135,2800.0,-2837.3647130874997
2136,2800.0,-2880.0255358412496
2137,2800.0,-2880.0255358412496
2138,2800.0,-2372.13138941275
2139,2800.0,-2372.13138941275
2140,2800.0,-3624.84058198037
2141,2800.0,-3624.84058198037
2142,841.5670341156001,-3257.858184766488
2143,841.5670341156001,-3257.858184766488
2144,2800.0,-3135.8764212130004
2145,2800.0,-3135.8764212130004
2146,2800.0,-4200.0
2147,2800.0,-4200.0
2148,1982.1346129549274,-4200.0
2149,1982.1346129549274,-4200.0
2150,2800.0,-4200.0
2151,2800.0,-4200.0
2152,1043.022498308801,-2435.0378127925
2153,1043.022498308801,-2435.0378127925
2154,2800.0,-2618.5683938845004
2155,2800.0,-2618.5683938845004
2156,2800.0,-3403.6597203045
2157,2800.0,-3403.6597203045
2158,2800.0,-2658.3518466475007
2159,2800.0,-2658.3518466475007
2160,2800.0,-2175.6932718092503
2161,2800.0,-2175.6932718092503
2162,2800.0,-2062.1312917759997
2163,2800.0,-2062.1312917759997
2164,2800.0,-1914.7402492310002
2165,2800.0,-1914.7402492310002
2166,2800.0,-1929.42689429025
2167,2800.0,-1929.42689429025
2168,2800.0,-4200.0
2169,2800.0,-4200.0
2170,-1065.597728301298,-4200.0
2171,-1065.597728301298,-4200.0
2172,-2800.0,-4200.0
2173,-2800.0,-4200.0
2174,2800.0,-4200.0
2175,2800.0,-4200.0
2176,-46.91508970581617,-4200.0
2177,-46.91508970581617,-4200.0
2178,2800.0,-4200.0
2179,2800.0,-4200.0
2180,2800.0,-3989.2839978646916
2181,2800.0,-3989.2839978646916
2182,2800.0,-3128.9603242903286
2183,2800.0,-3128.9603242903286
2184,2800.0,-263.8762832325756
2185,2800.0,-263.8762832325756
2186,2800.0,-1055.3134698722497
2187,2800.0,-1055.3134698722497
2188,2800.0,-764.1918712114998
2189,2800.0,-764.1918712114998
2190,2800.0,-862.121290739
2191,2800.0,-862.121290739
2192,2800.0,-870.6371535620001
2193,2800.0,-870.6371535620001
2194,2800.0,-3928.344458662499
2195,2800.0,-3928.344458662499
2196,2800.0,-4200.0
2197,2800.0,-4200.0
2198,2800.0,-4200.0
2199,2800.0,-4200.0
2200,2800.0,-2851.26571767475
2201,2800.0,-2851.26571767475
2202,2800.0,-901.8413191339996
2203,2800.0,-901.8413191339996
2204,2800.0,-1506.4289319470008
2205,2800.0,-1506.4289319470008
2206,2800.0,-820.7155312427494
2207,2800.0,-820.7155312427494
2208,2800.0,-1120.0542233752503
2209,2800.0,-1120.0542233752503
2210,2800.0,-1393.21092324225
2211,2800.0,-1393.21092324225
2212,2800.0,480.5178405651923
2213,2800.0,480.5178405651923
2214,2800.0,1490.367670476323
2215,2800.0,1490.367670476323
2216,2800.0,-2865.902384859499
2217,2800.0,-2865.902384859499
2218,1896.7883697890538,-2592.5611547877497
2219,1896.7883697890538,-2592.5611547877497
2220,1291.3859057497139,-4200.0
2221,1291.3859057497139,-4200.0
2222,1865.5619695132345,-3668.9712587879994
2223,1865.5619695132345,-3668.9712587879994
2224,2800.0,-4000.23079882375
2225,2800.0,-4000.23079882375
2226,2800.0,-3832.375056714
2227,2800.0,-3832.375056714
2228,2800.0,-492.57279825676596
2229,2800.0,-492.57279825676596
2230,2800.0,-164.69642309326082
2231,2800.0,-164.69642309326082
2232,2800.0,1893.0041465395004
2233,2800.0,1893.0041465395004
2234,2800.0,2039.05471696475
2235,2800.0,2039.05471696475
2236,2800.0,-2129.0132756357502
2237,2800.0,-2129.0132756357502
2238,2800.0,2730.05380439025
2239,2800.0,2730.05380439025
2240,2800.0,288.97194367775
2241,2800.0,288.97194367775
2242,1353.7919731946,-2734.79685670175
2243,1353.7919731946,-2734.79685670175
2244,2800.0,-3185.8287165437505
2245,2800.0,-3185.8287165437505
2246,2800.0,-3335.1366375275
2247,2800.0,-3335.1366375275
2248,2800.0,-3177.5076560755006
2249,2800.0,-3177.5076560755006
2250,2800.0,-225.94937775255858
2251,2800.0,-225.94937775255858
2252,2800.0,-528.2308373045003
2253,2800.0,-528.2308373045003
2254,2800.0,-122.86375478674972
2255,2800.0,-122.86375478674972
2256,2800.0,2117.3020516076213
2257,2800.0,2117.3020516076213
2258,2800.0,-1061.1126250619945
2259,2800.0,-1061.1126250619945
2260,1255.0677084279607,-1843.1320947375
2261,1255.0677084279607,-1843.1320947375
2262,2007.2673488027535,-1578.2990973977498
2263,2007.2673488027535,-1578.2990973977498
2264,257.00132048126034,-1038.6771864092507
2265,257.00132048126034,-1038.6771864092507
2266,2800.0,-4181.046605515499
2267,2800.0,-4181.046605515499
2268,2800.0,-4200.0
2269,2800.0,-4200.0
2270,2800.0,-4200.0
2271,2800.0,-4200.0
2272,2800.0,-4200.0
2273,2800.0,-4200.0
2274,2800.0,-2775.7266866362493
2275,2800.0,-2775.7266866362493
2276,2384.8318288399055,-1896.1347023202497
2277,2384.8318288399055,-1896.1347023202497
2278,2800.0,-941.6857887992492
2279,2800.0,-941.6857887992492
2280,2800.0,-1083.07197710125
2281,2800.0,-1083.07197710125
2282,2800.0,-705.8264060500001
2283,2800.0,-705.8264060500001
2284,2751.888352387201,-757.1765620592496
2285,2751.888352387201,-757.1765620592496
2286,2800.0,-1123.7597504484997
2287,2800.0,-1123.7597504484997
2288,2800.0,-1429.0480239255003
2289,2800.0,-1429.0480239255003
2290,2800.0,-1947.8247244672502
2291,2800.0,-1947.8247244672502
2292,2800.0,-4200.0
2293,2800.0,-4200.0
2294,2800.0,-2206.205524954159
2295,2800.0,-2206.205524954159
2296,2800.0,-2098.7196580897503
2297,2800.0,-2098.7196580897503
2298,2800.0,-2071.1656429005006
2299,2800.0,-2071.1656429005006
2300,2800.0,-2343.28593432425
2301,2800.0,-2343.28593432425
2302,2800.0,-2277.6253478890003
2303,2800.0,-2277.6253478890003
2304,2800.0,-2022.0539665695
2305,2800.0,-2022.0539665695
2306,2800.0,-2029.4028648017502
2307,2800.0,-2029.4028648017502
2308,2800.0,-1958.9849355547503
2309,2800.0,-1958.9849355547503
2310,474.74808208434115,-1840.714538454
2311,474.74808208434115,-1840.714538454
2312,2800.0,-4200.0
2313,2800.0,-4200.0
2314,2800.0,-1998.8569546057493
2315,2800.0,-1998.8569546057493
2316,2800.0,-3823.8687690286015
2317,2800.0,-3823.8687690286015
2318,2800.0,-4200.0
2319,2800.0,-4200.0
2320,2800.0,-3465.9768991515
2321,2800.0,-3465.9768991515
2322,2800.0,-3902.6813249879997
2323,2800.0,-3902.6813249879997
2324,2800.0,-4061.039507138249
2325,2800.0,-4061.039507138249
2326,2800.0,-3805.26563525875
2327,2800.0,-3805.26563525875
2328,2800.0,-2913.4052371075
2329,2800.0,-2913.4052371075
2330,2800.0,-2164.398036537
2331,2800.0,-2164.398036537
2332,-2800.0,-1582.0287779695
2333,-2800.0,-1582.0287779695
2334,-2800.0,-1884.7284704474996
2335,-2800.0,-1884.7284704474996
2336,-2350.033365767318,-4139.41771417075
2337,-2350.033365767318,-4139.41771417075
2338,-2800.0,-3604.4982736047505
2339,-2800.0,-3604.4982736047505
2340,433.7339044435994,-3883.3649387575006
2341,433.7339044435994,-3883.3649387575006
2342,1072.3852684497688,-4200.0
2343,1072.3852684497688,-4200.0
2344,-2800.0,-4200.0
2345,-2800.0,-4200.0
2346,-2800.0,-4200.0
2347,-2800.0,-4200.0
2348,-2800.0,-4200.0
2349,-2800.0,-4200.0
2350,-1554.6675281791195,-2955.9634974654655
2351,-1554.6675281791195,-2955.9634974654655
2352,2800.0,-1174.9774068082497
2353,2800.0,-1174.9774068082497
2354,2800.0,-1418.5966745387495
2355,2800.0,-1418.5966745387495
2356,2800.0,-1503.3524920295
2357,2800.0,-1503.3524920295
2358,2800.0,-1981.5329862507497
2359,2800.0,-1981.5329862507497
2360,2800.0,-1572.3730855200001
2361,2800.0,-1572.3730855200001
2362,2800.0,-2890.4869083564045
2363,2800.0,-2890.4869083564045
2364,2685.7674227312127,-4200.0
2365,2685.7674227312127,-4200.0
2366,2800.0,-4200.0
2367,2800.0,-4200.0
2368,2800.0,-3577.5797951785
2369,2800.0,-3577.5797951785
2370,2800.0,-4102.233218952249
2371,2800.0,-4102.233218952249
2372,2800.0,-2453.6284719291198
2373,2800.0,-2453.6284719291198
2374,2800.0,-1492.4531276091693
2375,2800.0,-1492.4531276091693
2376,2800.0,-3609.8636668904996
2377,2800.0,-3609.8636668904996
2378,2800.0,-3599.20075408825
2379,2800.0,-3599.20075408825
2380,2800.0,-3229.3356754920005
2381,2800.0,-3229.3356754920005
2382,2800.0,621.4962597170861
2383,2800.0,621.4962597170861
2384,2800.0,-3709.7899197974994
2385,2800.0,-3709.7899197974994
2386,2800.0,-3482.8134278142497
2387,2800.0,-3482.8134278142497
2388,2800.0,-3697.3131576124997
2389,2800.0,-3697.3131576124997
2390,2800.0,-3908.042247731
2391,2800.0,-3908.042247731
2392,2800.0,-3030.0635082434765
2393,2800.0,-3030.0635082434765
2394,2800.0,424.3433030062506
2395,2800.0,424.3433030062506
2396,2800.0,-2623.262004342048
2397,2800.0,-2623.262004342048
2398,2800.0,-4080.936218497
2399,2800.0,-4080.936218497
2400,2800.0,-3548.1363409819996
2401,2800.0,-3548.1363409819996
2402,2800.0,-3359.3349787032507
2403,2800.0,-3359.3349787032507
2404,2800.0,-3033.2902338107497
2405,2800.0,-3033.2902338107497
2406,2800.0,-3524.898725563
2407,2800.0,-3524.898725563
2408,2800.0,-3913.6665231334996
2409,2800.0,-3913.6665231334996
2410,2800.0,-3754.7410784149997
2411,2800.0,-3754.7410784149997
2412,2800.0,-3979.9467782084994
2413,2800.0,-3979.9467782084994
2414,2800.0,-4177.02142190925
2415,2800.0,-4177.02142190925
2416,2800.0,-1270.7594839353733
2417,2800.0,-1270.7594839353733
2418,2800.0,-3914.3668775060005
2419,2800.0,-3914.3668775060005
2420,2800.0,-2991.574889092907
2421,2800.0,-2991.574889092907
2422,2800.0,-2622.811019557661
2423,2800.0,-2622.811019557661
2424,2800.0,1062.9455784327504
2425,2800.0,1062.9455784327504
2426,2800.0,-1438.620340715
2427,2800.0,-1438.620340715
2428,2800.0,1669.3481740707498
2429,2800.0,1669.3481740707498
2430,2800.0,1979.6761070715
2431,2800.0,1979.6761070715
2432,2800.0,6.657861687762306
2433,2800.0,6.657861687762306
2434,2800.0,-2190.7461402892495
2435,2800.0,-2190.7461402892495
2436,2800.0,-2523.2441382742495
2437,2800.0,-2523.2441382742495
2438,2800.0,-3028.36911027525
2439,2800.0,-3028.36911027525
2440,2800.0,-2927.9781784045003
2441,2800.0,-2927.9781784045003
2442,2800.0,-1640.492983564859
2443,2800.0,-1640.492983564859
2444,2800.0,1228.3101002665003
2445,2800.0,1228.3101002665003
2446,2800.0,-2648.71832507975
2447,2800.0,-2648.71832507975
2448,2800.0,-619.2873939079482
2449,2800.0,-619.2873939079482
2450,2800.0,-1507.1290813902501
2451,2800.0,-1507.1290813902501
2452,2800.0,-1471.44842143375
2453,2800.0,-1471.44842143375
2454,2800.0,-1876.9738537287494
2455,2800.0,-1876.9738537287494
2456,2800.0,-1584.0481020099996
2457,2800.0,-1584.0481020099996
2458,2800.0,-3195.1762261358504
2459,2800.0,-3195.1762261358504
2460,2800.0,-4200.0
2461,2800.0,-4200.0
2462,2800.0,-3524.236237300116
2463,2800.0,-3524.236237300116
2464,2800.0,-2632.7239034500008
2465,2800.0,-2632.7239034500008
2466,2800.0,-3521.2767014090005
2467,2800.0,-3521.2767014090005
2468,2800.0,-3338.5023879525
2469,2800.0,-3338.5023879525
2470,2800.0,-1870.7465778665
2471,2800.0,-1870.7465778665
2472,2800.0,-1025.1428888722498
2473,2800.0,-1025.1428888722498
2474,2800.0,-961.8952995612499
2475,2800.0,-961.8952995612499
2476,2800.0,-1228.6556301225
2477,2800.0,-1228.6556301225
2478,2367.5237055952803,-2153.7062220925
2479,2367.5237055952803,-2153.7062220925
2480,2042.5215702075984,-4200.0
2481,2042.5215702075984,-4200.0
2482,2800.0,-3581.50678601425
2483,2800.0,-3581.50678601425
2484,773.9030267928374,-4027.614658941
2485,773.9030267928374,-4027.614658941
2486,1031.1128737431427,-4200.0
2487,1031.1128737431427,-4200.0
2488,2497.798579894641,-4200.0
2489,2497.798579894641,-4200.0
2490,307.9144818918212,-4200.0
2491,307.9144818918212,-4200.0
2492,2020.9747714311252,-4200.0
2493,2020.9747714311252,-4200.0
2494,2800.0,-3681.3729670445173
2495,2800.0,-3681.3729670445173
2496,2800.0,-4200.0
2497,2800.0,-4200.0
2498,2800.0,-3102.110253234712
2499,2800.0,-3102.110253234712
2500,2800.0,-2909.880267700615
2501,2800.0,-2909.880267700615
2502,666.2546968883198,-2849.3793250399394
2503,666.2546968883198,-2849.3793250399394
2504,2800.0,-4200.0
2505,2800.0,-4200.0
2506,-2800.0,-4200.0
2507,-2800.0,-4200.0
2508,-2800.0,-4200.0
2509,-2800.0,-4200.0
2510,-2800.0,-4200.0
2511,-2800.0,-4200.0
2512,-2205.76821608152,-4200.0
2513,-2205.76821608152,-4200.0
2514,1878.3811966506619,-4200.0
2515,1878.3811966506619,-4200.0
2516,1860.5068391119603,-4200.0
2517,1860.5068391119603,-4200.0
2518,2800.0,-4200.0
2519,2800.0,-4200.0
2520,2800.0,-3025.8135171880003
2521,2800.0,-3025.8135171880003
2522,2800.0,-2981.2202883842497
2523,2800.0,-2981.2202883842497
2524,2800.0,-3281.62390807575
2525,2800.0,-3281.62390807575
2526,2800.0,-3972.2204265440005
2527,2800.0,-3972.2204265440005
2528,2800.0,-4200.0
2529,2800.0,-4200.0
2530,2800.0,-3912.6861159234995
2531,2800.0,-3912.6861159234995
2532,2800.0,-4200.0
2533,2800.0,-4200.0
2534,2800.0,-4200.0
2535,2800.0,-4200.0
2536,2800.0,-4200.0
2537,2800.0,-4200.0
2538,2800.0,-2402.574372050258
2539,2800.0,-2402.574372050258
2540,2800.0,-2584.8722328770664
2541,2800.0,-2584.8722328770664
2542,2800.0,-1178.1486637464996
2543,2800.0,-1178.1486637464996
2544,2800.0,-782.0956815637155
2545,2800.0,-782.0956815637155
2546,2800.0,-3766.4796839090222
2547,2800.0,-3766.4796839090222
2548,2800.0,-3470.9065810352504
2549,2800.0,-3470.9065810352504
2550,2800.0,-3722.953198337
2551,2800.0,-3722.953198337
2552,2800.0,-3729.9625926424997
2553,2800.0,-3729.9625926424997
2554,2800.0,-3250.9522309207496
2555,2800.0,-3250.9522309207496
2556,2800.0,-2982.26759153075
2557,2800.0,-2982.26759153075
2558,2800.0,-2785.93785741825
2559,2800.0,-2785.93785741825
2560,2800.0,-3010.3279147549997
2561,2800.0,-3010.3279147549997
2562,2800.0,-4011.2698881329993
2563,2800.0,-4011.2698881329993
2564,2800.0,-4068.0100211827325
2565,2800.0,-4068.0100211827325
2566,2800.0,369.2689431307499
2567,2800.0,369.2689431307499
2568,2800.0,-1693.5417245439785
2569,2800.0,-1693.5417245439785
2570,2800.0,-3608.8246103632496
2571,2800.0,-3608.8246103632496
2572,2800.0,-3373.2696186057497
2573,2800.0,-3373.2696186057497
2574,2800.0,-3851.377777428501
2575,2800.0,-3851.377777428501
2576,2800.0,-3951.916382936
2577,2800.0,-3951.916382936
2578,2800.0,-3529.6897984897505
2579,2800.0,-3529.6897984897505
2580,2800.0,-2942.32992418875
2581,2800.0,-2942.32992418875
2582,2800.0,-2659.376610448
2583,2800.0,-2659.376610448
2584,2800.0,-2832.99708774
2585,2800.0,-2832.99708774
2586,2800.0,262.8651480621702
2587,2800.0,262.8651480621702
2588,2800.0,-3540.9067983645527
2589,2800.0,-3540.9067983645527
2590,2800.0,-3412.2988561412503
2591,2800.0,-3412.2988561412503
2592,2800.0,-514.6248885225514
2593,2800.0,-514.6248885225514
2594,2800.0,-2540.49001348875
2595,2800.0,-2540.49001348875
2596,2800.0,-2469.1269255652496
2597,2800.0,-2469.1269255652496
2598,2800.0,-2332.7271755784996
2599,2800.0,-2332.7271755784996
2600,2800.0,-1826.8194650000005
2601,2800.0,-1826.8194650000005
2602,2800.0,-4014.8210456052366
2603,2800.0,-4014.8210456052366
2604,2800.0,-3208.073202134
2605,2800.0,-3208.073202134
2606,2800.0,-3007.3125640427497
2607,2800.0,-3007.3125640427497
2608,2800.0,-2308.2533703430527
2609,2800.0,-2308.2533703430527
2610,2800.0,-2963.43220409025
2611,2800.0,-2963.43220409025
2612,2800.0,-3549.2519476217503
2613,2800.0,-3549.2519476217503
2614,2800.0,-3547.4296156057503
2615,2800.0,-3547.4296156057503
2616,2800.0,-3372.0450113785
2617,2800.0,-3372.0450113785
2618,2800.0,-1035.1198585039092
2619,2800.0,-1035.1198585039092
2620,2800.0,-3102.9053643244997
2621,2800.0,-3102.9053643244997
2622,2800.0,-2749.5724624649997
2623,2800.0,-2749.5724624649997
2624,2800.0,-2798.35856721025
2625,2800.0,-2798.35856721025
2626,2800.0,-4200.0
2627,2800.0,-4200.0
2628,2800.0,-4200.0
2629,2800.0,-4200.0
2630,2800.0,-4200.0
2631,2800.0,-4200.0
2632,2800.0,-3961.872941247806
2633,2800.0,-3961.872941247806
2634,2800.0,-3128.3254838602497
2635,2800.0,-3128.3254838602497
2636,2800.0,-3505.42989099025
2637,2800.0,-3505.42989099025
2638,2800.0,-3255.2734617404994
2639,2800.0,-3255.2734617404994
2640,2800.0,-3144.5178237929995
2641,2800.0,-3144.5178237929995
2642,2800.0,-3205.5015139037496
2643,2800.0,-3205.5015139037496
2644,2800.0,-2922.70923630025
2645,2800.0,-2922.70923630025
2646,2800.0,-3405.0156712874996
2647,2800.0,-3405.0156712874996
2648,2800.0,-3850.4287122179976
2649,2800.0,-3850.4287122179976
2650,2800.0,-3127.720145105879
2651,2800.0,-3127.720145105879
2652,2800.0,-4200.0
2653,2800.0,-4200.0
2654,2800.0,-4200.0
2655,2800.0,-4200.0
2656,2800.0,-4200.0
2657,2800.0,-4200.0
2658,2800.0,-3513.2183039175
2659,2800.0,-3513.2183039175
2660,2800.0,-4029.6611530807504
2661,2800.0,-4029.6611530807504
2662,2800.0,-3687.79547003775
2663,2800.0,-3687.79547003775
2664,2800.0,-3373.770215095249
2665,2800.0,-3373.770215095249
2666,2800.0,-3011.4280599394997
2667,2800.0,-3011.4280599394997
2668,2800.0,-2797.7032220145006
2669,2800.0,-2797.7032220145006
2670,2800.0,-4059.708386934868
2671,2800.0,-4059.708386934868
2672,-660.6736603900299,-4200.0
2673,-660.6736603900299,-4200.0
2674,-2800.0,-4200.0
2675,-2800.0,-4200.0
2676,1913.9064010609618,-4200.0
2677,1913.9064010609618,-4200.0
2678,-2800.0,-4200.0
2679,-2800.0,-4200.0
2680,2800.0,-4200.0
2681,2800.0,-4200.0
2682,2800.0,-4200.0
2683,2800.0,-4200.0
2684,2800.0,-4200.0
2685,2800.0,-4200.0
2686,2800.0,-4200.0
2687,2800.0,-4200.0
2688,2800.0,-3607.7488201534998
2689,2800.0,-3607.7488201534998
2690,2800.0,-3380.4399156165005
2691,2800.0,-3380.4399156165005
2692,2800.0,-3161.2194838332503
2693,2800.0,-3161.2194838332503
2694,2800.0,-2839.3963914685746
2695,2800.0,-2839.3963914685746
2696,2800.0,-3199.5549640359995
2697,2800.0,-3199.5549640359995
2698,2800.0,-2757.2717554795
2699,2800.0,-2757.2717554795
2700,2800.0,-4200.0
2701,2800.0,-4200.0
2702,2800.0,-4200.0
2703,2800.0,-4200.0
2704,2800.0,-2858.66688992275
2705,2800.0,-2858.66688992275
2706,2800.0,-3157.0566569937496
2707,2800.0,-3157.0566569937496
2708,2800.0,-3720.5705254985005
2709,2800.0,-3720.5705254985005
2710,2800.0,-3670.7927300754995
2711,2800.0,-3670.7927300754995
2712,2800.0,-3685.7172197345
2713,2800.0,-3685.7172197345
2714,2800.0,-1045.9517124729255
2715,2800.0,-1045.9517124729255
2716,2800.0,-3385.0443025365003
2717,2800.0,-3385.0443025365003
2718,2800.0,-2215.273208419361
2719,2800.0,-2215.273208419361
2720,2800.0,-3696.7933359952503
2721,2800.0,-3696.7933359952503
2722,2800.0,-2975.9576936675003
2723,2800.0,-2975.9576936675003
2724,2800.0,-3027.5162536947505
2725,2800.0,-3027.5162536947505
2726,2800.0,-3378.730796768
2727,2800.0,-3378.730796768
2728,2800.0,-3484.6868447005
2729,2800.0,-3484.6868447005
2730,2800.0,-183.90538265740815
2731,2800.0,-183.90538265740815
2732,2800.0,-1432.627038142251
2733,2800.0,-1432.627038142251
2734,2800.0,664.0830535747496
2735,2800.0,664.0830535747496
2736,2800.0,549.2293776335
2737,2800.0,549.2293776335
2738,2800.0,-1207.5795639442495
2739,2800.0,-1207.5795639442495
2740,2800.0,-2665.27863408389
2741,2800.0,-2665.27863408389
2742,2800.0,-2812.6995674792415
2743,2800.0,-2812.6995674792415
2744,2800.0,-4200.0
2745,2800.0,-4200.0
2746,2800.0,-3466.428478500071
2747,2800.0,-3466.428478500071
2748,2800.0,-3873.7703057729996
2749,2800.0,-3873.7703057729996
2750,2800.0,-3762.766049002249
2751,2800.0,-3762.766049002249
2752,2800.0,-3606.7397556097503
2753,2800.0,-3606.7397556097503
2754,2800.0,-1238.8286007534125
2755,2800.0,-1238.8286007534125
2756,2800.0,-2971.7649408625794
2757,2800.0,-2971.7649408625794
2758,2800.0,821.2839122944788
2759,2800.0,821.2839122944788
2760,2800.0,-2972.3865732974996
2761,2800.0,-2972.3865732974996
2762,2800.0,-2705.9566042260003
2763,2800.0,-2705.9566042260003
2764,2800.0,-2427.1631505664354
2765,2800.0,-2427.1631505664354
2766,2800.0,-2345.710574372977
2767,2800.0,-2345.710574372977
2768,2800.0,-4200.0
2769,2800.0,-4200.0
2770,2800.0,-3318.2662357954996
2771,2800.0,-3318.2662357954996
2772,2800.0,-2715.861283833249
2773,2800.0,-2715.861283833249
2774,2800.0,-3029.39595904575
2775,2800.0,-3029.39595904575
2776,2800.0,-2602.536073547445
2777,2800.0,-2602.536073547445
2778,2800.0,-2055.05489350475
2779,2800.0,-2055.05489350475
2780,2800.0,-1652.7111731515001
2781,2800.0,-1652.7111731515001
2782,2800.0,-747.5219411667504
2783,2800.0,-747.5219411667504
2784,2800.0,-898.5221958317497
2785,2800.0,-898.5221958317497
2786,2800.0,-1367.0077949757501
2787,2800.0,-1367.0077949757501
2788,2800.0,-2184.5935851032245
2789,2800.0,-2184.5935851032245
2790,2800.0,-2015.2262470126589
2791,2800.0,-2015.2262470126589
2792,2800.0,-1372.7956632712494
2793,2800.0,-1372.7956632712494
2794,2800.0,-1533.647601064
2795,2800.0,-1533.647601064
2796,2800.0,-902.241907579999
2797,2800.0,-902.241907579999
2798,2800.0,-3326.0288369275004
2799,2800.0,-3326.0288369275004
2800,2800.0,-4200.0
2801,2800.0,-4200.0
2802,2800.0,-2912.8256963347494
2803,2800.0,-2912.8256963347494
2804,2800.0,-3432.44101911625
2805,2800.0,-3432.44101911625
2806,2800.0,-2912.3302359335003
2807,2800.0,-2912.3302359335003
2808,2800.0,-2759.6457795862493
2809,2800.0,-2759.6457795862493
2810,2800.0,-4200.0
2811,2800.0,-4200.0
2812,2800.0,-4200.0
2813,2800.0,-4200.0
2814,2800.0,-4200.0
2815,2800.0,-4200.0
2816,2800.0,-4200.0
2817,2800.0,-4200.0
2818,2800.0,-4200.0
2819,2800.0,-4200.0
2820,2800.0,-4200.0
2821,2800.0,-4200.0
2822,2800.0,-4200.0
2823,2800.0,-4200.0
2824,2800.0,-4200.0
2825,2800.0,-4200.0
2826,2800.0,-4200.0
2827,2800.0,-4200.0
2828,2800.0,-4200.0
2829,2800.0,-4200.0
2830,2800.0,-4200.0
2831,2800.0,-4200.0
2832,2800.0,-4200.0
2833,2800.0,-4200.0
2834,2800.0,-4200.0
2835,2800.0,-4200.0
2836,2800.0,-4200.0
2837,2800.0,-4200.0
2838,1537.0851218366806,-4200.0
2839,1537.0851218366806,-4200.0
2840,2800.0,-4200.0
2841,2800.0,-4200.0
2842,2800.0,-4200.0
2843,2800.0,-4200.0
2844,1343.0201021852008,-4200.0
2845,1343.0201021852008,-4200.0
2846,2800.0,-4200.0
2847,2800.0,-4200.0
2848,2800.0,-4200.0
2849,2800.0,-4200.0
2850,845.6397874797167,-4200.0
2851,845.6397874797167,-4200.0
2852,2800.0,-2611.0664570540393
2853,2800.0,-2611.0664570540393
2854,2800.0,-608.6199684124999
2855,2800.0,-608.6199684124999
2856,2800.0,-331.4431906943214
2857,2800.0,-331.4431906943214
2858,2800.0,-958.6099168755004
2859,2800.0,-958.6099168755004
2860,2800.0,1231.1457252630003
2861,2800.0,1231.1457252630003
2862,2800.0,1099.6163231960004
2863,2800.0,1099.6163231960004
2864,2800.0,-2519.6448444551224
2865,2800.0,-2519.6448444551224
2866,2800.0,-3162.2940889072497
2867,2800.0,-3162.2940889072497
2868,2800.0,-4200.0
2869,2800.0,-4200.0
2870,2800.0,-4200.0
2871,2800.0,-4200.0
2872,2800.0,-2730.3667883655
2873,2800.0,-2730.3667883655
2874,2800.0,-3228.52827291425
2875,2800.0,-3228.52827291425
2876,2800.0,840.7097198822494
2877,2800.0,840.7097198822494
2878,2800.0,-3629.9720977849997
2879,2800.0,-3629.9720977849997
2880,2800.0,-2013.5502962469982
2881,2800.0,-2013.5502962469982
2882,2800.0,-810.9764078827507
2883,2800.0,-810.9764078827507
2884,2800.0,812.6375950490192
2885,2800.0,812.6375950490192
2886,2800.0,-910.8907593387498
2887,2800.0,-910.8907593387498
2888,2800.0,-3259.2024169481865
2889,2800.0,-3259.2024169481865
2890,2800.0,-2804.966194515
2891,2800.0,-2804.966194515
2892,2800.0,-4200.0
2893,2800.0,-4200.0
2894,2800.0,-3290.891296675709
2895,2800.0,-3290.891296675709
2896,2800.0,-3112.3445398297495
2897,2800.0,-3112.3445398297495
2898,2800.0,-3358.8691960955002
2899,2800.0,-3358.8691960955002
2900,2800.0,-2496.240398272621
2901,2800.0,-2496.240398272621
2902,2800.0,-2578.2793778249907
2903,2800.0,-2578.2793778249907
2904,2800.0,-2950.4447376085
2905,2800.0,-2950.4447376085
2906,2800.0,-2897.9202113842493
2907,2800.0,-2897.9202113842493
2908,2800.0,-2712.0723887765
2909,2800.0,-2712.0723887765
2910,2800.0,-2461.123594351
2911,2800.0,-2461.123594351
2912,2800.0,-3334.774319565222
2913,2800.0,-3334.774319565222
2914,2800.0,-4200.0
2915,2800.0,-4200.0
2916,2082.0268851961373,-4200.0
2917,2082.0268851961373,-4200.0
2918,2800.0,-4200.0
2919,2800.0,-4200.0
2920,2800.0,-3770.431908240098
2921,2800.0,-3770.431908240098
2922,2800.0,-4075.4797784485
2923,2800.0,-4075.4797784485
2924,2800.0,-3917.2053603555005
2925,2800.0,-3917.2053603555005
2926,2800.0,-2146.119893059873
2927,2800.0,-2146.119893059873
2928,2800.0,-3197.7262876732498
2929,2800.0,-3197.7262876732498
2930,2800.0,-3104.71755683225
2931,2800.0,-3104.71755683225
2932,2800.0,-2697.5902019845
2933,2800.0,-2697.5902019845
2934,2800.0,-2615.1635697822508
2935,2800.0,-2615.1635697822508
2936,2800.0,-2154.86694255125
2937,2800.0,-2154.86694255125
2938,2800.0,-2261.401929421365
2939,2800.0,-2261.401929421365
2940,2800.0,-4148.63115719825
2941,2800.0,-4148.63115719825
2942,2800.0,-4200.0
2943,2800.0,-4200.0
2944,2800.0,-2003.38446161725
2945,2800.0,-2003.38446161725
2946,2800.0,-2471.8935995405
2947,2800.0,-2471.8935995405
2948,2800.0,-3107.942115199
2949,2800.0,-3107.942115199
2950,2800.0,-3078.28879894825
2951,2800.0,-3078.28879894825
2952,2800.0,-3005.03520217925
2953,2800.0,-3005.03520217925
2954,2800.0,-2689.6327923335
2955,2800.0,-2689.6327923335
2956,2800.0,-2334.556277549
2957,2800.0,-2334.556277549
2958,2800.0,-2124.4834590337496
2959,2800.0,-2124.4834590337496
2960,2800.0,-1692.1567884765
2961,2800.0,-1692.1567884765
2962,2800.0,-1543.9121242455003
2963,2800.0,-1543.9121242455003
2964,2800.0,-1675.0216825155003
2965,2800.0,-1675.0216825155003
2966,2800.0,-1785.1078773587496
2967,2800.0,-1785.1078773587496
2968,2800.0,-2370.0593202342498
2969,2800.0,-2370.0593202342498
2970,2800.0,-585.9259186777995
2971,2800.0,-585.9259186777995
2972,2800.0,-587.7736160947493
2973,2800.0,-587.7736160947493
2974,2800.0,24.476616818249568
2975,2800.0,24.476616818249568
2976,2800.0,-829.2008380274874
2977,2800.0,-829.2008380274874
2978,2800.0,-1889.589975941
2979,2800.0,-1889.589975941
2980,2800.0,-891.5133115727504
2981,2800.0,-891.5133115727504
2982,1321.9364951725438,-990.9963842492507
2983,1321.9364951725438,-990.9963842492507
2984,2800.0,-3586.2988646862495
2985,2800.0,-3586.2988646862495
2986,-2800.0,-3219.5199557219994
2987,-2800.0,-3219.5199557219994
2988,-2800.0,-2561.7580210295
2989,-2800.0,-2561.7580210295
2990,-2800.0,-2429.868191512751
2991,-2800.0,-2429.868191512751
2992,-2800.0,-2470.59341277
2993,-2800.0,-2470.59341277
2994,2800.0,-3363.0742572010004
2995,2800.0,-3363.0742572010004
2996,2800.0,-4062.7097463990003
2997,2800.0,-4062.7097463990003
2998,2800.0,-4200.0
2999,2800.0,-4200.0
3000,2800.0,-4200.0
3001,2800.0,-4200.0
3002,2800.0,-4200.0
3003,2800.0,-4200.0
3004,2800.0,-3578.7325258771866
3005,2800.0,-3578.7325258771866
3006,2800.0,-3798.73049042425
3007,2800.0,-3798.73049042425
3008,2800.0,-4200.0
3009,2800.0,-4200.0
3010,-2800.0,-4200.0
3011,-2800.0,-4200.0
3012,2800.0,-4200.0
3013,2800.0,-4200.0
3014,-2800.0,-4200.0
3015,-2800.0,-4200.0
3016,-2800.0,-2421.71725514275
3017,-2800.0,-2421.71725514275
3018,2800.0,-3271.52252613025
3019,2800.0,-3271.52252613025
3020,2800.0,-3717.626867610501
3021,2800.0,-3717.626867610501
3022,2800.0,-1881.341074776723
3023,2800.0,-1881.341074776723
3024,2800.0,-725.9695569977498
3025,2800.0,-725.9695569977498
3026,2800.0,-3563.9437972762494
3027,2800.0,-3563.9437972762494
3028,2800.0,-3138.3983148252505
3029,2800.0,-3138.3983148252505
3030,2800.0,-3046.9287554772504
3031,2800.0,-3046.9287554772504
3032,2800.0,-3514.6168010190004
3033,2800.0,-3514.6168010190004
3034,2800.0,-2999.5102811909996
3035,2800.0,-2999.5102811909996
3036,2800.0,-3656.4673730815375
3037,2800.0,-3656.4673730815375
3038,2800.0,-3205.797486261499
3039,2800.0,-3205.797486261499
3040,2800.0,-3378.6332148927504
3041,2800.0,-3378.6332148927504
3042,2800.0,-1019.1566556057505
3043,2800.0,-1019.1566556057505
3044,2800.0,-1270.1254605802505
3045,2800.0,-1270.1254605802505
3046,2800.0,-362.4088580817506
3047,2800.0,-362.4088580817506
3048,2800.0,237.89680015400018
3049,2800.0,237.89680015400018
3050,2800.0,2502.9710269142497
3051,2800.0,2502.9710269142497
3052,2800.0,-1414.6009076750001
3053,2800.0,-1414.6009076750001
3054,2800.0,-316.88030731050003
3055,2800.0,-316.88030731050003
3056,2800.0,-1878.84135306375
3057,2800.0,-1878.84135306375
3058,2800.0,-3892.2050573062497
3059,2800.0,-3892.2050573062497
3060,2800.0,-3324.5206367779992
3061,2800.0,-3324.5206367779992
3062,2800.0,-3167.6430583782503
3063,2800.0,-3167.6430583782503
3064,2800.0,-2136.959973237259
3065,2800.0,-2136.959973237259
3066,2800.0,-2308.6456154982498
3067,2800.0,-2308.6456154982498
3068,2800.0,-2871.157811192999
3069,2800.0,-2871.157811192999
3070,2800.0,-2010.8773857909996
3071,2800.0,-2010.8773857909996
3072,2800.0,-1785.2649123267502
3073,2800.0,-1785.2649123267502
3074,2800.0,-1999.3892755260003
3075,2800.0,-1999.3892755260003
3076,2800.0,-2146.1976922354993
3077,2800.0,-2146.1976922354993
3078,2800.0,-2566.53625551875
3079,2800.0,-2566.53625551875
3080,2800.0,-2396.47970978275
3081,2800.0,-2396.47970978275
3082,2375.610340805859,-4200.0
3083,2375.610340805859,-4200.0
3084,2800.0,-4200.0
3085,2800.0,-4200.0
3086,2800.0,-4200.0
3087,2800.0,-4200.0
3088,2800.0,-3481.4822840959314
3089,2800.0,-3481.4822840959314
3090,2800.0,-3172.50627485125
3091,2800.0,-3172.50627485125
3092,2800.0,-3423.7104672222504
3093,2800.0,-3423.7104672222504
3094,2800.0,-3270.863710528
3095,2800.0,-3270.863710528
3096,2800.0,-321.86286370824973
3097,2800.0,-321.86286370824973
3098,2800.0,-1449.0212047967516
3099,2800.0,-1449.0212047967516
3100,2800.0,105.07309686600001
3101,2800.0,105.07309686600001
3102,2800.0,-2310.34589877675
3103,2800.0,-2310.34589877675
3104,2800.0,-2457.8131369950006
3105,2800.0,-2457.8131369950006
3106,2800.0,-2375.16084204
3107,2800.0,-2375.16084204
3108,2800.0,-2489.493072612
3109,2800.0,-2489.493072612
3110,2800.0,-2684.7899555869994
3111,2800.0,-2684.7899555869994
3112,2800.0,-2859.7837559402496
3113,2800.0,-2859.7837559402496
3114,2800.0,-2865.00964159975
3115,2800.0,-2865.00964159975
3116,2800.0,-145.7653631777498
3117,2800.0,-145.7653631777498
3118,2800.0,-2842.356644114
3119,2800.0,-2842.356644114
3120,2800.0,-2175.9771084390004
3121,2800.0,-2175.9771084390004
3122,2800.0,-2128.606078132
3123,2800.0,-2128.606078132
3124,2800.0,-2307.32278249
3125,2800.0,-2307.32278249
3126,2800.0,-2148.4358763400005
3127,2800.0,-2148.4358763400005
3128,2800.0,-2027.7876784444998
3129,2800.0,-2027.7876784444998
3130,2800.0,-2076.430089474361
3131,2800.0,-2076.430089474361
3132,2800.0,-4200.0
3133,2800.0,-4200.0
3134,2800.0,-4200.0
3135,2800.0,-4200.0
3136,2800.0,-1957.4540834744994
3137,2800.0,-1957.4540834744994
3138,2800.0,-2032.54277030525
3139,2800.0,-2032.54277030525
3140,2800.0,-925.9464231612501
3141,2800.0,-925.9464231612501
3142,2800.0,-610.3314458812497
3143,2800.0,-610.3314458812497
3144,2800.0,-2399.62950001075
3145,2800.0,-2399.62950001075
3146,2800.0,-2547.8880625557495
3147,2800.0,-2547.8880625557495
3148,2800.0,-2394.9370963055
3149,2800.0,-2394.9370963055
3150,2800.0,-2276.209976881178
3151,2800.0,-2276.209976881178
3152,2800.0,-3221.2579057662506
3153,2800.0,-3221.2579057662506
3154,2800.0,-4185.776431937855
3155,2800.0,-4185.776431937855
3156,2800.0,-4200.0
3157,2800.0,-4200.0
3158,2800.0,-4200.0
3159,2800.0,-4200.0
3160,2800.0,-3047.19489901
3161,2800.0,-3047.19489901
3162,2800.0,-3253.8035343945003
3163,2800.0,-3253.8035343945003
3164,2800.0,-3752.2892826072502
3165,2800.0,-3752.2892826072502
3166,2800.0,-3836.0101067772503
3167,2800.0,-3836.0101067772503
3168,2800.0,-3891.0194769977506
3169,2800.0,-3891.0194769977506
3170,2800.0,-3482.5235069650003
3171,2800.0,-3482.5235069650003
3172,2800.0,-2744.7173903625
3173,2800.0,-2744.7173903625
3174,2800.0,-3021.7156653892503
3175,2800.0,-3021.7156653892503
3176,2800.0,-4200.0
3177,2800.0,-4200.0
3178,2800.0,-4200.0
3179,2800.0,-4200.0
3180,2800.0,-4200.0
3181,2800.0,-4200.0
3182,-2800.0,-4200.0
3183,-2800.0,-4200.0
3184,2800.0,-4200.0
3185,2800.0,-4200.0
3186,2800.0,-4200.0
3187,2800.0,-4200.0
3188,2800.0,-4200.0
3189,2800.0,-4200.0
3190,2800.0,-4200.0
3191,2800.0,-4200.0
3192,2800.0,704.070775565001
3193,2800.0,704.070775565001
3194,2800.0,1083.7321522462498
3195,2800.0,1083.7321522462498
3196,2800.0,1599.048240791144
3197,2800.0,1599.048240791144
3198,2800.0,-179.9254013302508
3199,2800.0,-179.9254013302508
3200,2800.0,-3459.31804004875
3201,2800.0,-3459.31804004875
3202,2800.0,-3085.1293299647496
3203,2800.0,-3085.1293299647496
3204,2800.0,-4200.0
3205,2800.0,-4200.0
3206,2800.0,-4200.0
3207,2800.0,-4200.0
3208,2800.0,-3848.5769824595
3209,2800.0,-3848.5769824595
3210,2800.0,966.0618284822503
3211,2800.0,966.0618284822503
3212,2800.0,-122.66809187730723
3213,2800.0,-122.66809187730723
3214,2800.0,-1044.3311666311693
3215,2800.0,-1044.3311666311693
3216,2800.0,-201.8477232615005
3217,2800.0,-201.8477232615005
3218,2800.0,1472.3462794750558
3219,2800.0,1472.3462794750558
3220,2800.0,-2080.2983417802498
3221,2800.0,-2080.2983417802498
3222,2800.0,-657.9715526266555
3223,2800.0,-657.9715526266555
3224,2800.0,-3394.2250575696926
3225,2800.0,-3394.2250575696926
3226,-2800.0,-3401.05159066925
3227,-2800.0,-3401.05159066925
3228,136.0563483862552,-663.3965936365003
3229,136.0563483862552,-663.3965936365003
3230,-2800.0,-848.0826374539993
3231,-2800.0,-848.0826374539993
3232,2800.0,-907.2217426055004
3233,2800.0,-907.2217426055004
3234,2800.0,-1368.4183383727495
3235,2800.0,-1368.4183383727495
3236,2800.0,-1847.68935426375
3237,2800.0,-1847.68935426375
3238,2800.0,-1518.3868455607499
3239,2800.0,-1518.3868455607499
3240,2800.0,-1477.15714955975
3241,2800.0,-1477.15714955975
3242,2800.0,-1429.18974606525
3243,2800.0,-1429.18974606525
3244,2800.0,-1149.9240911952502
3245,2800.0,-1149.9240911952502
3246,2800.0,-1182.3318301055006
3247,2800.0,-1182.3318301055006
3248,-2800.0,-3516.20964787925
3249,-2800.0,-3516.20964787925
3250,2800.0,-3429.0335573474995
3251,2800.0,-3429.0335573474995
3252,95.4390513408398,-3031.820916256118
3253,95.4390513408398,-3031.820916256118
3254,284.0116129061448,-2113.8645557014993
3255,284.0116129061448,-2113.8645557014993
3256,2800.0,-4200.0
3257,2800.0,-4200.0
3258,2800.0,-2770.6200586115
3259,2800.0,-2770.6200586115
3260,2800.0,-2479.3716111939993
3261,2800.0,-2479.3716111939993
3262,2800.0,-1827.9180786337502
3263,2800.0,-1827.9180786337502
3264,2800.0,-1677.7079268797497
3265,2800.0,-1677.7079268797497
3266,2800.0,-1733.1488115802495
3267,2800.0,-1733.1488115802495
3268,2800.0,-1389.5375245474997
3269,2800.0,-1389.5375245474997
3270,2800.0,-1734.622615560499
3271,2800.0,-1734.622615560499
3272,2800.0,-1579.4764216204994
3273,2800.0,-1579.4764216204994
3274,2800.0,-1544.4285330620005
3275,2800.0,-1544.4285330620005
3276,2800.0,-4200.0
3277,2800.0,-4200.0
3278,2800.0,-4200.0
3279,2800.0,-4200.0
3280,1797.7902977572976,-2188.092054887
3281,1797.7902977572976,-2188.092054887
3282,2800.0,-2947.2811361775
3283,2800.0,-2947.2811361775
3284,2800.0,-1936.0302902715002
3285,2800.0,-1936.0302902715002
3286,2800.0,-956.8563443015
3287,2800.0,-956.8563443015
3288,2800.0,-910.8336249907497
3289,2800.0,-910.8336249907497
3290,2800.0,-976.3804254129996
3291,2800.0,-976.3804254129996
3292,2800.0,-853.5302826207499
3293,2800.0,-853.5302826207499
3294,2800.0,-1327.9637281907499
3295,2800.0,-1327.9637281907499
3296,2800.0,-1626.1434186714996
3297,2800.0,-1626.1434186714996
3298,-2800.0,-2567.1245067930004
3299,-2800.0,-2567.1245067930004
3300,-2800.0,-2762.0165698185
3301,-2800.0,-2762.0165698185
3302,2800.0,-4200.0
3303,2800.0,-4200.0
3304,2800.0,-3005.5539839425
3305,2800.0,-3005.5539839425
3306,2800.0,-2951.017881011
3307,2800.0,-2951.017881011
3308,2800.0,-2786.082410782
3309,2800.0,-2786.082410782
3310,2800.0,-616.3191856731664
3311,2800.0,-616.3191856731664
3312,2800.0,-1348.4681161397748
3313,2800.0,-1348.4681161397748
3314,2800.0,-1784.7046504547498
3315,2800.0,-1784.7046504547498
3316,2800.0,-2094.4819300427494
3317,2800.0,-2094.4819300427494
3318,2800.0,-3532.85800344375
3319,2800.0,-3532.85800344375
3320,2800.0,-4141.022423209999
3321,2800.0,-4141.022423209999
3322,2800.0,-4057.610601312
3323,2800.0,-4057.610601312
3324,-2800.0,-3747.9728625455
3325,-2800.0,-3747.9728625455
3326,-2800.0,-3293.7521807535004
3327,-2800.0,-3293.7521807535004
3328,-2524.7088106963856,-2686.3628552480004
3329,-2524.7088106963856,-2686.3628552480004
3330,2800.0,-2340.3040604930006
3331,2800.0,-2340.3040604930006
3332,2800.0,-2733.29474047375
3333,2800.0,-2733.29474047375
3334,2800.0,-2223.8832559545003
3335,2800.0,-2223.8832559545003
3336,2800.0,-1848.643982781
3337,2800.0,-1848.643982781
3338,2800.0,-1692.761608876749
3339,2800.0,-1692.761608876749
3340,2800.0,-1278.0159400380003
3341,2800.0,-1278.0159400380003
3342,2800.0,-1012.7811336280001
3343,2800.0,-1012.7811336280001
3344,-2800.0,-1860.3946744122077
3345,-2800.0,-1860.3946744122077
3346,-2800.0,-3087.3208006247505
3347,-2800.0,-3087.3208006247505
3348,-2800.0,-3121.7908232712507
3349,-2800.0,-3121.7908232712507
3350,-2800.0,-3385.274752877999
3351,-2800.0,-3385.274752877999
3352,-2800.0,-3476.806559156501
3353,-2800.0,-3476.806559156501
3354,2800.0,-1299.5466988594999
3355,2800.0,-1299.5466988594999
3356,2800.0,-2030.9857116144995
3357,2800.0,-2030.9857116144995
3358,2800.0,-1870.8866183840005
3359,2800.0,-1870.8866183840005
3360,2800.0,-54.08287714716607
3361,2800.0,-54.08287714716607
3362,2800.0,-1379.7387591641236
3363,2800.0,-1379.7387591641236
3364,2800.0,-1814.9278992535
3365,2800.0,-1814.9278992535
3366,2247.154997685453,-2176.5465815254993
3367,2247.154997685453,-2176.5465815254993
3368,2800.0,-2469.39566722775
3369,2800.0,-2469.39566722775
3370,-2800.0,-1990.7553798070003
3371,-2800.0,-1990.7553798070003
3372,2800.0,-1937.4552273974987
3373,2800.0,-1937.4552273974987
3374,2800.0,-1813.6658049257503
3375,2800.0,-1813.6658049257503
3376,2207.2547716301924,-1495.3517388479995
3377,2207.2547716301924,-1495.3517388479995
3378,2800.0,-1661.1109054976368
3379,2800.0,-1661.1109054976368
3380,2800.0,-2393.0862695994992
3381,2800.0,-2393.0862695994992
3382,2800.0,-2027.3095218975
3383,2800.0,-2027.3095218975
3384,2800.0,-1536.9182625624994
3385,2800.0,-1536.9182625624994
3386,2800.0,-1475.4846146435002
3387,2800.0,-1475.4846146435002
3388,2623.91599180133,-1393.1277765204995
3389,2623.91599180133,-1393.1277765204995
3390,1051.7705988120233,-1083.5716432592508
3391,1051.7705988120233,-1083.5716432592508
3392,-2800.0,-1177.984538377249
3393,-2800.0,-1177.984538377249
3394,2800.0,-1583.1058299222495
3395,2800.0,-1583.1058299222495
3396,2800.0,-2275.0484486515006
3397,2800.0,-2275.0484486515006
3398,2800.0,-2768.00942019975
3399,2800.0,-2768.00942019975
3400,-2800.0,-3199.0697669769997
3401,-2800.0,-3199.0697669769997
3402,2800.0,-1805.96876764725
3403,2800.0,-1805.96876764725
3404,2800.0,-3131.7613715154994
3405,2800.0,-3131.7613715154994
3406,2800.0,-1640.9206019800004
3407,2800.0,-1640.9206019800004
3408,2800.0,372.3133300245004
3409,2800.0,372.3133300245004
3410,2800.0,-1259.1946648469998
3411,2800.0,-1259.1946648469998
3412,2746.6946186165806,-1318.11274244575
3413,2746.6946186165806,-1318.11274244575
3414,2800.0,-2011.8200852732498
3415,2800.0,-2011.8200852732498
3416,2800.0,-1607.8952485754999
3417,2800.0,-1607.8952485754999
3418,2800.0,-1521.858573660751
3419,2800.0,-1521.858573660751
3420,2800.0,-1981.0603347160013
3421,2800.0,-1981.0603347160013
3422,-1128.8676656155558,-2271.4928739717498
3423,-1128.8676656155558,-2271.4928739717498
3424,2800.0,-2251.91605237475
3425,2800.0,-2251.91605237475
3426,2800.0,-1176.7839287409997
3427,2800.0,-1176.7839287409997
3428,2800.0,-2914.0932636832495
3429,2800.0,-2914.0932636832495
3430,2800.0,-1395.9714297852497
3431,2800.0,-1395.9714297852497
3432,2800.0,-1278.4312272662492
3433,2800.0,-1278.4312272662492
3434,2800.0,-1549.06836038025
3435,2800.0,-1549.06836038025
3436,2800.0,-1560.0711946792503
3437,2800.0,-1560.0711946792503
3438,2800.0,-1532.6638186772498
3439,2800.0,-1532.6638186772498
3440,2800.0,-1514.3007791232494
3441,2800.0,-1514.3007791232494
3442,2800.0,-1844.4589823257502
3443,2800.0,-1844.4589823257502
3444,2800.0,-2195.0415196354998
3445,2800.0,-2195.0415196354998
3446,2800.0,-2465.8681360202495
3447,2800.0,-2465.8681360202495
3448,2800.0,-2310.5956484125004
3449,2800.0,-2310.5956484125004
3450,2800.0,-2797.1923738419996
3451,2800.0,-2797.1923738419996
3452,2800.0,-2732.5140883492495
3453,2800.0,-2732.5140883492495
3454,2800.0,-1472.9354554395004
3455,2800.0,-1472.9354554395004
3456,2800.0,-734.1402579909995
3457,2800.0,-734.1402579909995
3458,2800.0,642.6273305917503
3459,2800.0,642.6273305917503
3460,2800.0,-1147.0881026359998
3461,2800.0,-1147.0881026359998
3462,2800.0,-1119.9532417557498
3463,2800.0,-1119.9532417557498
3464,2800.0,-1044.5536284379996
3465,2800.0,-1044.5536284379996
3466,-2800.0,-1981.9527976747495
3467,-2800.0,-1981.9527976747495
3468,2800.0,-1983.1711519112496
3469,2800.0,-1983.1711519112496
3470,2800.0,-1997.7437765895002
3471,2800.0,-1997.7437765895002
3472,-375.1897834579727,-2193.6856566655
3473,-375.1897834579727,-2193.6856566655
3474,2800.0,-22.291641941701073
3475,2800.0,-22.291641941701073
3476,2800.0,-2391.95963555775
3477,2800.0,-2391.95963555775
3478,2800.0,-1250.1645630157
3479,2800.0,-1250.1645630157
3480,2800.0,-1307.3427234517508
3481,2800.0,-1307.3427234517508
3482,2800.0,-1554.9965741419996
3483,2800.0,-1554.9965741419996
3484,2800.0,-289.5340749667498
3485,2800.0,-289.5340749667498
3486,2800.0,-1658.4381640046558
3487,2800.0,-1658.4381640046558
3488,2800.0,-3041.17812501975
3489,2800.0,-3041.17812501975
3490,2800.0,-3470.8476636290006
3491,2800.0,-3470.8476636290006
3492,-2800.0,-3763.9103612282506
3493,-2800.0,-3763.9103612282506
3494,2800.0,-4200.0
3495,2800.0,-4200.0
3496,2800.0,-4090.85281569975
3497,2800.0,-4090.85281569975
3498,2800.0,-4063.09457927025
3499,2800.0,-4063.09457927025
3500,2800.0,-3985.7201298525006
3501,2800.0,-3985.7201298525006
3502,2800.0,-2999.8283692480004
3503,2800.0,-2999.8283692480004
3504,2800.0,-1933.9008480807497
3505,2800.0,-1933.9008480807497
3506,2800.0,-1097.6377267573407
3507,2800.0,-1097.6377267573407
3508,2800.0,-1922.8726179412492
3509,2800.0,-1922.8726179412492
3510,275.86766851822176,-2854.6944102114994
3511,275.86766851822176,-2854.6944102114994
3512,-2800.0,-3323.1825988192504
3513,-2800.0,-3323.1825988192504
3514,-2800.0,-4200.0
3515,-2800.0,-4200.0
3516,-2800.0,-4200.0
3517,-2800.0,-4200.0
3518,-2800.0,-4200.0
3519,-2800.0,-4200.0
3520,-2800.0,-3543.6982253959995
3521,-2800.0,-3543.6982253959995
3522,409.2176374502001,-3998.1744233414997
3523,409.2176374502001,-3998.1744233414997
3524,2800.0,-3902.006245486001
3525,2800.0,-3902.006245486001
3526,2800.0,-1927.0281852897506
3527,2800.0,-1927.0281852897506
3528,2800.0,-1345.3818244847507
3529,2800.0,-1345.3818244847507
3530,2800.0,-1505.1537583154995
3531,2800.0,-1505.1537583154995
3532,2800.0,-1436.5020477467497
3533,2800.0,-1436.5020477467497
3534,2800.0,-2182.4378455652495
3535,2800.0,-2182.4378455652495
3536,2800.0,-2752.88071088675
3537,2800.0,-2752.88071088675
3538,2800.0,-3572.0105903047497
3539,2800.0,-3572.0105903047497
3540,2800.0,-4200.0
3541,2800.0,-4200.0
3542,2800.0,-4200.0
3543,2800.0,-4200.0
3544,2800.0,-4200.0
3545,2800.0,-4200.0
3546,2800.0,-4200.0
3547,2800.0,-4200.0
3548,2800.0,-4200.0
3549,2800.0,-4200.0
3550,2800.0,-3338.5839977719997
3551,2800.0,-3338.5839977719997
3552,2800.0,-2532.1604172575003
3553,2800.0,-2532.1604172575003
3554,2800.0,-2618.17914210625
3555,2800.0,-2618.17914210625
3556,2800.0,-2082.2706881940003
3557,2800.0,-2082.2706881940003
3558,2800.0,-3486.96996708125
3559,2800.0,-3486.96996708125
3560,2800.0,-4200.0
3561,2800.0,-4200.0
3562,2800.0,-4129.373317612501
3563,2800.0,-4129.373317612501
3564,2800.0,-4137.44470055875
3565,2800.0,-4137.44470055875
3566,2800.0,-4200.0
3567,2800.0,-4200.0
3568,2800.0,-4200.0
3569,2800.0,-4200.0
3570,2800.0,-3864.6480292565
3571,2800.0,-3864.6480292565
3572,2800.0,-1640.830861295477
3573,2800.0,-1640.830861295477
3574,2800.0,-3581.4310480264994
3575,2800.0,-3581.4310480264994
3576,2800.0,-3319.5515240042505
3577,2800.0,-3319.5515240042505
3578,2800.0,-3111.3627153065004
3579,2800.0,-3111.3627153065004
3580,2800.0,-2908.6184424022495
3581,2800.0,-2908.6184424022495
3582,2800.0,-4174.06583022675
3583,2800.0,-4174.06583022675
3584,2800.0,-4200.0
3585,2800.0,-4200.0
3586,2800.0,-3704.72678996625
3587,2800.0,-3704.72678996625
3588,2800.0,-3375.92428999175
3589,2800.0,-3375.92428999175
3590,2800.0,-3188.7205093062503
3591,2800.0,-3188.7205093062503
3592,2800.0,-2753.613474864749
3593,2800.0,-2753.613474864749
3594,2800.0,-2793.2661946712497
3595,2800.0,-2793.2661946712497
3596,2800.0,-2727.734611280161
3597,2800.0,-2727.734611280161
3598,2800.0,-2424.3720640964993
3599,2800.0,-2424.3720640964993
3600,2800.0,-1036.4651348887764
3601,2800.0,-1036.4651348887764
3602,2800.0,-2518.6753962289995
3603,2800.0,-2518.6753962289995
3604,2800.0,-2304.0076381104996
3605,2800.0,-2304.0076381104996
3606,2800.0,-2855.15023708275
3607,2800.0,-2855.15023708275
3608,2800.0,-2655.3006777414994
3609,2800.0,-2655.3006777414994
3610,2800.0,-2297.8657648045
3611,2800.0,-2297.8657648045
3612,2800.0,-2031.2600534086378
3613,2800.0,-2031.2600534086378
3614,2800.0,-1503.1596223019997
3615,2800.0,-1503.1596223019997
3616,2800.0,-1586.5163791549999
3617,2800.0,-1586.5163791549999
3618,2800.0,-2336.15441382275
3619,2800.0,-2336.15441382275
3620,2800.0,-2948.3423889485002
3621,2800.0,-2948.3423889485002
3622,2800.0,-2865.2568953137497
3623,2800.0,-2865.2568953137497
3624,2800.0,-1211.5014714074223
3625,2800.0,-1211.5014714074223
3626,2800.0,-1697.8457909598847
3627,2800.0,-1697.8457909598847
3628,2800.0,-2410.5072208574998
3629,2800.0,-2410.5072208574998
3630,2800.0,-2364.48963740075
3631,2800.0,-2364.48963740075
3632,2800.0,-639.6192869289735
3633,2800.0,-639.6192869289735
3634,2800.0,-2327.1869936387493
3635,2800.0,-2327.1869936387493
3636,2800.0,-2093.2966053874998
3637,2800.0,-2093.2966053874998
3638,2800.0,-1698.5115447045
3639,2800.0,-1698.5115447045
3640,2800.0,-1648.2350232167496
3641,2800.0,-1648.2350232167496
3642,2800.0,-353.3732855722501
3643,2800.0,-353.3732855722501
3644,2800.0,-1241.4327439004992
3645,2800.0,-1241.4327439004992
3646,2800.0,-2885.8458915292495
3647,2800.0,-2885.8458915292495
3648,2800.0,-2884.351559957999
3649,2800.0,-2884.351559957999
3650,2800.0,-3016.073007799
3651,2800.0,-3016.073007799
3652,2800.0,-3027.5922311957497
3653,2800.0,-3027.5922311957497
3654,2800.0,-3784.0567239770003
3655,2800.0,-3784.0567239770003
3656,2800.0,-4074.8374359979994
3657,2800.0,-4074.8374359979994
3658,2800.0,-3790.4090687797498
3659,2800.0,-3790.4090687797498
3660,2800.0,-4200.0
3661,2800.0,-4200.0
3662,2800.0,-4200.0
3663,2800.0,-4200.0
3664,2800.0,-3004.9090310112497
3665,2800.0,-3004.9090310112497
3666,2800.0,-1564.4539516802488
3667,2800.0,-1564.4539516802488
3668,2800.0,-2901.0934787771994
3669,2800.0,-2901.0934787771994
3670,2800.0,-3644.083563967999
3671,2800.0,-3644.083563967999
3672,2800.0,-1940.8532784445001
3673,2800.0,-1940.8532784445001
3674,2800.0,-3415.85815502675
3675,2800.0,-3415.85815502675
3676,2800.0,-3111.6417455715
3677,2800.0,-3111.6417455715
3678,2800.0,-3747.6132359539993
3679,2800.0,-3747.6132359539993
3680,2800.0,-4200.0
3681,2800.0,-4200.0
3682,2800.0,-4200.0
3683,2800.0,-4200.0
3684,2800.0,-4200.0
3685,2800.0,-4200.0
3686,2800.0,-4200.0
3687,2800.0,-4200.0
3688,2800.0,-4200.0
3689,2800.0,-4200.0
3690,2800.0,-4200.0
3691,2800.0,-4200.0
3692,2800.0,-4200.0
3693,2800.0,-4200.0
3694,2800.0,-3932.531285650265
3695,2800.0,-3932.531285650265
3696,2800.0,-1613.4567799867232
3697,2800.0,-1613.4567799867232
3698,2800.0,-3208.8604827169997
3699,2800.0,-3208.8604827169997
3700,2800.0,-2567.9278723629996
3701,2800.0,-2567.9278723629996
3702,2800.0,-3652.9501668717503
3703,2800.0,-3652.9501668717503
3704,2800.0,-4031.4412449540005
3705,2800.0,-4031.4412449540005
3706,2800.0,-3851.3419383624996
3707,2800.0,-3851.3419383624996
3708,2800.0,-4141.9051628585
3709,2800.0,-4141.9051628585
3710,2800.0,-4200.0
3711,2800.0,-4200.0
3712,2800.0,-4192.0877971505
3713,2800.0,-4192.0877971505
3714,2800.0,-3833.575260896
3715,2800.0,-3833.575260896
3716,2800.0,-3931.6548787987495
3717,2800.0,-3931.6548787987495
3718,2800.0,-3929.6755187524996
3719,2800.0,-3929.6755187524996
3720,2800.0,-3932.2527006197497
3721,2800.0,-3932.2527006197497
3722,2800.0,-3990.0156204024997
3723,2800.0,-3990.0156204024997
3724,2800.0,-3515.0935694575
3725,2800.0,-3515.0935694575
3726,2800.0,-3786.404651148749
3727,2800.0,-3786.404651148749
3728,2800.0,-3974.544056285
3729,2800.0,-3974.544056285
3730,2800.0,-3657.5387482739998
3731,2800.0,-3657.5387482739998
3732,2800.0,-3946.407230306
3733,2800.0,-3946.407230306
3734,2800.0,-4153.561096688
3735,2800.0,-4153.561096688
3736,2800.0,-3915.8901962957502
3737,2800.0,-3915.8901962957502
3738,2800.0,-3587.5080784434995
3739,2800.0,-3587.5080784434995
3740,2800.0,-3578.705824692
3741,2800.0,-3578.705824692
3742,2800.0,-3588.642072064
3743,2800.0,-3588.642072064
3744,2800.0,-3692.3143763337503
3745,2800.0,-3692.3143763337503
3746,2800.0,-3708.65583187725
3747,2800.0,-3708.65583187725
3748,2800.0,-3578.208023272249
3749,2800.0,-3578.208023272249
3750,2800.0,-3906.784880583
3751,2800.0,-3906.784880583
3752,2800.0,-4200.0
3753,2800.0,-4200.0
3754,2800.0,-4124.5609203645
3755,2800.0,-4124.5609203645
3756,2800.0,-4188.312709934749
3757,2800.0,-4188.312709934749
3758,2800.0,-4200.0
3759,2800.0,-4200.0
3760,2800.0,-3905.6452542167494
3761,2800.0,-3905.6452542167494
3762,2800.0,-3734.3726634804993
3763,2800.0,-3734.3726634804993
3764,2800.0,-3885.0204693245005
3765,2800.0,-3885.0204693245005
3766,2800.0,-3381.63179896075
3767,2800.0,-3381.63179896075
3768,2800.0,-2972.0136750370007
3769,2800.0,-2972.0136750370007
3770,2800.0,-2699.72995396825
3771,2800.0,-2699.72995396825
3772,2800.0,-2268.5391060639995
3773,2800.0,-2268.5391060639995
3774,2800.0,-2990.006649888751
3775,2800.0,-2990.006649888751
3776,2800.0,-3638.44102791725
3777,2800.0,-3638.44102791725
3778,2800.0,-3806.3698580127502
3779,2800.0,-3806.3698580127502
3780,2800.0,-4200.0
3781,2800.0,-4200.0
3782,2800.0,-3830.8430823785
3783,2800.0,-3830.8430823785
3784,2800.0,-3875.7750744595
3785,2800.0,-3875.7750744595
3786,2800.0,-3952.6695603859994
3787,2800.0,-3952.6695603859994
3788,2800.0,-3287.4277330279983
3789,2800.0,-3287.4277330279983
3790,2800.0,-3817.206578423499
3791,2800.0,-3817.206578423499
3792,2800.0,-3026.0298173514993
3793,2800.0,-3026.0298173514993
3794,2800.0,-2708.6055096074997
3795,2800.0,-2708.6055096074997
3796,2800.0,-2345.7817742812504
3797,2800.0,-2345.7817742812504
3798,2800.0,-2469.67544915975
3799,2800.0,-2469.67544915975
3800,2800.0,-2711.97598270625
3801,2800.0,-2711.97598270625
3802,2800.0,-3306.16250783925
3803,2800.0,-3306.16250783925
3804,2800.0,-4027.119427939979
3805,2800.0,-4027.119427939979
3806,2800.0,-3599.7676811807496
3807,2800.0,-3599.7676811807496
3808,2800.0,-3954.4012765357497
3809,2800.0,-3954.4012765357497
3810,2800.0,-2582.97530399225
3811,2800.0,-2582.97530399225
3812,2800.0,-2483.4565392465
3813,2800.0,-2483.4565392465
3814,2800.0,-3314.6768506629996
3815,2800.0,-3314.6768506629996
3816,2800.0,-757.6231404217497
3817,2800.0,-757.6231404217497
3818,2800.0,-1184.1820145744998
3819,2800.0,-1184.1820145744998
3820,2800.0,-2974.04158700125
3821,2800.0,-2974.04158700125
3822,2800.0,-3680.36836534225
3823,2800.0,-3680.36836534225
3824,2800.0,-4200.0
3825,2800.0,-4200.0
3826,2800.0,-4200.0
3827,2800.0,-4200.0
3828,2800.0,-4200.0
3829,2800.0,-4200.0
3830,2800.0,-4200.0
3831,2800.0,-4200.0
3832,2800.0,-4200.0
3833,2800.0,-4200.0
3834,2800.0,-4200.0
3835,2800.0,-4200.0
3836,2800.0,-4200.0
3837,2800.0,-4200.0
3838,2800.0,-4200.0
3839,2800.0,-4200.0
3840,2800.0,-4200.0
3841,2800.0,-4200.0
3842,2800.0,-4200.0
3843,2800.0,-4200.0
3844,2800.0,-4200.0
3845,2800.0,-4200.0
3846,2800.0,-4200.0
3847,2800.0,-4200.0
3848,-583.8344418117376,-4200.0
3849,-583.8344418117376,-4200.0
3850,2800.0,-4200.0
3851,2800.0,-4200.0
3852,2800.0,-4200.0
3853,2800.0,-4200.0
3854,2800.0,-4200.0
3855,2800.0,-4200.0
3856,2800.0,-4200.0
3857,2800.0,-4200.0
3858,2800.0,-4200.0
3859,2800.0,-4200.0
3860,2800.0,-4200.0
3861,2800.0,-4200.0
3862,2800.0,-4200.0
3863,2800.0,-4200.0
3864,2800.0,-2870.0715709120623
3865,2800.0,-2870.0715709120623
3866,2800.0,-3835.641903329
3867,2800.0,-3835.641903329
3868,2800.0,-3473.9732727602504
3869,2800.0,-3473.9732727602504
3870,2800.0,-3303.8036041149994
3871,2800.0,-3303.8036041149994
3872,2800.0,-2691.50755270475
3873,2800.0,-2691.50755270475
3874,2800.0,-3344.000721748791
3875,2800.0,-3344.000721748791
3876,2800.0,-4137.31595754575
3877,2800.0,-4137.31595754575
3878,2800.0,-3975.2476527716317
3879,2800.0,-3975.2476527716317
3880,2800.0,-2023.8727765159997
3881,2800.0,-2023.8727765159997
3882,2800.0,-3292.91557837825
3883,2800.0,-3292.91557837825
3884,2800.0,-3006.3716443325584
3885,2800.0,-3006.3716443325584
3886,2800.0,-4101.745533019
3887,2800.0,-4101.745533019
3888,2800.0,-3477.5188554259175
3889,2800.0,-3477.5188554259175
3890,2800.0,-3984.7646698112503
3891,2800.0,-3984.7646698112503
3892,2800.0,-3570.96921943675
3893,2800.0,-3570.96921943675
3894,2800.0,-4200.0
3895,2800.0,-4200.0
3896,2800.0,-4200.0
3897,2800.0,-4200.0
3898,2800.0,-3947.82869926575
3899,2800.0,-3947.82869926575
3900,2800.0,-3224.9830699675003
3901,2800.0,-3224.9830699675003
3902,2800.0,-3070.3506322475005
3903,2800.0,-3070.3506322475005
3904,2800.0,-3062.98011803025
3905,2800.0,-3062.98011803025
3906,2800.0,-3367.88574155725
3907,2800.0,-3367.88574155725
3908,2800.0,-3990.8882599122503
3909,2800.0,-3990.8882599122503
3910,2800.0,-1154.9181325096283
3911,2800.0,-1154.9181325096283
3912,2800.0,-3753.1606651255006
3913,2800.0,-3753.1606651255006
3914,2800.0,-3740.5249188079993
3915,2800.0,-3740.5249188079993
3916,2800.0,-3405.56585067775
3917,2800.0,-3405.56585067775
3918,2800.0,-3629.8510954212497
3919,2800.0,-3629.8510954212497
3920,2800.0,-3738.7818092220004
3921,2800.0,-3738.7818092220004
3922,2800.0,-3338.910789054001
3923,2800.0,-3338.910789054001
3924,2800.0,-3048.1359431965
3925,2800.0,-3048.1359431965
3926,2800.0,-2753.477848361499
3927,2800.0,-2753.477848361499
3928,2800.0,-2453.3411632264997
3929,2800.0,-2453.3411632264997
3930,2800.0,-3027.3544022280003
3931,2800.0,-3027.3544022280003
3932,2800.0,-3897.2243424765
3933,2800.0,-3897.2243424765
3934,2800.0,-3901.4473178524995
3935,2800.0,-3901.4473178524995
3936,2800.0,-3969.4536148530005
3937,2800.0,-3969.4536148530005
3938,2800.0,-2099.1276947778456
3939,2800.0,-2099.1276947778456
3940,2800.0,-3556.375507263
3941,2800.0,-3556.375507263
3942,2800.0,-2982.0684762119995
3943,2800.0,-2982.0684762119995
3944,2800.0,-2241.5673939525004
3945,2800.0,-2241.5673939525004
3946,2800.0,-1629.1671354122495
3947,2800.0,-1629.1671354122495
3948,2800.0,-1099.884411981
3949,2800.0,-1099.884411981
3950,2800.0,-1441.9551181297497
3951,2800.0,-1441.9551181297497
3952,2800.0,-2216.8515549215
3953,2800.0,-2216.8515549215
3954,2800.0,-3288.0124032162503
3955,2800.0,-3288.0124032162503
3956,2800.0,110.79668344328184
3957,2800.0,110.79668344328184
3958,2800.0,-3253.61441146675
3959,2800.0,-3253.61441146675
3960,2800.0,-1577.0601971644455
3961,2800.0,-1577.0601971644455
3962,2800.0,-2524.1010279025
3963,2800.0,-2524.1010279025
3964,2800.0,-2517.7347651012496
3965,2800.0,-2517.7347651012496
3966,2800.0,-2635.764157052
3967,2800.0,-2635.764157052
3968,2800.0,-2582.96221532275
3969,2800.0,-2582.96221532275
3970,2800.0,-1665.2639516751788
3971,2800.0,-1665.2639516751788
3972,2800.0,-2196.900264804999
3973,2800.0,-2196.900264804999
3974,2800.0,-2456.10486008325
3975,2800.0,-2456.10486008325
3976,2800.0,-2761.842944519999
3977,2800.0,-2761.842944519999
3978,2800.0,-3361.6359450950004
3979,2800.0,-3361.6359450950004
3980,2800.0,-2008.0378212504995
3981,2800.0,-2008.0378212504995
3982,2800.0,-121.62563612512167
3983,2800.0,-121.62563612512167
3984,2800.0,-1741.28672745025
3985,2800.0,-1741.28672745025
3986,2800.0,-3438.97972594
3987,2800.0,-3438.97972594
3988,2800.0,-3333.0134100924997
3989,2800.0,-3333.0134100924997
3990,2800.0,-3569.1392128435
3991,2800.0,-3569.1392128435
3992,2800.0,-4200.0
3993,2800.0,-4200.0
3994,2800.0,-4200.0
3995,2800.0,-4200.0
3996,2800.0,-4006.016017321651
3997,2800.0,-4006.016017321651
3998,2800.0,-3932.121668263895
3999,2800.0,-3932.121668263895
4000,2800.0,-3596.68581859225
4001,2800.0,-3596.68581859225
4002,2800.0,-3829.658178318249
4003,2800.0,-3829.658178318249
4004,2800.0,-4200.0
4005,2800.0,-4200.0
4006,2800.0,-3801.4017107090003
4007,2800.0,-3801.4017107090003
4008,2800.0,-3570.8055097602496
4009,2800.0,-3570.8055097602496
4010,2800.0,-3392.36588237975
4011,2800.0,-3392.36588237975
4012,2800.0,-3499.0223227116267
4013,2800.0,-3499.0223227116267
4014,2800.0,-4200.0
4015,2800.0,-4200.0
4016,-2800.0,-4200.0
4017,-2800.0,-4200.0
4018,-2800.0,-4200.0
4019,-2800.0,-4200.0
4020,-651.3941684063611,-4200.0
4021,-651.3941684063611,-4200.0
4022,1317.3313807531267,-4200.0
4023,1317.3313807531267,-4200.0
4024,-2498.132190841825,-4200.0
4025,-2498.132190841825,-4200.0
4026,2800.0,-4200.0
4027,2800.0,-4200.0
4028,2800.0,-4200.0
4029,2800.0,-4200.0
4030,2800.0,-4200.0
4031,2800.0,-4200.0
4032,2800.0,-2610.4729838472504
4033,2800.0,-2610.4729838472504
4034,2800.0,-2267.752010714
4035,2800.0,-2267.752010714
4036,2800.0,-2216.432551043
4037,2800.0,-2216.432551043
4038,2800.0,-3584.3030823242498
4039,2800.0,-3584.3030823242498
4040,2800.0,-4087.5351735204995
4041,2800.0,-4087.5351735204995
4042,2800.0,-4200.0
4043,2800.0,-4200.0
4044,2800.0,-4200.0
4045,2800.0,-4200.0
4046,2800.0,-4200.0
4047,2800.0,-4200.0
4048,2800.0,-3504.2389604755003
4049,2800.0,-3504.2389604755003
4050,2800.0,-3940.18313188125
4051,2800.0,-3940.18313188125
4052,2800.0,-3815.6000960235006
4053,2800.0,-3815.6000960235006
4054,2800.0,-2126.76345957725
4055,2800.0,-2126.76345957725
4056,2800.0,-1752.0994488710003
4057,2800.0,-1752.0994488710003
4058,2800.0,-1673.7709674400003
4059,2800.0,-1673.7709674400003
4060,2800.0,-1782.3022336897498
4061,2800.0,-1782.3022336897498
4062,2800.0,-2466.4411213437497
4063,2800.0,-2466.4411213437497
4064,2800.0,-2916.2477555700007
4065,2800.0,-2916.2477555700007
4066,2800.0,-3180.9999284272494
4067,2800.0,-3180.9999284272494
4068,2800.0,-4200.0
4069,2800.0,-4200.0
4070,2800.0,-4200.0
4071,2800.0,-4200.0
4072,2800.0,-4200.0
4073,2800.0,-4200.0
4074,2800.0,-4200.0
4075,2800.0,-4200.0
4076,2800.0,-4200.0
4077,2800.0,-4200.0
4078,2800.0,-3339.671817217999
4079,2800.0,-3339.671817217999
4080,2800.0,-2193.3302947839993
4081,2800.0,-2193.3302947839993
4082,2800.0,-2413.3004197017494
4083,2800.0,-2413.3004197017494
4084,2800.0,-2513.2897492702505
4085,2800.0,-2513.2897492702505
4086,2800.0,-3889.3195617525002
4087,2800.0,-3889.3195617525002
4088,2800.0,-4200.0
4089,2800.0,-4200.0
4090,2800.0,-4200.0
4091,2800.0,-4200.0
4092,2800.0,-4200.0
4093,2800.0,-4200.0
4094,2800.0,-4200.0
4095,2800.0,-4200.0
4096,2800.0,-4200.0
4097,2800.0,-4200.0
4098,2800.0,-4200.0
4099,2800.0,-4200.0
4100,2800.0,-4200.0
4101,2800.0,-4200.0
4102,2800.0,-3611.4776784727496
4103,2800.0,-3611.4776784727496
4104,2800.0,-2218.772557177749
4105,2800.0,-2218.772557177749
4106,2800.0,-1943.95020880325
4107,2800.0,-1943.95020880325
4108,2800.0,-2224.4811330042503
4109,2800.0,-2224.4811330042503
4110,2800.0,-2718.04072182725
4111,2800.0,-2718.04072182725
4112,2800.0,-2906.3607066517498
4113,2800.0,-2906.3607066517498
4114,2800.0,-3652.60014144275
4115,2800.0,-3652.60014144275
4116,2800.0,-4200.0
4117,2800.0,-4200.0
4118,2800.0,-4200.0
4119,2800.0,-4200.0
4120,2800.0,-4189.330901861749
4121,2800.0,-4189.330901861749
4122,2800.0,-4200.0
4123,2800.0,-4200.0
4124,2800.0,-4021.9403913395
4125,2800.0,-4021.9403913395
4126,2800.0,-2974.8745115624997
4127,2800.0,-2974.8745115624997
4128,2800.0,-2200.514248586749
4129,2800.0,-2200.514248586749
4130,2800.0,-2192.6863074814996
4131,2800.0,-2192.6863074814996
4132,2800.0,-2436.64702035275
4133,2800.0,-2436.64702035275
4134,2800.0,-3293.81524302825
4135,2800.0,-3293.81524302825
4136,2800.0,-3385.0589942692504
4137,2800.0,-3385.0589942692504
4138,2800.0,-3539.1243639712497
4139,2800.0,-3539.1243639712497
4140,2800.0,-3311.0125321745
4141,2800.0,-3311.0125321745
4142,2800.0,-3230.3118176582507
4143,2800.0,-3230.3118176582507
4144,2800.0,-3526.55708589025
4145,2800.0,-3526.55708589025
4146,2800.0,-2608.7701286041392
4147,2800.0,-2608.7701286041392
4148,2800.0,-3836.7040959035
4149,2800.0,-3836.7040959035
4150,2800.0,-3907.9391729725003
4151,2800.0,-3907.9391729725003
4152,2800.0,-3888.29386157425
4153,2800.0,-3888.29386157425
4154,2800.0,-2163.5168498784824
4155,2800.0,-2163.5168498784824
4156,2800.0,-3732.6445427854997
4157,2800.0,-3732.6445427854997
4158,2800.0,-4076.4660852790003
4159,2800.0,-4076.4660852790003
4160,2800.0,-4113.976922273276
4161,2800.0,-4113.976922273276
4162,2800.0,-4019.8204249059995
4163,2800.0,-4019.8204249059995
4164,2800.0,-4200.0
4165,2800.0,-4200.0
4166,2800.0,-3785.578411391576
4167,2800.0,-3785.578411391576
4168,2800.0,-2693.2941980245
4169,2800.0,-2693.2941980245
4170,2800.0,-2922.2053852715003
4171,2800.0,-2922.2053852715003
4172,2800.0,-2201.5051460572495
4173,2800.0,-2201.5051460572495
4174,2800.0,-3967.4249299622497
4175,2800.0,-3967.4249299622497
4176,2800.0,-1471.8777350496857
4177,2800.0,-1471.8777350496857
4178,2800.0,-1866.3965634150427
4179,2800.0,-1866.3965634150427
4180,2800.0,-3517.6584026027504
4181,2800.0,-3517.6584026027504
4182,2800.0,-4110.410132323999
4183,2800.0,-4110.410132323999
4184,2800.0,-4200.0
4185,2800.0,-4200.0
4186,2800.0,-4200.0
4187,2800.0,-4200.0
4188,2800.0,-4200.0
4189,2800.0,-4200.0
4190,2800.0,-4200.0
4191,2800.0,-4200.0
4192,-997.5813821325714,-4200.0
4193,-997.5813821325714,-4200.0
4194,2800.0,-4200.0
4195,2800.0,-4200.0
4196,2800.0,-4200.0
4197,2800.0,-4200.0
4198,2800.0,-3778.9192625651394
4199,2800.0,-3778.9192625651394
4200,2800.0,-2069.308356908701
4201,2800.0,-2069.308356908701
4202,2800.0,-3903.9946896362503
4203,2800.0,-3903.9946896362503
4204,2800.0,-3645.22946947725
4205,2800.0,-3645.22946947725
4206,2800.0,-3931.4205937077504
4207,2800.0,-3931.4205937077504
4208,2800.0,-4193.89365033475
4209,2800.0,-4193.89365033475
4210,2800.0,-4200.0
4211,2800.0,-4200.0
4212,2800.0,-4200.0
4213,2800.0,-4200.0
4214,2800.0,-4200.0
4215,2800.0,-4200.0
4216,2800.0,-3914.1169945457505
4217,2800.0,-3914.1169945457505
4218,2800.0,-3775.0492162227497
4219,2800.0,-3775.0492162227497
4220,2800.0,-4200.0
4221,2800.0,-4200.0
4222,2800.0,-4157.34459996825
4223,2800.0,-4157.34459996825
4224,2800.0,-3138.7384841599232
4225,2800.0,-3138.7384841599232
4226,2800.0,-3761.8904365415
4227,2800.0,-3761.8904365415
4228,2800.0,-3636.20243206975
4229,2800.0,-3636.20243206975
4230,2800.0,-4200.0
4231,2800.0,-4200.0
4232,2800.0,-4200.0
4233,2800.0,-4200.0
4234,2800.0,-4157.97665326575
4235,2800.0,-4157.97665326575
4236,2800.0,-4200.0
4237,2800.0,-4200.0
4238,2800.0,-4200.0
4239,2800.0,-4200.0
4240,2800.0,-4120.163496739
4241,2800.0,-4120.163496739
4242,2800.0,-3869.1846809227504
4243,2800.0,-3869.1846809227504
4244,2800.0,-2502.85211329125
4245,2800.0,-2502.85211329125
4246,2800.0,-2665.2432522254994
4247,2800.0,-2665.2432522254994
4248,2800.0,-2466.60050937875
4249,2800.0,-2466.60050937875
4250,2800.0,-2186.915255479
4251,2800.0,-2186.915255479
4252,2800.0,-1969.8762506565008
4253,2800.0,-1969.8762506565008
4254,2800.0,-2506.0619642283973
4255,2800.0,-2506.0619642283973
4256,2800.0,-4200.0
4257,2800.0,-4200.0
4258,2800.0,-4033.3885094692505
4259,2800.0,-4033.3885094692505
4260,2800.0,-4068.109933817
4261,2800.0,-4068.109933817
4262,2800.0,-4200.0
4263,2800.0,-4200.0
4264,2800.0,-4115.375031144749
4265,2800.0,-4115.375031144749
4266,2800.0,-4057.61529511325
4267,2800.0,-4057.61529511325
4268,2800.0,-3772.917991532
4269,2800.0,-3772.917991532
4270,2800.0,-3662.40966236325
4271,2800.0,-3662.40966236325
4272,2800.0,-3466.622182261499
4273,2800.0,-3466.622182261499
4274,2800.0,-3194.778599378499
4275,2800.0,-3194.778599378499
4276,2800.0,-2866.826410799
4277,2800.0,-2866.826410799
4278,2800.0,-3300.308499824
4279,2800.0,-3300.308499824
4280,2800.0,-3394.1377831217505
4281,2800.0,-3394.1377831217505
4282,2800.0,-3338.9565456202495
4283,2800.0,-3338.9565456202495
4284,2800.0,-3057.7195550845
4285,2800.0,-3057.7195550845
4286,2800.0,-2888.63124354125
4287,2800.0,-2888.63124354125
4288,2800.0,-2825.797282113501
4289,2800.0,-2825.797282113501
4290,2800.0,-3218.5063639724995
4291,2800.0,-3218.5063639724995
4292,2800.0,-3329.7778409124994
4293,2800.0,-3329.7778409124994
4294,2800.0,-3112.95024332275
4295,2800.0,-3112.95024332275
4296,2800.0,-2704.37870733975
4297,2800.0,-2704.37870733975
4298,2800.0,-2374.3884455324996
4299,2800.0,-2374.3884455324996
4300,2800.0,-2270.0507823032494
4301,2800.0,-2270.0507823032494
4302,2800.0,-2689.9627798330002
4303,2800.0,-2689.9627798330002
4304,2800.0,-2846.16838689275
4305,2800.0,-2846.16838689275
4306,2800.0,-3095.4722041853092
4307,2800.0,-3095.4722041853092
4308,2800.0,-3321.4084364776054
4309,2800.0,-3321.4084364776054
4310,2800.0,-4200.0
4311,2800.0,-4200.0
4312,2800.0,-3198.3612575024817
4313,2800.0,-3198.3612575024817
4314,2800.0,-2952.9077581489996
4315,2800.0,-2952.9077581489996
4316,2800.0,-3103.86958496025
4317,2800.0,-3103.86958496025
4318,2800.0,-3151.8344968737492
4319,2800.0,-3151.8344968737492
4320,2800.0,-2884.0449651689996
4321,2800.0,-2884.0449651689996
4322,2800.0,-2911.9698537209993
4323,2800.0,-2911.9698537209993
4324,2800.0,-2604.103361686749
4325,2800.0,-2604.103361686749
4326,2800.0,-3927.8141316175
4327,2800.0,-3927.8141316175
4328,2800.0,-4200.0
4329,2800.0,-4200.0
4330,2800.0,-4200.0
4331,2800.0,-4200.0
4332,2800.0,-4200.0
4333,2800.0,-4200.0
4334,2800.0,-4200.0
4335,2800.0,-4200.0
4336,2800.0,-4200.0
4337,2800.0,-4200.0
4338,2800.0,-3915.8655204347497
4339,2800.0,-3915.8655204347497
4340,2800.0,-4200.0
4341,2800.0,-4200.0
4342,2800.0,-4200.0
4343,2800.0,-4200.0
4344,2800.0,-4200.0
4345,2800.0,-4200.0
4346,2800.0,-4121.4318671225
4347,2800.0,-4121.4318671225
4348,2800.0,-4007.9158046822495
4349,2800.0,-4007.9158046822495
4350,2800.0,-4200.0
4351,2800.0,-4200.0
4352,2800.0,-4200.0
4353,2800.0,-4200.0
4354,2800.0,-4200.0
4355,2800.0,-4200.0
4356,2800.0,-4200.0
4357,2800.0,-4200.0
4358,2459.2741685083965,-4200.0
4359,2459.2741685083965,-4200.0
4360,-2800.0,-4200.0
4361,-2800.0,-4200.0
4362,2800.0,-4200.0
4363,2800.0,-4200.0
4364,2800.0,-4200.0
4365,2800.0,-4200.0
4366,2800.0,-4200.0
4367,2800.0,-4200.0
4368,2800.0,-4200.0
4369,2800.0,-4200.0
4370,2800.0,-4200.0
4371,2800.0,-4200.0
4372,2800.0,-4200.0
4373,2800.0,-4200.0
4374,2800.0,-4200.0
4375,2800.0,-4200.0
4376,2800.0,-4200.0
4377,2800.0,-4200.0
4378,2800.0,-4200.0
4379,2800.0,-4200.0
4380,2800.0,-4200.0
4381,2800.0,-4200.0
4382,2800.0,-4200.0
4383,2800.0,-4200.0
4384,2800.0,-3664.08514464325
4385,2800.0,-3664.08514464325
4386,2800.0,-3583.3824340622505
4387,2800.0,-3583.3824340622505
4388,2800.0,-3987.49682100825
4389,2800.0,-3987.49682100825
4390,2800.0,-3997.404124520499
4391,2800.0,-3997.404124520499
4392,2800.0,-4049.4471991555
4393,2800.0,-4049.4471991555
4394,2800.0,-4031.8814613952495
4395,2800.0,-4031.8814613952495
4396,2800.0,-3903.8202494982497
4397,2800.0,-3903.8202494982497
4398,2800.0,-4200.0
4399,2800.0,-4200.0
4400,2800.0,-4200.0
4401,2800.0,-4200.0
4402,2800.0,-4200.0
4403,2800.0,-4200.0
4404,2800.0,-4200.0
4405,2800.0,-4200.0
4406,2800.0,-4200.0
4407,2800.0,-4200.0
4408,2800.0,-4200.0
4409,2800.0,-4200.0
4410,2800.0,-4200.0
4411,2800.0,-4200.0
4412,2800.0,-2886.9509830142497
4413,2800.0,-2886.9509830142497
4414,2800.0,-4200.0
4415,2800.0,-4200.0
4416,2800.0,-4200.0
4417,2800.0,-4200.0
4418,2800.0,-4198.1653970792495
4419,2800.0,-4198.1653970792495
4420,2800.0,-4200.0
4421,2800.0,-4200.0
4422,2800.0,-4200.0
4423,2800.0,-4200.0
4424,2800.0,-3817.4570692487496
4425,2800.0,-3817.4570692487496
4426,2800.0,-4200.0
4427,2800.0,-4200.0
4428,2800.0,-4200.0
4429,2800.0,-4200.0
4430,2800.0,-4200.0
4431,2800.0,-4200.0
4432,2800.0,-3524.5808407175573
4433,2800.0,-3524.5808407175573
4434,2800.0,-3888.9400110174997
4435,2800.0,-3888.9400110174997
4436,2800.0,-4200.0
4437,2800.0,-4200.0
4438,2800.0,-4200.0
4439,2800.0,-4200.0
4440,2800.0,-4174.140011419249
4441,2800.0,-4174.140011419249
4442,2800.0,-4034.054244142251
4443,2800.0,-4034.054244142251
4444,2800.0,-3753.7268156285
4445,2800.0,-3753.7268156285
4446,2800.0,-3886.9270143617505
4447,2800.0,-3886.9270143617505
4448,2800.0,-3978.2228818317494
4449,2800.0,-3978.2228818317494
4450,2800.0,-3937.2745835802493
4451,2800.0,-3937.2745835802493
4452,2800.0,-3634.5879271537506
4453,2800.0,-3634.5879271537506
4454,2800.0,-3610.26632321275
4455,2800.0,-3610.26632321275
4456,2800.0,-3473.2489596524997
4457,2800.0,-3473.2489596524997
4458,2800.0,-2846.2278659569097
4459,2800.0,-2846.2278659569097
4460,2800.0,-735.0112171465003
4461,2800.0,-735.0112171465003
4462,2800.0,-3468.9150793887497
4463,2800.0,-3468.9150793887497
4464,2800.0,-2850.38789977975
4465,2800.0,-2850.38789977975
4466,2800.0,-2790.7353006989993
4467,2800.0,-2790.7353006989993
4468,2800.0,-2590.0303687260002
4469,2800.0,-2590.0303687260002
4470,2800.0,-627.8239476297504
4471,2800.0,-627.8239476297504
4472,2800.0,-2470.8147278079996
4473,2800.0,-2470.8147278079996
4474,2800.0,-2979.742353889
4475,2800.0,-2979.742353889
4476,2800.0,-3046.3183823292493
4477,2800.0,-3046.3183823292493
4478,2800.0,-2884.98828899675
4479,2800.0,-2884.98828899675
4480,2800.0,-2909.89503090375
4481,2800.0,-2909.89503090375
4482,2800.0,-2365.995452573172
4483,2800.0,-2365.995452573172
4484,2800.0,-3197.93825059525
4485,2800.0,-3197.93825059525
4486,2800.0,-3167.0119519847494
4487,2800.0,-3167.0119519847494
4488,2800.0,-3039.6147302975005
4489,2800.0,-3039.6147302975005
4490,2800.0,-3139.0801829815
4491,2800.0,-3139.0801829815
4492,2800.0,-3126.79700189625
4493,2800.0,-3126.79700189625
4494,2800.0,-2724.8060474552963
4495,2800.0,-2724.8060474552963
4496,2800.0,-4200.0
4497,2800.0,-4200.0
4498,2800.0,-4124.58164554725
4499,2800.0,-4124.58164554725
4500,2800.0,-4200.0
4501,2800.0,-4200.0
4502,2800.0,-4200.0
4503,2800.0,-4200.0
4504,2800.0,-4200.0
4505,2800.0,-4200.0
4506,2800.0,-3309.734502191255
4507,2800.0,-3309.734502191255
4508,2800.0,-4200.0
4509,2800.0,-4200.0
4510,2800.0,-3959.8178247645005
4511,2800.0,-3959.8178247645005
4512,2800.0,-3642.7339060345007
4513,2800.0,-3642.7339060345007
4514,2800.0,-1868.2072885629996
4515,2800.0,-1868.2072885629996
4516,2800.0,-3327.4186562782497
4517,2800.0,-3327.4186562782497
4518,2800.0,-3910.26502914775
4519,2800.0,-3910.26502914775
4520,2800.0,-4119.3936413148185
4521,2800.0,-4119.3936413148185
4522,2800.0,-4200.0
4523,2800.0,-4200.0
4524,2800.0,-4200.0
4525,2800.0,-4200.0
4526,2800.0,-4200.0
4527,2800.0,-4200.0
4528,2800.0,-4200.0
4529,2800.0,-4200.0
4530,2800.0,-4200.0
4531,2800.0,-4200.0
4532,2800.0,-4200.0
4533,2800.0,-4200.0
4534,2800.0,-3505.6864930144993
4535,2800.0,-3505.6864930144993
4536,2800.0,-3028.5628359445045
4537,2800.0,-3028.5628359445045
4538,2800.0,-3172.56685192075
4539,2800.0,-3172.56685192075
4540,2800.0,-2907.6262713407505
4541,2800.0,-2907.6262713407505
4542,2800.0,-3751.120681962428
4543,2800.0,-3751.120681962428
4544,2800.0,-4005.2217230525166
4545,2800.0,-4005.2217230525166
4546,2800.0,-4200.0
4547,2800.0,-4200.0
4548,2800.0,-4200.0
4549,2800.0,-4200.0
4550,2800.0,-4200.0
4551,2800.0,-4200.0
4552,2800.0,-4200.0
4553,2800.0,-4200.0
4554,2800.0,-4200.0
4555,2800.0,-4200.0
4556,2800.0,-4200.0
4557,2800.0,-4200.0
4558,2800.0,-3510.39370256125
4559,2800.0,-3510.39370256125
4560,2800.0,-2244.4125019682497
4561,2800.0,-2244.4125019682497
4562,2800.0,-2197.0757898067504
4563,2800.0,-2197.0757898067504
4564,2800.0,-2264.7970484340003
4565,2800.0,-2264.7970484340003
4566,2800.0,-3473.1919414950003
4567,2800.0,-3473.1919414950003
4568,2800.0,-4197.162207448999
4569,2800.0,-4197.162207448999
4570,2800.0,-4200.0
4571,2800.0,-4200.0
4572,2800.0,-4200.0
4573,2800.0,-4200.0
4574,2800.0,-4200.0
4575,2800.0,-4200.0
4576,2800.0,-4200.0
4577,2800.0,-4200.0
4578,2800.0,-4200.0
4579,2800.0,-4200.0
4580,2800.0,-4200.0
4581,2800.0,-4200.0
4582,2800.0,-4200.0
4583,2800.0,-4200.0
4584,2800.0,-4138.0952005852505
4585,2800.0,-4138.0952005852505
4586,2800.0,-3979.0041898054997
4587,2800.0,-3979.0041898054997
4588,2800.0,-3903.7923088229995
4589,2800.0,-3903.7923088229995
4590,2800.0,-4068.88769509975
4591,2800.0,-4068.88769509975
4592,2800.0,-3756.5420014332503
4593,2800.0,-3756.5420014332503
4594,2800.0,-3255.9943656399996
4595,2800.0,-3255.9943656399996
4596,2800.0,-3988.434789920804
4597,2800.0,-3988.434789920804
4598,2800.0,-3138.6733263133938
4599,2800.0,-3138.6733263133938
4600,2800.0,-2625.2532167990003
4601,2800.0,-2625.2532167990003
4602,2800.0,-3075.1453119214993
4603,2800.0,-3075.1453119214993
4604,2800.0,-3693.78738487075
4605,2800.0,-3693.78738487075
4606,2800.0,-3435.88366934825
4607,2800.0,-3435.88366934825
4608,2800.0,-3388.5759623579997
4609,2800.0,-3388.5759623579997
4610,2800.0,-3250.216834653
4611,2800.0,-3250.216834653
4612,2800.0,-3058.84520021725
4613,2800.0,-3058.84520021725
4614,2800.0,-3206.7453549610004
4615,2800.0,-3206.7453549610004
4616,2800.0,-3242.6780353347503
4617,2800.0,-3242.6780353347503
4618,2800.0,-3110.9092071922496
4619,2800.0,-3110.9092071922496
4620,2800.0,-2809.9700782032496
4621,2800.0,-2809.9700782032496
4622,2800.0,-2458.683275278
4623,2800.0,-2458.683275278
4624,2800.0,-2260.0000369887493
4625,2800.0,-2260.0000369887493
4626,2800.0,-2548.9610076777503
4627,2800.0,-2548.9610076777503
4628,2800.0,-3291.859960827499
4629,2800.0,-3291.859960827499
4630,2800.0,-3241.8791601017497
4631,2800.0,-3241.8791601017497
4632,2800.0,-3052.7901344907496
4633,2800.0,-3052.7901344907496
4634,2800.0,-3023.8408389369997
4635,2800.0,-3023.8408389369997
4636,2800.0,-2757.9992330297496
4637,2800.0,-2757.9992330297496
4638,2800.0,-2730.871465841
4639,2800.0,-2730.871465841
4640,2800.0,-2826.1920230039996
4641,2800.0,-2826.1920230039996
4642,2800.0,-2950.393439908249
4643,2800.0,-2950.393439908249
4644,2800.0,-2717.6524523125
4645,2800.0,-2717.6524523125
4646,2800.0,-2630.38416095325
4647,2800.0,-2630.38416095325
4648,2800.0,-2553.7668929339998
4649,2800.0,-2553.7668929339998
4650,2800.0,-2451.9154564334995
4651,2800.0,-2451.9154564334995
4652,2800.0,-3129.6975769415003
4653,2800.0,-3129.6975769415003
4654,2800.0,-3363.305403525249
4655,2800.0,-3363.305403525249
4656,2800.0,-3375.686152028
4657,2800.0,-3375.686152028
4658,2800.0,-3325.4868571929997
4659,2800.0,-3325.4868571929997
4660,2800.0,-3129.7244805955006
4661,2800.0,-3129.7244805955006
4662,2800.0,-3945.5485780850004
4663,2800.0,-3945.5485780850004
4664,2800.0,-4200.0
4665,2800.0,-4200.0
4666,2800.0,-4200.0
4667,2800.0,-4200.0
4668,2800.0,-4200.0
4669,2800.0,-4200.0
4670,2800.0,-4200.0
4671,2800.0,-4200.0
4672,2800.0,-4200.0
4673,2800.0,-4200.0
4674,2800.0,-3978.5576395505004
4675,2800.0,-3978.5576395505004
4676,2800.0,-4200.0
4677,2800.0,-4200.0
4678,2800.0,-3799.4510297807496
4679,2800.0,-3799.4510297807496
4680,2800.0,-3530.6300199982506
4681,2800.0,-3530.6300199982506
4682,2800.0,-3421.1123539637497
4683,2800.0,-3421.1123539637497
4684,2800.0,-3248.1312577297494
4685,2800.0,-3248.1312577297494
4686,2800.0,-4200.0
4687,2800.0,-4200.0
4688,2800.0,-4200.0
4689,2800.0,-4200.0
4690,2800.0,-4200.0
4691,2800.0,-4200.0
4692,2800.0,-4200.0
4693,2800.0,-4200.0
4694,2800.0,-4200.0
4695,2800.0,-4200.0
4696,2800.0,-4200.0
4697,2800.0,-4200.0
4698,2800.0,-4200.0
4699,2800.0,-4200.0
4700,2800.0,-4200.0
4701,2800.0,-4200.0
4702,2800.0,-4200.0
4703,2800.0,-4200.0
4704,2800.0,-3056.6802560388533
4705,2800.0,-3056.6802560388533
4706,2800.0,-3497.6088968544996
4707,2800.0,-3497.6088968544996
4708,2800.0,-3532.51313400725
4709,2800.0,-3532.51313400725
4710,2800.0,-4200.0
4711,2800.0,-4200.0
4712,2800.0,-4200.0
4713,2800.0,-4200.0
4714,2800.0,-4200.0
4715,2800.0,-4200.0
4716,2800.0,-4200.0
4717,2800.0,-4200.0
4718,2800.0,-4200.0
4719,2800.0,-4200.0
4720,2800.0,-3251.5618107479995
4721,2800.0,-3251.5618107479995
4722,2800.0,-3967.3252886027503
4723,2800.0,-3967.3252886027503
4724,2800.0,-4200.0
4725,2800.0,-4200.0
4726,2800.0,-4200.0
4727,2800.0,-4200.0
4728,2800.0,-3895.1784225329993
4729,2800.0,-3895.1784225329993
4730,2800.0,-3822.769117292
4731,2800.0,-3822.769117292
4732,2800.0,-3776.4638801585006
4733,2800.0,-3776.4638801585006
4734,2800.0,-4200.0
4735,2800.0,-4200.0
4736,2800.0,-4200.0
4737,2800.0,-4200.0
4738,2800.0,-4200.0
4739,2800.0,-4200.0
4740,2800.0,-4200.0
4741,2800.0,-4200.0
4742,2800.0,-4015.6621413512494
4743,2800.0,-4015.6621413512494
4744,2800.0,-3832.8649701639997
4745,2800.0,-3832.8649701639997
4746,2800.0,-4148.981657305
4747,2800.0,-4148.981657305
4748,2800.0,-4200.0
4749,2800.0,-4200.0
4750,2800.0,-4110.00176544875
4751,2800.0,-4110.00176544875
4752,2800.0,-3782.7791451075
4753,2800.0,-3782.7791451075
4754,2800.0,-3625.8523004682506
4755,2800.0,-3625.8523004682506
4756,2800.0,-3435.29141370375
4757,2800.0,-3435.29141370375
4758,2800.0,-3438.5304617382585
4759,2800.0,-3438.5304617382585
4760,2800.0,-4200.0
4761,2800.0,-4200.0
4762,2800.0,-4200.0
4763,2800.0,-4200.0
4764,2800.0,-4200.0
4765,2800.0,-4200.0
4766,2800.0,-4200.0
4767,2800.0,-4200.0
4768,2800.0,-4200.0
4769,2800.0,-4200.0
4770,2800.0,-4200.0
4771,2800.0,-4200.0
4772,2800.0,-4200.0
4773,2800.0,-4200.0
4774,2800.0,-2645.1747032149106
4775,2800.0,-2645.1747032149106
4776,2800.0,-3901.3742839577494
4777,2800.0,-3901.3742839577494
4778,2800.0,-4073.00662347275
4779,2800.0,-4073.00662347275
4780,2800.0,-4080.2797875312494
4781,2800.0,-4080.2797875312494
4782,2800.0,-3862.2390252035
4783,2800.0,-3862.2390252035
4784,2800.0,-3407.23313853225
4785,2800.0,-3407.23313853225
4786,2800.0,-3120.5997067942503
4787,2800.0,-3120.5997067942503
4788,2800.0,-3112.3610856632367
4789,2800.0,-3112.3610856632367
4790,2800.0,-3136.74530147125
4791,2800.0,-3136.74530147125
4792,2800.0,-3161.86651039975
4793,2800.0,-3161.86651039975
4794,2800.0,-3637.550471279499
4795,2800.0,-3637.550471279499
4796,2800.0,-4200.0
4797,2800.0,-4200.0
4798,2800.0,-4140.123197059
4799,2800.0,-4140.123197059
4800,2800.0,-3973.78684580075
4801,2800.0,-3973.78684580075
4802,2800.0,-3854.086878166
4803,2800.0,-3854.086878166
4804,2800.0,-3684.4439419805003
4805,2800.0,-3684.4439419805003
4806,2800.0,-3418.95979189775
4807,2800.0,-3418.95979189775
4808,2800.0,-3276.9101426462503
4809,2800.0,-3276.9101426462503
4810,2800.0,-3288.1166845385005
4811,2800.0,-3288.1166845385005
4812,2800.0,-2814.670630694249
4813,2800.0,-2814.670630694249
4814,2800.0,-2325.8749844145004
4815,2800.0,-2325.8749844145004
4816,2800.0,-2498.1783260952498
4817,2800.0,-2498.1783260952498
4818,2800.0,-3009.2519634709997
4819,2800.0,-3009.2519634709997
4820,2800.0,-3750.9768439872496
4821,2800.0,-3750.9768439872496
4822,2800.0,-2479.577013791042
4823,2800.0,-2479.577013791042
4824,2800.0,-3767.8347539592505
4825,2800.0,-3767.8347539592505
4826,2800.0,-3594.24080387275
4827,2800.0,-3594.24080387275
4828,2800.0,-3741.0574518620006
4829,2800.0,-3741.0574518620006
4830,2800.0,-4200.0
4831,2800.0,-4200.0
4832,2800.0,-4200.0
4833,2800.0,-4200.0
4834,2800.0,-4200.0
4835,2800.0,-4200.0
4836,2800.0,-4200.0
4837,2800.0,-4200.0
4838,2800.0,-4200.0
4839,2800.0,-4200.0
4840,2800.0,-3604.5620802672493
4841,2800.0,-3604.5620802672493
4842,2800.0,68.3559456484627
4843,2800.0,68.3559456484627
4844,2800.0,-4196.1731780985
4845,2800.0,-4196.1731780985
4846,2800.0,-4035.2508978426886
4847,2800.0,-4035.2508978426886
4848,2800.0,-4200.0
4849,2800.0,-4200.0
4850,2800.0,-4162.339946389
4851,2800.0,-4162.339946389
4852,2800.0,-3972.90214826025
4853,2800.0,-3972.90214826025
4854,2800.0,-4192.3260795595
4855,2800.0,-4192.3260795595
4856,2800.0,-4200.0
4857,2800.0,-4200.0
4858,2800.0,-4200.0
4859,2800.0,-4200.0
4860,2800.0,-4200.0
4861,2800.0,-4200.0
4862,2800.0,-4200.0
4863,2800.0,-4200.0
4864,2800.0,-4200.0
4865,2800.0,-4200.0
4866,2800.0,-3597.6872466690006
4867,2800.0,-3597.6872466690006
4868,2800.0,-4200.0
4869,2800.0,-4200.0
4870,2800.0,-4006.4893360700003
4871,2800.0,-4006.4893360700003
4872,2800.0,514.2039253239936
4873,2800.0,514.2039253239936
4874,2800.0,-2533.9450760645077
4875,2800.0,-2533.9450760645077
4876,2800.0,-3409.4034210580007
4877,2800.0,-3409.4034210580007
4878,2800.0,-3816.86154115075
4879,2800.0,-3816.86154115075
4880,2800.0,-4017.1894839872502
4881,2800.0,-4017.1894839872502
4882,2800.0,-4018.59164412975
4883,2800.0,-4018.59164412975
4884,2800.0,-4200.0
4885,2800.0,-4200.0
4886,2800.0,-4200.0
4887,2800.0,-4200.0
4888,2800.0,-3651.5075676687493
4889,2800.0,-3651.5075676687493
4890,2800.0,-3824.3931648815005
4891,2800.0,-3824.3931648815005
4892,2800.0,-4179.384638320001
4893,2800.0,-4179.384638320001
4894,2800.0,-3902.25130041025
4895,2800.0,-3902.25130041025
4896,2800.0,-3545.2315894535004
4897,2800.0,-3545.2315894535004
4898,2800.0,-1819.9241819612496
4899,2800.0,-1819.9241819612496
4900,2800.0,-3368.3782328227503
4901,2800.0,-3368.3782328227503
4902,2800.0,-4041.0057834997497
4903,2800.0,-4041.0057834997497
4904,2800.0,-3977.3270687164995
4905,2800.0,-3977.3270687164995
4906,2800.0,-3544.1300879128903
4907,2800.0,-3544.1300879128903
4908,2800.0,-3436.796721911
4909,2800.0,-3436.796721911
4910,2800.0,-2970.2415542794997
4911,2800.0,-2970.2415542794997
4912,2800.0,-2657.0601162789994
4913,2800.0,-2657.0601162789994
4914,2800.0,-3333.2497080757494
4915,2800.0,-3333.2497080757494
4916,2800.0,261.4762557745007
4917,2800.0,261.4762557745007
4918,2800.0,-4179.044934652499
4919,2800.0,-4179.044934652499
4920,2800.0,-2387.3999516105005
4921,2800.0,-2387.3999516105005
4922,2800.0,-4200.0
4923,2800.0,-4200.0
4924,2800.0,-4128.91779829175
4925,2800.0,-4128.91779829175
4926,2800.0,-3946.155390640001
4927,2800.0,-3946.155390640001
4928,2800.0,-3254.2193411010003
4929,2800.0,-3254.2193411010003
4930,2800.0,-2794.42054144725
4931,2800.0,-2794.42054144725
4932,2800.0,-4200.0
4933,2800.0,-4200.0
4934,2800.0,-4200.0
4935,2800.0,-4200.0
4936,2800.0,-2878.10714333225
4937,2800.0,-2878.10714333225
4938,2800.0,-3096.10385477825
4939,2800.0,-3096.10385477825
4940,2800.0,-3761.356016567
4941,2800.0,-3761.356016567
4942,2800.0,-3038.1209546192504
4943,2800.0,-3038.1209546192504
4944,2800.0,-2851.9674002365
4945,2800.0,-2851.9674002365
4946,2800.0,-1893.0576043104502
4947,2800.0,-1893.0576043104502
4948,2800.0,-2435.0695063425
4949,2800.0,-2435.0695063425
4950,2800.0,-2434.03103718675
4951,2800.0,-2434.03103718675
4952,2800.0,-2738.5355937644995
4953,2800.0,-2738.5355937644995
4954,2800.0,-3138.4750832977497
4955,2800.0,-3138.4750832977497
4956,2800.0,-3657.507097316313
4957,2800.0,-3657.507097316313
4958,2800.0,-3161.4479760495005
4959,2800.0,-3161.4479760495005
4960,2800.0,-3282.7159414687503
4961,2800.0,-3282.7159414687503
4962,2800.0,-3388.97494369
4963,2800.0,-3388.97494369
4964,2800.0,-3435.583172941
4965,2800.0,-3435.583172941
4966,2800.0,-3121.5820167242496
4967,2800.0,-3121.5820167242496
4968,2800.0,-2798.00285378875
4969,2800.0,-2798.00285378875
4970,2800.0,-2615.2685031252504
4971,2800.0,-2615.2685031252504
4972,2800.0,-2600.45382626325
4973,2800.0,-2600.45382626325
4974,2800.0,-2670.68020681525
4975,2800.0,-2670.68020681525
4976,2800.0,-2251.373126531
4977,2800.0,-2251.373126531
4978,2800.0,-1967.3298324172501
4979,2800.0,-1967.3298324172501
4980,2800.0,-3635.6072266748524
4981,2800.0,-3635.6072266748524
4982,2800.0,-3530.0666941451236
4983,2800.0,-3530.0666941451236
4984,2800.0,-1177.9488804007497
4985,2800.0,-1177.9488804007497
4986,2800.0,-2345.73000160875
4987,2800.0,-2345.73000160875
4988,2800.0,-3513.8723218962496
4989,2800.0,-3513.8723218962496
4990,2800.0,-3371.8987718020003
4991,2800.0,-3371.8987718020003
4992,2800.0,-3022.8220352509998
4993,2800.0,-3022.8220352509998
4994,2800.0,-2825.342989257501
4995,2800.0,-2825.342989257501
4996,2800.0,-2865.01564017325
4997,2800.0,-2865.01564017325
4998,2800.0,-3248.6103200385005
4999,2800.0,-3248.6103200385005
5000,2800.0,-3652.7127879977497
5001,2800.0,-3652.7127879977497
5002,2800.0,-3492.1719550019993
5003,2800.0,-3492.1719550019993
5004,2800.0,-3410.973717031131
5005,2800.0,-3410.973717031131
5006,2800.0,-2998.103277402981
5007,2800.0,-2998.103277402981
5008,2800.0,-2684.4426078872502
5009,2800.0,-2684.4426078872502
5010,2800.0,-3250.21197707175
5011,2800.0,-3250.21197707175
5012,2800.0,-1805.5729087174223
5013,2800.0,-1805.5729087174223
5014,2800.0,-1866.3401909609356
5015,2800.0,-1866.3401909609356
5016,2800.0,-3151.6250689507497
5017,2800.0,-3151.6250689507497
5018,2800.0,-3013.3296915539995
5019,2800.0,-3013.3296915539995
5020,2800.0,-2894.2944715342496
5021,2800.0,-2894.2944715342496
5022,2800.0,-3535.68192423625
5023,2800.0,-3535.68192423625
5024,2800.0,-4200.0
5025,2800.0,-4200.0
5026,2800.0,-4200.0
5027,2800.0,-4200.0
5028,2800.0,-4200.0
5029,2800.0,-4200.0
5030,2800.0,-4200.0
5031,2800.0,-4200.0
5032,2800.0,-4200.0
5033,2800.0,-4200.0
5034,2800.0,-4200.0
5035,2800.0,-4200.0
5036,2800.0,-4200.0
5037,2800.0,-4200.0
5038,2800.0,-1377.9946211939823
5039,2800.0,-1377.9946211939823
5040,2800.0,-1479.8078960160783
5041,2800.0,-1479.8078960160783
5042,2800.0,-3417.653527744531
5043,2800.0,-3417.653527744531
5044,2800.0,-3676.3778616929994
5045,2800.0,-3676.3778616929994
5046,2800.0,-4058.1378847447495
5047,2800.0,-4058.1378847447495
5048,2800.0,-4013.5070374244997
5049,2800.0,-4013.5070374244997
5050,2800.0,-4200.0
5051,2800.0,-4200.0
5052,2800.0,-4200.0
5053,2800.0,-4200.0
5054,2800.0,-4200.0
5055,2800.0,-4200.0
5056,2800.0,-4200.0
5057,2800.0,-4200.0
5058,2800.0,-3639.23838214925
5059,2800.0,-3639.23838214925
5060,2800.0,-4200.0
5061,2800.0,-4200.0
5062,2800.0,-4200.0
5063,2800.0,-4200.0
5064,2800.0,-4200.0
5065,2800.0,-4200.0
5066,2800.0,-2342.3468183917207
5067,2800.0,-2342.3468183917207
5068,2800.0,-4200.0
5069,2800.0,-4200.0
5070,2800.0,-4200.0
5071,2800.0,-4200.0
5072,2800.0,-4200.0
5073,2800.0,-4200.0
5074,2800.0,-4200.0
5075,2800.0,-4200.0
5076,2800.0,-4200.0
5077,2800.0,-4200.0
5078,2800.0,-4200.0
5079,2800.0,-4200.0
5080,2800.0,-4200.0
5081,2800.0,-4200.0
5082,2800.0,-4200.0
5083,2800.0,-4200.0
5084,2800.0,-4200.0
5085,2800.0,-4200.0
5086,2800.0,-4200.0
5087,2800.0,-4200.0
5088,2800.0,-4200.0
5089,2800.0,-4200.0
5090,2800.0,-4200.0
5091,2800.0,-4200.0
5092,2800.0,-4200.0
5093,2800.0,-4200.0
5094,2800.0,-4200.0
5095,2800.0,-4200.0
5096,2800.0,-4200.0
5097,2800.0,-4200.0
5098,2800.0,-4200.0
5099,2800.0,-4200.0
5100,2800.0,-4200.0
5101,2800.0,-4200.0
5102,2800.0,-4156.384098419
5103,2800.0,-4156.384098419
5104,2800.0,-4092.5462535012502
5105,2800.0,-4092.5462535012502
5106,2800.0,-4200.0
5107,2800.0,-4200.0
5108,2800.0,-4200.0
5109,2800.0,-4200.0
5110,2800.0,-3841.058538076
5111,2800.0,-3841.058538076
5112,2800.0,-3341.202356958
5113,2800.0,-3341.202356958
5114,2800.0,-2792.8913330687496
5115,2800.0,-2792.8913330687496
5116,2800.0,-2607.7785736495
5117,2800.0,-2607.7785736495
5118,2800.0,-2888.7594653529995
5119,2800.0,-2888.7594653529995
5120,2800.0,-3830.1586233412495
5121,2800.0,-3830.1586233412495
5122,2800.0,-3990.2034758305003
5123,2800.0,-3990.2034758305003
5124,2800.0,-3885.3052245549998
5125,2800.0,-3885.3052245549998
5126,2800.0,-3906.6443014055
5127,2800.0,-3906.6443014055
5128,2800.0,-4084.1674192002506
5129,2800.0,-4084.1674192002506
5130,2800.0,-4200.0
5131,2800.0,-4200.0
5132,2800.0,-4200.0
5133,2800.0,-4200.0
5134,2800.0,-3963.905659492251
5135,2800.0,-3963.905659492251
5136,2800.0,-3467.9862569995003
5137,2800.0,-3467.9862569995003
5138,2800.0,-3313.9083804907496
5139,2800.0,-3313.9083804907496
5140,2800.0,-3235.71328623325
5141,2800.0,-3235.71328623325
5142,2800.0,-3170.1325131985004
5143,2800.0,-3170.1325131985004
5144,2800.0,-2535.819822676087
5145,2800.0,-2535.819822676087
5146,2800.0,-2409.419485582249
5147,2800.0,-2409.419485582249
5148,2800.0,-4200.0
5149,2800.0,-4200.0
5150,2800.0,-3579.039512412237
5151,2800.0,-3579.039512412237
5152,2800.0,-2458.2334277044997
5153,2800.0,-2458.2334277044997
5154,2800.0,-3223.2538121757498
5155,2800.0,-3223.2538121757498
5156,2800.0,-3555.51533725075
5157,2800.0,-3555.51533725075
5158,2800.0,-3717.37038663
5159,2800.0,-3717.37038663
5160,2800.0,-3414.1908440925
5161,2800.0,-3414.1908440925
5162,2800.0,-3367.1508483707503
5163,2800.0,-3367.1508483707503
5164,2800.0,-3636.965714817251
5165,2800.0,-3636.965714817251
5166,2800.0,-4200.0
5167,2800.0,-4200.0
5168,2800.0,-4200.0
5169,2800.0,-4200.0
5170,2800.0,-3984.4520332062502
5171,2800.0,-3984.4520332062502
5172,2800.0,-3468.548547684
5173,2800.0,-3468.548547684
5174,2800.0,-3026.341298051
5175,2800.0,-3026.341298051
5176,2800.0,-2787.1159579474997
5177,2800.0,-2787.1159579474997
5178,2800.0,-3086.4777795715
5179,2800.0,-3086.4777795715
5180,2800.0,-4089.104691793
5181,2800.0,-4089.104691793
5182,2800.0,-3968.979829894999
5183,2800.0,-3968.979829894999
5184,2800.0,-3633.2742700942495
5185,2800.0,-3633.2742700942495
5186,2800.0,-3503.9929344772495
5187,2800.0,-3503.9929344772495
5188,2800.0,-3634.2253150809993
5189,2800.0,-3634.2253150809993
5190,2800.0,-4126.6868554190005
5191,2800.0,-4126.6868554190005
5192,2800.0,-4200.0
5193,2800.0,-4200.0
5194,2800.0,-4200.0
5195,2800.0,-4200.0
5196,2800.0,-4200.0
5197,2800.0,-4200.0
5198,2800.0,-4185.5736289189335
5199,2800.0,-4185.5736289189335
5200,2800.0,-4200.0
5201,2800.0,-4200.0
5202,2800.0,-3404.5647591940005
5203,2800.0,-3404.5647591940005
5204,2800.0,-4189.35786843025
5205,2800.0,-4189.35786843025
5206,2800.0,-4189.4942699685
5207,2800.0,-4189.4942699685
5208,2800.0,-311.3893493511787
5209,2800.0,-311.3893493511787
5210,2800.0,-3063.4248573130203
5211,2800.0,-3063.4248573130203
5212,2800.0,-3801.38936158825
5213,2800.0,-3801.38936158825
5214,2800.0,-4047.5300626565
5215,2800.0,-4047.5300626565
5216,2800.0,-4164.7563538675
5217,2800.0,-4164.7563538675
5218,2800.0,-4200.0
5219,2800.0,-4200.0
5220,2800.0,-4200.0
5221,2800.0,-4200.0
5222,2800.0,-4200.0
5223,2800.0,-4200.0
5224,2800.0,-4200.0
5225,2800.0,-4200.0
5226,2800.0,-3845.1304574634996
5227,2800.0,-3845.1304574634996
5228,2800.0,-3959.91681434025
5229,2800.0,-3959.91681434025
5230,2800.0,-2035.7045047327497
5231,2800.0,-2035.7045047327497
5232,2800.0,-2062.4491207302494
5233,2800.0,-2062.4491207302494
5234,2800.0,-3734.2349177922506
5235,2800.0,-3734.2349177922506
5236,2800.0,-3502.198859718501
5237,2800.0,-3502.198859718501
5238,2800.0,-4005.1406805682495
5239,2800.0,-4005.1406805682495
5240,2800.0,-4158.8429719945
5241,2800.0,-4158.8429719945
5242,2800.0,-3614.83439594825
5243,2800.0,-3614.83439594825
5244,2800.0,-3540.254765820162
5245,2800.0,-3540.254765820162
5246,2800.0,-3867.094714743049
5247,2800.0,-3867.094714743049
5248,2800.0,-2642.6737904497504
5249,2800.0,-2642.6737904497504
5250,2800.0,-3272.8260542687503
5251,2800.0,-3272.8260542687503
5252,2800.0,-2968.619367994091
5253,2800.0,-2968.619367994091
5254,2800.0,-961.854059989093
5255,2800.0,-961.854059989093
5256,2800.0,-2165.204191511444
5257,2800.0,-2165.204191511444
5258,2800.0,-3015.7367187172495
5259,2800.0,-3015.7367187172495
5260,2800.0,-3013.5145389747504
5261,2800.0,-3013.5145389747504
5262,2800.0,-3003.4252348389996
5263,2800.0,-3003.4252348389996
5264,2800.0,-1275.263289008837
5265,2800.0,-1275.263289008837
5266,2800.0,-2896.118980687749
5267,2800.0,-2896.118980687749
5268,2800.0,-2934.8746198102817
5269,2800.0,-2934.8746198102817
5270,2800.0,-2970.7490882360003
5271,2800.0,-2970.7490882360003
5272,2800.0,-2896.6231497795
5273,2800.0,-2896.6231497795
5274,2800.0,-2753.34231676775
5275,2800.0,-2753.34231676775
5276,2800.0,-2860.1892712104996
5277,2800.0,-2860.1892712104996
5278,2800.0,-2437.27169216875
5279,2800.0,-2437.27169216875
5280,2800.0,-2150.1744266957494
5281,2800.0,-2150.1744266957494
5282,2800.0,-1688.8482711222496
5283,2800.0,-1688.8482711222496
5284,2800.0,-1268.0162023172497
5285,2800.0,-1268.0162023172497
5286,2800.0,-1104.2282369184995
5287,2800.0,-1104.2282369184995
5288,2800.0,-1433.04033304725
5289,2800.0,-1433.04033304725
5290,2800.0,-1966.7142765832496
5291,2800.0,-1966.7142765832496
5292,2800.0,-2582.6664603822496
5293,2800.0,-2582.6664603822496
5294,2800.0,-3002.8687736610004
5295,2800.0,-3002.8687736610004
5296,2800.0,-3329.31150028125
5297,2800.0,-3329.31150028125
5298,2800.0,-3672.7587293680003
5299,2800.0,-3672.7587293680003
5300,2800.0,-3178.4285674457496
5301,2800.0,-3178.4285674457496
5302,2800.0,-1857.4414474445002
5303,2800.0,-1857.4414474445002
5304,2800.0,-1354.1313506149995
5305,2800.0,-1354.1313506149995
5306,2800.0,-1342.5149484684998
5307,2800.0,-1342.5149484684998
5308,2800.0,-1480.63365742625
5309,2800.0,-1480.63365742625
5310,2800.0,-1719.0326406089998
5311,2800.0,-1719.0326406089998
5312,2800.0,-2451.6307673110005
5313,2800.0,-2451.6307673110005
5314,2800.0,-3371.46342178825
5315,2800.0,-3371.46342178825
5316,2800.0,-4011.2666771309887
5317,2800.0,-4011.2666771309887
5318,2800.0,-3348.2392040982495
5319,2800.0,-3348.2392040982495
5320,2800.0,-3604.3578484474997
5321,2800.0,-3604.3578484474997
5322,2800.0,-4129.7851432077505
5323,2800.0,-4129.7851432077505
5324,2800.0,-4200.0
5325,2800.0,-4200.0
5326,2800.0,-4144.95259225875
5327,2800.0,-4144.95259225875
5328,2800.0,-3686.14046819125
5329,2800.0,-3686.14046819125
5330,2800.0,-3638.4773968097493
5331,2800.0,-3638.4773968097493
5332,2800.0,-3554.428190266249
5333,2800.0,-3554.428190266249
5334,2800.0,-4060.7029710322504
5335,2800.0,-4060.7029710322504
5336,2800.0,-1790.1604274203855
5337,2800.0,-1790.1604274203855
5338,2800.0,-3681.9830941205
5339,2800.0,-3681.9830941205
5340,2800.0,-3622.1560176729995
5341,2800.0,-3622.1560176729995
5342,2800.0,-3601.1306237240005
5343,2800.0,-3601.1306237240005
5344,2800.0,-3165.8094798539996
5345,2800.0,-3165.8094798539996
5346,2800.0,-3299.2142062819994
5347,2800.0,-3299.2142062819994
5348,2800.0,-4104.89234488425
5349,2800.0,-4104.89234488425
5350,2800.0,-4167.8216248515
5351,2800.0,-4167.8216248515
5352,2800.0,-4031.6836899952496
5353,2800.0,-4031.6836899952496
5354,2800.0,-3882.253525991
5355,2800.0,-3882.253525991
5356,2800.0,-3721.0602619772503
5357,2800.0,-3721.0602619772503
5358,2800.0,-3980.3116724887495
5359,2800.0,-3980.3116724887495
5360,2800.0,-4200.0
5361,2800.0,-4200.0
5362,2800.0,-4200.0
5363,2800.0,-4200.0
5364,2800.0,-4200.0
5365,2800.0,-4200.0
5366,2800.0,-4200.0
5367,2800.0,-4200.0
5368,2800.0,-4200.0
5369,2800.0,-4200.0
5370,2800.0,-4200.0
5371,2800.0,-4200.0
5372,2800.0,-4200.0
5373,2800.0,-4200.0
5374,2800.0,-4116.515944987499
5375,2800.0,-4116.515944987499
5376,2800.0,-1199.3179048922502
5377,2800.0,-1199.3179048922502
5378,2800.0,-1161.53116720225
5379,2800.0,-1161.53116720225
5380,2800.0,-1094.2058340314998
5381,2800.0,-1094.2058340314998
5382,2800.0,-1492.8346968748224
5383,2800.0,-1492.8346968748224
5384,2800.0,-4064.0573773255
5385,2800.0,-4064.0573773255
5386,2800.0,-4200.0
5387,2800.0,-4200.0
5388,-2153.2169602406866,-4200.0
5389,-2153.2169602406866,-4200.0
5390,2800.0,-4200.0
5391,2800.0,-4200.0
5392,2800.0,-4200.0
5393,2800.0,-4200.0
5394,2800.0,-2840.0061193229994
5395,2800.0,-2840.0061193229994
5396,2800.0,-3455.7614863524796
5397,2800.0,-3455.7614863524796
5398,2800.0,-3021.75416944275
5399,2800.0,-3021.75416944275
5400,2800.0,-2477.80059966725
5401,2800.0,-2477.80059966725
5402,2800.0,-2267.6282404517497
5403,2800.0,-2267.6282404517497
5404,2800.0,-2471.5606230595004
5405,2800.0,-2471.5606230595004
5406,2800.0,-2436.0981379412497
5407,2800.0,-2436.0981379412497
5408,2800.0,-4200.0
5409,2800.0,-4200.0
5410,2800.0,-4200.0
5411,2800.0,-4200.0
5412,-2800.0,-4200.0
5413,-2800.0,-4200.0
5414,-2800.0,-4080.2874887407506
5415,-2800.0,-4080.2874887407506
5416,2800.0,-4200.0
5417,2800.0,-4200.0
5418,2800.0,-2857.4338801119998
5419,2800.0,-2857.4338801119998
5420,2800.0,-3737.0873382242494
5421,2800.0,-3737.0873382242494
5422,2800.0,-3151.0301714442503
5423,2800.0,-3151.0301714442503
5424,2800.0,-858.0773316524994
5425,2800.0,-858.0773316524994
5426,2800.0,-2295.5486259067493
5427,2800.0,-2295.5486259067493
5428,2800.0,-2522.51320645175
5429,2800.0,-2522.51320645175
5430,2800.0,-2769.58445848025
5431,2800.0,-2769.58445848025
5432,2800.0,-2786.3346374472503
5433,2800.0,-2786.3346374472503
5434,2800.0,-3714.9226034992607
5435,2800.0,-3714.9226034992607
5436,2800.0,-4200.0
5437,2800.0,-4200.0
5438,2800.0,-4200.0
5439,2800.0,-4200.0
5440,2800.0,-3466.1856328112503
5441,2800.0,-3466.1856328112503
5442,2800.0,-3988.0870129920004
5443,2800.0,-3988.0870129920004
5444,2800.0,-3332.3578927926155
5445,2800.0,-3332.3578927926155
5446,2800.0,-2162.170329994
5447,2800.0,-2162.170329994
5448,2800.0,-3226.8479090415003
5449,2800.0,-3226.8479090415003
5450,2800.0,-2942.249296143499
5451,2800.0,-2942.249296143499
5452,2800.0,-3048.9069567485003
5453,2800.0,-3048.9069567485003
5454,2800.0,-2907.5868072374997
5455,2800.0,-2907.5868072374997
5456,2800.0,-2982.5480100247505
5457,2800.0,-2982.5480100247505
5458,2800.0,-4200.0
5459,2800.0,-4200.0
5460,2800.0,-4200.0
5461,2800.0,-4200.0
5462,2800.0,-4200.0
5463,2800.0,-4200.0
5464,2800.0,-2383.8335229030527
5465,2800.0,-2383.8335229030527
5466,2800.0,-1468.0934878342068
5467,2800.0,-1468.0934878342068
5468,2800.0,-4186.7031973215
5469,2800.0,-4186.7031973215
5470,2800.0,-4108.354863755749
5471,2800.0,-4108.354863755749
5472,2800.0,-3539.1867589574995
5473,2800.0,-3539.1867589574995
5474,2800.0,-3359.26946441125
5475,2800.0,-3359.26946441125
5476,2800.0,-3319.8319521105
5477,2800.0,-3319.8319521105
5478,2800.0,-3318.5224139925
5479,2800.0,-3318.5224139925
5480,2800.0,-3381.6274023050005
5481,2800.0,-3381.6274023050005
5482,2800.0,-3384.7107096765003
5483,2800.0,-3384.7107096765003
5484,2800.0,-2701.7966924937496
5485,2800.0,-2701.7966924937496
5486,2800.0,-1946.0564505760008
5487,2800.0,-1946.0564505760008
5488,2800.0,2425.541545073501
5489,2800.0,2425.541545073501
5490,2800.0,-171.06152759399902
5491,2800.0,-171.06152759399902
5492,2800.0,-1005.9768080310005
5493,2800.0,-1005.9768080310005
5494,2800.0,-3531.2725265265
5495,2800.0,-3531.2725265265
5496,2800.0,-264.20745643675036
5497,2800.0,-264.20745643675036
5498,2800.0,-2899.926964028
5499,2800.0,-2899.926964028
5500,2800.0,-2913.5025814247506
5501,2800.0,-2913.5025814247506
5502,2800.0,-3308.3667994622497
5503,2800.0,-3308.3667994622497
5504,2800.0,-3403.979093164
5505,2800.0,-3403.979093164
5506,2800.0,-3363.4383927692506
5507,2800.0,-3363.4383927692506
5508,2800.0,-3335.7034030837503
5509,2800.0,-3335.7034030837503
5510,2800.0,-3269.1799918817505
5511,2800.0,-3269.1799918817505
5512,2800.0,-3026.7870304564995
5513,2800.0,-3026.7870304564995
5514,2800.0,-3234.2393405449993
5515,2800.0,-3234.2393405449993
5516,2800.0,-3435.0618786505183
5517,2800.0,-3435.0618786505183
5518,2800.0,-3324.0131940237497
5519,2800.0,-3324.0131940237497
5520,2800.0,-2978.101412480249
5521,2800.0,-2978.101412480249
5522,2800.0,-2697.0557009640006
5523,2800.0,-2697.0557009640006
5524,2800.0,-2459.11252707325
5525,2800.0,-2459.11252707325
5526,2800.0,-2721.1259782616153
5527,2800.0,-2721.1259782616153
5528,2800.0,-4200.0
5529,2800.0,-4200.0
5530,2800.0,-4200.0
5531,2800.0,-4200.0
5532,2800.0,-4200.0
5533,2800.0,-4200.0
5534,2800.0,-4200.0
5535,2800.0,-4200.0
5536,2800.0,-4200.0
5537,2800.0,-4200.0
5538,2800.0,-4200.0
5539,2800.0,-4200.0
5540,2800.0,-4200.0
5541,2800.0,-4200.0
5542,2800.0,-3928.191247797233
5543,2800.0,-3928.191247797233
5544,2800.0,-2736.9238548529997
5545,2800.0,-2736.9238548529997
5546,2800.0,-2533.6661687170003
5547,2800.0,-2533.6661687170003
5548,2800.0,-2654.72622990525
5549,2800.0,-2654.72622990525
5550,2800.0,-1785.6107906399884
5551,2800.0,-1785.6107906399884
5552,2800.0,-4145.71267540375
5553,2800.0,-4145.71267540375
5554,2800.0,-4153.5086479619995
5555,2800.0,-4153.5086479619995
5556,2800.0,-4200.0
5557,2800.0,-4200.0
5558,2800.0,-4200.0
5559,2800.0,-4200.0
5560,2800.0,-4200.0
5561,2800.0,-4200.0
5562,2800.0,-4200.0
5563,2800.0,-4200.0
5564,2800.0,-4200.0
5565,2800.0,-4200.0
5566,2800.0,-4017.8773235027497
5567,2800.0,-4017.8773235027497
5568,2800.0,-3630.1769878085006
5569,2800.0,-3630.1769878085006
5570,2800.0,-3513.96832598975
5571,2800.0,-3513.96832598975
5572,2800.0,-3405.304991961
5573,2800.0,-3405.304991961
5574,2800.0,-3765.10506086325
5575,2800.0,-3765.10506086325
5576,2800.0,-1618.0820704198359
5577,2800.0,-1618.0820704198359
5578,2800.0,-4145.204406531
5579,2800.0,-4145.204406531
5580,2800.0,-4200.0
5581,2800.0,-4200.0
5582,2800.0,-4200.0
5583,2800.0,-4200.0
5584,2800.0,-2531.782456933749
5585,2800.0,-2531.782456933749
5586,2800.0,-2560.7676086461656
5587,2800.0,-2560.7676086461656
5588,2800.0,-4200.0
5589,2800.0,-4200.0
5590,2800.0,-4138.9239311375
5591,2800.0,-4138.9239311375
5592,2800.0,-2295.933476657
5593,2800.0,-2295.933476657
5594,2800.0,-3872.5324430747505
5595,2800.0,-3872.5324430747505
5596,2800.0,-3846.7949832722493
5597,2800.0,-3846.7949832722493
5598,2800.0,-4136.4390046075005
5599,2800.0,-4136.4390046075005
5600,2800.0,-138.9527176561478
5601,2800.0,-138.9527176561478
5602,2800.0,-4056.055099824
5603,2800.0,-4056.055099824
5604,2800.0,-4014.723640772
5605,2800.0,-4014.723640772
5606,2800.0,-3868.73591292775
5607,2800.0,-3868.73591292775
5608,2800.0,-3737.5226626552494
5609,2800.0,-3737.5226626552494
5610,2800.0,-3553.5129213425007
5611,2800.0,-3553.5129213425007
5612,2800.0,-4013.6227019295
5613,2800.0,-4013.6227019295
5614,2800.0,-1044.2419258664995
5615,2800.0,-1044.2419258664995
5616,2800.0,-1825.0339986554209
5617,2800.0,-1825.0339986554209
5618,2800.0,-771.3840375047503
5619,2800.0,-771.3840375047503
5620,2800.0,-736.1627948739997
5621,2800.0,-736.1627948739997
5622,2800.0,-3382.90419915875
5623,2800.0,-3382.90419915875
5624,2800.0,-1084.3534802474423
5625,2800.0,-1084.3534802474423
5626,2800.0,-2437.2461667155003
5627,2800.0,-2437.2461667155003
5628,2800.0,-3987.3277193037493
5629,2800.0,-3987.3277193037493
5630,2800.0,-3874.8298018080004
5631,2800.0,-3874.8298018080004
5632,2800.0,-1600.2223473454997
5633,2800.0,-1600.2223473454997
5634,2800.0,-2842.124226983249
5635,2800.0,-2842.124226983249
5636,2800.0,-3527.1638574262497
5637,2800.0,-3527.1638574262497
5638,2800.0,-3412.307671613499
5639,2800.0,-3412.307671613499
5640,2800.0,-3187.3249808439996
5641,2800.0,-3187.3249808439996
5642,2800.0,-3086.49433570325
5643,2800.0,-3086.49433570325
5644,2800.0,-2665.100122128285
5645,2800.0,-2665.100122128285
5646,2800.0,-2581.3217094874453
5647,2800.0,-2581.3217094874453
5648,2800.0,-4062.8467865520006
5649,2800.0,-4062.8467865520006
5650,2800.0,-2976.999560316999
5651,2800.0,-2976.999560316999
5652,751.3462932827761,-2232.27589143525
5653,751.3462932827761,-2232.27589143525
5654,-2800.0,-2055.796220773751
5655,-2800.0,-2055.796220773751
5656,2800.0,-2548.7671141177498
5657,2800.0,-2548.7671141177498
5658,2800.0,-4200.0
5659,2800.0,-4200.0
5660,2800.0,-4200.0
5661,2800.0,-4200.0
5662,2800.0,-4200.0
5663,2800.0,-4200.0
5664,2800.0,-4200.0
5665,2800.0,-4200.0
5666,2800.0,-4200.0
5667,2800.0,-4200.0
5668,2800.0,-4200.0
5669,2800.0,-4200.0
5670,2800.0,-4200.0
5671,2800.0,-4200.0
5672,2800.0,-4200.0
5673,2800.0,-4200.0
5674,2800.0,-4200.0
5675,2800.0,-4200.0
5676,2800.0,-4200.0
5677,2800.0,-4200.0
5678,2800.0,-4200.0
5679,2800.0,-4200.0
5680,2800.0,-4200.0
5681,2800.0,-4200.0
5682,2800.0,-4200.0
5683,2800.0,-4200.0
5684,2800.0,-1819.4522535759988
5685,2800.0,-1819.4522535759988
5686,2800.0,-3070.906751503715
5687,2800.0,-3070.906751503715
5688,2800.0,-2048.880584503
5689,2800.0,-2048.880584503
5690,2800.0,-3972.8311134972046
5691,2800.0,-3972.8311134972046
5692,2800.0,-4200.0
5693,2800.0,-4200.0
5694,2800.0,-4200.0
5695,2800.0,-4200.0
5696,2800.0,-4200.0
5697,2800.0,-4200.0
5698,2800.0,-4200.0
5699,2800.0,-4200.0
5700,2800.0,-4200.0
5701,2800.0,-4200.0
5702,2800.0,-4200.0
5703,2800.0,-4200.0
5704,2800.0,-4200.0
5705,2800.0,-4200.0
5706,2800.0,-4200.0
5707,2800.0,-4200.0
5708,2800.0,-3691.040824010436
5709,2800.0,-3691.040824010436
5710,2800.0,-4026.5456733275
5711,2800.0,-4026.5456733275
5712,2800.0,-3754.15051439625
5713,2800.0,-3754.15051439625
5714,2800.0,-2169.0453211624917
5715,2800.0,-2169.0453211624917
5716,2800.0,-3829.5413276585004
5717,2800.0,-3829.5413276585004
5718,2800.0,-4185.201962305
5719,2800.0,-4185.201962305
5720,2800.0,-4200.0
5721,2800.0,-4200.0
5722,-2800.0,-4200.0
5723,-2800.0,-4200.0
5724,1882.859623560369,-4200.0
5725,1882.859623560369,-4200.0
5726,2800.0,-4200.0
5727,2800.0,-4200.0
5728,2800.0,-4200.0
5729,2800.0,-4200.0
5730,2800.0,-4200.0
5731,2800.0,-4200.0
5732,2800.0,-3201.183503913
5733,2800.0,-3201.183503913
5734,2800.0,-4007.0438368075274
5735,2800.0,-4007.0438368075274
5736,2800.0,-3651.18660908375
5737,2800.0,-3651.18660908375
5738,2800.0,-3322.5910704054995
5739,2800.0,-3322.5910704054995
5740,2800.0,-3082.80923256225
5741,2800.0,-3082.80923256225
5742,2800.0,-3404.642653387
5743,2800.0,-3404.642653387
5744,2800.0,-2899.8230655012503
5745,2800.0,-2899.8230655012503
5746,2800.0,-4200.0
5747,2800.0,-4200.0
5748,2633.958906862479,-4200.0
5749,2633.958906862479,-4200.0
5750,2165.5330509656815,-4200.0
5751,2165.5330509656815,-4200.0
5752,2800.0,-2727.29982635725
5753,2800.0,-2727.29982635725
5754,2800.0,-4200.0
5755,2800.0,-4200.0
5756,2800.0,-4200.0
5757,2800.0,-4200.0
5758,2800.0,-4069.455755339249
5759,2800.0,-4069.455755339249
5760,2800.0,-3746.0394028109995
5761,2800.0,-3746.0394028109995
5762,2800.0,-3686.4251436944996
5763,2800.0,-3686.4251436944996
5764,2800.0,-3891.5188894324992
5765,2800.0,-3891.5188894324992
5766,2800.0,-2562.6356969382505
5767,2800.0,-2562.6356969382505
5768,2800.0,-4200.0
5769,2800.0,-4200.0
5770,2800.0,-4200.0
5771,2800.0,-4200.0
5772,2800.0,-4113.340285482749
5773,2800.0,-4113.340285482749
5774,2800.0,-3985.4404119095007
5775,2800.0,-3985.4404119095007
5776,2800.0,-3873.30016243175
5777,2800.0,-3873.30016243175
5778,2800.0,-2309.7343720544995
5779,2800.0,-2309.7343720544995
5780,2800.0,-4123.8942494722505
5781,2800.0,-4123.8942494722505
5782,2800.0,-3624.9718143797504
5783,2800.0,-3624.9718143797504
5784,2800.0,-3318.5967361492494
5785,2800.0,-3318.5967361492494
5786,2800.0,-3196.2506538545
5787,2800.0,-3196.2506538545
5788,2800.0,-3242.5602126464996
5789,2800.0,-3242.5602126464996
5790,2800.0,-3433.9839466165
5791,2800.0,-3433.9839466165
5792,2800.0,-3689.350851786
5793,2800.0,-3689.350851786
5794,2800.0,-3504.6096632032504
5795,2800.0,-3504.6096632032504
5796,2800.0,-3649.2582051197933
5797,2800.0,-3649.2582051197933
5798,2800.0,-3492.017855633
5799,2800.0,-3492.017855633
5800,2800.0,-4024.1016306795
5801,2800.0,-4024.1016306795
5802,2800.0,-4200.0
5803,2800.0,-4200.0
5804,2800.0,-4200.0
5805,2800.0,-4200.0
5806,2800.0,-4200.0
5807,2800.0,-4200.0
5808,2800.0,-1740.6571466930945
5809,2800.0,-1740.6571466930945
5810,2800.0,-3531.159139841
5811,2800.0,-3531.159139841
5812,2800.0,-3172.8415377035003
5813,2800.0,-3172.8415377035003
5814,2800.0,-2844.8994734010003
5815,2800.0,-2844.8994734010003
5816,2800.0,-2074.6151463527503
5817,2800.0,-2074.6151463527503
5818,2800.0,-1695.9485897659997
5819,2800.0,-1695.9485897659997
5820,2800.0,-3901.21928873625
5821,2800.0,-3901.21928873625
5822,2800.0,-3269.922455054526
5823,2800.0,-3269.922455054526
5824,2800.0,-1895.3399701627495
5825,2800.0,-1895.3399701627495
5826,2800.0,-3498.8760407675
5827,2800.0,-3498.8760407675
5828,2800.0,-4200.0
5829,2800.0,-4200.0
5830,2800.0,-4200.0
5831,2800.0,-4200.0
5832,2800.0,-4092.7087910295
5833,2800.0,-4092.7087910295
5834,2800.0,-3751.563210431
5835,2800.0,-3751.563210431
5836,2800.0,-3730.8600950045
5837,2800.0,-3730.8600950045
5838,2800.0,-4098.903631215
5839,2800.0,-4098.903631215
5840,2800.0,-4200.0
5841,2800.0,-4200.0
5842,2800.0,-3916.8805766995
5843,2800.0,-3916.8805766995
5844,2800.0,-3650.0337319107493
5845,2800.0,-3650.0337319107493
5846,2800.0,-3657.5837595109997
5847,2800.0,-3657.5837595109997
5848,2800.0,-3836.037996597999
5849,2800.0,-3836.037996597999
5850,2800.0,-4200.0
5851,2800.0,-4200.0
5852,2800.0,-1617.0392492807496
5853,2800.0,-1617.0392492807496
5854,2800.0,-4009.318129968
5855,2800.0,-4009.318129968
5856,2800.0,-2567.8795380365573
5857,2800.0,-2567.8795380365573
5858,2800.0,-946.4232818692499
5859,2800.0,-946.4232818692499
5860,2800.0,-1685.6274075020756
5861,2800.0,-1685.6274075020756
5862,2800.0,-3202.606456546747
5863,2800.0,-3202.606456546747
5864,2800.0,-4200.0
5865,2800.0,-4200.0
5866,2800.0,-4200.0
5867,2800.0,-4200.0
5868,2800.0,-4200.0
5869,2800.0,-4200.0
5870,2800.0,-4200.0
5871,2800.0,-4200.0
5872,2800.0,-4200.0
5873,2800.0,-4200.0
5874,2800.0,-4200.0
5875,2800.0,-4200.0
5876,2800.0,-4200.0
5877,2800.0,-4200.0
5878,2800.0,-4200.0
5879,2800.0,-4200.0
5880,2800.0,-3745.168257982
5881,2800.0,-3745.168257982
5882,2800.0,-3707.85115308525
5883,2800.0,-3707.85115308525
5884,2800.0,-3600.4323934699996
5885,2800.0,-3600.4323934699996
5886,2800.0,-3902.1424152447494
5887,2800.0,-3902.1424152447494
5888,2800.0,-4117.423463972
5889,2800.0,-4117.423463972
5890,2800.0,-4008.6550547431143
5891,2800.0,-4008.6550547431143
5892,2800.0,-4200.0
5893,2800.0,-4200.0
5894,2800.0,-4200.0
5895,2800.0,-4200.0
5896,2800.0,-2999.3340773510004
5897,2800.0,-2999.3340773510004
5898,2800.0,-3442.3713373049995
5899,2800.0,-3442.3713373049995
5900,2800.0,-3871.6122337587494
5901,2800.0,-3871.6122337587494
5902,2800.0,-3711.60424400425
5903,2800.0,-3711.60424400425
5904,2800.0,-3499.5003191465
5905,2800.0,-3499.5003191465
5906,2800.0,-3321.8457906615004
5907,2800.0,-3321.8457906615004
5908,2800.0,-3247.14017840875
5909,2800.0,-3247.14017840875
5910,2800.0,-3349.1464909485003
5911,2800.0,-3349.1464909485003
5912,2800.0,-3472.0817024470007
5913,2800.0,-3472.0817024470007
5914,2800.0,-3624.4138980997504
5915,2800.0,-3624.4138980997504
5916,2800.0,-4200.0
5917,2800.0,-4200.0
5918,2800.0,-4200.0
5919,2800.0,-4200.0
5920,2800.0,-3882.564488314
5921,2800.0,-3882.564488314
5922,2800.0,-4200.0
5923,2800.0,-4200.0
5924,2800.0,-4200.0
5925,2800.0,-4200.0
5926,2800.0,-3787.3286799400007
5927,2800.0,-3787.3286799400007
5928,2800.0,-2969.2024486287505
5929,2800.0,-2969.2024486287505
5930,2800.0,-2709.6501833889997
5931,2800.0,-2709.6501833889997
5932,2800.0,-2759.436983115
5933,2800.0,-2759.436983115
5934,2800.0,-3143.9866107402495
5935,2800.0,-3143.9866107402495
5936,2800.0,-3383.80077511775
5937,2800.0,-3383.80077511775
5938,2800.0,-3669.19234403075
5939,2800.0,-3669.19234403075
5940,2800.0,-3967.7640517375
5941,2800.0,-3967.7640517375
5942,2800.0,-4052.0704870925
5943,2800.0,-4052.0704870925
5944,2800.0,-3907.5590337600006
5945,2800.0,-3907.5590337600006
5946,2800.0,-4200.0
5947,2800.0,-4200.0
5948,2800.0,-4200.0
5949,2800.0,-4200.0
5950,2800.0,-3668.1383408645
5951,2800.0,-3668.1383408645
5952,2800.0,-2781.410897559749
5953,2800.0,-2781.410897559749
5954,2800.0,-2272.9018010957498
5955,2800.0,-2272.9018010957498
5956,2800.0,-2627.0559710820003
5957,2800.0,-2627.0559710820003
5958,2800.0,-2785.161313118
5959,2800.0,-2785.161313118
5960,2800.0,-2832.5606913957504
5961,2800.0,-2832.5606913957504
5962,2800.0,-3203.309532393
5963,2800.0,-3203.309532393
5964,2800.0,-3574.4326777585
5965,2800.0,-3574.4326777585
5966,2800.0,-3805.8752057362503
5967,2800.0,-3805.8752057362503
5968,2800.0,-4036.9241258857496
5969,2800.0,-4036.9241258857496
5970,2800.0,-4200.0
5971,2800.0,-4200.0
5972,2800.0,-4126.237874842251
5973,2800.0,-4126.237874842251
5974,2800.0,-3764.5331642465
5975,2800.0,-3764.5331642465
5976,2800.0,-3267.11275766775
5977,2800.0,-3267.11275766775
5978,2800.0,-2959.3504412362504
5979,2800.0,-2959.3504412362504
5980,2800.0,-2852.6369563275
5981,2800.0,-2852.6369563275
5982,2800.0,-2598.0491907837504
5983,2800.0,-2598.0491907837504
5984,2800.0,-2953.580746064
5985,2800.0,-2953.580746064
5986,2800.0,-3378.936243942999
5987,2800.0,-3378.936243942999
5988,2800.0,-3527.5898812905007
5989,2800.0,-3527.5898812905007
5990,2800.0,-3456.8165228665
5991,2800.0,-3456.8165228665
5992,2800.0,-3612.49508422275
5993,2800.0,-3612.49508422275
5994,2800.0,-3850.0118943017496
5995,2800.0,-3850.0118943017496
5996,2800.0,-3820.2016375547496
5997,2800.0,-3820.2016375547496
5998,2800.0,-3733.90125120775
5999,2800.0,-3733.90125120775
6000,2800.0,-3458.5963773277504
6001,2800.0,-3458.5963773277504
6002,2800.0,-3229.7814415702496
6003,2800.0,-3229.7814415702496
6004,2800.0,-3135.763897768
6005,2800.0,-3135.763897768
6006,2800.0,-3545.20944711175
6007,2800.0,-3545.20944711175
6008,2800.0,-4110.07561954425
6009,2800.0,-4110.07561954425
6010,2800.0,-4175.768610852249
6011,2800.0,-4175.768610852249
6012,2800.0,-4200.0
6013,2800.0,-4200.0
6014,2800.0,-4200.0
6015,2800.0,-4200.0
6016,2800.0,-4200.0
6017,2800.0,-4200.0
6018,2800.0,-4200.0
6019,2800.0,-4200.0
6020,2800.0,-4200.0
6021,2800.0,-4200.0
6022,2800.0,-4020.7715260249997
6023,2800.0,-4020.7715260249997
6024,2800.0,-3857.582710450749
6025,2800.0,-3857.582710450749
6026,2800.0,-2060.3007846137502
6027,2800.0,-2060.3007846137502
6028,2800.0,-3269.244906303
6029,2800.0,-3269.244906303
6030,2800.0,-3917.6211175637504
6031,2800.0,-3917.6211175637504
6032,2800.0,-3377.7266819929437
6033,2800.0,-3377.7266819929437
6034,2800.0,-4200.0
6035,2800.0,-4200.0
6036,2800.0,-4200.0
6037,2800.0,-4200.0
6038,2800.0,-3666.980888032249
6039,2800.0,-3666.980888032249
6040,2800.0,-3578.2695150607497
6041,2800.0,-3578.2695150607497
6042,2800.0,-4200.0
6043,2800.0,-4200.0
6044,2800.0,-4200.0
6045,2800.0,-4200.0
6046,2800.0,-4200.0
6047,2800.0,-4200.0
6048,2800.0,394.7224528640836
6049,2800.0,394.7224528640836
6050,2800.0,-2163.845821285113
6051,2800.0,-2163.845821285113
6052,2800.0,-4194.04136672575
6053,2800.0,-4194.04136672575
6054,2800.0,-4200.0
6055,2800.0,-4200.0
6056,2800.0,-4200.0
6057,2800.0,-4200.0
6058,2800.0,-4200.0
6059,2800.0,-4200.0
6060,2800.0,-4200.0
6061,2800.0,-4200.0
6062,2800.0,-4200.0
6063,2800.0,-4200.0
6064,2800.0,-3932.236977602749
6065,2800.0,-3932.236977602749
6066,2800.0,-4200.0
6067,2800.0,-4200.0
6068,2800.0,-2209.6197647582503
6069,2800.0,-2209.6197647582503
6070,2800.0,-2587.9342063827144
6071,2800.0,-2587.9342063827144
6072,2800.0,-1789.3898309137167
6073,2800.0,-1789.3898309137167
6074,2800.0,-3949.0111797527497
6075,2800.0,-3949.0111797527497
6076,2800.0,-3757.8095987467505
6077,2800.0,-3757.8095987467505
6078,2800.0,-3984.055011125001
6079,2800.0,-3984.055011125001
6080,2800.0,-4102.255013358499
6081,2800.0,-4102.255013358499
6082,2800.0,-3879.432690870249
6083,2800.0,-3879.432690870249
6084,2800.0,-3963.9922565409997
6085,2800.0,-3963.9922565409997
6086,2800.0,-3740.8160899125005
6087,2800.0,-3740.8160899125005
6088,2800.0,-3592.375518715
6089,2800.0,-3592.375518715
6090,2800.0,-3586.861053423
6091,2800.0,-3586.861053423
6092,2800.0,-3742.7348428552577
6093,2800.0,-3742.7348428552577
6094,2800.0,-3716.3417868071538
6095,2800.0,-3716.3417868071538
6096,2800.0,-3802.2225333472497
6097,2800.0,-3802.2225333472497
6098,2800.0,-3883.950517934001
6099,2800.0,-3883.950517934001
6100,2800.0,-2106.4842706960962
6101,2800.0,-2106.4842706960962
6102,2800.0,-1662.9254509355947
6103,2800.0,-1662.9254509355947
6104,2800.0,-4200.0
6105,2800.0,-4200.0
6106,2800.0,-4200.0
6107,2800.0,-4200.0
6108,2800.0,-3795.862570877
6109,2800.0,-3795.862570877
6110,2800.0,-3722.5191972722896
6111,2800.0,-3722.5191972722896
6112,2800.0,-3601.1469034964994
6113,2800.0,-3601.1469034964994
6114,2800.0,-4200.0
6115,2800.0,-4200.0
6116,2800.0,-4200.0
6117,2800.0,-4200.0
6118,2800.0,-4200.0
6119,2800.0,-4200.0
6120,2800.0,-4200.0
6121,2800.0,-4200.0
6122,2800.0,-4141.27434623825
6123,2800.0,-4141.27434623825
6124,2800.0,-4007.747206287501
6125,2800.0,-4007.747206287501
6126,2800.0,-3989.117583055001
6127,2800.0,-3989.117583055001
6128,2800.0,576.4540118061414
6129,2800.0,576.4540118061414
6130,2800.0,-2979.54476624925
6131,2800.0,-2979.54476624925
6132,2800.0,-2248.0178274757495
6133,2800.0,-2248.0178274757495
6134,2800.0,-1966.2514348095
6135,2800.0,-1966.2514348095
6136,2800.0,-2447.1346183410005
6137,2800.0,-2447.1346183410005
6138,2800.0,-3066.9568150058985
6139,2800.0,-3066.9568150058985
6140,2800.0,-3675.5358650010003
6141,2800.0,-3675.5358650010003
6142,2800.0,-2826.4955066450148
6143,2800.0,-2826.4955066450148
6144,2800.0,-2016.69538462
6145,2800.0,-2016.69538462
6146,2800.0,-1382.5779757480723
6147,2800.0,-1382.5779757480723
6148,2800.0,-3269.4732027526406
6149,2800.0,-3269.4732027526406
6150,2800.0,-3064.377604360452
6151,2800.0,-3064.377604360452
6152,2800.0,-1615.3990975595848
6153,2800.0,-1615.3990975595848
6154,2800.0,-2878.0098895852498
6155,2800.0,-2878.0098895852498
6156,2800.0,-2365.519947977249
6157,2800.0,-2365.519947977249
6158,2800.0,-2454.3513546780005
6159,2800.0,-2454.3513546780005
6160,2800.0,-2468.6992086674545
6161,2800.0,-2468.6992086674545
6162,2800.0,-2973.10448740625
6163,2800.0,-2973.10448740625
6164,2800.0,-3951.7443987602496
6165,2800.0,-3951.7443987602496
6166,2800.0,-3480.451959684
6167,2800.0,-3480.451959684
6168,2800.0,-3323.8494917872504
6169,2800.0,-3323.8494917872504
6170,2800.0,-3372.8492499295003
6171,2800.0,-3372.8492499295003
6172,2800.0,-4200.0
6173,2800.0,-4200.0
6174,2800.0,-3928.04153124625
6175,2800.0,-3928.04153124625
6176,2800.0,-4200.0
6177,2800.0,-4200.0
6178,2800.0,-4200.0
6179,2800.0,-4200.0
6180,2800.0,-4200.0
6181,2800.0,-4200.0
6182,2800.0,-4200.0
6183,2800.0,-4200.0
6184,2800.0,-4200.0
6185,2800.0,-4200.0
6186,2800.0,-3200.9458800513257
6187,2800.0,-3200.9458800513257
6188,2800.0,-1866.3513994157502
6189,2800.0,-1866.3513994157502
6190,2800.0,-1687.7374947839999
6191,2800.0,-1687.7374947839999
6192,2800.0,-3743.425026818696
6193,2800.0,-3743.425026818696
6194,2800.0,-3592.9312815702506
6195,2800.0,-3592.9312815702506
6196,2800.0,-2963.4544578777914
6197,2800.0,-2963.4544578777914
6198,2800.0,-4200.0
6199,2800.0,-4200.0
6200,2800.0,-4200.0
6201,2800.0,-4200.0
6202,-2800.0,-3806.0622687675004
6203,-2800.0,-3806.0622687675004
6204,-2800.0,-3460.4500376295
6205,-2800.0,-3460.4500376295
6206,-2800.0,-3756.2031728740003
6207,-2800.0,-3756.2031728740003
6208,2486.6949235332686,-3855.1577943272496
6209,2486.6949235332686,-3855.1577943272496
6210,2800.0,-3976.86817816675
6211,2800.0,-3976.86817816675
6212,2800.0,-3569.5996803362486
6213,2800.0,-3569.5996803362486
6214,2800.0,-2805.75111861775
6215,2800.0,-2805.75111861775
6216,2800.0,-473.44900339400556
6217,2800.0,-473.44900339400556
6218,2800.0,-1943.7355037885009
6219,2800.0,-1943.7355037885009
6220,2800.0,-1936.1946339319993
6221,2800.0,-1936.1946339319993
6222,2800.0,-2668.3390093420003
6223,2800.0,-2668.3390093420003
6224,-2800.0,-2873.01022124475
6225,-2800.0,-2873.01022124475
6226,-2800.0,-2641.9899301967507
6227,-2800.0,-2641.9899301967507
6228,-2800.0,-2763.4395119394994
6229,-2800.0,-2763.4395119394994
6230,-2800.0,-3265.5709942162484
6231,-2800.0,-3265.5709942162484
6232,2800.0,-3998.7886644484997
6233,2800.0,-3998.7886644484997
6234,2800.0,-3218.2586603957498
6235,2800.0,-3218.2586603957498
6236,2800.0,-3731.89006222975
6237,2800.0,-3731.89006222975
6238,2800.0,-3128.6934369070004
6239,2800.0,-3128.6934369070004
6240,2800.0,-3069.2243113395
6241,2800.0,-3069.2243113395
6242,2800.0,-3232.8577727315
6243,2800.0,-3232.8577727315
6244,2800.0,-3501.6099283184994
6245,2800.0,-3501.6099283184994
6246,2800.0,-4200.0
6247,2800.0,-4200.0
6248,2800.0,-4200.0
6249,2800.0,-4200.0
6250,2800.0,-4102.77105358175
6251,2800.0,-4102.77105358175
6252,2800.0,-4200.0
6253,2800.0,-4200.0
6254,2800.0,-3698.0904689847503
6255,2800.0,-3698.0904689847503
6256,2800.0,-3916.9843045492503
6257,2800.0,-3916.9843045492503
6258,2800.0,-4200.0
6259,2800.0,-4200.0
6260,2800.0,-4025.11081986925
6261,2800.0,-4025.11081986925
6262,2800.0,-3495.6941466197504
6263,2800.0,-3495.6941466197504
6264,2800.0,-3261.5994509847505
6265,2800.0,-3261.5994509847505
6266,2800.0,-3090.9768493442502
6267,2800.0,-3090.9768493442502
6268,2800.0,-3109.1716157032497
6269,2800.0,-3109.1716157032497
6270,2800.0,-3925.679360028251
6271,2800.0,-3925.679360028251
6272,2800.0,-339.2372995280348
6273,2800.0,-339.2372995280348
6274,2800.0,-4088.7492241417503
6275,2800.0,-4088.7492241417503
6276,2800.0,-4173.31489686925
6277,2800.0,-4173.31489686925
6278,2800.0,-4200.0
6279,2800.0,-4200.0
6280,2800.0,-1320.4129198086557
6281,2800.0,-1320.4129198086557
6282,2800.0,-4189.06445980925
6283,2800.0,-4189.06445980925
6284,2800.0,-3731.61111220325
6285,2800.0,-3731.61111220325
6286,2800.0,-3064.1883093199995
6287,2800.0,-3064.1883093199995
6288,2800.0,-2310.4976194097508
6289,2800.0,-2310.4976194097508
6290,2800.0,-1869.8359406842496
6291,2800.0,-1869.8359406842496
6292,2800.0,-1637.7697812675
6293,2800.0,-1637.7697812675
6294,2800.0,-2140.0115867059994
6295,2800.0,-2140.0115867059994
6296,2800.0,-3253.5048361192503
6297,2800.0,-3253.5048361192503
6298,2800.0,-3210.8964508080007
6299,2800.0,-3210.8964508080007
6300,2800.0,-3254.2403122779997
6301,2800.0,-3254.2403122779997
6302,2800.0,-3487.24181081825
6303,2800.0,-3487.24181081825
6304,2800.0,-3696.4505547810004
6305,2800.0,-3696.4505547810004
6306,2800.0,-3887.225263609549
6307,2800.0,-3887.225263609549
6308,2800.0,-3744.78144975525
6309,2800.0,-3744.78144975525
6310,2800.0,-1613.0370387521616
6311,2800.0,-1613.0370387521616
6312,2800.0,-2555.357723377
6313,2800.0,-2555.357723377
6314,2800.0,-2621.78168672125
6315,2800.0,-2621.78168672125
6316,2800.0,-2670.3978875115
6317,2800.0,-2670.3978875115
6318,2800.0,-2683.98667404875
6319,2800.0,-2683.98667404875
6320,2800.0,-3067.60347434975
6321,2800.0,-3067.60347434975
6322,2800.0,-3279.8271244694997
6323,2800.0,-3279.8271244694997
6324,2800.0,-3059.3441314532497
6325,2800.0,-3059.3441314532497
6326,2800.0,-2775.1126969529996
6327,2800.0,-2775.1126969529996
6328,2800.0,-1719.622373657825
6329,2800.0,-1719.622373657825
6330,2800.0,-3314.1224966054997
6331,2800.0,-3314.1224966054997
6332,2800.0,-3394.1148757342817
6333,2800.0,-3394.1148757342817
6334,2800.0,-1659.9015275241115
6335,2800.0,-1659.9015275241115
6336,2800.0,-407.1761443454998
6337,2800.0,-407.1761443454998
6338,2800.0,-580.2908818725
6339,2800.0,-580.2908818725
6340,2800.0,-2246.793442693681
6341,2800.0,-2246.793442693681
6342,2800.0,-1224.276127911
6343,2800.0,-1224.276127911
6344,2800.0,-1353.60928600225
6345,2800.0,-1353.60928600225
6346,2800.0,-4056.1454767122505
6347,2800.0,-4056.1454767122505
6348,2800.0,-3915.7227246687503
6349,2800.0,-3915.7227246687503
6350,2800.0,-3747.4250435955
6351,2800.0,-3747.4250435955
6352,2800.0,-3466.24635562225
6353,2800.0,-3466.24635562225
6354,2800.0,-3714.6131228494996
6355,2800.0,-3714.6131228494996
6356,2800.0,-3643.3499279122498
6357,2800.0,-3643.3499279122498
6358,2800.0,-3403.6009534757504
6359,2800.0,-3403.6009534757504
6360,2800.0,-3381.689504033
6361,2800.0,-3381.689504033
6362,2800.0,-3346.462982961
6363,2800.0,-3346.462982961
6364,2800.0,-320.16176374050065
6365,2800.0,-320.16176374050065
6366,2800.0,-737.99341881075
6367,2800.0,-737.99341881075
6368,2800.0,-4200.0
6369,2800.0,-4200.0
6370,2800.0,-4200.0
6371,2800.0,-4200.0
6372,2800.0,-4200.0
6373,2800.0,-4200.0
6374,2800.0,-4200.0
6375,2800.0,-4200.0
6376,2800.0,-4200.0
6377,2800.0,-4200.0
6378,2800.0,-4200.0
6379,2800.0,-4200.0
6380,2800.0,-4200.0
6381,2800.0,-4200.0
6382,2800.0,-4200.0
6383,2800.0,-4200.0
6384,2800.0,-2578.086672878269
6385,2800.0,-2578.086672878269
6386,2800.0,-2464.96253905525
6387,2800.0,-2464.96253905525
6388,2800.0,-2472.5775556822496
6389,2800.0,-2472.5775556822496
6390,2800.0,-3218.2597668377507
6391,2800.0,-3218.2597668377507
6392,2800.0,-3396.5193318347497
6393,2800.0,-3396.5193318347497
6394,2800.0,-4200.0
6395,2800.0,-4200.0
6396,-2800.0,-4200.0
6397,-2800.0,-4200.0
6398,2800.0,-4200.0
6399,2800.0,-4200.0
6400,2800.0,-4200.0
6401,2800.0,-4200.0
6402,2800.0,-4200.0
6403,2800.0,-4200.0
6404,2800.0,-3559.395590076
6405,2800.0,-3559.395590076
6406,2800.0,-2813.963804088
6407,2800.0,-2813.963804088
6408,2800.0,-2660.83085861825
6409,2800.0,-2660.83085861825
6410,2800.0,-2707.77373932475
6411,2800.0,-2707.77373932475
6412,2800.0,-2714.5497614560004
6413,2800.0,-2714.5497614560004
6414,2800.0,-3807.0147298842503
6415,2800.0,-3807.0147298842503
6416,2800.0,-4200.0
6417,2800.0,-4200.0
6418,2800.0,-4200.0
6419,2800.0,-4200.0
6420,2800.0,-4200.0
6421,2800.0,-4200.0
6422,2800.0,-4200.0
6423,2800.0,-4200.0
6424,2800.0,-4200.0
6425,2800.0,-4200.0
6426,2800.0,-4200.0
6427,2800.0,-4200.0
6428,2800.0,-4200.0
6429,2800.0,-4200.0
6430,2800.0,-3771.65705817325
6431,2800.0,-3771.65705817325
6432,2800.0,-3752.7299068982493
6433,2800.0,-3752.7299068982493
6434,2800.0,-3525.14393271225
6435,2800.0,-3525.14393271225
6436,2800.0,-3078.8974905385
6437,2800.0,-3078.8974905385
6438,2800.0,-3728.1648858642498
6439,2800.0,-3728.1648858642498
6440,2800.0,-4200.0
6441,2800.0,-4200.0
6442,2800.0,-4200.0
6443,2800.0,-4200.0
6444,2800.0,-4200.0
6445,2800.0,-4200.0
6446,2800.0,-4200.0
6447,2800.0,-4200.0
6448,2800.0,-4200.0
6449,2800.0,-4200.0
6450,2800.0,-4200.0
6451,2800.0,-4200.0
6452,2800.0,-4200.0
6453,2800.0,-4200.0
6454,2800.0,-3993.8385242599998
6455,2800.0,-3993.8385242599998
6456,2800.0,-3727.3473417735004
6457,2800.0,-3727.3473417735004
6458,2800.0,-3744.0913715642505
6459,2800.0,-3744.0913715642505
6460,2800.0,-3616.9547196060003
6461,2800.0,-3616.9547196060003
6462,2800.0,-3339.62163621775
6463,2800.0,-3339.62163621775
6464,2800.0,-3549.05057505325
6465,2800.0,-3549.05057505325
6466,2800.0,-3456.3648813642503
6467,2800.0,-3456.3648813642503
6468,2800.0,-3270.538939679
6469,2800.0,-3270.538939679
6470,2800.0,-3278.7518533155003
6471,2800.0,-3278.7518533155003
6472,2800.0,-3417.7913356715003
6473,2800.0,-3417.7913356715003
6474,2800.0,-3425.6605024674996
6475,2800.0,-3425.6605024674996
6476,2800.0,-3282.4258680304997
6477,2800.0,-3282.4258680304997
6478,2800.0,-3294.3545740084996
6479,2800.0,-3294.3545740084996
6480,2800.0,-2638.803340435864
6481,2800.0,-2638.803340435864
6482,2800.0,-2424.5025074145
6483,2800.0,-2424.5025074145
6484,2800.0,-2348.21938428425
6485,2800.0,-2348.21938428425
6486,2800.0,-2188.1034079109995
6487,2800.0,-2188.1034079109995
6488,2800.0,-2867.34892008275
6489,2800.0,-2867.34892008275
6490,2800.0,-3202.1932588165
6491,2800.0,-3202.1932588165
6492,2800.0,-3081.1486072509997
6493,2800.0,-3081.1486072509997
6494,2800.0,-3027.242146775
6495,2800.0,-3027.242146775
6496,2800.0,-2987.11868532425
6497,2800.0,-2987.11868532425
6498,2800.0,-3690.2666923125007
6499,2800.0,-3690.2666923125007
6500,2800.0,-3763.7570272119997
6501,2800.0,-3763.7570272119997
6502,2800.0,-2776.0407387850355
6503,2800.0,-2776.0407387850355
6504,2800.0,-2358.597026612
6505,2800.0,-2358.597026612
6506,2800.0,-2125.5065588769994
6507,2800.0,-2125.5065588769994
6508,2800.0,-2220.8324241269997
6509,2800.0,-2220.8324241269997
6510,2800.0,-3011.739633495
6511,2800.0,-3011.739633495
6512,2800.0,-3542.90747236625
6513,2800.0,-3542.90747236625
6514,2800.0,-3385.1842468537507
6515,2800.0,-3385.1842468537507
6516,2800.0,-3834.0205184377496
6517,2800.0,-3834.0205184377496
6518,2800.0,-4200.0
6519,2800.0,-4200.0
6520,2800.0,-4200.0
6521,2800.0,-4200.0
6522,2800.0,-3996.689021430354
6523,2800.0,-3996.689021430354
6524,2800.0,-4200.0
6525,2800.0,-4200.0
6526,2800.0,-4192.24651510475
6527,2800.0,-4192.24651510475
6528,2800.0,-2133.5244738697497
6529,2800.0,-2133.5244738697497
6530,2800.0,-3581.2499197157504
6531,2800.0,-3581.2499197157504
6532,2800.0,-3151.9111167645005
6533,2800.0,-3151.9111167645005
6534,2800.0,-3543.3630925637494
6535,2800.0,-3543.3630925637494
6536,2800.0,-4200.0
6537,2800.0,-4200.0
6538,2800.0,-4200.0
6539,2800.0,-4200.0
6540,2800.0,-4200.0
6541,2800.0,-4200.0
6542,2800.0,-4200.0
6543,2800.0,-4200.0
6544,2800.0,-4200.0
6545,2800.0,-4200.0
6546,2800.0,-4200.0
6547,2800.0,-4200.0
6548,2800.0,-4200.0
6549,2800.0,-4200.0
6550,2800.0,-4200.0
6551,2800.0,-4200.0
6552,2800.0,-4200.0
6553,2800.0,-4200.0
6554,2800.0,-4200.0
6555,2800.0,-4200.0
6556,2800.0,-4061.4563706629997
6557,2800.0,-4061.4563706629997
6558,2800.0,-1435.7501124659993
6559,2800.0,-1435.7501124659993
6560,2800.0,-4200.0
6561,2800.0,-4200.0
6562,2800.0,-4200.0
6563,2800.0,-4200.0
6564,2800.0,-4200.0
6565,2800.0,-4200.0
6566,2800.0,-3269.382874121482
6567,2800.0,-3269.382874121482
6568,2800.0,-3126.2811426189996
6569,2800.0,-3126.2811426189996
6570,2800.0,-3085.8255419076013
6571,2800.0,-3085.8255419076013
6572,2800.0,-3495.2758414874997
6573,2800.0,-3495.2758414874997
6574,2800.0,-3120.9870013755
6575,2800.0,-3120.9870013755
6576,2800.0,-4200.0
6577,2800.0,-4200.0
6578,2800.0,-2700.54708577575
6579,2800.0,-2700.54708577575
6580,2800.0,-3800.857520206
6581,2800.0,-3800.857520206
6582,2800.0,-2966.8759128317183
6583,2800.0,-2966.8759128317183
6584,2800.0,-4136.0562371245
6585,2800.0,-4136.0562371245
6586,2800.0,-3910.3611062054997
6587,2800.0,-3910.3611062054997
6588,2800.0,-4087.5300707327506
6589,2800.0,-4087.5300707327506
6590,2800.0,-4090.8488790682495
6591,2800.0,-4090.8488790682495
6592,2800.0,-3807.79133399475
6593,2800.0,-3807.79133399475
6594,2800.0,-3978.308466070749
6595,2800.0,-3978.308466070749
6596,2800.0,-4200.0
6597,2800.0,-4200.0
6598,2800.0,-3990.9274132375
6599,2800.0,-3990.9274132375
6600,2800.0,-4061.99881697775
6601,2800.0,-4061.99881697775
6602,2800.0,-2475.8542552617496
6603,2800.0,-2475.8542552617496
6604,2800.0,-3275.7565729539965
6605,2800.0,-3275.7565729539965
6606,2800.0,-1114.065384641
6607,2800.0,-1114.065384641
6608,2800.0,-2006.9694639062836
6609,2800.0,-2006.9694639062836
6610,2800.0,-3309.94390512775
6611,2800.0,-3309.94390512775
6612,2800.0,-4200.0
6613,2800.0,-4200.0
6614,2800.0,-3161.619037449218
6615,2800.0,-3161.619037449218
6616,2800.0,-2884.3589056904993
6617,2800.0,-2884.3589056904993
6618,2800.0,-2319.375864217499
6619,2800.0,-2319.375864217499
6620,2800.0,-4200.0
6621,2800.0,-4200.0
6622,2800.0,-1582.0959504739603
6623,2800.0,-1582.0959504739603
6624,2800.0,-335.9929825438885
6625,2800.0,-335.9929825438885
6626,2800.0,-2708.58859265259
6627,2800.0,-2708.58859265259
6628,2800.0,-3862.0215911765004
6629,2800.0,-3862.0215911765004
6630,2800.0,-2046.8455742812457
6631,2800.0,-2046.8455742812457
6632,2800.0,-1439.731350707907
6633,2800.0,-1439.731350707907
6634,2800.0,-3785.0873931532506
6635,2800.0,-3785.0873931532506
6636,2800.0,-3711.9630303557506
6637,2800.0,-3711.9630303557506
6638,2800.0,-3871.7162047479997
6639,2800.0,-3871.7162047479997
6640,2800.0,-4143.7529011507495
6641,2800.0,-4143.7529011507495
6642,2800.0,-375.71187700674955
6643,2800.0,-375.71187700674955
6644,2800.0,-2274.5869470295092
6645,2800.0,-2274.5869470295092
6646,2800.0,-454.17436139924985
6647,2800.0,-454.17436139924985
6648,2800.0,-1073.3941676088043
6649,2800.0,-1073.3941676088043
6650,2800.0,-1471.8697968187498
6651,2800.0,-1471.8697968187498
6652,2800.0,-111.86293964624929
6653,2800.0,-111.86293964624929
6654,2800.0,549.0081701457502
6655,2800.0,549.0081701457502
6656,2800.0,506.5293287102513
6657,2800.0,506.5293287102513
6658,-2800.0,-421.9607827762437
6659,-2800.0,-421.9607827762437
6660,2800.0,932.8778217892495
6661,2800.0,932.8778217892495
6662,-2800.0,-2135.215831832
6663,-2800.0,-2135.215831832
6664,1178.3814361023099,-153.19265957150128
6665,1178.3814361023099,-153.19265957150128
6666,2800.0,-927.3666522899994
6667,2800.0,-927.3666522899994
6668,2800.0,-228.24050926899963
6669,2800.0,-228.24050926899963
6670,2800.0,493.2883071260003
6671,2800.0,493.2883071260003
6672,2800.0,596.0885324462497
6673,2800.0,596.0885324462497
6674,2800.0,270.8183919870007
6675,2800.0,270.8183919870007
6676,-2800.0,-2856.753760897749
6677,-2800.0,-2856.753760897749
6678,-2800.0,-3562.0742068152504
6679,-2800.0,-3562.0742068152504
6680,-2800.0,-3210.4523458705
6681,-2800.0,-3210.4523458705
6682,637.420486460338,-2660.8087490729995
6683,637.420486460338,-2660.8087490729995
6684,-2800.0,-2586.4032871910003
6685,-2800.0,-2586.4032871910003
6686,-2800.0,-3235.266635720751
6687,-2800.0,-3235.266635720751
6688,-2800.0,-3851.62202132275
6689,-2800.0,-3851.62202132275
6690,644.7406203718419,-2040.3399916610006
6691,644.7406203718419,-2040.3399916610006
6692,2800.0,-1916.2859735397506
6693,2800.0,-1916.2859735397506
6694,2800.0,-1118.53086009225
6695,2800.0,-1118.53086009225
6696,2800.0,-720.1081904157495
6697,2800.0,-720.1081904157495
6698,-639.4492210520593,-3678.1624907287505
6699,-639.4492210520593,-3678.1624907287505
6700,2800.0,-4081.3146143809995
6701,2800.0,-4081.3146143809995
6702,-1806.3835419115203,-4200.0
6703,-1806.3835419115203,-4200.0
6704,-2450.6075280350415,-4200.0
6705,-2450.6075280350415,-4200.0
6706,-2800.0,-4200.0
6707,-2800.0,-4200.0
6708,-2800.0,-4200.0
6709,-2800.0,-4200.0
6710,-2800.0,-4200.0
6711,-2800.0,-4200.0
6712,2800.0,-4200.0
6713,2800.0,-4200.0
6714,2800.0,-4200.0
6715,2800.0,-4200.0
6716,2800.0,-2245.9508499048497
6717,2800.0,-2245.9508499048497
6718,2800.0,-1683.8690183451345
6719,2800.0,-1683.8690183451345
6720,2800.0,-3812.1604419504997
6721,2800.0,-3812.1604419504997
6722,2800.0,-3798.0910403035004
6723,2800.0,-3798.0910403035004
6724,2800.0,-3735.6422853944996
6725,2800.0,-3735.6422853944996
6726,2800.0,-4127.14677734475
6727,2800.0,-4127.14677734475
6728,2800.0,-4141.260686795749
6729,2800.0,-4141.260686795749
6730,2800.0,-4184.329888118122
6731,2800.0,-4184.329888118122
6732,2800.0,-4200.0
6733,2800.0,-4200.0
6734,2800.0,-4200.0
6735,2800.0,-4200.0
6736,2800.0,-3569.1855260182506
6737,2800.0,-3569.1855260182506
6738,2800.0,-3783.330004392501
6739,2800.0,-3783.330004392501
6740,2800.0,-3653.4446280949996
6741,2800.0,-3653.4446280949996
6742,2800.0,-2556.6216822506794
6743,2800.0,-2556.6216822506794
6744,2800.0,-3071.705871241
6745,2800.0,-3071.705871241
6746,2800.0,-2940.4328921302504
6747,2800.0,-2940.4328921302504
6748,2800.0,-1518.7743377869065
6749,2800.0,-1518.7743377869065
6750,2800.0,-3410.6091920934996
6751,2800.0,-3410.6091920934996
6752,2800.0,-3848.9566963450006
6753,2800.0,-3848.9566963450006
6754,2800.0,-3670.7195824854994
6755,2800.0,-3670.7195824854994
6756,2800.0,-3921.6061125247497
6757,2800.0,-3921.6061125247497
6758,2800.0,-4181.6690206175
6759,2800.0,-4181.6690206175
6760,2800.0,-3988.2723806470003
6761,2800.0,-3988.2723806470003
6762,2800.0,-3115.8182979944995
6763,2800.0,-3115.8182979944995
6764,2800.0,-3004.0137861625
6765,2800.0,-3004.0137861625
6766,2800.0,-2647.43347609425
6767,2800.0,-2647.43347609425
6768,2800.0,-2063.45653548475
6769,2800.0,-2063.45653548475
6770,2800.0,-2231.514730470366
6771,2800.0,-2231.514730470366
6772,2800.0,-2998.9235296147504
6773,2800.0,-2998.9235296147504
6774,2800.0,-2003.3778330404893
6775,2800.0,-2003.3778330404893
6776,2800.0,-4200.0
6777,2800.0,-4200.0
6778,2800.0,-3727.9826240397497
6779,2800.0,-3727.9826240397497
6780,2800.0,-2934.757064973749
6781,2800.0,-2934.757064973749
6782,2800.0,-3121.6956510739997
6783,2800.0,-3121.6956510739997
6784,2800.0,-3754.0245595935003
6785,2800.0,-3754.0245595935003
6786,2800.0,-1403.893440814245
6787,2800.0,-1403.893440814245
6788,2800.0,-1605.6560352939996
6789,2800.0,-1605.6560352939996
6790,2800.0,-1141.0313353679994
6791,2800.0,-1141.0313353679994
6792,2800.0,-59.79246213182705
6793,2800.0,-59.79246213182705
6794,2800.0,-1997.7129600044996
6795,2800.0,-1997.7129600044996
6796,2800.0,-1131.1989744409993
6797,2800.0,-1131.1989744409993
6798,2800.0,-634.3084527565002
6799,2800.0,-634.3084527565002
6800,2800.0,-399.0250810709995
6801,2800.0,-399.0250810709995
6802,2800.0,31.69003094100117
6803,2800.0,31.69003094100117
6804,2800.0,-166.25947501099927
6805,2800.0,-166.25947501099927
6806,2800.0,-637.9079043884994
6807,2800.0,-637.9079043884994
6808,2800.0,-1969.7225316220001
6809,2800.0,-1969.7225316220001
6810,2800.0,-714.8390012136633
6811,2800.0,-714.8390012136633
6812,2800.0,-232.88310127875002
6813,2800.0,-232.88310127875002
6814,2800.0,-383.7224754862509
6815,2800.0,-383.7224754862509
6816,2800.0,-1602.0790852706978
6817,2800.0,-1602.0790852706978
6818,2800.0,-2184.1449168040003
6819,2800.0,-2184.1449168040003
6820,2800.0,-2207.1238530029996
6821,2800.0,-2207.1238530029996
6822,2800.0,-1808.7171425862502
6823,2800.0,-1808.7171425862502
6824,2800.0,-1704.1999454396891
6825,2800.0,-1704.1999454396891
6826,2800.0,-1552.5939670677503
6827,2800.0,-1552.5939670677503
6828,2800.0,-1433.9469100874994
6829,2800.0,-1433.9469100874994
6830,2800.0,-1776.225097604
6831,2800.0,-1776.225097604
6832,2800.0,-2863.95298971625
6833,2800.0,-2863.95298971625
6834,2800.0,-1798.0560914929997
6835,2800.0,-1798.0560914929997
6836,2800.0,-3132.61537960875
6837,2800.0,-3132.61537960875
6838,2800.0,-1018.7002019755
6839,2800.0,-1018.7002019755
6840,2800.0,-2333.8164582255
6841,2800.0,-2333.8164582255
6842,2800.0,-2578.9341912570003
6843,2800.0,-2578.9341912570003
6844,2800.0,-2534.6794621640006
6845,2800.0,-2534.6794621640006
6846,2800.0,-3154.5955489542503
6847,2800.0,-3154.5955489542503
6848,2800.0,-3863.2909123764994
6849,2800.0,-3863.2909123764994
6850,2069.154834293925,-3115.4674860782497
6851,2069.154834293925,-3115.4674860782497
6852,-1689.772751471629,-3202.2923898
6853,-1689.772751471629,-3202.2923898
6854,-787.3684163060307,-3690.7843348812503
6855,-787.3684163060307,-3690.7843348812503
6856,2702.74943510057,-3965.322594206
6857,2702.74943510057,-3965.322594206
6858,2800.0,-4200.0
6859,2800.0,-4200.0
6860,2800.0,-3059.240567077508
6861,2800.0,-3059.240567077508
6862,2800.0,-2775.79051738025
6863,2800.0,-2775.79051738025
6864,2800.0,-2368.969383825999
6865,2800.0,-2368.969383825999
6866,2800.0,-2207.095469672
6867,2800.0,-2207.095469672
6868,101.12567003298136,-2165.7354881012498
6869,101.12567003298136,-2165.7354881012498
6870,1555.6405027521123,-2852.3981764695
6871,1555.6405027521123,-2852.3981764695
6872,-987.5821851925994,-2789.5016094212497
6873,-987.5821851925994,-2789.5016094212497
6874,57.65571346555771,-2331.3292987757495
6875,57.65571346555771,-2331.3292987757495
6876,2432.9501977402233,-3817.2077924229397
6877,2432.9501977402233,-3817.2077924229397
6878,2511.80339965076,-4188.4279247036775
6879,2511.80339965076,-4188.4279247036775
6880,-1179.953403677374,-4020.87951588375
6881,-1179.953403677374,-4020.87951588375
6882,-2242.9673878215,-4200.0
6883,-2242.9673878215,-4200.0
6884,1063.4168434461044,-3794.827552842
6885,1063.4168434461044,-3794.827552842
6886,-990.5770256089181,-2687.3758598397494
6887,-990.5770256089181,-2687.3758598397494
6888,2800.0,-2493.261531561
6889,2800.0,-2493.261531561
6890,2561.015975898381,-2576.3182250315003
6891,2561.015975898381,-2576.3182250315003
6892,-2800.0,-2783.00931112675
6893,-2800.0,-2783.00931112675
6894,-2800.0,-3450.776813689251
6895,-2800.0,-3450.776813689251
6896,-2800.0,-4200.0
6897,-2800.0,-4200.0
6898,-2800.0,-4200.0
6899,-2800.0,-4200.0
6900,-2800.0,-4200.0
6901,-2800.0,-4200.0
6902,-2800.0,-4200.0
6903,-2800.0,-4200.0
6904,-2800.0,-4200.0
6905,-2800.0,-4200.0
6906,-2800.0,-4200.0
6907,-2800.0,-4200.0
6908,-2800.0,-1941.7502690052502
6909,-2800.0,-1941.7502690052502
6910,-2800.0,-2708.53423374525
6911,-2800.0,-2708.53423374525
6912,-920.0995584653192,-2749.03468991475
6913,-920.0995584653192,-2749.03468991475
6914,-253.52469056851805,-2836.991740612
6915,-253.52469056851805,-2836.991740612
6916,-2800.0,-2739.2093674695006
6917,-2800.0,-2739.2093674695006
6918,-2800.0,-612.0129090283626
6919,-2800.0,-612.0129090283626
6920,-2800.0,-2193.112306149904
6921,-2800.0,-2193.112306149904
6922,-2800.0,-4008.8429636545006
6923,-2800.0,-4008.8429636545006
6924,-2800.0,-3898.57250405
6925,-2800.0,-3898.57250405
6926,-2800.0,-4200.0
6927,-2800.0,-4200.0
6928,-2800.0,-2444.8373706439997
6929,-2800.0,-2444.8373706439997
6930,-2800.0,-1703.3008337971514
6931,-2800.0,-1703.3008337971514
6932,-1375.6993030626327,601.2982848374995
6933,-1375.6993030626327,601.2982848374995
6934,-2800.0,5.041601661963796
6935,-2800.0,5.041601661963796
6936,-2800.0,-1491.3051983223277
6937,-2800.0,-1491.3051983223277
6938,2223.021441641141,-1359.1978729447492
6939,2223.021441641141,-1359.1978729447492
6940,-2800.0,-1121.0720205892503
6941,-2800.0,-1121.0720205892503
6942,-2800.0,-1550.6339424120001
6943,-2800.0,-1550.6339424120001
6944,-2800.0,671.0014889650001
6945,-2800.0,671.0014889650001
6946,-2800.0,-3549.5937526755
6947,-2800.0,-3549.5937526755
6948,-2800.0,-3302.88862462175
6949,-2800.0,-3302.88862462175
6950,-2800.0,-4009.06283110975
6951,-2800.0,-4009.06283110975
6952,-2800.0,-3813.7347720749995
6953,-2800.0,-3813.7347720749995
6954,-2800.0,-78.94522490024974
6955,-2800.0,-78.94522490024974
6956,-1923.2962975678638,772.6719775562487
6957,-1923.2962975678638,772.6719775562487
6958,-2800.0,-769.0686599982496
6959,-2800.0,-769.0686599982496
6960,-2800.0,88.46467390600083
6961,-2800.0,88.46467390600083
6962,-1483.9133436465982,-1605.74956993975
6963,-1483.9133436465982,-1605.74956993975
6964,-2800.0,-1132.6452009080003
6965,-2800.0,-1132.6452009080003
6966,-2800.0,-295.74417004274983
6967,-2800.0,-295.74417004274983
6968,-2800.0,169.6017828840004
6969,-2800.0,169.6017828840004
6970,-2800.0,-340.6237717879194
6971,-2800.0,-340.6237717879194
6972,-2800.0,-1757.1073823882498
6973,-2800.0,-1757.1073823882498
6974,-2800.0,-63.303808439497516
6975,-2800.0,-63.303808439497516
6976,-2800.0,18.391900324249946
6977,-2800.0,18.391900324249946
6978,-451.1568131027061,-1649.4254464914984
6979,-451.1568131027061,-1649.4254464914984
6980,2120.5597211165605,-688.9253716175003
6981,2120.5597211165605,-688.9253716175003
6982,-2800.0,-633.3517343752496
6983,-2800.0,-633.3517343752496
6984,838.5437915410039,-1591.1228205104608
6985,838.5437915410039,-1591.1228205104608
6986,2407.794641100041,-1964.715763308
6987,2407.794641100041,-1964.715763308
6988,429.1966325703015,-1575.6278858257501
6989,429.1966325703015,-1575.6278858257501
6990,-1051.5504140941557,-304.57258549105427
6991,-1051.5504140941557,-304.57258549105427
6992,-2409.7416018852564,-1294.1846086832497
6993,-2409.7416018852564,-1294.1846086832497
6994,-436.7518829146993,-1661.3858133145131
6995,-436.7518829146993,-1661.3858133145131
6996,2540.9219496700007,-2519.8176623134996
6997,2540.9219496700007,-2519.8176623134996
6998,2526.29125356216,-2828.5828802897495
6999,2526.29125356216,-2828.5828802897495
7000,468.1487170137143,229.03010330049983
7001,468.1487170137143,229.03010330049983
7002,-1554.213646563625,-3246.9394281289997
7003,-1554.213646563625,-3246.9394281289997
7004,110.26071977543506,-2877.13770549575
7005,110.26071977543506,-2877.13770549575
7006,-2370.641795535257,-3054.041696859
7007,-2370.641795535257,-3054.041696859
7008,1138.4724658217037,-1609.337706000998
7009,1138.4724658217037,-1609.337706000998
7010,-41.39185759705424,-3254.57709634725
7011,-41.39185759705424,-3254.57709634725
7012,-2800.0,-2912.176219206557
7013,-2800.0,-2912.176219206557
7014,-2800.0,-3208.6555248554996
7015,-2800.0,-3208.6555248554996
7016,500.6770897964848,-3472.41086490925
7017,500.6770897964848,-3472.41086490925
7018,-2800.0,-3341.8911388744073
7019,-2800.0,-3341.8911388744073
7020,-1115.7918422147795,-3734.59841121325
7021,-1115.7918422147795,-3734.59841121325
7022,-1614.3218951612198,-4032.503204160501
7023,-1614.3218951612198,-4032.503204160501
7024,358.960976447559,-3500.2192785362495
7025,358.960976447559,-3500.2192785362495
7026,2597.710057472401,-3705.4683919722493
7027,2597.710057472401,-3705.4683919722493
7028,2728.328996220718,-2580.433259547267
7029,2728.328996220718,-2580.433259547267
7030,-2800.0,-1830.6550135217494
7031,-2800.0,-1830.6550135217494
7032,-1558.2945427604818,-1394.6941047134997
7033,-1558.2945427604818,-1394.6941047134997
7034,-2800.0,-4095.140036533494
7035,-2800.0,-4095.140036533494
7036,-2800.0,-4200.0
7037,-2800.0,-4200.0
7038,-2800.0,-4200.0
7039,-2800.0,-4200.0
7040,-2800.0,-4200.0
7041,-2800.0,-4200.0
7042,-2800.0,-3772.018314731251
7043,-2800.0,-3772.018314731251
7044,-2800.0,-3987.8232062717498
7045,-2800.0,-3987.8232062717498
7046,-2800.0,-4200.0
7047,-2800.0,-4200.0
7048,-2800.0,-4200.0
7049,-2800.0,-4200.0
7050,-2800.0,-4200.0
7051,-2800.0,-4200.0
7052,-2800.0,-4200.0
7053,-2800.0,-4200.0
7054,-2800.0,-3754.0278699787486
7055,-2800.0,-3754.0278699787486
7056,-2800.0,-1251.5825172287496
7057,-2800.0,-1251.5825172287496
7058,-2800.0,-1762.8686448532494
7059,-2800.0,-1762.8686448532494
7060,-2800.0,-1670.1423029337498
7061,-2800.0,-1670.1423029337498
7062,-2800.0,-2833.6070340802507
7063,-2800.0,-2833.6070340802507
7064,-2800.0,-4200.0
7065,-2800.0,-4200.0
7066,-2800.0,-4200.0
7067,-2800.0,-4200.0
7068,-2800.0,-4200.0
7069,-2800.0,-4200.0
7070,-2800.0,-4200.0
7071,-2800.0,-4200.0
7072,-2800.0,-4200.0
7073,-2800.0,-4200.0
7074,-2800.0,-4200.0
7075,-2800.0,-4200.0
7076,-2800.0,-3900.2888158707506
7077,-2800.0,-3900.2888158707506
7078,-2800.0,-1346.60948750125
7079,-2800.0,-1346.60948750125
7080,-180.81625171039923,-2614.5022418564995
7081,-180.81625171039923,-2614.5022418564995
7082,925.659452064001,-2511.1588493455
7083,925.659452064001,-2511.1588493455
7084,-2800.0,-2768.8060728757505
7085,-2800.0,-2768.8060728757505
7086,-2800.0,-3395.3789793077494
7087,-2800.0,-3395.3789793077494
7088,-2800.0,-4200.0
7089,-2800.0,-4200.0
7090,-2800.0,-4200.0
7091,-2800.0,-4200.0
7092,-2800.0,-4200.0
7093,-2800.0,-4200.0
7094,-2800.0,-4200.0
7095,-2800.0,-4200.0
7096,-2800.0,-4200.0
7097,-2800.0,-4200.0
7098,1897.4449251276687,-642.8112259496179
7099,1897.4449251276687,-642.8112259496179
7100,2800.0,18.94670853200023
7101,2800.0,18.94670853200023
7102,-2146.8993257611637,-3339.4159049114996
7103,-2146.8993257611637,-3339.4159049114996
7104,-1627.761971757136,2151.3051433582496
7105,-1627.761971757136,2151.3051433582496
7106,-1501.8614823144362,-2240.30904757475
7107,-1501.8614823144362,-2240.30904757475
7108,816.5725929410287,-2476.5229928362505
7109,816.5725929410287,-2476.5229928362505
7110,-2800.0,-1495.3711887504996
7111,-2800.0,-1495.3711887504996
7112,-2800.0,-3754.53399274775
7113,-2800.0,-3754.53399274775
7114,-2800.0,-3040.6164342092707
7115,-2800.0,-3040.6164342092707
7116,-2800.0,-4200.0
7117,-2800.0,-4200.0
7118,-2800.0,-4200.0
7119,-2800.0,-4200.0
7120,-2800.0,-3830.4092562984997
7121,-2800.0,-3830.4092562984997
7122,-793.6944011792434,-2886.5985594057497
7123,-793.6944011792434,-2886.5985594057497
7124,1550.340787273817,-3804.4260792665
7125,1550.340787273817,-3804.4260792665
7126,-1178.9618463195502,-3309.3154641699994
7127,-1178.9618463195502,-3309.3154641699994
7128,2778.79166995721,-3234.007886377
7129,2778.79166995721,-3234.007886377
7130,2800.0,-3826.1810641167503
7131,2800.0,-3826.1810641167503
7132,583.0171236662509,-3861.03447260175
7133,583.0171236662509,-3861.03447260175
7134,-1402.6937321524802,674.9825400513382
7135,-1402.6937321524802,674.9825400513382
7136,-2800.0,1174.4490227255
7137,-2800.0,1174.4490227255
7138,-1151.367405550136,-3410.0441372144996
7139,-1151.367405550136,-3410.0441372144996
7140,2260.22760350496,-3739.036592476249
7141,2260.22760350496,-3739.036592476249
7142,2800.0,-2568.2042187678126
7143,2800.0,-2568.2042187678126
7144,-1338.9946954037023,-1733.4509869152503
7145,-1338.9946954037023,-1733.4509869152503
7146,1599.8801379696333,-4157.86576751375
7147,1599.8801379696333,-4157.86576751375
7148,243.84246867278307,-1487.703836110688
7149,243.84246867278307,-1487.703836110688
7150,1998.6441371589226,-3059.277910058
7151,1998.6441371589226,-3059.277910058
7152,2800.0,-2702.0863117635618
7153,2800.0,-2702.0863117635618
7154,2800.0,-2647.201388395
7155,2800.0,-2647.201388395
7156,2800.0,-2316.1825750057496
7157,2800.0,-2316.1825750057496
7158,2609.313054255381,-2179.56724447525
7159,2609.313054255381,-2179.56724447525
7160,1451.2607258494609,-2768.67371186475
7161,1451.2607258494609,-2768.67371186475
7162,1991.1611081230203,-2741.07253511575
7163,1991.1611081230203,-2741.07253511575
7164,2211.02368226635,-4200.0
7165,2211.02368226635,-4200.0
7166,2800.0,-2782.2992430385
7167,2800.0,-2782.2992430385
7168,-1385.1600111918997,-3595.8002400429996
7169,-1385.1600111918997,-3595.8002400429996
7170,-929.8477031877947,-3587.69930430925
7171,-929.8477031877947,-3587.69930430925
7172,1133.4044024122832,-4059.888036828649
7173,1133.4044024122832,-4059.888036828649
7174,-665.9145061973595,-3497.8461964214994
7175,-665.9145061973595,-3497.8461964214994
7176,2800.0,-2747.5509931327497
7177,2800.0,-2747.5509931327497
7178,2800.0,-2210.6051208977497
7179,2800.0,-2210.6051208977497
7180,-496.6528229240794,-2364.24798449375
7181,-496.6528229240794,-2364.24798449375
7182,-2800.0,-2424.2059989845
7183,-2800.0,-2424.2059989845
7184,-2800.0,-3240.359308739
7185,-2800.0,-3240.359308739
7186,-775.6964535637399,-2103.5016557732497
7187,-775.6964535637399,-2103.5016557732497
7188,939.1059061450414,-1468.448564283749
7189,939.1059061450414,-1468.448564283749
7190,1071.1457188147015,-2092.9004520442495
7191,1071.1457188147015,-2092.9004520442495
7192,-2800.0,-3241.3866756402504
7193,-2800.0,-3241.3866756402504
7194,-2800.0,-4085.1740889095
7195,-2800.0,-4085.1740889095
7196,1192.2658667464038,-4200.0
7197,1192.2658667464038,-4200.0
7198,28.520580728882123,-3395.565770370862
7199,28.520580728882123,-3395.565770370862
7200,-659.1154774783427,-4200.0
7201,-659.1154774783427,-4200.0
7202,2254.229212235361,-4200.0
7203,2254.229212235361,-4200.0
7204,-2758.499494320038,-4200.0
7205,-2758.499494320038,-4200.0
7206,-2800.0,-4200.0
7207,-2800.0,-4200.0
7208,-2800.0,-4200.0
7209,-2800.0,-4200.0
7210,-2800.0,-4200.0
7211,-2800.0,-4200.0
7212,-2800.0,-4200.0
7213,-2800.0,-4200.0
7214,-2800.0,-4200.0
7215,-2800.0,-4200.0
7216,-2800.0,-4200.0
7217,-2800.0,-4200.0
7218,-2800.0,-4200.0
7219,-2800.0,-4200.0
7220,-2800.0,-4200.0
7221,-2800.0,-4200.0
7222,-2800.0,-4200.0
7223,-2800.0,-4200.0
7224,2243.8911193375607,-1237.1844676444998
7225,2243.8911193375607,-1237.1844676444998
7226,2800.0,-1220.605499935
7227,2800.0,-1220.605499935
7228,1656.0940751323014,-1599.9013787224999
7229,1656.0940751323014,-1599.9013787224999
7230,-2800.0,-2354.5203368182497
7231,-2800.0,-2354.5203368182497
7232,-2800.0,-4091.339453371
7233,-2800.0,-4091.339453371
7234,-2800.0,-4200.0
7235,-2800.0,-4200.0
7236,-2800.0,-4200.0
7237,-2800.0,-4200.0
7238,-2800.0,-4200.0
7239,-2800.0,-4200.0
7240,-2800.0,-4200.0
7241,-2800.0,-4200.0
7242,-2800.0,-1807.4534561685005
7243,-2800.0,-1807.4534561685005
7244,2800.0,-4068.56544790075
7245,2800.0,-4068.56544790075
7246,-2755.9683947164776,-3419.4958668497507
7247,-2755.9683947164776,-3419.4958668497507
7248,2341.5003289575416,-2370.2488298304997
7249,2341.5003289575416,-2370.2488298304997
7250,2800.0,-2134.70040829025
7251,2800.0,-2134.70040829025
7252,1031.0431094547403,-2236.1053325085
7253,1031.0431094547403,-2236.1053325085
7254,-2800.0,-2565.7745336700004
7255,-2800.0,-2565.7745336700004
7256,-2800.0,-3725.53283892125
7257,-2800.0,-3725.53283892125
7258,-2061.669559235839,-3214.1918711595
7259,-2061.669559235839,-3214.1918711595
7260,-945.3410456713409,-2823.53862381925
7261,-945.3410456713409,-2823.53862381925
7262,-2367.568385148339,-3514.7712166892507
7263,-2367.568385148339,-3514.7712166892507
7264,-2800.0,-4200.0
7265,-2800.0,-4200.0
7266,-2800.0,-9.847341551499994
7267,-2800.0,-9.847341551499994
7268,-1445.2140439129453,392.7957977165006
7269,-1445.2140439129453,392.7957977165006
7270,-777.3890948941189,-3406.73335179575
7271,-777.3890948941189,-3406.73335179575
7272,2800.0,-2790.5863386025
7273,2800.0,-2790.5863386025
7274,2800.0,-2830.7743920652497
7275,2800.0,-2830.7743920652497
7276,2244.8723357898616,-2791.0410949592497
7277,2244.8723357898616,-2791.0410949592497
7278,-2800.0,-227.1837105832501
7279,-2800.0,-227.1837105832501
7280,-2800.0,-2455.06041475225
7281,-2800.0,-2455.06041475225
7282,64.80806309214131,-3253.6811231562506
7283,64.80806309214131,-3253.6811231562506
7284,724.1985872420737,-4200.0
7285,724.1985872420737,-4200.0
7286,1320.81983610924,-2231.1537254259997
7287,1320.81983610924,-2231.1537254259997
7288,-2800.0,-3076.753382044001
7289,-2800.0,-3076.753382044001
7290,-2790.3606557128387,-906.9731210159525
7291,-2790.3606557128387,-906.9731210159525
7292,2708.2152605403935,-2945.83146917275
7293,2708.2152605403935,-2945.83146917275
7294,-743.4750119431792,-1976.1214118212501
7295,-743.4750119431792,-1976.1214118212501
7296,2800.0,-469.8562297794997
7297,2800.0,-469.8562297794997
7298,2800.0,82.03408808425047
7299,2800.0,82.03408808425047
7300,2800.0,203.93002619649997
7301,2800.0,203.93002619649997
7302,2540.314361271221,-134.61652824949988
7303,2540.314361271221,-134.61652824949988
7304,2800.0,-1469.006106580251
7305,2800.0,-1469.006106580251
7306,2800.0,-2094.323190573
7307,2800.0,-2094.323190573
7308,2800.0,-2574.997449333
7309,2800.0,-2574.997449333
7310,2800.0,-2987.4854542462494
7311,2800.0,-2987.4854542462494
7312,2800.0,-3219.456432233148
7313,2800.0,-3219.456432233148
7314,1355.7813115016988,-3350.1228260322496
7315,1355.7813115016988,-3350.1228260322496
7316,2365.6626276378793,-894.9735022065988
7317,2365.6626276378793,-894.9735022065988
7318,2800.0,-4192.79637653525
7319,2800.0,-4192.79637653525
7320,2800.0,-3445.610711797
7321,2800.0,-3445.610711797
7322,2800.0,-3287.47930056425
7323,2800.0,-3287.47930056425
7324,2800.0,-2560.70685150875
7325,2800.0,-2560.70685150875
7326,2800.0,-1495.2823976225
7327,2800.0,-1495.2823976225
7328,233.34515188368096,-1982.4209642575224
7329,233.34515188368096,-1982.4209642575224
7330,-2426.5422344909166,-3584.7973443807496
7331,-2426.5422344909166,-3584.7973443807496
7332,-2800.0,-2756.39458700825
7333,-2800.0,-2756.39458700825
7334,-2800.0,-3100.7259546295
7335,-2800.0,-3100.7259546295
7336,-2800.0,-3577.011926271751
7337,-2800.0,-3577.011926271751
7338,-2800.0,-3041.0604579961982
7339,-2800.0,-3041.0604579961982
7340,-962.0702365814068,-932.67648833775
7341,-962.0702365814068,-932.67648833775
7342,-460.8425922057795,-1641.1376180546758
7343,-460.8425922057795,-1641.1376180546758
7344,-1178.0740416700319,-2793.9544636402497
7345,-1178.0740416700319,-2793.9544636402497
7346,2800.0,-3311.6730751059995
7347,2800.0,-3311.6730751059995
7348,-2800.0,-4200.0
7349,-2800.0,-4200.0
7350,-2800.0,-2503.0109323227503
7351,-2800.0,-2503.0109323227503
7352,-2800.0,-4200.0
7353,-2800.0,-4200.0
7354,-2800.0,-4098.9795346582505
7355,-2800.0,-4098.9795346582505
7356,-564.3513221633202,-3661.1255781655
7357,-564.3513221633202,-3661.1255781655
7358,-1535.0863498940125,-3905.0707226342497
7359,-1535.0863498940125,-3905.0707226342497
7360,-2800.0,-3772.0846375332503
7361,-2800.0,-3772.0846375332503
7362,2800.0,-2163.25607174401
7363,2800.0,-2163.25607174401
7364,2800.0,-4200.0
7365,2800.0,-4200.0
7366,2224.236336430926,-3988.4164187507504
7367,2224.236336430926,-3988.4164187507504
7368,2800.0,-3277.3697321235
7369,2800.0,-3277.3697321235
7370,2800.0,-3035.251438772999
7371,2800.0,-3035.251438772999
7372,1332.5662492538413,-2827.078085606
7373,1332.5662492538413,-2827.078085606
7374,-2800.0,-3788.203492036022
7375,-2800.0,-3788.203492036022
7376,-2800.0,-4024.4129537972503
7377,-2800.0,-4024.4129537972503
7378,-2800.0,-2878.1137846070005
7379,-2800.0,-2878.1137846070005
7380,-2800.0,-2283.811468744749
7381,-2800.0,-2283.811468744749
7382,-2800.0,-3141.39352186
7383,-2800.0,-3141.39352186
7384,-2800.0,-4200.0
7385,-2800.0,-4200.0
7386,-974.0770411243966,-391.8597215814998
7387,-974.0770411243966,-391.8597215814998
7388,2800.0,-4200.0
7389,2800.0,-4200.0
7390,-1527.7984893245393,-3367.3349162855
7391,-1527.7984893245393,-3367.3349162855
7392,2800.0,-3877.780534854849
7393,2800.0,-3877.780534854849
7394,2800.0,-4200.0
7395,2800.0,-4200.0
7396,2800.0,-2196.076724269963
7397,2800.0,-2196.076724269963
7398,2800.0,-3584.9312287164994
7399,2800.0,-3584.9312287164994
7400,1086.4412246459178,-4200.0
7401,1086.4412246459178,-4200.0
7402,-1150.0423034560754,-4200.0
7403,-1150.0423034560754,-4200.0
7404,-361.55196714661906,-4200.0
7405,-361.55196714661906,-4200.0
7406,2800.0,-4200.0
7407,2800.0,-4200.0
7408,-1835.7062876665386,-4200.0
7409,-1835.7062876665386,-4200.0
7410,2800.0,-4200.0
7411,2800.0,-4200.0
7412,2800.0,-4200.0
7413,2800.0,-4200.0
7414,2800.0,-4200.0
7415,2800.0,-4200.0
7416,2800.0,-3486.54373266125
7417,2800.0,-3486.54373266125
7418,2800.0,-3111.081394832
7419,2800.0,-3111.081394832
7420,2800.0,-4022.814117312497
7421,2800.0,-4022.814117312497
7422,-1353.02041285204,-4200.0
7423,-1353.02041285204,-4200.0
7424,-63.378902808957264,-3752.6243367967495
7425,-63.378902808957264,-3752.6243367967495
7426,-438.4190686612001,-4200.0
7427,-438.4190686612001,-4200.0
7428,2800.0,-3534.90245091225
7429,2800.0,-3534.90245091225
7430,1302.8637489072535,-4200.0
7431,1302.8637489072535,-4200.0
7432,2800.0,-4200.0
7433,2800.0,-4200.0
7434,2800.0,-4200.0
7435,2800.0,-4200.0
7436,2800.0,-4200.0
7437,2800.0,-4200.0
7438,2800.0,-4000.30596458025
7439,2800.0,-4000.30596458025
7440,2800.0,-3736.0520865910003
7441,2800.0,-3736.0520865910003
7442,2800.0,-4200.0
7443,2800.0,-4200.0
7444,2800.0,-3372.3454771017505
7445,2800.0,-3372.3454771017505
7446,2800.0,-3169.4380665485005
7447,2800.0,-3169.4380665485005
7448,1059.816070091807,-4200.0
7449,1059.816070091807,-4200.0
7450,2800.0,-4200.0
7451,2800.0,-4200.0
7452,2800.0,-4200.0
7453,2800.0,-4200.0
7454,2800.0,-4200.0
7455,2800.0,-4200.0
7456,2800.0,-4200.0
7457,2800.0,-4200.0
7458,2800.0,-1661.9002703516453
7459,2800.0,-1661.9002703516453
7460,2800.0,-1606.6603993046501
7461,2800.0,-1606.6603993046501
7462,2800.0,-4200.0
7463,2800.0,-4200.0
7464,2800.0,-3750.7224656359995
7465,2800.0,-3750.7224656359995
7466,2800.0,-3711.9019933003983
7467,2800.0,-3711.9019933003983
7468,2800.0,-2871.2758852347497
7469,2800.0,-2871.2758852347497
7470,2800.0,-2645.374920060999
7471,2800.0,-2645.374920060999
7472,2800.0,-3092.9770662520004
7473,2800.0,-3092.9770662520004
7474,2800.0,-4200.0
7475,2800.0,-4200.0
7476,2800.0,-4200.0
7477,2800.0,-4200.0
7478,2800.0,-3837.526837050631
7479,2800.0,-3837.526837050631
7480,2800.0,-3080.4827701694994
7481,2800.0,-3080.4827701694994
7482,2800.0,-1569.3587445047724
7483,2800.0,-1569.3587445047724
7484,2800.0,-2041.0335117363647
7485,2800.0,-2041.0335117363647
7486,2800.0,-2315.880717342
7487,2800.0,-2315.880717342
7488,2800.0,-1644.9758398992499
7489,2800.0,-1644.9758398992499
7490,2800.0,-4200.0
7491,2800.0,-4200.0
7492,2800.0,-4200.0
7493,2800.0,-4200.0
7494,2800.0,-1220.3378543242507
7495,2800.0,-1220.3378543242507
7496,2800.0,-1844.8888114930005
7497,2800.0,-1844.8888114930005
7498,2800.0,-4200.0
7499,2800.0,-4200.0
7500,2800.0,-4200.0
7501,2800.0,-4200.0
7502,2800.0,-4022.0741083495304
7503,2800.0,-4022.0741083495304
7504,2800.0,-3483.19762260225
7505,2800.0,-3483.19762260225
7506,2800.0,-2904.1081881946666
7507,2800.0,-2904.1081881946666
7508,2800.0,-1974.614915318747
7509,2800.0,-1974.614915318747
7510,2800.0,-2669.4081810225944
7511,2800.0,-2669.4081810225944
7512,2800.0,-3671.0070397509994
7513,2800.0,-3671.0070397509994
7514,2800.0,-3457.60438219125
7515,2800.0,-3457.60438219125
7516,2800.0,-2973.2305062779997
7517,2800.0,-2973.2305062779997
7518,2800.0,-2885.9730338925
7519,2800.0,-2885.9730338925
7520,2800.0,-3883.7565696634992
7521,2800.0,-3883.7565696634992
7522,2800.0,-4024.73633607675
7523,2800.0,-4024.73633607675
7524,2800.0,-4200.0
7525,2800.0,-4200.0
7526,2800.0,-4200.0
7527,2800.0,-4200.0
7528,2800.0,-4200.0
7529,2800.0,-4200.0
7530,2800.0,71.17970950775089
7531,2800.0,71.17970950775089
7532,2800.0,95.24088353381012
7533,2800.0,95.24088353381012
7534,2800.0,-2085.116544968383
7535,2800.0,-2085.116544968383
7536,2800.0,-3308.2761475039997
7537,2800.0,-3308.2761475039997
7538,2800.0,-2875.9994049562497
7539,2800.0,-2875.9994049562497
7540,2800.0,-3028.243672175143
7541,2800.0,-3028.243672175143
7542,1515.286938460808,-2062.4903455782496
7543,1515.286938460808,-2062.4903455782496
7544,492.50058666732,-3345.41982310025
7545,492.50058666732,-3345.41982310025
7546,199.19097800456075,-4200.0
7547,199.19097800456075,-4200.0
7548,2800.0,-4200.0
7549,2800.0,-4200.0
7550,-209.55437899598746,-4124.835762476
7551,-209.55437899598746,-4124.835762476
7552,-905.1882376355388,-4200.0
7553,-905.1882376355388,-4200.0
7554,785.7436323386628,-593.7951673058815
7555,785.7436323386628,-593.7951673058815
7556,1725.054561541523,-302.3833869447499
7557,1725.054561541523,-302.3833869447499
7558,566.4901722591621,-448.31269784151664
7559,566.4901722591621,-448.31269784151664
7560,2800.0,1440.3973145008185
7561,2800.0,1440.3973145008185
7562,2800.0,-1924.2196809278971
7563,2800.0,-1924.2196809278971
7564,2800.0,-2827.9523186075
7565,2800.0,-2827.9523186075
7566,2800.0,-2717.668360239999
7567,2800.0,-2717.668360239999
7568,2800.0,-3389.7536901152494
7569,2800.0,-3389.7536901152494
7570,-1720.5071487808564,-4200.0
7571,-1720.5071487808564,-4200.0
7572,-293.32181389450125,-4200.0
7573,-293.32181389450125,-4200.0
7574,-1192.231760311617,-4200.0
7575,-1192.231760311617,-4200.0
7576,2800.0,-3769.1181585045
7577,2800.0,-3769.1181585045
7578,2800.0,-1748.8115268378442
7579,2800.0,-1748.8115268378442
7580,2800.0,-3569.7752895512494
7581,2800.0,-3569.7752895512494
7582,2800.0,-3256.3024967832494
7583,2800.0,-3256.3024967832494
7584,2800.0,455.5154016729721
7585,2800.0,455.5154016729721
7586,2800.0,-2825.728958302001
7587,2800.0,-2825.728958302001
7588,2800.0,-2949.254272110499
7589,2800.0,-2949.254272110499
7590,2800.0,-2737.744837322499
7591,2800.0,-2737.744837322499
7592,2800.0,-3284.2918301644995
7593,2800.0,-3284.2918301644995
7594,2800.0,-3282.6988545507493
7595,2800.0,-3282.6988545507493
7596,244.07491545740368,-3124.5708569699996
7597,244.07491545740368,-3124.5708569699996
7598,2800.0,-3550.238191509249
7599,2800.0,-3550.238191509249
7600,2800.0,-3531.0354795414996
7601,2800.0,-3531.0354795414996
7602,2800.0,-521.0841104317501
7603,2800.0,-521.0841104317501
7604,2800.0,-426.85757734125036
7605,2800.0,-426.85757734125036
7606,2800.0,-1464.538530113683
7607,2800.0,-1464.538530113683
7608,2800.0,-3225.40676880525
7609,2800.0,-3225.40676880525
7610,2800.0,-551.6152100609115
7611,2800.0,-551.6152100609115
7612,2800.0,-2721.82575929607
7613,2800.0,-2721.82575929607
7614,2800.0,-1463.3916134876818
7615,2800.0,-1463.3916134876818
7616,2800.0,-3117.982983612
7617,2800.0,-3117.982983612
7618,2800.0,-2703.49038739525
7619,2800.0,-2703.49038739525
7620,709.0341708245833,-4200.0
7621,709.0341708245833,-4200.0
7622,1764.2552333001622,-4200.0
7623,1764.2552333001622,-4200.0
7624,2800.0,-3470.086871086999
7625,2800.0,-3470.086871086999
7626,2800.0,-656.7183262682497
7627,2800.0,-656.7183262682497
7628,2800.0,-1534.3803564850004
7629,2800.0,-1534.3803564850004
7630,2800.0,962.4021595020004
7631,2800.0,962.4021595020004
7632,2800.0,-1482.8996285535
7633,2800.0,-1482.8996285535
7634,2800.0,-1362.9529048527506
7635,2800.0,-1362.9529048527506
7636,2800.0,-1497.4917074259988
7637,2800.0,-1497.4917074259988
7638,2800.0,-1459.508114574
7639,2800.0,-1459.508114574
7640,2800.0,-1997.7837879692502
7641,2800.0,-1997.7837879692502
7642,2800.0,-2189.34417635525
7643,2800.0,-2189.34417635525
7644,2227.424649158351,-4200.0
7645,2227.424649158351,-4200.0
7646,2800.0,-2849.1611538687494
7647,2800.0,-2849.1611538687494
7648,2800.0,-3355.0952034392503
7649,2800.0,-3355.0952034392503
7650,2800.0,746.9464605780777
7651,2800.0,746.9464605780777
7652,2800.0,280.6516661852511
7653,2800.0,280.6516661852511
7654,2800.0,-2081.482606444999
7655,2800.0,-2081.482606444999
7656,2800.0,-164.6193951309997
7657,2800.0,-164.6193951309997
7658,2800.0,-1593.9815217525002
7659,2800.0,-1593.9815217525002
7660,2800.0,-1529.8141683140002
7661,2800.0,-1529.8141683140002
7662,2800.0,-1346.84532719675
7663,2800.0,-1346.84532719675
7664,2800.0,-1894.75387351875
7665,2800.0,-1894.75387351875
7666,2800.0,-2440.6548608225003
7667,2800.0,-2440.6548608225003
7668,2800.0,-4200.0
7669,2800.0,-4200.0
7670,2800.0,-2591.3318722984995
7671,2800.0,-2591.3318722984995
7672,2800.0,-1033.8746858526356
7673,2800.0,-1033.8746858526356
7674,2800.0,493.40156041618684
7675,2800.0,493.40156041618684
7676,2800.0,-928.5483632672504
7677,2800.0,-928.5483632672504
7678,2800.0,-2043.132859222751
7679,2800.0,-2043.132859222751
7680,2800.0,1616.078077114249
7681,2800.0,1616.078077114249
7682,2800.0,-1309.6866571944884
7683,2800.0,-1309.6866571944884
7684,2800.0,-3047.7056701927504
7685,2800.0,-3047.7056701927504
7686,2800.0,-2544.9598676199025
7687,2800.0,-2544.9598676199025
7688,2800.0,-3795.6878702697504
7689,2800.0,-3795.6878702697504
7690,2800.0,-3359.3972153295
7691,2800.0,-3359.3972153295
7692,1665.7302579273191,-3674.2936037065
7693,1665.7302579273191,-3674.2936037065
7694,2800.0,-3309.3004024927495
7695,2800.0,-3309.3004024927495
7696,2800.0,-3769.89555992075
7697,2800.0,-3769.89555992075
7698,2800.0,-1232.7144398800938
7699,2800.0,-1232.7144398800938
7700,2800.0,-1294.94406745577
7701,2800.0,-1294.94406745577
7702,2800.0,-3370.324438177249
7703,2800.0,-3370.324438177249
7704,2800.0,-257.21211188394227
7705,2800.0,-257.21211188394227
7706,2800.0,-3401.378869011837
7707,2800.0,-3401.378869011837
7708,2800.0,-4200.0
7709,2800.0,-4200.0
7710,-889.2293406670778,-4200.0
7711,-889.2293406670778,-4200.0
7712,-175.70319872049913,-4200.0
7713,-175.70319872049913,-4200.0
7714,1545.9274296092117,-4200.0
7715,1545.9274296092117,-4200.0
7716,-627.1767406874205,-4200.0
7717,-627.1767406874205,-4200.0
7718,370.1240822196196,-4200.0
7719,370.1240822196196,-4200.0
7720,-811.6901736435789,-4200.0
7721,-811.6901736435789,-4200.0
7722,1450.6587265206335,-4200.0
7723,1450.6587265206335,-4200.0
7724,2800.0,-4200.0
7725,2800.0,-4200.0
7726,2800.0,-4200.0
7727,2800.0,-4200.0
7728,2800.0,164.17084459824764
7729,2800.0,164.17084459824764
7730,2800.0,-3180.735208476919
7731,2800.0,-3180.735208476919
7732,2800.0,-3498.3794617065
7733,2800.0,-3498.3794617065
7734,2373.2902874105916,-3632.8655223015
7735,2373.2902874105916,-3632.8655223015
7736,2800.0,-4200.0
7737,2800.0,-4200.0
7738,2800.0,-4200.0
7739,2800.0,-4200.0
7740,2800.0,-4200.0
7741,2800.0,-4200.0
7742,2800.0,-4200.0
7743,2800.0,-4200.0
7744,2800.0,-4200.0
7745,2800.0,-4200.0
7746,2800.0,-2147.17620976775
7747,2800.0,-2147.17620976775
7748,2800.0,-3543.288080063341
7749,2800.0,-3543.288080063341
7750,2800.0,-4200.0
7751,2800.0,-4200.0
7752,2800.0,-1190.9620409397498
7753,2800.0,-1190.9620409397498
7754,2800.0,-3678.2485765465003
7755,2800.0,-3678.2485765465003
7756,2800.0,-3595.6867542319997
7757,2800.0,-3595.6867542319997
7758,2800.0,-3216.3964580692495
7759,2800.0,-3216.3964580692495
7760,2800.0,-3155.670357215533
7761,2800.0,-3155.670357215533
7762,2800.0,-4200.0
7763,2800.0,-4200.0
7764,2358.5655201735326,-4200.0
7765,2358.5655201735326,-4200.0
7766,2800.0,-4200.0
7767,2800.0,-4200.0
7768,2800.0,-4200.0
7769,2800.0,-4200.0
7770,2800.0,-605.5669300314994
7771,2800.0,-605.5669300314994
7772,2800.0,-961.5962800833604
7773,2800.0,-961.5962800833604
7774,2800.0,-3435.484189195973
7775,2800.0,-3435.484189195973
7776,2800.0,-769.3777611762503
7777,2800.0,-769.3777611762503
7778,2800.0,-3411.9798848061832
7779,2800.0,-3411.9798848061832
7780,2800.0,-4200.0
7781,2800.0,-4200.0
7782,687.5377784425714,-3619.8149004137495
7783,687.5377784425714,-3619.8149004137495
7784,1029.866683695749,-4200.0
7785,1029.866683695749,-4200.0
7786,-2800.0,-4200.0
7787,-2800.0,-4200.0
7788,-2540.57135212096,-4200.0
7789,-2540.57135212096,-4200.0
7790,-2678.600808341098,-4200.0
7791,-2678.600808341098,-4200.0
7792,-2800.0,-4200.0
7793,-2800.0,-4200.0
7794,-2800.0,-4200.0
7795,-2800.0,-4200.0
7796,-1892.6390562683391,-4089.16908125425
7797,-1892.6390562683391,-4089.16908125425
7798,-2800.0,-4200.0
7799,-2800.0,-4200.0
7800,2800.0,-4200.0
7801,2800.0,-4200.0
7802,2800.0,-3334.2180138577496
7803,2800.0,-3334.2180138577496
7804,2344.892724893107,-2611.3619427004996
7805,2344.892724893107,-2611.3619427004996
7806,170.0637632375183,-2444.923282491749
7807,170.0637632375183,-2444.923282491749
7808,2800.0,-2875.32667166225
7809,2800.0,-2875.32667166225
7810,473.36203939074767,-2803.193158065249
7811,473.36203939074767,-2803.193158065249
7812,2800.0,-2743.1837888647497
7813,2800.0,-2743.1837888647497
7814,2730.8848471557612,-3053.16366124025
7815,2730.8848471557612,-3053.16366124025
7816,-847.9060882955673,-4200.0
7817,-847.9060882955673,-4200.0
7818,326.1776399091905,-4200.0
7819,326.1776399091905,-4200.0
7820,1775.3806626856604,-4200.0
7821,1775.3806626856604,-4200.0
7822,-2800.0,-3516.222690804402
7823,-2800.0,-3516.222690804402
7824,-620.4805187293987,-4200.0
7825,-620.4805187293987,-4200.0
7826,294.93898005246047,-4200.0
7827,294.93898005246047,-4200.0
7828,-1895.5134670805255,-4200.0
7829,-1895.5134670805255,-4200.0
7830,-2800.0,-4200.0
7831,-2800.0,-4200.0
7832,-2800.0,-4200.0
7833,-2800.0,-4200.0
7834,-2800.0,-4200.0
7835,-2800.0,-4200.0
7836,-2800.0,-4200.0
7837,-2800.0,-4200.0
7838,-2800.0,-4200.0
7839,-2800.0,-4200.0
7840,-2800.0,-2446.8928851397504
7841,-2800.0,-2446.8928851397504
7842,-2800.0,1233.9815767406308
7843,-2800.0,1233.9815767406308
7844,-2800.0,1034.2205431428883
7845,-2800.0,1034.2205431428883
7846,-2800.0,-1916.7459389122905
7847,-2800.0,-1916.7459389122905
7848,-2800.0,-2670.1432366647496
7849,-2800.0,-2670.1432366647496
7850,-2800.0,-2965.3870503545113
7851,-2800.0,-2965.3870503545113
7852,-2800.0,-4200.0
7853,-2800.0,-4200.0
7854,-2800.0,-3374.767636714396
7855,-2800.0,-3374.767636714396
7856,-2800.0,-4200.0
7857,-2800.0,-4200.0
7858,-2800.0,-4200.0
7859,-2800.0,-4200.0
7860,-2800.0,-4200.0
7861,-2800.0,-4200.0
7862,-2800.0,-4200.0
7863,-2800.0,-4200.0
7864,-2800.0,-4200.0
7865,-2800.0,-4200.0
7866,-1880.4190423209075,176.75509406724996
7867,-1880.4190423209075,176.75509406724996
7868,-1890.674817191093,-174.24580469825014
7869,-1890.674817191093,-174.24580469825014
7870,-2800.0,-200.96649358408195
7871,-2800.0,-200.96649358408195
7872,-2800.0,-4200.0
7873,-2800.0,-4200.0
7874,-2800.0,-4006.79254831125
7875,-2800.0,-4006.79254831125
7876,-2800.0,-3907.6969337739993
7877,-2800.0,-3907.6969337739993
7878,-2800.0,-4200.0
7879,-2800.0,-4200.0
7880,-2800.0,-4200.0
7881,-2800.0,-4200.0
7882,-2800.0,-4200.0
7883,-2800.0,-4200.0
7884,-2800.0,-4200.0
7885,-2800.0,-4200.0
7886,-2800.0,-4200.0
7887,-2800.0,-4200.0
7888,-2800.0,-4200.0
7889,-2800.0,-4200.0
7890,-2800.0,-4029.3920906728254
7891,-2800.0,-4029.3920906728254
7892,-2800.0,-3667.2761581155155
7893,-2800.0,-3667.2761581155155
7894,-2800.0,-4200.0
7895,-2800.0,-4200.0
7896,-2591.6734578780633,-2573.6499753635
7897,-2591.6734578780633,-2573.6499753635
7898,-2800.0,-3995.3342094384298
7899,-2800.0,-3995.3342094384298
7900,-2800.0,-3486.8109120182653
7901,-2800.0,-3486.8109120182653
7902,-2800.0,-4200.0
7903,-2800.0,-4200.0
7904,-2800.0,-4200.0
7905,-2800.0,-4200.0
7906,-2800.0,-4200.0
7907,-2800.0,-4200.0
7908,-2800.0,-4200.0
7909,-2800.0,-4200.0
7910,-2800.0,-4200.0
7911,-2800.0,-4200.0
7912,-2800.0,-4200.0
7913,-2800.0,-4200.0
7914,-2800.0,-3846.1010581847495
7915,-2800.0,-3846.1010581847495
7916,-2800.0,-4200.0
7917,-2800.0,-4200.0
7918,-2800.0,-3506.6669339439995
7919,-2800.0,-3506.6669339439995
7920,-2800.0,-2523.4583914799996
7921,-2800.0,-2523.4583914799996
7922,-2337.1327486149585,-3989.60988402767
7923,-2337.1327486149585,-3989.60988402767
7924,-2800.0,-4200.0
7925,-2800.0,-4200.0
7926,-2800.0,-2672.1306344935
7927,-2800.0,-2672.1306344935
7928,-2800.0,-4200.0
7929,-2800.0,-4200.0
7930,-2800.0,-4200.0
7931,-2800.0,-4200.0
7932,-2800.0,-4200.0
7933,-2800.0,-4200.0
7934,-2800.0,-4200.0
7935,-2800.0,-4200.0
7936,-2800.0,-4200.0
7937,-2800.0,-4200.0
7938,-2800.0,-3625.1198825664987
7939,-2800.0,-3625.1198825664987
7940,-2800.0,-3714.1098044037494
7941,-2800.0,-3714.1098044037494
7942,-2800.0,-3382.3924793217498
7943,-2800.0,-3382.3924793217498
7944,-2800.0,-3375.5399536485693
7945,-2800.0,-3375.5399536485693
7946,-2800.0,-4200.0
7947,-2800.0,-4200.0
7948,-2800.0,-4200.0
7949,-2800.0,-4200.0
7950,-2800.0,-3287.946871785156
7951,-2800.0,-3287.946871785156
7952,-91.76298037201104,-4170.236378602499
7953,-91.76298037201104,-4170.236378602499
7954,-2800.0,-4200.0
7955,-2800.0,-4200.0
7956,-2800.0,-4200.0
7957,-2800.0,-4200.0
7958,-2800.0,-4200.0
7959,-2800.0,-4200.0
7960,-2800.0,-4158.211985865999
7961,-2800.0,-4158.211985865999
7962,2800.0,-4200.0
7963,2800.0,-4200.0
7964,2800.0,-4200.0
7965,2800.0,-4200.0
7966,2800.0,-3544.1032202812494
7967,2800.0,-3544.1032202812494
7968,1519.9777068017656,-2603.38724466875
7969,1519.9777068017656,-2603.38724466875
7970,-376.18717299549826,-3859.317086894145
7971,-376.18717299549826,-3859.317086894145
7972,-2291.86180797994,-4200.0
7973,-2291.86180797994,-4200.0
7974,-2800.0,-2795.7405746121203
7975,-2800.0,-2795.7405746121203
7976,-2273.2757102161086,-2519.4583129787493
7977,-2273.2757102161086,-2519.4583129787493
7978,-2800.0,-4200.0
7979,-2800.0,-4200.0
7980,-2301.7336109931166,-4200.0
7981,-2301.7336109931166,-4200.0
7982,-352.6203148537934,-4200.0
7983,-352.6203148537934,-4200.0
7984,416.2448494212704,-3491.57090236
7985,416.2448494212704,-3491.57090236
7986,2800.0,-3599.5768073302497
7987,2800.0,-3599.5768073302497
7988,2800.0,-3138.6724173049997
7989,2800.0,-3138.6724173049997
7990,2800.0,-2896.3530567119988
7991,2800.0,-2896.3530567119988
7992,2800.0,-2324.6759067499997
7993,2800.0,-2324.6759067499997
7994,2800.0,-2176.2307371182496
7995,2800.0,-2176.2307371182496
7996,2800.0,-4200.0
7997,2800.0,-4200.0
7998,2800.0,-2598.4277174151775
7999,2800.0,-2598.4277174151775
8000,2800.0,-2695.790539720403
8001,2800.0,-2695.790539720403
8002,2800.0,-4200.0
8003,2800.0,-4200.0
8004,2800.0,-4200.0
8005,2800.0,-4200.0
8006,2800.0,-4200.0
8007,2800.0,-4200.0
8008,2800.0,-3830.6994950114995
8009,2800.0,-3830.6994950114995
8010,2800.0,1953.1721706702701
8011,2800.0,1953.1721706702701
8012,2800.0,1941.6227796519706
8013,2800.0,1941.6227796519706
8014,2800.0,-343.96908777895624
8015,2800.0,-343.96908777895624
8016,2800.0,-2713.38369941425
8017,2800.0,-2713.38369941425
8018,2800.0,-2340.831395811251
8019,2800.0,-2340.831395811251
8020,2800.0,-2119.839018341
8021,2800.0,-2119.839018341
8022,2800.0,-2161.69975265625
8023,2800.0,-2161.69975265625
8024,2800.0,-3515.151139635
8025,2800.0,-3515.151139635
8026,-1551.745137226042,-4079.4294792546843
8027,-1551.745137226042,-4079.4294792546843
8028,1259.402253980521,-4200.0
8029,1259.402253980521,-4200.0
8030,1599.4938504335423,-4200.0
8031,1599.4938504335423,-4200.0
8032,2800.0,-4200.0
8033,2800.0,-4200.0
8034,2800.0,2434.074091742008
8035,2800.0,2434.074091742008
8036,2800.0,2346.7573725055045
8037,2800.0,2346.7573725055045
8038,2800.0,-157.09334453722477
8039,2800.0,-157.09334453722477
8040,2800.0,-3236.5014006555
8041,2800.0,-3236.5014006555
8042,2800.0,-2694.9729608592497
8043,2800.0,-2694.9729608592497
8044,2800.0,-2418.7685160954993
8045,2800.0,-2418.7685160954993
8046,2800.0,-2379.8966196994993
8047,2800.0,-2379.8966196994993
8048,1853.3786136433955,-3651.6503555645004
8049,1853.3786136433955,-3651.6503555645004
8050,-2800.0,-4200.0
8051,-2800.0,-4200.0
8052,-2800.0,-4200.0
8053,-2800.0,-4200.0
8054,-2800.0,-4200.0
8055,-2800.0,-4200.0
8056,306.5917563695093,-4200.0
8057,306.5917563695093,-4200.0
8058,2800.0,-1903.0320178189322
8059,2800.0,-1903.0320178189322
8060,2800.0,-719.8544990857699
8061,2800.0,-719.8544990857699
8062,2800.0,-1920.8273771419517
8063,2800.0,-1920.8273771419517
8064,2800.0,3030.9913087360455
8065,2800.0,3030.9913087360455
8066,2800.0,-881.9547993182787
8067,2800.0,-881.9547993182787
8068,2800.0,-3254.5078343067494
8069,2800.0,-3254.5078343067494
8070,2800.0,-3011.2994373804995
8071,2800.0,-3011.2994373804995
8072,2800.0,-4167.986529151749
8073,2800.0,-4167.986529151749
8074,1759.0538870519667,-4200.0
8075,1759.0538870519667,-4200.0
8076,-1626.5115841721017,-4200.0
8077,-1626.5115841721017,-4200.0
8078,745.9951600909662,-4200.0
8079,745.9951600909662,-4200.0
8080,2800.0,-4200.0
8081,2800.0,-4200.0
8082,2800.0,-4200.0
8083,2800.0,-4200.0
8084,2800.0,-2849.7023425377865
8085,2800.0,-2849.7023425377865
8086,2800.0,-3689.514590028826
8087,2800.0,-3689.514590028826
8088,2800.0,-3093.0156928765
8089,2800.0,-3093.0156928765
8090,2800.0,-2685.6282706884995
8091,2800.0,-2685.6282706884995
8092,2800.0,-2478.1420386867494
8093,2800.0,-2478.1420386867494
8094,2800.0,-2647.86077610725
8095,2800.0,-2647.86077610725
8096,2800.0,-3779.0772189002496
8097,2800.0,-3779.0772189002496
8098,2800.0,-4200.0
8099,2800.0,-4200.0
8100,-469.03292273918396,-3796.5392034594997
8101,-469.03292273918396,-3796.5392034594997
8102,2310.018757635874,-3929.54786465925
8103,2310.018757635874,-3929.54786465925
8104,2800.0,-4200.0
8105,2800.0,-4200.0
8106,2800.0,-4200.0
8107,2800.0,-4200.0
8108,2800.0,-1979.8134658999993
8109,2800.0,-1979.8134658999993
8110,2800.0,-170.3826774007498
8111,2800.0,-170.3826774007498
8112,2800.0,-988.16606517525
8113,2800.0,-988.16606517525
8114,2800.0,-3528.229613977749
8115,2800.0,-3528.229613977749
8116,2800.0,-3257.155776119751
8117,2800.0,-3257.155776119751
8118,2800.0,-3179.5131956267487
8119,2800.0,-3179.5131956267487
8120,2800.0,-666.8788543863757
8121,2800.0,-666.8788543863757
8122,2800.0,-4200.0
8123,2800.0,-4200.0
8124,2800.0,-4200.0
8125,2800.0,-4200.0
8126,2800.0,-4200.0
8127,2800.0,-4200.0
8128,2800.0,-4200.0
8129,2800.0,-4200.0
8130,2800.0,-4200.0
8131,2800.0,-4200.0
8132,2800.0,-4200.0
8133,2800.0,-4200.0
8134,2800.0,-944.3384046370002
8135,2800.0,-944.3384046370002
8136,2800.0,-3662.8978983544994
8137,2800.0,-3662.8978983544994
8138,2800.0,-3258.60275366275
8139,2800.0,-3258.60275366275
8140,2800.0,-1763.7476403691867
8141,2800.0,-1763.7476403691867
8142,2800.0,-389.62346473493744
8143,2800.0,-389.62346473493744
8144,2800.0,-2961.4445574979995
8145,2800.0,-2961.4445574979995
8146,2800.0,-3347.256793431749
8147,2800.0,-3347.256793431749
8148,2800.0,-3169.547605553
8149,2800.0,-3169.547605553
8150,2800.0,-3367.4227178434994
8151,2800.0,-3367.4227178434994
8152,2800.0,-4065.6766896849995
8153,2800.0,-4065.6766896849995
8154,2800.0,-1892.3249045935
8155,2800.0,-1892.3249045935
8156,2800.0,-1687.6266424917499
8157,2800.0,-1687.6266424917499
8158,2800.0,-903.9215565619998
8159,2800.0,-903.9215565619998
8160,2800.0,139.16272965899952
8161,2800.0,139.16272965899952
8162,2800.0,-2635.2292756017505
8163,2800.0,-2635.2292756017505
8164,2800.0,-2538.352933067499
8165,2800.0,-2538.352933067499
8166,2800.0,-2396.55193814625
8167,2800.0,-2396.55193814625
8168,2800.0,-2766.96560182025
8169,2800.0,-2766.96560182025
8170,2800.0,-3073.5015886237497
8171,2800.0,-3073.5015886237497
8172,-40.709484035189234,-4200.0
8173,-40.709484035189234,-4200.0
8174,2800.0,-4021.069636234646
8175,2800.0,-4021.069636234646
8176,2800.0,-3587.911478582499
8177,2800.0,-3587.911478582499
8178,2800.0,-3780.1889096142704
8179,2800.0,-3780.1889096142704
8180,2800.0,-3766.9023194597903
8181,2800.0,-3766.9023194597903
8182,2800.0,-2835.2667151954997
8183,2800.0,-2835.2667151954997
8184,2800.0,-2280.367983486249
8185,2800.0,-2280.367983486249
8186,2800.0,-2069.343046010249
8187,2800.0,-2069.343046010249
8188,2800.0,-1977.7469417722505
8189,2800.0,-1977.7469417722505
8190,2800.0,-2298.4869042912496
8191,2800.0,-2298.4869042912496
8192,2800.0,-2920.1594465231046
8193,2800.0,-2920.1594465231046
8194,2800.0,-3800.81424055475
8195,2800.0,-3800.81424055475
8196,2800.0,-3426.893027992
8197,2800.0,-3426.893027992
8198,2800.0,-4135.416847713999
8199,2800.0,-4135.416847713999
8200,2800.0,-4200.0
8201,2800.0,-4200.0
8202,2800.0,-4144.3238543643765
8203,2800.0,-4144.3238543643765
8204,2800.0,-3525.7238316119983
8205,2800.0,-3525.7238316119983
8206,2800.0,-2134.5048063080003
8207,2800.0,-2134.5048063080003
8208,2800.0,-1151.782940080565
8209,2800.0,-1151.782940080565
8210,2800.0,-2909.6327321257504
8211,2800.0,-2909.6327321257504
8212,2800.0,-2993.3508034267497
8213,2800.0,-2993.3508034267497
8214,617.4215740737445,-3060.6513865405004
8215,617.4215740737445,-3060.6513865405004
8216,2800.0,-3606.487951177749
8217,2800.0,-3606.487951177749
8218,2800.0,-4200.0
8219,2800.0,-4200.0
8220,1561.4665432761794,-4200.0
8221,1561.4665432761794,-4200.0
8222,2800.0,-4085.6688734507497
8223,2800.0,-4085.6688734507497
8224,2800.0,-4200.0
8225,2800.0,-4200.0
8226,2800.0,-4200.0
8227,2800.0,-4200.0
8228,2800.0,-3968.3719882387495
8229,2800.0,-3968.3719882387495
8230,2800.0,-3438.8547179009993
8231,2800.0,-3438.8547179009993
8232,2800.0,736.3063186857507
8233,2800.0,736.3063186857507
8234,2800.0,-2216.97249869875
8235,2800.0,-2216.97249869875
8236,2800.0,-2291.2306063680007
8237,2800.0,-2291.2306063680007
8238,2800.0,-2681.547552999249
8239,2800.0,-2681.547552999249
8240,2800.0,-4076.680738884249
8241,2800.0,-4076.680738884249
8242,2800.0,-4200.0
8243,2800.0,-4200.0
8244,1390.3365284511128,-4200.0
8245,1390.3365284511128,-4200.0
8246,2800.0,-4200.0
8247,2800.0,-4200.0
8248,2800.0,-3906.7378413448196
8249,2800.0,-3906.7378413448196
8250,2800.0,2841.1215880032505
8251,2800.0,2841.1215880032505
8252,2800.0,-1135.5545208999997
8253,2800.0,-1135.5545208999997
8254,2800.0,-652.5618420547494
8255,2800.0,-652.5618420547494
8256,2800.0,1440.6740868691768
8257,2800.0,1440.6740868691768
8258,2800.0,-2856.9507646437496
8259,2800.0,-2856.9507646437496
8260,2800.0,-2826.61599616575
8261,2800.0,-2826.61599616575
8262,2800.0,-2139.1576116216584
8263,2800.0,-2139.1576116216584
8264,2800.0,-1357.9925701864995
8265,2800.0,-1357.9925701864995
8266,2800.0,-2214.180229228712
8267,2800.0,-2214.180229228712
8268,2800.0,-4200.0
8269,2800.0,-4200.0
8270,2800.0,-4200.0
8271,2800.0,-4200.0
8272,2800.0,-4200.0
8273,2800.0,-4200.0
8274,2800.0,-2356.09166610375
8275,2800.0,-2356.09166610375
8276,2800.0,-1896.7715387654998
8277,2800.0,-1896.7715387654998
8278,2800.0,-1346.676446093999
8279,2800.0,-1346.676446093999
8280,2800.0,-671.1942569892499
8281,2800.0,-671.1942569892499
8282,2800.0,-26.546289347499624
8283,2800.0,-26.546289347499624
8284,2800.0,-2143.5063376676317
8285,2800.0,-2143.5063376676317
8286,2800.0,-562.9301232606699
8287,2800.0,-562.9301232606699
8288,2800.0,-1109.9604845067497
8289,2800.0,-1109.9604845067497
8290,2800.0,-1951.4031492794147
8291,2800.0,-1951.4031492794147
8292,2800.0,-4200.0
8293,2800.0,-4200.0
8294,2800.0,-4200.0
8295,2800.0,-4200.0
8296,2800.0,-1517.3202834507492
8297,2800.0,-1517.3202834507492
8298,2800.0,-1709.5859233894998
8299,2800.0,-1709.5859233894998
8300,2800.0,-1553.0106581982495
8301,2800.0,-1553.0106581982495
8302,2800.0,-879.1562979604996
8303,2800.0,-879.1562979604996
8304,2800.0,-28.200605096749314
8305,2800.0,-28.200605096749314
8306,2800.0,402.81752277810665
8307,2800.0,402.81752277810665
8308,2800.0,-2643.0083109095003
8309,2800.0,-2643.0083109095003
8310,2800.0,-934.9545952191288
8311,2800.0,-934.9545952191288
8312,2800.0,-25.728456111749438
8313,2800.0,-25.728456111749438
8314,2800.0,-1734.4105605840668
8315,2800.0,-1734.4105605840668
8316,2800.0,-3324.249807748
8317,2800.0,-3324.249807748
8318,2800.0,-3487.66469401175
8319,2800.0,-3487.66469401175
8320,2800.0,-463.2703609859991
8321,2800.0,-463.2703609859991
8322,2800.0,-539.8442148552494
8323,2800.0,-539.8442148552494
8324,2800.0,-101.41440607124969
8325,2800.0,-101.41440607124969
8326,2800.0,2206.8594762419216
8327,2800.0,2206.8594762419216
8328,2800.0,921.9620590020004
8329,2800.0,921.9620590020004
8330,2800.0,574.5287936069453
8331,2800.0,574.5287936069453
8332,2800.0,-2039.5474435864999
8333,2800.0,-2039.5474435864999
8334,2800.0,-1198.0096102161388
8335,2800.0,-1198.0096102161388
8336,2800.0,2205.3201637515667
8337,2800.0,2205.3201637515667
8338,2800.0,-1817.4807404454996
8339,2800.0,-1817.4807404454996
8340,2800.0,-1866.0534446879997
8341,2800.0,-1866.0534446879997
8342,2800.0,-1745.3686105262486
8343,2800.0,-1745.3686105262486
8344,2800.0,906.4053546537507
8345,2800.0,906.4053546537507
8346,2800.0,1280.7509191769996
8347,2800.0,1280.7509191769996
8348,2800.0,-238.09378450775785
8349,2800.0,-238.09378450775785
8350,2800.0,-541.7496291297493
8351,2800.0,-541.7496291297493
8352,359.3532055551641,144.5332872430008
8353,359.3532055551641,144.5332872430008
8354,2800.0,185.64251634124957
8355,2800.0,185.64251634124957
8356,2191.56928593499,-28.59369385899936
8357,2191.56928593499,-28.59369385899936
8358,737.5507296244632,-514.4350925264998
8359,737.5507296244632,-514.4350925264998
8360,2800.0,-1743.416281064
8361,2800.0,-1743.416281064
8362,1734.1124647520983,-2109.6183333245
8363,1734.1124647520983,-2109.6183333245
8364,-2800.0,-2175.087746644751
8365,-2800.0,-2175.087746644751
8366,-2800.0,-2788.94597624325
8367,-2800.0,-2788.94597624325
8368,2800.0,-3053.352126262749
8369,2800.0,-3053.352126262749
8370,2800.0,-3413.9583149214996
8371,2800.0,-3413.9583149214996
8372,2800.0,-2865.6809781642496
8373,2800.0,-2865.6809781642496
8374,2800.0,-2253.9548067450005
8375,2800.0,-2253.9548067450005
8376,1797.379570379203,-1330.3488073097496
8377,1797.379570379203,-1330.3488073097496
8378,-2800.0,-1184.60157968378
8379,-2800.0,-1184.60157968378
8380,-2800.0,-4200.0
8381,-2800.0,-4200.0
8382,-2800.0,-4200.0
8383,-2800.0,-4200.0
8384,-2800.0,-4200.0
8385,-2800.0,-4200.0
8386,-2800.0,-4200.0
8387,-2800.0,-4200.0
8388,-2800.0,-4200.0
8389,-2800.0,-4200.0
8390,-2800.0,-4200.0
8391,-2800.0,-4200.0
8392,-2800.0,-3857.9150261430386
8393,-2800.0,-3857.9150261430386
8394,-1400.9696331508403,-3505.3978055439998
8395,-1400.9696331508403,-3505.3978055439998
8396,1269.8737570017202,-3507.535130599749
8397,1269.8737570017202,-3507.535130599749
8398,701.9087421004606,-2794.82801016275
8399,701.9087421004606,-2794.82801016275
8400,2800.0,-1861.2381745892494
8401,2800.0,-1861.2381745892494
8402,2800.0,-1636.9651692332495
8403,2800.0,-1636.9651692332495
8404,2800.0,-1857.7884248425012
8405,2800.0,-1857.7884248425012
8406,2800.0,-2398.360038681
8407,2800.0,-2398.360038681
8408,2800.0,-3383.436999983
8409,2800.0,-3383.436999983
8410,-64.97605136449283,-3939.5558299335003
8411,-64.97605136449283,-3939.5558299335003
8412,-2800.0,-4114.737383489981
8413,-2800.0,-4114.737383489981
8414,746.8657442975928,-3726.3413641059997
8415,746.8657442975928,-3726.3413641059997
8416,2800.0,-3348.896883196999
8417,2800.0,-3348.896883196999
8418,2800.0,-3436.57074431375
8419,2800.0,-3436.57074431375
8420,2800.0,-284.77402931074994
8421,2800.0,-284.77402931074994
8422,2800.0,495.43416152150076
8423,2800.0,495.43416152150076
8424,2800.0,-1014.4117606304726
8425,2800.0,-1014.4117606304726
8426,2800.0,-1532.7828914442493
8427,2800.0,-1532.7828914442493
8428,2800.0,-1581.0425089802502
8429,2800.0,-1581.0425089802502
8430,2800.0,-2244.1097051415
8431,2800.0,-2244.1097051415
8432,2800.0,-1492.8148057679555
8433,2800.0,-1492.8148057679555
8434,2800.0,-3598.467018015999
8435,2800.0,-3598.467018015999
8436,2800.0,-2898.7117290204988
8437,2800.0,-2898.7117290204988
8438,2800.0,-3452.5313281644994
8439,2800.0,-3452.5313281644994
8440,2800.0,-3559.6157364514997
8441,2800.0,-3559.6157364514997
8442,2800.0,-2325.5815509398635
8443,2800.0,-2325.5815509398635
8444,2800.0,-3536.1910478974996
8445,2800.0,-3536.1910478974996
8446,2800.0,-3193.4477524887498
8447,2800.0,-3193.4477524887498
8448,2800.0,-2693.58715596975
8449,2800.0,-2693.58715596975
8450,2800.0,-2535.207704270749
8451,2800.0,-2535.207704270749
8452,2800.0,-2603.336638747999
8453,2800.0,-2603.336638747999
8454,2800.0,-3052.8184138795
8455,2800.0,-3052.8184138795
8456,2800.0,-4080.26491093525
8457,2800.0,-4080.26491093525
8458,2800.0,-4081.32431458175
8459,2800.0,-4081.32431458175
8460,2800.0,-3334.4149849692494
8461,2800.0,-3334.4149849692494
8462,2800.0,-3430.2634689530005
8463,2800.0,-3430.2634689530005
8464,2800.0,-3348.9574940605
8465,2800.0,-3348.9574940605
8466,2800.0,-862.0712940571957
8467,2800.0,-862.0712940571957
8468,2800.0,-2777.0596561367493
8469,2800.0,-2777.0596561367493
8470,2800.0,-2537.57169930325
8471,2800.0,-2537.57169930325
8472,2800.0,-1746.215728667249
8473,2800.0,-1746.215728667249
8474,2800.0,-1514.0187344250003
8475,2800.0,-1514.0187344250003
8476,2800.0,-1224.0657643110003
8477,2800.0,-1224.0657643110003
8478,2800.0,-906.7508044694996
8479,2800.0,-906.7508044694996
8480,2800.0,-1075.0791790247495
8481,2800.0,-1075.0791790247495
8482,1190.713721033616,-820.4298977387489
8483,1190.713721033616,-820.4298977387489
8484,1792.1531927546803,-3592.4658883989996
8485,1792.1531927546803,-3592.4658883989996
8486,2733.9951711470003,-3657.7557814337497
8487,2733.9951711470003,-3657.7557814337497
8488,2800.0,-645.8058687120001
8489,2800.0,-645.8058687120001
8490,2800.0,-1678.8822704144995
8491,2800.0,-1678.8822704144995
8492,2800.0,-1833.5781219665
8493,2800.0,-1833.5781219665
8494,2800.0,-1627.8534771222503
8495,2800.0,-1627.8534771222503
8496,2800.0,-1711.3691472752507
8497,2800.0,-1711.3691472752507
8498,2800.0,-1866.2225499085002
8499,2800.0,-1866.2225499085002
8500,2800.0,-2057.4669855625
8501,2800.0,-2057.4669855625
8502,2800.0,-2377.66600703825
8503,2800.0,-2377.66600703825
8504,2800.0,-2651.767304872
8505,2800.0,-2651.767304872
8506,2800.0,-2992.8479509364997
8507,2800.0,-2992.8479509364997
8508,2800.0,-2862.286445536999
8509,2800.0,-2862.286445536999
8510,2800.0,-3076.369863132999
8511,2800.0,-3076.369863132999
8512,2800.0,1322.3031926130006
8513,2800.0,1322.3031926130006
8514,2800.0,-4200.0
8515,2800.0,-4200.0
8516,2800.0,-4200.0
8517,2800.0,-4200.0
8518,2800.0,-751.46911450375
8519,2800.0,-751.46911450375
8520,2800.0,-617.2176990042499
8521,2800.0,-617.2176990042499
8522,2800.0,-447.801462095219
8523,2800.0,-447.801462095219
8524,2800.0,-2781.93756224375
8525,2800.0,-2781.93756224375
8526,2800.0,-1750.8856464291248
8527,2800.0,-1750.8856464291248
8528,2800.0,-4132.080592595
8529,2800.0,-4132.080592595
8530,2800.0,-4200.0
8531,2800.0,-4200.0
8532,2800.0,-4074.10140056375
8533,2800.0,-4074.10140056375
8534,2800.0,-4200.0
8535,2800.0,-4200.0
8536,2800.0,-4200.0
8537,2800.0,-4200.0
8538,2800.0,-299.51290577682084
8539,2800.0,-299.51290577682084
8540,2800.0,-562.0193041411185
8541,2800.0,-562.0193041411185
8542,2800.0,-3286.8036206370853
8543,2800.0,-3286.8036206370853
8544,2800.0,-2419.8357141164997
8545,2800.0,-2419.8357141164997
8546,2800.0,-4121.500820608643
8547,2800.0,-4121.500820608643
8548,2800.0,-4200.0
8549,2800.0,-4200.0
8550,-2383.5077891769197,-4200.0
8551,-2383.5077891769197,-4200.0
8552,-2008.327493304956,-4200.0
8553,-2008.327493304956,-4200.0
8554,715.2203644686215,-4200.0
8555,715.2203644686215,-4200.0
8556,582.4409122041179,-4200.0
8557,582.4409122041179,-4200.0
8558,2018.99736957419,-4200.0
8559,2018.99736957419,-4200.0
8560,-392.52092941347837,-4200.0
8561,-392.52092941347837,-4200.0
8562,-1249.1548456639193,-4200.0
8563,-1249.1548456639193,-4200.0
8564,2663.856691313964,-4200.0
8565,2663.856691313964,-4200.0
8566,1905.4536630052226,-4200.0
8567,1905.4536630052226,-4200.0
8568,2800.0,503.61165830249956
8569,2800.0,503.61165830249956
8570,2800.0,-1288.6502277906288
8571,2800.0,-1288.6502277906288
8572,2800.0,-3250.9334676780163
8573,2800.0,-3250.9334676780163
8574,-1186.2278977056576,-826.9833359560334
8575,-1186.2278977056576,-826.9833359560334
8576,-2800.0,-593.8669949407508
8577,-2800.0,-593.8669949407508
8578,-2800.0,-4200.0
8579,-2800.0,-4200.0
8580,-2800.0,-3299.81168657525
8581,-2800.0,-3299.81168657525
8582,-2800.0,-2781.601034989225
8583,-2800.0,-2781.601034989225
8584,-2800.0,-3744.2891729182497
8585,-2800.0,-3744.2891729182497
8586,-2800.0,-1184.238371417
8587,-2800.0,-1184.238371417
8588,351.7166069676423,-958.2661030367503
8589,351.7166069676423,-958.2661030367503
8590,368.8385057172418,-439.5437640460009
8591,368.8385057172418,-439.5437640460009
8592,2800.0,-2614.894986314225
8593,2800.0,-2614.894986314225
8594,2800.0,-3310.3620624865
8595,2800.0,-3310.3620624865
8596,2800.0,-3092.4108137185003
8597,2800.0,-3092.4108137185003
8598,-183.45956980407936,-3109.4536391225006
8599,-183.45956980407936,-3109.4536391225006
8600,1392.5994174104217,-3686.5130742794995
8601,1392.5994174104217,-3686.5130742794995
8602,2800.0,-3930.3053326805
8603,2800.0,-3930.3053326805
8604,2800.0,-3774.8582808365
8605,2800.0,-3774.8582808365
8606,2800.0,-3639.88973767175
8607,2800.0,-3639.88973767175
8608,-1580.1032766457774,-3785.0939061185
8609,-1580.1032766457774,-3785.0939061185
8610,370.94613074763583,-4200.0
8611,370.94613074763583,-4200.0
8612,800.5367821468344,-3612.90897504425
8613,800.5367821468344,-3612.90897504425
8614,1089.5972818168866,-3263.71295591875
8615,1089.5972818168866,-3263.71295591875
8616,-1285.7135998428985,-2997.6939442855
8617,-1285.7135998428985,-2997.6939442855
8618,2800.0,-2737.9364081510003
8619,2800.0,-2737.9364081510003
8620,386.12648811546387,-4200.0
8621,386.12648811546387,-4200.0
8622,2800.0,-2355.5810722575
8623,2800.0,-2355.5810722575
8624,2800.0,-3355.8447585153936
8625,2800.0,-3355.8447585153936
8626,2800.0,-3353.2021781280673
8627,2800.0,-3353.2021781280673
8628,2800.0,-4200.0
8629,2800.0,-4200.0
8630,2800.0,-4200.0
8631,2800.0,-4200.0
8632,1722.8950334387628,-4200.0
8633,1722.8950334387628,-4200.0
8634,2800.0,-3202.84410284675
8635,2800.0,-3202.84410284675
8636,2800.0,-2982.8455579564998
8637,2800.0,-2982.8455579564998
8638,2559.144400508061,-2557.6185183857497
8639,2559.144400508061,-2557.6185183857497
8640,2800.0,-1859.7806347585001
8641,2800.0,-1859.7806347585001
8642,2664.8061679480597,-4200.0
8643,2664.8061679480597,-4200.0
8644,2800.0,-1465.69087888475
8645,2800.0,-1465.69087888475
8646,1076.9660172960612,-1501.22872888125
8647,1076.9660172960612,-1501.22872888125
8648,66.91291996276232,-2010.669226082
8649,66.91291996276232,-2010.669226082
8650,-1914.9307181816603,-4200.0
8651,-1914.9307181816603,-4200.0
8652,885.4301432500579,-4200.0
8653,885.4301432500579,-4200.0
8654,2800.0,-3044.9180124189998
8655,2800.0,-3044.9180124189998
8656,143.848047861522,-3226.55096080375
8657,143.848047861522,-3226.55096080375
8658,-1273.2905594221393,-453.11984232703526
8659,-1273.2905594221393,-453.11984232703526
8660,1244.9396213598193,-3478.1422561345
8661,1244.9396213598193,-3478.1422561345
8662,-1225.958005132019,-2888.39179639325
8663,-1225.958005132019,-2888.39179639325
8664,2008.5524899829597,-2171.14795640225
8665,2008.5524899829597,-2171.14795640225
8666,2800.0,-1808.3004785984995
8667,2800.0,-1808.3004785984995
8668,-74.06017048029753,-1497.1958641224996
8669,-74.06017048029753,-1497.1958641224996
8670,2582.593893505962,-1100.4481725864998
8671,2582.593893505962,-1100.4481725864998
8672,-1969.8974920463843,-1764.027156505575
8673,-1969.8974920463843,-1764.027156505575
8674,-2800.0,-1193.4100861585002
8675,-2800.0,-1193.4100861585002
8676,-1523.5318872425014,-399.9450811536444
8677,-1523.5318872425014,-399.9450811536444
8678,-1206.4141224470804,-3135.5447442004997
8679,-1206.4141224470804,-3135.5447442004997
8680,-1735.0852292224563,-763.4206192737502
8681,-1735.0852292224563,-763.4206192737502
8682,-2800.0,-1583.6869081164996
8683,-2800.0,-1583.6869081164996
8684,-1946.9557500683586,-1338.60176530825
8685,-1946.9557500683586,-1338.60176530825
8686,-2800.0,-429.3150853875004
8687,-2800.0,-429.3150853875004
8688,-1378.8188607201282,352.25845173524976
8689,-1378.8188607201282,352.25845173524976
8690,2800.0,-2049.93306270625
8691,2800.0,-2049.93306270625
8692,1527.11938232186,193.0689300018712
8693,1527.11938232186,193.0689300018712
8694,-2800.0,-2326.199273890249
8695,-2800.0,-2326.199273890249
8696,-2800.0,-504.7902916492503
8697,-2800.0,-504.7902916492503
8698,-1628.83716365502,-3698.306709050501
8699,-1628.83716365502,-3698.306709050501
8700,-805.9621974166384,-3369.948288742
8701,-805.9621974166384,-3369.948288742
8702,-2800.0,-4192.64852089325
8703,-2800.0,-4192.64852089325
8704,-2433.905656745059,-4200.0
8705,-2433.905656745059,-4200.0
8706,-2800.0,-4110.787485393249
8707,-2800.0,-4110.787485393249
8708,-504.3098842987365,-4200.0
8709,-504.3098842987365,-4200.0
8710,-1772.5828392922776,-3834.0255206135002
8711,-1772.5828392922776,-3834.0255206135002
8712,1990.8110011053614,-3464.0421637629997
8713,1990.8110011053614,-3464.0421637629997
8714,2800.0,-4200.0
8715,2800.0,-4200.0
8716,-2436.244047523589,-4200.0
8717,-2436.244047523589,-4200.0
8718,-2800.0,-3574.7601574812497
8719,-2800.0,-3574.7601574812497
8720,-2800.0,-4111.06718409975
8721,-2800.0,-4111.06718409975
8722,-2800.0,-4130.840544085
8723,-2800.0,-4130.840544085
8724,-2800.0,-3695.266202109001
8725,-2800.0,-3695.266202109001
8726,-2800.0,-4200.0
8727,-2800.0,-4200.0
8728,-2800.0,-4200.0
8729,-2800.0,-4200.0
8730,-2800.0,-2871.0559609032334
8731,-2800.0,-2871.0559609032334
8732,-1664.4783313078387,-3205.0519484290444
8733,-1664.4783313078387,-3205.0519484290444
8734,-2343.024687041021,-3615.3735029304025
8735,-2343.024687041021,-3615.3735029304025
8736,1557.7744901591086,-2061.3912719125
8737,1557.7744901591086,-2061.3912719125
8738,2800.0,-1559.0345757167502
8739,2800.0,-1559.0345757167502
8740,627.4543761017212,-1203.8291760790003
8741,627.4543761017212,-1203.8291760790003
8742,-2800.0,-1237.37095675425
8743,-2800.0,-1237.37095675425
8744,-2800.0,-1684.7181030697493
8745,-2800.0,-1684.7181030697493
8746,-2800.0,-4200.0
8747,-2800.0,-4200.0
8748,-2800.0,-4200.0
8749,-2800.0,-4200.0
8750,-2800.0,-3889.4278076835
8751,-2800.0,-3889.4278076835
8752,-2800.0,-3315.4987269115372
8753,-2800.0,-3315.4987269115372
8754,-2650.9994336864347,-2805.980099025999
8755,-2650.9994336864347,-2805.980099025999
8756,1166.3294420106486,-3893.4739019397493
8757,1166.3294420106486,-3893.4739019397493
8758,2800.0,-3827.5567780907504
8759,2800.0,-3827.5567780907504
8760,2800.0,-3013.5940110412503
8761,2800.0,-3013.5940110412503
8762,2800.0,-2778.6288933122496
8763,2800.0,-2778.6288933122496
8764,2800.0,-2641.82087178225
8765,2800.0,-2641.82087178225
8766,-1493.6043691570012,-2992.3418564457506
8767,-1493.6043691570012,-2992.3418564457506
8768,2800.0,-3011.4809633955238
8769,2800.0,-3011.4809633955238
8770,2800.0,-4027.1317815142497
8771,2800.0,-4027.1317815142497
8772,2800.0,-3984.4881347375
8773,2800.0,-3984.4881347375
8774,2800.0,-4054.8320912404997
8775,2800.0,-4054.8320912404997
8776,2800.0,-2669.78067285425
8777,2800.0,-2669.78067285425
8778,2800.0,-1499.8579433585855
8779,2800.0,-1499.8579433585855
8780,2800.0,-1028.9720704441934
8781,2800.0,-1028.9720704441934
8782,2800.0,-1027.72125325675
8783,2800.0,-1027.72125325675
8784,1240.0884513444125,-1794.4504558402496
8785,1240.0884513444125,-1794.4504558402496
8786,-1451.6868146527886,-1338.1073425025002
8787,-1451.6868146527886,-1338.1073425025002
8788,-2800.0,-1072.9041570589993
8789,-2800.0,-1072.9041570589993
8790,-1364.9112924769825,-803.6526560337502
8791,-1364.9112924769825,-803.6526560337502
8792,2800.0,-923.4419763456199
8793,2800.0,-923.4419763456199
8794,-1744.744919762299,-4200.0
8795,-1744.744919762299,-4200.0
8796,-2800.0,-4200.0
8797,-2800.0,-4200.0
8798,-2800.0,-4200.0
8799,-2800.0,-4200.0
8800,-2800.0,-3369.059444062
8801,-2800.0,-3369.059444062
8802,2800.0,-3990.026242673999
8803,2800.0,-3990.026242673999
8804,2800.0,-2212.5048112337504
8805,2800.0,-2212.5048112337504
8806,2800.0,-1637.3166336919994
8807,2800.0,-1637.3166336919994
8808,2800.0,-1001.6638014377504
8809,2800.0,-1001.6638014377504
8810,2800.0,-1337.1130080081466
8811,2800.0,-1337.1130080081466
8812,2800.0,-1912.16711251575
8813,2800.0,-1912.16711251575
8814,2800.0,-1827.729627478
8815,2800.0,-1827.729627478
8816,2800.0,-2003.225901816948
8817,2800.0,-2003.225901816948
8818,-2800.0,-3332.600985216
8819,-2800.0,-3332.600985216
8820,-2800.0,-3463.4978202292496
8821,-2800.0,-3463.4978202292496
8822,-2800.0,-3499.4193584162495
8823,-2800.0,-3499.4193584162495
8824,2800.0,-3910.6638481917494
8825,2800.0,-3910.6638481917494
8826,2800.0,-190.16451768720617
8827,2800.0,-190.16451768720617
8828,2800.0,-37.76400518027731
8829,2800.0,-37.76400518027731
8830,2800.0,-1605.079524299379
8831,2800.0,-1605.079524299379
8832,2800.0,-1534.9369811307074
8833,2800.0,-1534.9369811307074
8834,2800.0,-1128.3396700035642
8835,2800.0,-1128.3396700035642
8836,2800.0,-1890.0019033854992
8837,2800.0,-1890.0019033854992
8838,2800.0,-1752.2396599825001
8839,2800.0,-1752.2396599825001
8840,2800.0,-2020.0062069657492
8841,2800.0,-2020.0062069657492
8842,-2800.0,-2886.044758897249
8843,-2800.0,-2886.044758897249
8844,-690.0985420202896,-4178.32791356914
8845,-690.0985420202896,-4178.32791356914
8846,602.6956043697173,-4200.0
8847,602.6956043697173,-4200.0
8848,602.6585343896422,-3806.573650517
8849,602.6585343896422,-3806.573650517
8850,2800.0,-3265.4086496679993
8851,2800.0,-3265.4086496679993
8852,2800.0,-2962.6166188729994
8853,2800.0,-2962.6166188729994
8854,2800.0,-2353.98403232675
8855,2800.0,-2353.98403232675
8856,2800.0,-1474.9309782393757
8857,2800.0,-1474.9309782393757
8858,2800.0,-1989.2563035055
8859,2800.0,-1989.2563035055
8860,2800.0,-1517.4483470025002
8861,2800.0,-1517.4483470025002
8862,-1639.5226938839205,-1229.334625237499
8863,-1639.5226938839205,-1229.334625237499
8864,46.082154212269415,-1508.8740090622496
8865,46.082154212269415,-1508.8740090622496
8866,-2800.0,-2873.833579544249
8867,-2800.0,-2873.833579544249
8868,-2800.0,-3600.383826174042
8869,-2800.0,-3600.383826174042
8870,-2800.0,-3239.364865099499
8871,-2800.0,-3239.364865099499
8872,-291.3230496424226,-3653.4666842327492
8873,-291.3230496424226,-3653.4666842327492
8874,2800.0,-3813.863979834461
8875,2800.0,-3813.863979834461
8876,2800.0,-2144.9415903471054
8877,2800.0,-2144.9415903471054
8878,2800.0,-2024.4891848633524
8879,2800.0,-2024.4891848633524
8880,2800.0,-1736.22509025225
8881,2800.0,-1736.22509025225
8882,2800.0,-2936.036627513
8883,2800.0,-2936.036627513
8884,2800.0,-1705.442793551204
8885,2800.0,-1705.442793551204
8886,2800.0,-2540.6336244627555
8887,2800.0,-2540.6336244627555
8888,2800.0,-2708.9577314095504
8889,2800.0,-2708.9577314095504
8890,-2800.0,-4200.0
8891,-2800.0,-4200.0
8892,-2800.0,-4200.0
8893,-2800.0,-4200.0
8894,-2800.0,-4200.0
8895,-2800.0,-4200.0
8896,1246.728150348321,-4200.0
8897,1246.728150348321,-4200.0
8898,2800.0,-2927.093923292572
8899,2800.0,-2927.093923292572
8900,2800.0,-617.7545945112633
8901,2800.0,-617.7545945112633
8902,2800.0,-2027.921030048199
8903,2800.0,-2027.921030048199
8904,2800.0,883.3495339065003
8905,2800.0,883.3495339065003
8906,2800.0,-1657.8698640027505
8907,2800.0,-1657.8698640027505
8908,2800.0,-3437.0965496562494
8909,2800.0,-3437.0965496562494
8910,2800.0,-3901.767104115749
8911,2800.0,-3901.767104115749
8912,2800.0,-4200.0
8913,2800.0,-4200.0
8914,2800.0,-4200.0
8915,2800.0,-4200.0
8916,218.02846756817598,-4200.0
8917,218.02846756817598,-4200.0
8918,1270.3961624001931,-4200.0
8919,1270.3961624001931,-4200.0
8920,2800.0,-4200.0
8921,2800.0,-4200.0
8922,2800.0,-4200.0
8923,2800.0,-4200.0
8924,2800.0,-936.9936236649996
8925,2800.0,-936.9936236649996
8926,2800.0,342.61614647150054
8927,2800.0,342.61614647150054
8928,2800.0,1680.6239671219992
8929,2800.0,1680.6239671219992
8930,2800.0,-639.1722467568984
8931,2800.0,-639.1722467568984
8932,2800.0,-2286.6715936534993
8933,2800.0,-2286.6715936534993
8934,2800.0,-2192.739815205
8935,2800.0,-2192.739815205
8936,2800.0,-2144.4187094069994
8937,2800.0,-2144.4187094069994
8938,2800.0,-4002.46711156125
8939,2800.0,-4002.46711156125
8940,2800.0,-3817.8059026405
8941,2800.0,-3817.8059026405
8942,2800.0,-4200.0
8943,2800.0,-4200.0
8944,2800.0,-3245.6921846432488
8945,2800.0,-3245.6921846432488
8946,2800.0,-623.9554908227483
8947,2800.0,-623.9554908227483
8948,2800.0,-411.40652909399887
8949,2800.0,-411.40652909399887
8950,2800.0,-1137.8227847542494
8951,2800.0,-1137.8227847542494
8952,2800.0,-3415.7439032622497
8953,2800.0,-3415.7439032622497
8954,2800.0,696.666010985884
8955,2800.0,696.666010985884
8956,2800.0,-2629.6352131864996
8957,2800.0,-2629.6352131864996
8958,2800.0,-964.6535256964444
8959,2800.0,-964.6535256964444
8960,2800.0,-565.0238737472646
8961,2800.0,-565.0238737472646
8962,2800.0,-4200.0
8963,2800.0,-4200.0
8964,2324.1409187220215,-4096.775771570001
8965,2324.1409187220215,-4096.775771570001
8966,2800.0,-4200.0
8967,2800.0,-4200.0
8968,2800.0,-2703.5320643188134
8969,2800.0,-2703.5320643188134
8970,2800.0,-377.85464986949955
8971,2800.0,-377.85464986949955
8972,2800.0,-156.15987879199974
8973,2800.0,-156.15987879199974
8974,2800.0,1010.3965908482496
8975,2800.0,1010.3965908482496
8976,2800.0,599.8394758869999
8977,2800.0,599.8394758869999
8978,2800.0,-2356.2627284397495
8979,2800.0,-2356.2627284397495
8980,2800.0,-2316.413702004249
8981,2800.0,-2316.413702004249
8982,2800.0,-1967.2373632307663
8983,2800.0,-1967.2373632307663
8984,2800.0,-464.25615885635034
8985,2800.0,-464.25615885635034
8986,2800.0,-4135.647686859249
8987,2800.0,-4135.647686859249
8988,1464.676308412992,-4016.5555157887497
8989,1464.676308412992,-4016.5555157887497
8990,2800.0,-4200.0
8991,2800.0,-4200.0
8992,2800.0,-3469.913559763707
8993,2800.0,-3469.913559763707
8994,2800.0,263.7811679054994
8995,2800.0,263.7811679054994
8996,2800.0,674.2987038950005
8997,2800.0,674.2987038950005
8998,2800.0,-946.1904867012017
8999,2800.0,-946.1904867012017
9000,2800.0,1940.9709831804994
9001,2800.0,1940.9709831804994
9002,2800.0,-2705.210573168499
9003,2800.0,-2705.210573168499
9004,2800.0,-2663.6386533077493
9005,2800.0,-2663.6386533077493
9006,2800.0,-2398.5548427192502
9007,2800.0,-2398.5548427192502
9008,2800.0,-225.94357465002577
9009,2800.0,-225.94357465002577
9010,2800.0,-3842.76013368225
9011,2800.0,-3842.76013368225
9012,2800.0,-3977.6913726570783
9013,2800.0,-3977.6913726570783
9014,2800.0,-3850.1708260277505
9015,2800.0,-3850.1708260277505
9016,2800.0,-4005.652469992499
9017,2800.0,-4005.652469992499
9018,2800.0,-1816.7647898667492
9019,2800.0,-1816.7647898667492
9020,2800.0,-149.7068580195005
9021,2800.0,-149.7068580195005
9022,2800.0,-1262.5807062847502
9023,2800.0,-1262.5807062847502
9024,2800.0,-645.8468756504994
9025,2800.0,-645.8468756504994
9026,2800.0,-3163.5017390699995
9027,2800.0,-3163.5017390699995
9028,2800.0,-2535.9399605354997
9029,2800.0,-2535.9399605354997
9030,2800.0,-2412.4760864562504
9031,2800.0,-2412.4760864562504
9032,2800.0,-2702.3070977884995
9033,2800.0,-2702.3070977884995
9034,2800.0,-3751.9093128272493
9035,2800.0,-3751.9093128272493
9036,2800.0,-4200.0
9037,2800.0,-4200.0
9038,2800.0,-4200.0
9039,2800.0,-4200.0
9040,2800.0,-3535.9612570424997
9041,2800.0,-3535.9612570424997
9042,2800.0,-1674.4348177307347
9043,2800.0,-1674.4348177307347
9044,2800.0,-1044.1212629972497
9045,2800.0,-1044.1212629972497
9046,2800.0,458.9824937884496
9047,2800.0,458.9824937884496
9048,2800.0,-2764.0930092569993
9049,2800.0,-2764.0930092569993
9050,2800.0,-1986.9317236353154
9051,2800.0,-1986.9317236353154
9052,1323.1975970260464,-2013.0928834607503
9053,1323.1975970260464,-2013.0928834607503
9054,2318.1959931491724,-2405.90849820275
9055,2318.1959931491724,-2405.90849820275
9056,2313.4247426320503,-3900.193093750249
9057,2313.4247426320503,-3900.193093750249
9058,-2170.562649799689,-4200.0
9059,-2170.562649799689,-4200.0
9060,-1170.5016481018283,-4200.0
9061,-1170.5016481018283,-4200.0
9062,-1481.339005381984,-4200.0
9063,-1481.339005381984,-4200.0
9064,-1843.7854189935533,-4200.0
9065,-1843.7854189935533,-4200.0
9066,2800.0,-4200.0
9067,2800.0,-4200.0
9068,2800.0,-4200.0
9069,2800.0,-4200.0
9070,2800.0,-4200.0
9071,2800.0,-4200.0
9072,2800.0,-3018.6742316952405
9073,2800.0,-3018.6742316952405
9074,2800.0,-2926.5645677479997
9075,2800.0,-2926.5645677479997
9076,2800.0,-2884.3676271359996
9077,2800.0,-2884.3676271359996
9078,-2800.0,-3220.3859940962493
9079,-2800.0,-3220.3859940962493
9080,-2800.0,-4200.0
9081,-2800.0,-4200.0
9082,-2219.5385380225416,-4200.0
9083,-2219.5385380225416,-4200.0
9084,-1335.1048561046446,-4200.0
9085,-1335.1048561046446,-4200.0
9086,-1431.4628327215669,-4200.0
9087,-1431.4628327215669,-4200.0
9088,-1044.534935773136,-4200.0
9089,-1044.534935773136,-4200.0
9090,2800.0,-4200.0
9091,2800.0,-4200.0
9092,2800.0,-3947.0118118597493
9093,2800.0,-3947.0118118597493
9094,2800.0,-3071.027923951
9095,2800.0,-3071.027923951
9096,2800.0,-2778.656138730448
9097,2800.0,-2778.656138730448
9098,2800.0,-3882.411177366249
9099,2800.0,-3882.411177366249
9100,2800.0,-3871.7008721955
9101,2800.0,-3871.7008721955
9102,2800.0,-4138.72709897375
9103,2800.0,-4138.72709897375
9104,2800.0,-3192.761931261999
9105,2800.0,-3192.761931261999
9106,2800.0,-3502.1326655849643
9107,2800.0,-3502.1326655849643
9108,-2680.28855016285,-4200.0
9109,-2680.28855016285,-4200.0
9110,-2800.0,-4200.0
9111,-2800.0,-4200.0
9112,2800.0,-3937.6424797900454
9113,2800.0,-3937.6424797900454
9114,2800.0,-3123.037023343686
9115,2800.0,-3123.037023343686
9116,2800.0,-3097.045350130499
9117,2800.0,-3097.045350130499
9118,2800.0,-2345.78194331525
9119,2800.0,-2345.78194331525
9120,2800.0,-2646.9441610472495
9121,2800.0,-2646.9441610472495
9122,2800.0,-1608.8981946882495
9123,2800.0,-1608.8981946882495
9124,2800.0,-1568.3612533767491
9125,2800.0,-1568.3612533767491
9126,-2800.0,-946.4784447162501
9127,-2800.0,-946.4784447162501
9128,-2138.356119612543,-1510.6773714464998
9129,-2138.356119612543,-1510.6773714464998
9130,1192.1642798130633,-1272.9497991079988
9131,1192.1642798130633,-1272.9497991079988
9132,-2114.9825730919074,-3587.493940198274
9133,-2114.9825730919074,-3587.493940198274
9134,-1620.367902573229,-2112.1290010007497
9135,-1620.367902573229,-2112.1290010007497
9136,-646.3108030238991,-3141.7229271367496
9137,-646.3108030238991,-3141.7229271367496
9138,2800.0,-3982.0283262104995
9139,2800.0,-3982.0283262104995
9140,2800.0,-4124.9176755305
9141,2800.0,-4124.9176755305
9142,2800.0,-3629.716247902
9143,2800.0,-3629.716247902
9144,2800.0,-1626.0039052272496
9145,2800.0,-1626.0039052272496
9146,2378.169532194097,-1010.7455372545264
9147,2378.169532194097,-1010.7455372545264
9148,910.2016153952645,-1475.0006240817493
9149,910.2016153952645,-1475.0006240817493
9150,-2800.0,-2398.6083041112497
9151,-2800.0,-2398.6083041112497
9152,1337.4557531232408,-3464.618466638
9153,1337.4557531232408,-3464.618466638
9154,-2800.0,-4143.146975267249
9155,-2800.0,-4143.146975267249
9156,-2800.0,-4200.0
9157,-2800.0,-4200.0
9158,-2800.0,-4200.0
9159,-2800.0,-4200.0
9160,-2800.0,-4200.0
9161,-2800.0,-4200.0
9162,2800.0,-4200.0
9163,2800.0,-4200.0
9164,2800.0,-4200.0
9165,2800.0,-4200.0
9166,2800.0,-4200.0
9167,2800.0,-4200.0
9168,2800.0,-4108.887874981499
9169,2800.0,-4108.887874981499
9170,-299.12121333608,-3735.990153480249
9171,-299.12121333608,-3735.990153480249
9172,-2332.7501514131927,-3596.307466425
9173,-2332.7501514131927,-3596.307466425
9174,448.3693761816239,-3560.6809459485003
9175,448.3693761816239,-3560.6809459485003
9176,2800.0,-4009.8552551995
9177,2800.0,-4009.8552551995
9178,-798.840237469798,-4200.0
9179,-798.840237469798,-4200.0
9180,-494.9769368939087,-4200.0
9181,-494.9769368939087,-4200.0
9182,-2800.0,-4200.0
9183,-2800.0,-4200.0
9184,2800.0,-3839.2782669825465
9185,2800.0,-3839.2782669825465
9186,2800.0,-780.2080819535622
9187,2800.0,-780.2080819535622
9188,2800.0,185.32540194807734
9189,2800.0,185.32540194807734
9190,2800.0,-2005.3455554217499
9191,2800.0,-2005.3455554217499
9192,2800.0,-316.5407502899998
9193,2800.0,-316.5407502899998
9194,-1193.096559981227,-383.91917694974927
9195,-1193.096559981227,-383.91917694974927
9196,2800.0,-989.6042357762503
9197,2800.0,-989.6042357762503
9198,-548.7714233984889,-1729.1030298032501
9199,-548.7714233984889,-1729.1030298032501
9200,2800.0,-2444.2591020439995
9201,2800.0,-2444.2591020439995
9202,2800.0,-3670.6509181489996
9203,2800.0,-3670.6509181489996
9204,2800.0,-4109.332383317749
9205,2800.0,-4109.332383317749
9206,2800.0,-3885.283895118999
9207,2800.0,-3885.283895118999
9208,2800.0,-3703.8091424527497
9209,2800.0,-3703.8091424527497
9210,2800.0,-2937.6419979394987
9211,2800.0,-2937.6419979394987
9212,2800.0,-1461.1963899674993
9213,2800.0,-1461.1963899674993
9214,2800.0,-677.967565555
9215,2800.0,-677.967565555
9216,2800.0,388.4584944827493
9217,2800.0,388.4584944827493
9218,-1654.7708609572674,666.5614592114998
9219,-1654.7708609572674,666.5614592114998
9220,-2800.0,-1711.458344036354
9221,-2800.0,-1711.458344036354
9222,-2800.0,-1341.0959003184998
9223,-2800.0,-1341.0959003184998
9224,-2800.0,-3100.01122482875
9225,-2800.0,-3100.01122482875
9226,-2800.0,-4200.0
9227,-2800.0,-4200.0
9228,-2800.0,-3114.1441759261324
9229,-2800.0,-3114.1441759261324
9230,-2800.0,-4200.0
9231,-2800.0,-4200.0
9232,-2800.0,-4200.0
9233,-2800.0,-4200.0
9234,2800.0,-4200.0
9235,2800.0,-4200.0
9236,2800.0,-4200.0
9237,2800.0,-4200.0
9238,2800.0,-4200.0
9239,2800.0,-4200.0
9240,2800.0,-2060.3609555022495
9241,2800.0,-2060.3609555022495
9242,1101.4570335467092,-3340.9451889215
9243,1101.4570335467092,-3340.9451889215
9244,-1950.9914609592925,-2915.48289445325
9245,-1950.9914609592925,-2915.48289445325
9246,-2800.0,-2306.86138763929
9247,-2800.0,-2306.86138763929
9248,-2069.534829021676,-1756.4499192652502
9249,-2069.534829021676,-1756.4499192652502
9250,-2800.0,-3235.0209915105
9251,-2800.0,-3235.0209915105
9252,-2800.0,-3103.592230066
9253,-2800.0,-3103.592230066
9254,-2800.0,-3620.079522052499
9255,-2800.0,-3620.079522052499
9256,-1207.2650600924717,-2083.663353148499
9257,-1207.2650600924717,-2083.663353148499
9258,2800.0,395.41013032925
9259,2800.0,395.41013032925
9260,2800.0,257.9208241426595
9261,2800.0,257.9208241426595
9262,2800.0,916.7880566155009
9263,2800.0,916.7880566155009
9264,2800.0,-1361.8802872849997
9265,2800.0,-1361.8802872849997
9266,-514.7452260644209,-2217.068330644644
9267,-514.7452260644209,-2217.068330644644
9268,-2800.0,-3421.1419236294996
9269,-2800.0,-3421.1419236294996
9270,-2800.0,-3521.9261830617497
9271,-2800.0,-3521.9261830617497
9272,-2114.8134596504215,-2006.7284759074992
9273,-2114.8134596504215,-2006.7284759074992
9274,-2800.0,-3683.2543336440012
9275,-2800.0,-3683.2543336440012
9276,-2800.0,-4200.0
9277,-2800.0,-4200.0
9278,-2800.0,-2904.3594387110934
9279,-2800.0,-2904.3594387110934
9280,-2800.0,-3162.4075796892466
9281,-2800.0,-3162.4075796892466
9282,-2081.7785661636262,-3461.0683872998197
9283,-2081.7785661636262,-3461.0683872998197
9284,706.2194547459858,-1661.3876949389996
9285,706.2194547459858,-1661.3876949389996
9286,-2800.0,-2167.1181000469987
9287,-2800.0,-2167.1181000469987
9288,-2800.0,-1116.27493698937
9289,-2800.0,-1116.27493698937
9290,-2800.0,-875.422744146249
9291,-2800.0,-875.422744146249
9292,-2800.0,-988.75478807125
9293,-2800.0,-988.75478807125
9294,-2800.0,-1929.6527481742505
9295,-2800.0,-1929.6527481742505
9296,-1568.5999026661011,-3060.3965521229998
9297,-1568.5999026661011,-3060.3965521229998
9298,-2800.0,-3536.0385597487502
9299,-2800.0,-3536.0385597487502
9300,-2800.0,-4200.0
9301,-2800.0,-4200.0
9302,-2800.0,-4200.0
9303,-2800.0,-4200.0
9304,-2800.0,-4200.0
9305,-2800.0,-4200.0
9306,-1143.248644973109,-3606.0474607829988
9307,-1143.248644973109,-3606.0474607829988
9308,1226.4106477272744,-4200.0
9309,1226.4106477272744,-4200.0
9310,-1635.95485214786,-3174.6205917279995
9311,-1635.95485214786,-3174.6205917279995
9312,-2800.0,-3644.9976153182497
9313,-2800.0,-3644.9976153182497
9314,-2800.0,-3231.665435910999
9315,-2800.0,-3231.665435910999
9316,-2800.0,-3840.238092446
9317,-2800.0,-3840.238092446
9318,-2800.0,-3216.8867347717314
9319,-2800.0,-3216.8867347717314
9320,1173.610189964853,-4200.0
9321,1173.610189964853,-4200.0
9322,-2800.0,-4200.0
9323,-2800.0,-4200.0
9324,-2800.0,-4200.0
9325,-2800.0,-4200.0
9326,-2800.0,-4200.0
9327,-2800.0,-4200.0
9328,-2800.0,-4200.0
9329,-2800.0,-4200.0
9330,-1192.2832980000562,-3744.131729968
9331,-1192.2832980000562,-3744.131729968
9332,348.8233602147884,-4200.0
9333,348.8233602147884,-4200.0
9334,-1034.6166763399124,-4200.0
9335,-1034.6166763399124,-4200.0
9336,1014.7457434140852,-2067.5623206205
9337,1014.7457434140852,-2067.5623206205
9338,-1331.5388495755797,-2856.4561423587493
9339,-1331.5388495755797,-2856.4561423587493
9340,-2800.0,-3508.812724692332
9341,-2800.0,-3508.812724692332
9342,-2800.0,-2419.23699700675
9343,-2800.0,-2419.23699700675
9344,187.7335566294155,-3133.7414162567497
9345,187.7335566294155,-3133.7414162567497
9346,-2800.0,-4200.0
9347,-2800.0,-4200.0
9348,-2800.0,-4200.0
9349,-2800.0,-4200.0
9350,-2800.0,-3269.39474486175
9351,-2800.0,-3269.39474486175
9352,-2800.0,-4200.0
9353,-2800.0,-4200.0
9354,-1455.925466876517,-4200.0
9355,-1455.925466876517,-4200.0
9356,-681.5189131486859,-3560.185545591999
9357,-681.5189131486859,-3560.185545591999
9358,1727.46027455288,-2690.2275142219996
9359,1727.46027455288,-2690.2275142219996
9360,-2800.0,-2196.784658544293
9361,-2800.0,-2196.784658544293
9362,-2800.0,-2582.5949396507503
9363,-2800.0,-2582.5949396507503
9364,-2800.0,-2467.9213276822497
9365,-2800.0,-2467.9213276822497
9366,-2800.0,-2977.6030876349487
9367,-2800.0,-2977.6030876349487
9368,-2800.0,-2711.0426298779994
9369,-2800.0,-2711.0426298779994
9370,-2800.0,-3737.5997863687335
9371,-2800.0,-3737.5997863687335
9372,-2800.0,-4200.0
9373,-2800.0,-4200.0
9374,-2800.0,-4200.0
9375,-2800.0,-4200.0
9376,-2800.0,-3406.30619242175
9377,-2800.0,-3406.30619242175
9378,-2800.0,-3454.748604149
9379,-2800.0,-3454.748604149
9380,-2006.833343462862,-3509.010987734
9381,-2006.833343462862,-3509.010987734
9382,-2800.0,-3017.304564604249
9383,-2800.0,-3017.304564604249
9384,-2800.0,-1890.5009771534988
9385,-2800.0,-1890.5009771534988
9386,-1994.8245935131836,-1669.8204101672504
9387,-1994.8245935131836,-1669.8204101672504
9388,-2800.0,-3517.152822207774
9389,-2800.0,-3517.152822207774
9390,-2800.0,-3854.3173787187898
9391,-2800.0,-3854.3173787187898
9392,-1976.9281406813116,-4074.7591643597493
9393,-1976.9281406813116,-4074.7591643597493
9394,-2800.0,-4200.0
9395,-2800.0,-4200.0
9396,-2800.0,-4200.0
9397,-2800.0,-4200.0
9398,-2800.0,-4200.0
9399,-2800.0,-4200.0
9400,-2800.0,-4200.0
9401,-2800.0,-4200.0
9402,2800.0,-4200.0
9403,2800.0,-4200.0
9404,56.109758093769415,-4200.0
9405,56.109758093769415,-4200.0
9406,-1267.4098006169156,-3358.8696539857497
9407,-1267.4098006169156,-3358.8696539857497
9408,-2180.1371990690222,2322.757847936
9409,-2180.1371990690222,2322.757847936
9410,-2800.0,-247.81549827608433
9411,-2800.0,-247.81549827608433
9412,-2800.0,-2512.8560960247505
9413,-2800.0,-2512.8560960247505
9414,-2800.0,-3110.495608834751
9415,-2800.0,-3110.495608834751
9416,-2800.0,-4200.0
9417,-2800.0,-4200.0
9418,-2800.0,-4200.0
9419,-2800.0,-4200.0
9420,-2800.0,-4200.0
9421,-2800.0,-4200.0
9422,-2800.0,-4200.0
9423,-2800.0,-4200.0
9424,-2800.0,-4200.0
9425,-2800.0,-4200.0
9426,-2800.0,-1231.3141942420953
9427,-2800.0,-1231.3141942420953
9428,-2800.0,-149.7723764152488
9429,-2800.0,-149.7723764152488
9430,-2800.0,511.0873749049997
9431,-2800.0,511.0873749049997
9432,-2800.0,-1139.2716490029761
9433,-2800.0,-1139.2716490029761
9434,-2800.0,-2431.594027192383
9435,-2800.0,-2431.594027192383
9436,-2800.0,-3143.655813311423
9437,-2800.0,-3143.655813311423
9438,-2800.0,-469.37442098121574
9439,-2800.0,-469.37442098121574
9440,-2800.0,698.801357190001
9441,-2800.0,698.801357190001
9442,-2800.0,-4200.0
9443,-2800.0,-4200.0
9444,-2800.0,-3680.3288180952504
9445,-2800.0,-3680.3288180952504
9446,-2800.0,-3367.5354378434995
9447,-2800.0,-3367.5354378434995
9448,-2800.0,-3900.102517160638
9449,-2800.0,-3900.102517160638
9450,-2434.431020649512,-52.550762886749
9451,-2434.431020649512,-52.550762886749
9452,-315.4799310485032,-250.7301540949993
9453,-315.4799310485032,-250.7301540949993
9454,-2800.0,428.94714288400064
9455,-2800.0,428.94714288400064
9456,-296.65268902346907,-1348.3024999883437
9457,-296.65268902346907,-1348.3024999883437
9458,-2800.0,-1972.3380229741397
9459,-2800.0,-1972.3380229741397
9460,-2800.0,-3273.123228418749
9461,-2800.0,-3273.123228418749
9462,-2800.0,-3439.1239497207507
9463,-2800.0,-3439.1239497207507
9464,-2800.0,-2307.518477295682
9465,-2800.0,-2307.518477295682
9466,-2800.0,-3406.7827953029996
9467,-2800.0,-3406.7827953029996
9468,-2800.0,-4200.0
9469,-2800.0,-4200.0
9470,-2800.0,-4200.0
9471,-2800.0,-4200.0
9472,-2800.0,-3132.114589219178
9473,-2800.0,-3132.114589219178
9474,-2800.0,-2728.048102892999
9475,-2800.0,-2728.048102892999
9476,-2800.0,-2476.2160392777496
9477,-2800.0,-2476.2160392777496
9478,-2800.0,-1555.7479776774999
9479,-2800.0,-1555.7479776774999
9480,-2800.0,-3382.338877633999
9481,-2800.0,-3382.338877633999
9482,-2800.0,-180.1786457497492
9483,-2800.0,-180.1786457497492
9484,-2800.0,-1314.4918721575086
9485,-2800.0,-1314.4918721575086
9486,-2800.0,-2103.486147648493
9487,-2800.0,-2103.486147648493
9488,-2800.0,-1347.653640806
9489,-2800.0,-1347.653640806
9490,-2800.0,-1465.273327229499
9491,-2800.0,-1465.273327229499
9492,-2800.0,-1215.8747361322503
9493,-2800.0,-1215.8747361322503
9494,-2800.0,-3886.4852177782377
9495,-2800.0,-3886.4852177782377
9496,-2800.0,-1835.9183206294992
9497,-2800.0,-1835.9183206294992
9498,-2800.0,-1926.8457540802501
9499,-2800.0,-1926.8457540802501
9500,-2800.0,-1616.0683471642506
9501,-2800.0,-1616.0683471642506
9502,-2800.0,-721.0077274287496
9503,-2800.0,-721.0077274287496
9504,-2800.0,394.94885095300015
9505,-2800.0,394.94885095300015
9506,-2800.0,833.9390099635011
9507,-2800.0,833.9390099635011
9508,-2800.0,268.1257950233012
9509,-2800.0,268.1257950233012
9510,-2800.0,-1958.7136193449996
9511,-2800.0,-1958.7136193449996
9512,-2800.0,-2170.4472584693976
9513,-2800.0,-2170.4472584693976
9514,-2800.0,-1823.3483152866538
9515,-2800.0,-1823.3483152866538
9516,-2800.0,-2769.0446253972505
9517,-2800.0,-2769.0446253972505
9518,-2800.0,-2981.30713041975
9519,-2800.0,-2981.30713041975
9520,-2800.0,-763.7701697426091
9521,-2800.0,-763.7701697426091
9522,-2800.0,-2151.8090622454993
9523,-2800.0,-2151.8090622454993
9524,-2800.0,-2158.8617112454995
9525,-2800.0,-2158.8617112454995
9526,-2800.0,-2128.44403763625
9527,-2800.0,-2128.44403763625
9528,-2800.0,-1794.83832298075
9529,-2800.0,-1794.83832298075
9530,-2800.0,-1852.9971249597497
9531,-2800.0,-1852.9971249597497
9532,-2800.0,-2015.1763827027503
9533,-2800.0,-2015.1763827027503
9534,-2800.0,-2005.4762006260003
9535,-2800.0,-2005.4762006260003
9536,-2800.0,-2164.6572092547503
9537,-2800.0,-2164.6572092547503
9538,-2800.0,-2745.0114013047423
9539,-2800.0,-2745.0114013047423
9540,-2800.0,-3781.87827807325
9541,-2800.0,-3781.87827807325
9542,-2800.0,-3709.8077608309995
9543,-2800.0,-3709.8077608309995
9544,-2800.0,-2302.332370747
9545,-2800.0,-2302.332370747
9546,-2800.0,-3679.4497664415003
9547,-2800.0,-3679.4497664415003
9548,-2800.0,-2852.698874778678
9549,-2800.0,-2852.698874778678
9550,-2800.0,-3778.2227318370005
9551,-2800.0,-3778.2227318370005
9552,-2800.0,-3040.0333891805003
9553,-2800.0,-3040.0333891805003
9554,-2800.0,-2423.9758765845
9555,-2800.0,-2423.9758765845
9556,-2800.0,-2192.64783379725
9557,-2800.0,-2192.64783379725
9558,-2800.0,-1894.341139096
9559,-2800.0,-1894.341139096
9560,-2800.0,-2013.4887384112499
9561,-2800.0,-2013.4887384112499
9562,-2800.0,-1738.3786840132498
9563,-2800.0,-1738.3786840132498
9564,-2800.0,-1578.1651671332493
9565,-2800.0,-1578.1651671332493
9566,-2800.0,-1930.3782233052498
9567,-2800.0,-1930.3782233052498
9568,-2800.0,-2025.14048129625
9569,-2800.0,-2025.14048129625
9570,-2800.0,-2021.6328013437496
9571,-2800.0,-2021.6328013437496
9572,-2800.0,-2012.3142329245002
9573,-2800.0,-2012.3142329245002
9574,-2800.0,-2190.1696592920007
9575,-2800.0,-2190.1696592920007
9576,-2800.0,-1615.2890506484996
9577,-2800.0,-1615.2890506484996
9578,-2800.0,-1943.8739334810002
9579,-2800.0,-1943.8739334810002
9580,-2800.0,-3383.1440034726875
9581,-2800.0,-3383.1440034726875
9582,-2800.0,-2080.5959023802498
9583,-2800.0,-2080.5959023802498
9584,-2800.0,-3013.248464436623
9585,-2800.0,-3013.248464436623
9586,-2800.0,-1703.3542152842501
9587,-2800.0,-1703.3542152842501
9588,-2800.0,-3714.4106301735
9589,-2800.0,-3714.4106301735
9590,-2800.0,-3036.0482700371504
9591,-2800.0,-3036.0482700371504
9592,-2800.0,-1204.7431954682497
9593,-2800.0,-1204.7431954682497
9594,-2800.0,-2399.8053659907546
9595,-2800.0,-2399.8053659907546
9596,-2800.0,-2327.2907298785003
9597,-2800.0,-2327.2907298785003
9598,-2800.0,-2480.29273967675
9599,-2800.0,-2480.29273967675
9600,-2800.0,-3723.4127874567193
9601,-2800.0,-3723.4127874567193
9602,-2800.0,-1585.8298011637498
9603,-2800.0,-1585.8298011637498
9604,-2800.0,-2986.733986373136
9605,-2800.0,-2986.733986373136
9606,-2800.0,-1662.6454780572494
9607,-2800.0,-1662.6454780572494
9608,-2800.0,-2141.8332329742498
9609,-2800.0,-2141.8332329742498
9610,-2800.0,-1441.8768079044967
9611,-2800.0,-1441.8768079044967
9612,-2800.0,-4128.7126816495
9613,-2800.0,-4128.7126816495
9614,-2800.0,-4200.0
9615,-2800.0,-4200.0
9616,-2800.0,-2083.7756861404996
9617,-2800.0,-2083.7756861404996
9618,-2800.0,-3065.838944203
9619,-2800.0,-3065.838944203
9620,-2800.0,-2090.8448139699994
9621,-2800.0,-2090.8448139699994
9622,-2800.0,-2720.5145440350716
9623,-2800.0,-2720.5145440350716
9624,-2800.0,-2537.1598144285
9625,-2800.0,-2537.1598144285
9626,-2800.0,-3515.7687378559895
9627,-2800.0,-3515.7687378559895
9628,-2800.0,-2066.84925542
9629,-2800.0,-2066.84925542
9630,-2800.0,-3601.5071581680277
9631,-2800.0,-3601.5071581680277
9632,-2800.0,-3310.10051183775
9633,-2800.0,-3310.10051183775
9634,-2800.0,-3740.0421571638217
9635,-2800.0,-3740.0421571638217
9636,-2800.0,-4200.0
9637,-2800.0,-4200.0
9638,-2800.0,-4200.0
9639,-2800.0,-4200.0
9640,-2800.0,-4200.0
9641,-2800.0,-4200.0
9642,-2800.0,-3001.8711822080004
9643,-2800.0,-3001.8711822080004
9644,-2800.0,-3953.860497485126
9645,-2800.0,-3953.860497485126
9646,-2800.0,-2651.6685294437502
9647,-2800.0,-2651.6685294437502
9648,-2800.0,-1808.0028690935
9649,-2800.0,-1808.0028690935
9650,-2800.0,-3207.96759107125
9651,-2800.0,-3207.96759107125
9652,-2800.0,-3171.17331457725
9653,-2800.0,-3171.17331457725
9654,-2800.0,-3225.6110383562504
9655,-2800.0,-3225.6110383562504
9656,-2800.0,-2758.153578144269
9657,-2800.0,-2758.153578144269
9658,-2800.0,-3782.9712527359998
9659,-2800.0,-3782.9712527359998
9660,-2800.0,-4200.0
9661,-2800.0,-4200.0
9662,-2800.0,-4082.781465538749
9663,-2800.0,-4082.781465538749
9664,-2800.0,-4200.0
9665,-2800.0,-4200.0
9666,-2800.0,-918.1863672617528
9667,-2800.0,-918.1863672617528
9668,-395.65769940973087,93.38008039724991
9669,-395.65769940973087,93.38008039724991
9670,-2078.1953776459195,1041.1408495977503
9671,-2078.1953776459195,1041.1408495977503
9672,-2800.0,-1797.41797927475
9673,-2800.0,-1797.41797927475
9674,-2800.0,-1376.1686961174992
9675,-2800.0,-1376.1686961174992
9676,-2800.0,-1187.8885214377506
9677,-2800.0,-1187.8885214377506
9678,-2800.0,-883.9105076512496
9679,-2800.0,-883.9105076512496
9680,-2800.0,-1177.35026527825
9681,-2800.0,-1177.35026527825
9682,-2800.0,-1257.1081048303022
9683,-2800.0,-1257.1081048303022
9684,-2800.0,-2223.07741145775
9685,-2800.0,-2223.07741145775
9686,-2800.0,-977.2419076515653
9687,-2800.0,-977.2419076515653
9688,-2800.0,-1624.9542505249997
9689,-2800.0,-1624.9542505249997
9690,-543.264063575526,938.9541100352499
9691,-543.264063575526,938.9541100352499
9692,-139.72470380822506,1496.7428373192497
9693,-139.72470380822506,1496.7428373192497
9694,-2523.9300890453087,2150.7470908862506
9695,-2523.9300890453087,2150.7470908862506
9696,-2800.0,-634.5289491512499
9697,-2800.0,-634.5289491512499
9698,-2800.0,-408.97727126374957
9699,-2800.0,-408.97727126374957
9700,-2800.0,-819.5194839705346
9701,-2800.0,-819.5194839705346
9702,-2800.0,-583.6121026213204
9703,-2800.0,-583.6121026213204
9704,-2800.0,-490.01897382834795
9705,-2800.0,-490.01897382834795
9706,-2800.0,-3758.111150975412
9707,-2800.0,-3758.111150975412
9708,-2800.0,-3031.442191446884
9709,-2800.0,-3031.442191446884
9710,-2800.0,-3253.4475182853566
9711,-2800.0,-3253.4475182853566
9712,-2800.0,-1914.0255273234993
9713,-2800.0,-1914.0255273234993
9714,-2800.0,-2779.8172283679996
9715,-2800.0,-2779.8172283679996
9716,-2800.0,-2799.153003196
9717,-2800.0,-2799.153003196
9718,-2800.0,-2218.3703985170005
9719,-2800.0,-2218.3703985170005
9720,-2800.0,-1263.160152287991
9721,-2800.0,-1263.160152287991
9722,-2800.0,-1016.12577260125
9723,-2800.0,-1016.12577260125
9724,-2800.0,-909.3280351534995
9725,-2800.0,-909.3280351534995
9726,-2800.0,-1087.5090859762495
9727,-2800.0,-1087.5090859762495
9728,-2800.0,-1981.1614768109994
9729,-2800.0,-1981.1614768109994
9730,-2800.0,-1926.9020763727494
9731,-2800.0,-1926.9020763727494
9732,-2800.0,-4200.0
9733,-2800.0,-4200.0
9734,-2800.0,-3396.235400175051
9735,-2800.0,-3396.235400175051
9736,-2800.0,-4104.3933327575
9737,-2800.0,-4104.3933327575
9738,-2800.0,-3215.529847466707
9739,-2800.0,-3215.529847466707
9740,-2376.3005464569214,920.0021306077506
9741,-2376.3005464569214,920.0021306077506
9742,-2800.0,600.1574652338513
9743,-2800.0,600.1574652338513
9744,2800.0,-887.7982924664966
9745,2800.0,-887.7982924664966
9746,2800.0,-1680.2869798942497
9747,2800.0,-1680.2869798942497
9748,2800.0,-1617.7675615757503
9749,2800.0,-1617.7675615757503
9750,2800.0,-1509.3759289999998
9751,2800.0,-1509.3759289999998
9752,2800.0,-3028.74770228975
9753,2800.0,-3028.74770228975
9754,2800.0,-4065.053683816868
9755,2800.0,-4065.053683816868
9756,631.0707438024147,-4200.0
9757,631.0707438024147,-4200.0
9758,2800.0,-4200.0
9759,2800.0,-4200.0
9760,2800.0,-4200.0
9761,2800.0,-4200.0
9762,2800.0,1616.787829426954
9763,2800.0,1616.787829426954
9764,2800.0,1124.1393741304692
9765,2800.0,1124.1393741304692
9766,2800.0,776.6771950177499
9767,2800.0,776.6771950177499
9768,2800.0,1851.4966131605788
9769,2800.0,1851.4966131605788
9770,2800.0,-1803.2457169971676
9771,2800.0,-1803.2457169971676
9772,2800.0,-3050.47024390225
9773,2800.0,-3050.47024390225
9774,2800.0,-1920.721516291664
9775,2800.0,-1920.721516291664
9776,2800.0,1194.311165178975
9777,2800.0,1194.311165178975
9778,2800.0,-3880.5907483032497
9779,2800.0,-3880.5907483032497
9780,2800.0,-3733.94763812975
9781,2800.0,-3733.94763812975
9782,2800.0,-4200.0
9783,2800.0,-4200.0
9784,2800.0,116.90458462950028
9785,2800.0,116.90458462950028
9786,2800.0,-451.1515954977499
9787,2800.0,-451.1515954977499
9788,2800.0,-438.1577504994989
9789,2800.0,-438.1577504994989
9790,2800.0,105.00047585775064
9791,2800.0,105.00047585775064
9792,2800.0,680.7853833197496
9793,2800.0,680.7853833197496
9794,2800.0,-2102.006889312501
9795,2800.0,-2102.006889312501
9796,2800.0,-657.2374914531774
9797,2800.0,-657.2374914531774
9798,2800.0,849.4152937422705
9799,2800.0,849.4152937422705
9800,2800.0,792.1494663345002
9801,2800.0,792.1494663345002
9802,2800.0,-1802.5780302496787
9803,2800.0,-1802.5780302496787
9804,2800.0,-3596.449841097
9805,2800.0,-3596.449841097
9806,2800.0,-3546.1661843602496
9807,2800.0,-3546.1661843602496
9808,2800.0,1298.5226043912608
9809,2800.0,1298.5226043912608
9810,2800.0,333.3472336894447
9811,2800.0,333.3472336894447
9812,2800.0,-104.0137348154999
9813,2800.0,-104.0137348154999
9814,2800.0,209.62498237900036
9815,2800.0,209.62498237900036
9816,2800.0,-851.7872351649999
9817,2800.0,-851.7872351649999
9818,2800.0,-1865.4821584156089
9819,2800.0,-1865.4821584156089
9820,2800.0,-3512.0762028507497
9821,2800.0,-3512.0762028507497
9822,1852.8473560011535,-3393.4272290132494
9823,1852.8473560011535,-3393.4272290132494
9824,2800.0,-4150.96056402225
9825,2800.0,-4150.96056402225
9826,-2800.0,-4200.0
9827,-2800.0,-4200.0
9828,-2800.0,-4200.0
9829,-2800.0,-4200.0
9830,-2800.0,-3149.2578172440008
9831,-2800.0,-3149.2578172440008
9832,-2800.0,-3441.3205954309997
9833,-2800.0,-3441.3205954309997
9834,2800.0,-3469.185300435249
9835,2800.0,-3469.185300435249
9836,2800.0,-4014.8762481350004
9837,2800.0,-4014.8762481350004
9838,2800.0,-3254.606479419249
9839,2800.0,-3254.606479419249
9840,2430.3337150957313,-3307.00238696625
9841,2430.3337150957313,-3307.00238696625
9842,-507.63812068057996,-4200.0
9843,-507.63812068057996,-4200.0
9844,-2165.8260711142593,-4200.0
9845,-2165.8260711142593,-4200.0
9846,-2800.0,-4200.0
9847,-2800.0,-4200.0
9848,-1324.4465376588441,-2806.8602073619995
9849,-1324.4465376588441,-2806.8602073619995
9850,-2800.0,-4200.0
9851,-2800.0,-4200.0
9852,-2800.0,-4200.0
9853,-2800.0,-4200.0
9854,-2800.0,-3132.300172353658
9855,-2800.0,-3132.300172353658
9856,-2800.0,-4200.0
9857,-2800.0,-4200.0
9858,-2800.0,-1620.3450737814992
9859,-2800.0,-1620.3450737814992
9860,-1971.146141474941,-1220.4766553804984
9861,-1971.146141474941,-1220.4766553804984
9862,-2800.0,-565.6452778162493
9863,-2800.0,-565.6452778162493
9864,-2800.0,-926.4175583591768
9865,-2800.0,-926.4175583591768
9866,-2800.0,-498.3702075352494
9867,-2800.0,-498.3702075352494
9868,-2800.0,-387.7862873992499
9869,-2800.0,-387.7862873992499
9870,-2800.0,-3093.5838013617495
9871,-2800.0,-3093.5838013617495
9872,-1113.7178809133748,-903.7698060974999
9873,-1113.7178809133748,-903.7698060974999
9874,-2800.0,-3466.4717714019353
9875,-2800.0,-3466.4717714019353
9876,-2800.0,-3619.7026661897717
9877,-2800.0,-3619.7026661897717
9878,-2800.0,-4200.0
9879,-2800.0,-4200.0
9880,-2624.9380255287333,-2828.4317796645
9881,-2624.9380255287333,-2828.4317796645
9882,2800.0,-3278.3841269057493
9883,2800.0,-3278.3841269057493
9884,666.0741542141404,-3591.3935708997496
9885,666.0741542141404,-3591.3935708997496
9886,-1483.096105521403,-3239.67858236225
9887,-1483.096105521403,-3239.67858236225
9888,-2800.0,-2728.1176073507495
9889,-2800.0,-2728.1176073507495
9890,-1289.218423435308,-2942.1775403107495
9891,-1289.218423435308,-2942.1775403107495
9892,-2800.0,-3965.335739439237
9893,-2800.0,-3965.335739439237
9894,-2800.0,-3921.6020885832513
9895,-2800.0,-3921.6020885832513
9896,-2800.0,-2948.0814958511855
9897,-2800.0,-2948.0814958511855
9898,-2800.0,-4200.0
9899,-2800.0,-4200.0
9900,-2800.0,-4200.0
9901,-2800.0,-4200.0
9902,-2800.0,-4200.0
9903,-2800.0,-4200.0
9904,-2800.0,-4200.0
9905,-2800.0,-4200.0
9906,-2800.0,-4200.0
9907,-2800.0,-4200.0
9908,-2800.0,-2631.5910435598926
9909,-2800.0,-2631.5910435598926
9910,-2800.0,-4054.0297872205683
9911,-2800.0,-4054.0297872205683
9912,-2800.0,-524.2782710214997
9913,-2800.0,-524.2782710214997
9914,-2800.0,-344.74159106549996
9915,-2800.0,-344.74159106549996
9916,-2800.0,-3017.2860803497497
9917,-2800.0,-3017.2860803497497
9918,-2800.0,-2713.2087622562494
9919,-2800.0,-2713.2087622562494
9920,-2800.0,-2175.7226222035006
9921,-2800.0,-2175.7226222035006
9922,-2800.0,-1763.2063692842503
9923,-2800.0,-1763.2063692842503
9924,-2800.0,-1742.0436647497509
9925,-2800.0,-1742.0436647497509
9926,-2800.0,-1629.811329573
9927,-2800.0,-1629.811329573
9928,-2800.0,-2575.9608933415
9929,-2800.0,-2575.9608933415
9930,-2800.0,-961.9671267334998
9931,-2800.0,-961.9671267334998
9932,-2800.0,-1721.3855217332493
9933,-2800.0,-1721.3855217332493
9934,-2800.0,-1323.21880868875
9935,-2800.0,-1323.21880868875
9936,-2800.0,-1147.75163900825
9937,-2800.0,-1147.75163900825
9938,-2800.0,-1186.831067299
9939,-2800.0,-1186.831067299
9940,-2800.0,-1280.1908093509996
9941,-2800.0,-1280.1908093509996
9942,-2800.0,-1507.5243860210003
9943,-2800.0,-1507.5243860210003
9944,-2800.0,-1943.5230223032504
9945,-2800.0,-1943.5230223032504
9946,-2800.0,-1825.727174189501
9947,-2800.0,-1825.727174189501
9948,-2800.0,-4200.0
9949,-2800.0,-4200.0
9950,-2800.0,-2831.7621139887506
9951,-2800.0,-2831.7621139887506
9952,-2800.0,-2046.2678824686373
9953,-2800.0,-2046.2678824686373
9954,-2800.0,-1337.8892930664992
9955,-2800.0,-1337.8892930664992
9956,-2622.11255973313,1990.7548054692506
9957,-2622.11255973313,1990.7548054692506
9958,837.5633958740154,-420.134110426
9959,837.5633958740154,-420.134110426
9960,-2800.0,-190.58041690179198
9961,-2800.0,-190.58041690179198
9962,-2800.0,1089.435419808
9963,-2800.0,1089.435419808
9964,-2800.0,1316.5928713272515
9965,-2800.0,1316.5928713272515
9966,-2800.0,1549.2361394197505
9967,-2800.0,1549.2361394197505
9968,-2800.0,-2002.6457815379981
9969,-2800.0,-2002.6457815379981
9970,-2800.0,-2439.435803798251
9971,-2800.0,-2439.435803798251
9972,-2800.0,-3226.42202988375
9973,-2800.0,-3226.42202988375
9974,-2800.0,-3808.3465988555004
9975,-2800.0,-3808.3465988555004
9976,-2800.0,-3639.3795772539997
9977,-2800.0,-3639.3795772539997
9978,1050.767869330085,254.52860739600055
9979,1050.767869330085,254.52860739600055
9980,2800.0,90.39718295175044
9981,2800.0,90.39718295175044
9982,2639.358221334356,760.2305816160006
9983,2639.358221334356,760.2305816160006
9984,566.8102581833791,-1462.1261190138066
9985,566.8102581833791,-1462.1261190138066
9986,-2800.0,-2373.3180673368524
9987,-2800.0,-2373.3180673368524
9988,-2800.0,1833.4541554297493
9989,-2800.0,1833.4541554297493
9990,-2800.0,-1541.8345169912309
9991,-2800.0,-1541.8345169912309
9992,392.3466476163044,-189.1426887804423
9993,392.3466476163044,-189.1426887804423
9994,-2800.0,-2684.2642878960833
9995,-2800.0,-2684.2642878960833
9996,-2800.0,-3704.6036370769993
9997,-2800.0,-3704.6036370769993
9998,-2800.0,-3610.26233504875
9999,-2800.0,-3610.26233504875
10000,-2800.0,-2560.3018810861904
10001,-2800.0,-2560.3018810861904
10002,-2800.0,-913.755210742127
10003,-2800.0,-913.755210742127
10004,1372.052466084508,-1975.0258523375
10005,1372.052466084508,-1975.0258523375
10006,-2797.5673309561953,121.89929846774976
10007,-2797.5673309561953,121.89929846774976
10008,-2800.0,1023.5376823897504
10009,-2800.0,1023.5376823897504
10010,-2392.707772212856,-553.2118761441106
10011,-2392.707772212856,-553.2118761441106
10012,-2800.0,-1205.79682213575
10013,-2800.0,-1205.79682213575
10014,-2800.0,-548.6058064664994
10015,-2800.0,-548.6058064664994
10016,-2800.0,-90.39770603349916
10017,-2800.0,-90.39770603349916
10018,-2800.0,574.7307161520002
10019,-2800.0,574.7307161520002
10020,-2800.0,-216.5886706163401
10021,-2800.0,-216.5886706163401
10022,-2800.0,-2132.4826503530003
10023,-2800.0,-2132.4826503530003
10024,-2800.0,-2463.040810478501
10025,-2800.0,-2463.040810478501
10026,-2800.0,-1229.5189449782501
10027,-2800.0,-1229.5189449782501
10028,-2800.0,-2166.8069998617502
10029,-2800.0,-2166.8069998617502
10030,-2800.0,-2168.9725845832504
10031,-2800.0,-2168.9725845832504
10032,-2800.0,-1712.3931093290003
10033,-2800.0,-1712.3931093290003
10034,-2800.0,-1469.6901247932492
10035,-2800.0,-1469.6901247932492
10036,-2800.0,-1532.8103516792498
10037,-2800.0,-1532.8103516792498
10038,-2800.0,-2093.80629417375
10039,-2800.0,-2093.80629417375
10040,-2800.0,-1428.2440752044995
10041,-2800.0,-1428.2440752044995
10042,-2800.0,-3975.8782432162498
10043,-2800.0,-3975.8782432162498
10044,-2800.0,-4089.144119063749
10045,-2800.0,-4089.144119063749
10046,-2451.6828279803813,-3921.305080192501
10047,-2451.6828279803813,-3921.305080192501
10048,-2800.0,-2446.9828690177546
10049,-2800.0,-2446.9828690177546
10050,-2800.0,-3021.3936291682494
10051,-2800.0,-3021.3936291682494
10052,-2800.0,-3244.922258438617
10053,-2800.0,-3244.922258438617
10054,-2800.0,-2630.3882697047497
10055,-2800.0,-2630.3882697047497
10056,-2800.0,-1609.9175697857495
10057,-2800.0,-1609.9175697857495
10058,-2800.0,-1440.6230520917497
10059,-2800.0,-1440.6230520917497
10060,-2800.0,-1808.8678847412493
10061,-2800.0,-1808.8678847412493
10062,-2800.0,-2179.526355792
10063,-2800.0,-2179.526355792
10064,-2800.0,-2457.3566977625005
10065,-2800.0,-2457.3566977625005
10066,-2800.0,-4200.0
10067,-2800.0,-4200.0
10068,-2800.0,-3045.168444911
10069,-2800.0,-3045.168444911
10070,-2800.0,-2855.64098286475
10071,-2800.0,-2855.64098286475
10072,-2800.0,-3509.2149534847504
10073,-2800.0,-3509.2149534847504
10074,-2800.0,-4200.0
10075,-2800.0,-4200.0
10076,-2800.0,-4200.0
10077,-2800.0,-4200.0
10078,-2800.0,-2725.8785165979225
10079,-2800.0,-2725.8785165979225
10080,-2800.0,-1877.2701111832494
10081,-2800.0,-1877.2701111832494
10082,-2800.0,-1997.099534195249
10083,-2800.0,-1997.099534195249
10084,-2800.0,-1850.5561550017505
10085,-2800.0,-1850.5561550017505
10086,-2800.0,-2110.265043685
10087,-2800.0,-2110.265043685
10088,-2800.0,-2361.9616484872495
10089,-2800.0,-2361.9616484872495
10090,-2800.0,-3655.5711475845
10091,-2800.0,-3655.5711475845
10092,-2800.0,-2957.85021076275
10093,-2800.0,-2957.85021076275
10094,-2800.0,-3082.5536634397504
10095,-2800.0,-3082.5536634397504
10096,-2800.0,-2868.336108718733
10097,-2800.0,-2868.336108718733
10098,-2800.0,-2841.42596143
10099,-2800.0,-2841.42596143
10100,-2800.0,-3673.8544794814998
10101,-2800.0,-3673.8544794814998
10102,-2800.0,-3341.3600828665003
10103,-2800.0,-3341.3600828665003
10104,-2800.0,-3031.0981697892503
10105,-2800.0,-3031.0981697892503
10106,-2800.0,-2921.3230546085
10107,-2800.0,-2921.3230546085
10108,-2800.0,-2719.1523930965
10109,-2800.0,-2719.1523930965
10110,-2800.0,-2700.0746569847497
10111,-2800.0,-2700.0746569847497
10112,-2800.0,-3001.624369253749
10113,-2800.0,-3001.624369253749
10114,-2800.0,-1735.7018307870003
10115,-2800.0,-1735.7018307870003
10116,-2800.0,-4200.0
10117,-2800.0,-4200.0
10118,-2800.0,-2163.191983395878
10119,-2800.0,-2163.191983395878
10120,-2800.0,-2529.1428160654996
10121,-2800.0,-2529.1428160654996
10122,-2800.0,-3200.0969490980006
10123,-2800.0,-3200.0969490980006
10124,-2800.0,-3633.49278766375
10125,-2800.0,-3633.49278766375
10126,-2800.0,-3675.5398067664996
10127,-2800.0,-3675.5398067664996
10128,-2800.0,-3281.0056378557497
10129,-2800.0,-3281.0056378557497
10130,-2800.0,-2865.5245991352504
10131,-2800.0,-2865.5245991352504
10132,-2800.0,-2654.2533615112498
10133,-2800.0,-2654.2533615112498
10134,-2800.0,-2757.739149974249
10135,-2800.0,-2757.739149974249
10136,-2800.0,-3223.42525554575
10137,-2800.0,-3223.42525554575
10138,-2800.0,-2706.4668061234997
10139,-2800.0,-2706.4668061234997
10140,-2800.0,-1784.7701560477508
10141,-2800.0,-1784.7701560477508
10142,-2800.0,-2048.01727110875
10143,-2800.0,-2048.01727110875
10144,-2800.0,-2542.03608453975
10145,-2800.0,-2542.03608453975
10146,-2800.0,-3578.1800854975004
10147,-2800.0,-3578.1800854975004
10148,-2800.0,-2238.74227614425
10149,-2800.0,-2238.74227614425
10150,-2800.0,-3369.39398860775
10151,-2800.0,-3369.39398860775
10152,-2800.0,-1220.2025916124999
10153,-2800.0,-1220.2025916124999
10154,-2800.0,-2634.88620612475
10155,-2800.0,-2634.88620612475
10156,-2800.0,-1952.3837138867493
10157,-2800.0,-1952.3837138867493
10158,-2800.0,-1464.5366227209997
10159,-2800.0,-1464.5366227209997
10160,-2800.0,-2050.1710537524996
10161,-2800.0,-2050.1710537524996
10162,-2800.0,-2089.059995934751
10163,-2800.0,-2089.059995934751
10164,-2800.0,-2357.671570368231
10165,-2800.0,-2357.671570368231
10166,-2800.0,-2054.2481811552498
10167,-2800.0,-2054.2481811552498
10168,-2800.0,-2280.53471799625
10169,-2800.0,-2280.53471799625
10170,-2800.0,-1063.301308042749
10171,-2800.0,-1063.301308042749
10172,-2800.0,-519.1629705859459
10173,-2800.0,-519.1629705859459
10174,-2800.0,-1301.56387285875
10175,-2800.0,-1301.56387285875
10176,-2800.0,-895.5618321852498
10177,-2800.0,-895.5618321852498
10178,-2800.0,-855.8633291857495
10179,-2800.0,-855.8633291857495
10180,-2800.0,-2443.921104307
10181,-2800.0,-2443.921104307
10182,-2800.0,-2228.3751546045
10183,-2800.0,-2228.3751546045
10184,-2800.0,-706.0752377029999
10185,-2800.0,-706.0752377029999
10186,-2800.0,-1687.641807688
10187,-2800.0,-1687.641807688
10188,-2800.0,-1901.841772101
10189,-2800.0,-1901.841772101
10190,-2800.0,-2372.8220254085004
10191,-2800.0,-2372.8220254085004
10192,-2800.0,-2835.182542054
10193,-2800.0,-2835.182542054
10194,-2800.0,-1543.8083886597497
10195,-2800.0,-1543.8083886597497
10196,-1333.0053684166414,-2850.9671294613763
10197,-1333.0053684166414,-2850.9671294613763
10198,-1992.248186077879,-1432.9206903619997
10199,-1992.248186077879,-1432.9206903619997
10200,2041.77980440166,-2595.4287551772495
10201,2041.77980440166,-2595.4287551772495
10202,1862.5876893988825,-2547.93610374
10203,1862.5876893988825,-2547.93610374
10204,2234.6713696448205,-2768.8116812134995
10205,2234.6713696448205,-2768.8116812134995
10206,-226.79601823923804,-2257.0308820647497
10207,-226.79601823923804,-2257.0308820647497
10208,1622.3359267057315,-2211.2210528514997
10209,1622.3359267057315,-2211.2210528514997
10210,-1482.9747884877142,-2119.2442384024994
10211,-1482.9747884877142,-2119.2442384024994
10212,737.4179421550434,-2184.9980686869994
10213,737.4179421550434,-2184.9980686869994
10214,1597.6365452341197,-2041.2973819070007
10215,1597.6365452341197,-2041.2973819070007
10216,-723.4721672731794,-2178.9928666344995
10217,-723.4721672731794,-2178.9928666344995
10218,1308.5665764093574,-2762.1445304095
10219,1308.5665764093574,-2762.1445304095
10220,2800.0,-2532.100825313495
10221,2800.0,-2532.100825313495
10222,2800.0,-3155.600996254
10223,2800.0,-3155.600996254
10224,2314.361228754442,-2765.5141030887507
10225,2314.361228754442,-2765.5141030887507
10226,2800.0,-2465.7724343372506
10227,2800.0,-2465.7724343372506
10228,-2800.0,-2626.19962961875
10229,-2800.0,-2626.19962961875
10230,-2800.0,-2420.5178553137494
10231,-2800.0,-2420.5178553137494
10232,-2800.0,-3557.932526643
10233,-2800.0,-3557.932526643
10234,-922.4778967886668,-3424.1117836175004
10235,-922.4778967886668,-3424.1117836175004
10236,1704.026803984918,-3073.38062853075
10237,1704.026803984918,-3073.38062853075
10238,1303.4178982206213,-3319.448232729749
10239,1303.4178982206213,-3319.448232729749
10240,-2800.0,-3649.9018462084996
10241,-2800.0,-3649.9018462084996
10242,-2800.0,-1206.6998138567496
10243,-2800.0,-1206.6998138567496
10244,-1293.7059668673974,219.4886641462499
10245,-1293.7059668673974,219.4886641462499
10246,-1647.121621386099,593.4187036819994
10247,-1647.121621386099,593.4187036819994
10248,2800.0,1519.43023445175
10249,2800.0,1519.43023445175
10250,2800.0,-293.46881580451645
10251,2800.0,-293.46881580451645
10252,-738.3004646587192,891.5926250959319
10253,-738.3004646587192,891.5926250959319
10254,-1822.3368012931405,942.1331804892434
10255,-1822.3368012931405,942.1331804892434
10256,-573.1693838197571,-3628.66121527875
10257,-573.1693838197571,-3628.66121527875
10258,-2800.0,-3451.5422166994995
10259,-2800.0,-3451.5422166994995
10260,-2800.0,-4200.0
10261,-2800.0,-4200.0
10262,-2800.0,-4200.0
10263,-2800.0,-4200.0
10264,-2800.0,-3025.232646912501
10265,-2800.0,-3025.232646912501
10266,-2800.0,-3498.496360722247
10267,-2800.0,-3498.496360722247
10268,889.0545952675129,-4055.8941031715003
10269,889.0545952675129,-4055.8941031715003
10270,1688.179079907657,-3324.2249238377503
10271,1688.179079907657,-3324.2249238377503
10272,-2800.0,-2330.8156838945
10273,-2800.0,-2330.8156838945
10274,-2685.3029517234672,-1823.2482263437496
10275,-2685.3029517234672,-1823.2482263437496
10276,-2800.0,-4200.0
10277,-2800.0,-4200.0
10278,-2800.0,-1188.1168192535001
10279,-2800.0,-1188.1168192535001
10280,-2800.0,-1692.4064823825775
10281,-2800.0,-1692.4064823825775
10282,-2800.0,-3397.1672901354996
10283,-2800.0,-3397.1672901354996
10284,-2800.0,-3394.56515357425
10285,-2800.0,-3394.56515357425
10286,-2800.0,-3544.47399095125
10287,-2800.0,-3544.47399095125
10288,-2800.0,-3888.01631814775
10289,-2800.0,-3888.01631814775
10290,-2800.0,-1330.4029887390006
10291,-2800.0,-1330.4029887390006
10292,-2800.0,-1211.2937034692504
10293,-2800.0,-1211.2937034692504
10294,-2800.0,-592.3515435859999
10295,-2800.0,-592.3515435859999
10296,-2800.0,110.54416456125
10297,-2800.0,110.54416456125
10298,-2800.0,334.9012318185005
10299,-2800.0,334.9012318185005
10300,-2800.0,-1856.1934674340828
10301,-2800.0,-1856.1934674340828
10302,-2800.0,-1548.1418388437924
10303,-2800.0,-1548.1418388437924
10304,-2800.0,-2587.982830152
10305,-2800.0,-2587.982830152
10306,-2800.0,-2450.5617543542503
10307,-2800.0,-2450.5617543542503
10308,-2800.0,-2840.910184736
10309,-2800.0,-2840.910184736
10310,-2800.0,-3865.06789875525
10311,-2800.0,-3865.06789875525
10312,-2800.0,-4200.0
10313,-2800.0,-4200.0
10314,-2800.0,-2943.635936191
10315,-2800.0,-2943.635936191
10316,-2800.0,-2326.3874740124993
10317,-2800.0,-2326.3874740124993
10318,-2800.0,-1450.2774110967493
10319,-2800.0,-1450.2774110967493
10320,-2800.0,-913.2447016105007
10321,-2800.0,-913.2447016105007
10322,-2800.0,-952.6502437097506
10323,-2800.0,-952.6502437097506
10324,-2800.0,-953.5171238707503
10325,-2800.0,-953.5171238707503
10326,-2800.0,-1042.6651360382493
10327,-2800.0,-1042.6651360382493
10328,-2800.0,-2411.3314190497504
10329,-2800.0,-2411.3314190497504
10330,-2800.0,-2227.2270279014992
10331,-2800.0,-2227.2270279014992
10332,-2800.0,-4200.0
10333,-2800.0,-4200.0
10334,-2800.0,-3256.3472560872724
10335,-2800.0,-3256.3472560872724
10336,-2800.0,-3163.9375236282503
10337,-2800.0,-3163.9375236282503
10338,-2690.2104539394068,848.0555063662496
10339,-2690.2104539394068,848.0555063662496
10340,2039.6796461260137,922.3867731072505
10341,2039.6796461260137,922.3867731072505
10342,-116.58942198842396,1514.4969582295007
10343,-116.58942198842396,1514.4969582295007
10344,-2800.0,152.8839500542981
10345,-2800.0,152.8839500542981
10346,-2341.324071673638,-1865.46852932625
10347,-2341.324071673638,-1865.46852932625
10348,-2800.0,-1397.5396788679996
10349,-2800.0,-1397.5396788679996
10350,-2800.0,-899.4062955187501
10351,-2800.0,-899.4062955187501
10352,-2800.0,-1471.4766033645
10353,-2800.0,-1471.4766033645
10354,-2800.0,-1672.9611982939996
10355,-2800.0,-1672.9611982939996
10356,-2007.0263614422693,-4200.0
10357,-2007.0263614422693,-4200.0
10358,-960.0941780712783,-3962.010313953877
10359,-960.0941780712783,-3962.010313953877
10360,-2800.0,-2435.5119419545
10361,-2800.0,-2435.5119419545
10362,-616.6271849187269,-644.6796230379996
10363,-616.6271849187269,-644.6796230379996
10364,1759.2495057768638,1035.1288907492499
10365,1759.2495057768638,1035.1288907492499
10366,1595.6797920850167,-316.3148225261775
10367,1595.6797920850167,-316.3148225261775
10368,-2800.0,117.8818037097135
10369,-2800.0,117.8818037097135
10370,-2800.0,-1902.67108235025
10371,-2800.0,-1902.67108235025
10372,-2800.0,-1693.070515937
10373,-2800.0,-1693.070515937
10374,-2129.70514473448,-666.7371142027505
10375,-2129.70514473448,-666.7371142027505
10376,-1243.4754516181529,-1025.9088106190002
10377,-1243.4754516181529,-1025.9088106190002
10378,-1691.4771179012005,-1153.8896975337507
10379,-1691.4771179012005,-1153.8896975337507
10380,1745.2376330316401,-3788.222659163999
10381,1745.2376330316401,-3788.222659163999
10382,2800.0,-3711.68218992
10383,2800.0,-3711.68218992
10384,-2800.0,-1254.794347861749
10385,-2800.0,-1254.794347861749
10386,-2800.0,-2102.1182641745
10387,-2800.0,-2102.1182641745
10388,-2800.0,-217.8033333006424
10389,-2800.0,-217.8033333006424
10390,-2800.0,-1051.9966916600033
10391,-2800.0,-1051.9966916600033
10392,-2800.0,-1194.1701578682496
10393,-2800.0,-1194.1701578682496
10394,-2800.0,-577.1540239742503
10395,-2800.0,-577.1540239742503
10396,-2800.0,-722.4397624384997
10397,-2800.0,-722.4397624384997
10398,-2800.0,-976.4272350065003
10399,-2800.0,-976.4272350065003
10400,-2800.0,-2927.6889613539993
10401,-2800.0,-2927.6889613539993
10402,-2800.0,-3096.9068871277495
10403,-2800.0,-3096.9068871277495
10404,-2800.0,-4200.0
10405,-2800.0,-4200.0
10406,-2800.0,-4200.0
10407,-2800.0,-4200.0
10408,-2800.0,-3390.9101192777507
10409,-2800.0,-3390.9101192777507
10410,-2800.0,-3033.417746659413
10411,-2800.0,-3033.417746659413
10412,-1495.0918566532982,547.6169704842496
10413,-1495.0918566532982,547.6169704842496
10414,-2391.276534246801,930.0147648780003
10415,-2391.276534246801,930.0147648780003
10416,2800.0,1302.8974934918779
10417,2800.0,1302.8974934918779
10418,2800.0,-1327.8269711795292
10419,2800.0,-1327.8269711795292
10420,711.1986827534456,-869.6732486895826
10421,711.1986827534456,-869.6732486895826
10422,-798.5620024516511,101.92703151274873
10423,-798.5620024516511,101.92703151274873
10424,-2800.0,-3294.765619396
10425,-2800.0,-3294.765619396
10426,-2800.0,-4104.232628615424
10427,-2800.0,-4104.232628615424
10428,-2800.0,-4200.0
10429,-2800.0,-4200.0
10430,-2800.0,-4200.0
10431,-2800.0,-4200.0
10432,-2800.0,-3225.709026243
10433,-2800.0,-3225.709026243
10434,2408.481136665689,-119.72106022964226
10435,2408.481136665689,-119.72106022964226
10436,2800.0,-2758.6557767168997
10437,2800.0,-2758.6557767168997
10438,2753.7884883686675,-3015.0376501027495
10439,2753.7884883686675,-3015.0376501027495
10440,2800.0,1809.6769045254996
10441,2800.0,1809.6769045254996
10442,2800.0,-1013.6675559030004
10443,2800.0,-1013.6675559030004
10444,-613.5265618813028,519.7019481017496
10445,-613.5265618813028,519.7019481017496
10446,-1209.8740296123792,2415.2731327789998
10447,-1209.8740296123792,2415.2731327789998
10448,1621.4043355163394,-2202.2423294129385
10449,1621.4043355163394,-2202.2423294129385
10450,-2800.0,-3217.20785519375
10451,-2800.0,-3217.20785519375
10452,-2800.0,-4200.0
10453,-2800.0,-4200.0
10454,-2800.0,-3837.6671385968075
10455,-2800.0,-3837.6671385968075
10456,-2800.0,-3468.7926051192503
10457,-2800.0,-3468.7926051192503
10458,-541.9449737203595,-2985.972781695864
10459,-541.9449737203595,-2985.972781695864
10460,2800.0,1125.2359020949998
10461,2800.0,1125.2359020949998
10462,2800.0,-1535.1353963977508
10463,2800.0,-1535.1353963977508
10464,2800.0,-1151.2549818007806
10465,2800.0,-1151.2549818007806
10466,2800.0,-1138.8002416742502
10467,2800.0,-1138.8002416742502
10468,2800.0,-1465.2600653190475
10469,2800.0,-1465.2600653190475
10470,1821.8788575728495,-639.0140198737504
10471,1821.8788575728495,-639.0140198737504
10472,1527.8254250911687,-1299.9779220649998
10473,1527.8254250911687,-1299.9779220649998
10474,1747.2967288024975,-3439.6625952722497
10475,1747.2967288024975,-3439.6625952722497
10476,-2316.9696370991005,-4200.0
10477,-2316.9696370991005,-4200.0
10478,-2800.0,-4200.0
10479,-2800.0,-4200.0
10480,-2800.0,-2800.2771086779994
10481,-2800.0,-2800.2771086779994
10482,-2800.0,-2366.3430884125005
10483,-2800.0,-2366.3430884125005
10484,-484.1406764977173,-2945.9238424565
10485,-484.1406764977173,-2945.9238424565
10486,-2203.849571425526,-2280.95045518575
10487,-2203.849571425526,-2280.95045518575
10488,1067.6996929670277,-1746.8404307532496
10489,1067.6996929670277,-1746.8404307532496
10490,-454.60715336177964,-1972.4129928735001
10491,-454.60715336177964,-1972.4129928735001
10492,-2800.0,-1519.9144876575
10493,-2800.0,-1519.9144876575
10494,-2800.0,-655.1681780217496
10495,-2800.0,-655.1681780217496
10496,-2800.0,-317.99196064424905
10497,-2800.0,-317.99196064424905
10498,-2800.0,-3271.686741384
10499,-2800.0,-3271.686741384
10500,-2800.0,-3642.90477553225
10501,-2800.0,-3642.90477553225
10502,-2800.0,-4200.0
10503,-2800.0,-4200.0
10504,-2800.0,-1847.9150776295
10505,-2800.0,-1847.9150776295
10506,-2800.0,-2284.9307250445
10507,-2800.0,-2284.9307250445
10508,-2800.0,-2201.0317044349995
10509,-2800.0,-2201.0317044349995
10510,-2800.0,-1763.7613279234997
10511,-2800.0,-1763.7613279234997
10512,-2800.0,-1733.665389307499
10513,-2800.0,-1733.665389307499
10514,102.59368038796129,-1840.5937830290004
10515,102.59368038796129,-1840.5937830290004
10516,-931.2665820984585,-1651.3387756964999
10517,-931.2665820984585,-1651.3387756964999
10518,-2784.2214045707187,-1295.4040706274996
10519,-2784.2214045707187,-1295.4040706274996
10520,-554.9096276387372,-1126.5551628529997
10521,-554.9096276387372,-1126.5551628529997
10522,-2800.0,-4200.0
10523,-2800.0,-4200.0
10524,-2800.0,-4200.0
10525,-2800.0,-4200.0
10526,-2800.0,-4200.0
10527,-2800.0,-4200.0
10528,-2800.0,-4200.0
10529,-2800.0,-4200.0
10530,-2800.0,-2983.005080690499
10531,-2800.0,-2983.005080690499
10532,-2800.0,-2209.704903748114
10533,-2800.0,-2209.704903748114
10534,-2800.0,-2474.1725315601125
10535,-2800.0,-2474.1725315601125
10536,-2800.0,-1878.8248459944994
10537,-2800.0,-1878.8248459944994
10538,-2310.661645872,-1680.2245490685
10539,-2310.661645872,-1680.2245490685
10540,-2573.151678033939,-1768.1956101718897
10541,-2573.151678033939,-1768.1956101718897
10542,-2800.0,-1799.066765219
10543,-2800.0,-1799.066765219
10544,-2800.0,-1724.4702075272503
10545,-2800.0,-1724.4702075272503
10546,-2800.0,-2423.39894908225
10547,-2800.0,-2423.39894908225
10548,-2800.0,-4200.0
10549,-2800.0,-4200.0
10550,-2800.0,-3305.606460577881
10551,-2800.0,-3305.606460577881
10552,-2800.0,-2499.47248509325
10553,-2800.0,-2499.47248509325
10554,-2800.0,-2761.824616431297
10555,-2800.0,-2761.824616431297
10556,-1307.2069324086733,-269.4631168697497
10557,-1307.2069324086733,-269.4631168697497
10558,-1409.2352185651534,-834.9545444462501
10559,-1409.2352185651534,-834.9545444462501
10560,-2800.0,-2100.2621505322504
10561,-2800.0,-2100.2621505322504
10562,-2800.0,-2129.8873236850004
10563,-2800.0,-2129.8873236850004
10564,-2800.0,-2058.2113328447504
10565,-2800.0,-2058.2113328447504
10566,-2800.0,-2126.0110141137493
10567,-2800.0,-2126.0110141137493
10568,-2800.0,-2208.627167797178
10569,-2800.0,-2208.627167797178
10570,-2800.0,-2405.977863430749
10571,-2800.0,-2405.977863430749
10572,-2800.0,-4200.0
10573,-2800.0,-4200.0
10574,-2800.0,-4200.0
10575,-2800.0,-4200.0
10576,-2800.0,-3636.9843967282304
10577,-2800.0,-3636.9843967282304
10578,-2800.0,-3815.66498467725
10579,-2800.0,-3815.66498467725
10580,-387.6574089342912,-1830.3558805592493
10581,-387.6574089342912,-1830.3558805592493
10582,-2800.0,-1094.6768519237103
10583,-2800.0,-1094.6768519237103
10584,-956.7134030332722,1811.3487888149994
10585,-956.7134030332722,1811.3487888149994
10586,-2800.0,726.9445470511837
10587,-2800.0,726.9445470511837
10588,-2800.0,-1838.22402901655
10589,-2800.0,-1838.22402901655
10590,-2800.0,-1766.73781120075
10591,-2800.0,-1766.73781120075
10592,-2800.0,-1962.580188215
10593,-2800.0,-1962.580188215
10594,-2800.0,-1733.8782461937499
10595,-2800.0,-1733.8782461937499
10596,-2800.0,-3868.4619552037752
10597,-2800.0,-3868.4619552037752
10598,-2800.0,-3777.0771917890006
10599,-2800.0,-3777.0771917890006
10600,-2800.0,-4200.0
10601,-2800.0,-4200.0
10602,-2800.0,-2662.1009384950003
10603,-2800.0,-2662.1009384950003
10604,-2800.0,-4200.0
10605,-2800.0,-4200.0
10606,-2800.0,-1786.6021452919995
10607,-2800.0,-1786.6021452919995
10608,-2800.0,-1284.4050968137499
10609,-2800.0,-1284.4050968137499
10610,-2800.0,-2543.7842763366934
10611,-2800.0,-2543.7842763366934
10612,-2800.0,-2526.3510744379996
10613,-2800.0,-2526.3510744379996
10614,-2800.0,-1617.011321838031
10615,-2800.0,-1617.011321838031
10616,-2800.0,-3099.7837275984994
10617,-2800.0,-3099.7837275984994
10618,-2800.0,-2396.7621238332495
10619,-2800.0,-2396.7621238332495
10620,-2800.0,-2550.9983160285
10621,-2800.0,-2550.9983160285
10622,-2800.0,-3347.6111992052492
10623,-2800.0,-3347.6111992052492
10624,-2800.0,-3600.5240237352505
10625,-2800.0,-3600.5240237352505
10626,-2800.0,-2498.509370292072
10627,-2800.0,-2498.509370292072
10628,-2800.0,-1845.5617341045
10629,-2800.0,-1845.5617341045
10630,-2800.0,-1797.8751550719999
10631,-2800.0,-1797.8751550719999
10632,-2800.0,-1310.5101596240006
10633,-2800.0,-1310.5101596240006
10634,-2800.0,-1995.86074598521
10635,-2800.0,-1995.86074598521
10636,-2800.0,-2269.1988874695
10637,-2800.0,-2269.1988874695
10638,-2800.0,-2029.4008546094992
10639,-2800.0,-2029.4008546094992
10640,-2800.0,-2140.494859841001
10641,-2800.0,-2140.494859841001
10642,-2800.0,-1416.51579328775
10643,-2800.0,-1416.51579328775
10644,-2800.0,-1790.264490869
10645,-2800.0,-1790.264490869
10646,-2800.0,-2334.6354445872503
10647,-2800.0,-2334.6354445872503
10648,-2800.0,-3040.16656509775
10649,-2800.0,-3040.16656509775
10650,-2800.0,-2734.7577683367504
10651,-2800.0,-2734.7577683367504
10652,-2800.0,-1958.9984854352497
10653,-2800.0,-1958.9984854352497
10654,-2800.0,-1671.1550659212498
10655,-2800.0,-1671.1550659212498
10656,-2800.0,-1401.6495314602498
10657,-2800.0,-1401.6495314602498
10658,-2800.0,-1288.0152033169998
10659,-2800.0,-1288.0152033169998
10660,-2800.0,-1312.9664068875004
10661,-2800.0,-1312.9664068875004
10662,-2800.0,-1247.07248586875
10663,-2800.0,-1247.07248586875
10664,-2800.0,-1406.7152512485
10665,-2800.0,-1406.7152512485
10666,-2800.0,-890.058253448
10667,-2800.0,-890.058253448
10668,-2800.0,-1620.4055809855008
10669,-2800.0,-1620.4055809855008
10670,-2800.0,-2837.48113242575
10671,-2800.0,-2837.48113242575
10672,-2800.0,-3582.0943558179997
10673,-2800.0,-3582.0943558179997
10674,-2800.0,-3131.93414788325
10675,-2800.0,-3131.93414788325
10676,-2800.0,-2727.6182692439997
10677,-2800.0,-2727.6182692439997
10678,-2800.0,-895.4560336172503
10679,-2800.0,-895.4560336172503
10680,-2800.0,-2224.13160262525
10681,-2800.0,-2224.13160262525
10682,-2800.0,-1973.7471083484998
10683,-2800.0,-1973.7471083484998
10684,-2800.0,-1810.6909710322498
10685,-2800.0,-1810.6909710322498
10686,-2800.0,-1686.8218173242503
10687,-2800.0,-1686.8218173242503
10688,-2800.0,-1360.7805381664994
10689,-2800.0,-1360.7805381664994
10690,-2800.0,-2053.4601772145
10691,-2800.0,-2053.4601772145
10692,-2800.0,-2570.181286291001
10693,-2800.0,-2570.181286291001
10694,-1625.2381747585605,-2807.380246713249
10695,-1625.2381747585605,-2807.380246713249
10696,-2800.0,-3105.5428091472504
10697,-2800.0,-3105.5428091472504
10698,-2800.0,-3630.4457864195
10699,-2800.0,-3630.4457864195
10700,-2800.0,-2685.6446363987498
10701,-2800.0,-2685.6446363987498
10702,-2800.0,-723.4894376474999
10703,-2800.0,-723.4894376474999
10704,-2800.0,-423.4499318915
10705,-2800.0,-423.4499318915
10706,-2527.4102556316575,-1908.5087482705003
10707,-2527.4102556316575,-1908.5087482705003
10708,-1883.896023883197,-1541.8415706744995
10709,-1883.896023883197,-1541.8415706744995
10710,-876.8767717826777,-1375.80595755475
10711,-876.8767717826777,-1375.80595755475
10712,1545.8873345067186,-800.6145323362498
10713,1545.8873345067186,-800.6145323362498
10714,1516.4341149478205,-515.5545173180008
10715,1516.4341149478205,-515.5545173180008
10716,2676.555548236938,-946.4571256560002
10717,2676.555548236938,-946.4571256560002
10718,2800.0,-1487.1700633197506
10719,2800.0,-1487.1700633197506
10720,-2800.0,-2325.8943740649993
10721,-2800.0,-2325.8943740649993
10722,-2800.0,-993.7727909445002
10723,-2800.0,-993.7727909445002
10724,-2800.0,-2627.1307058637503
10725,-2800.0,-2627.1307058637503
10726,-2800.0,-2041.94269387025
10727,-2800.0,-2041.94269387025
10728,-2800.0,-2194.0687976429995
10729,-2800.0,-2194.0687976429995
10730,-2800.0,-988.2535270279996
10731,-2800.0,-988.2535270279996
10732,-2800.0,-1203.1566382032497
10733,-2800.0,-1203.1566382032497
10734,-2800.0,-2279.3010477336848
10735,-2800.0,-2279.3010477336848
10736,-2800.0,-3549.20183707025
10737,-2800.0,-3549.20183707025
10738,-2800.0,-2916.4712915269993
10739,-2800.0,-2916.4712915269993
10740,-2800.0,-2992.8600813031044
10741,-2800.0,-2992.8600813031044
10742,-2800.0,-4023.464533554499
10743,-2800.0,-4023.464533554499
10744,-2800.0,-2071.6569771379873
10745,-2800.0,-2071.6569771379873
10746,-2800.0,-2053.7220566607493
10747,-2800.0,-2053.7220566607493
10748,-2800.0,-1932.5386759107496
10749,-2800.0,-1932.5386759107496
10750,-2800.0,-1101.08607309525
10751,-2800.0,-1101.08607309525
10752,-2800.0,-67.62810087224989
10753,-2800.0,-67.62810087224989
10754,-2800.0,236.13092145575047
10755,-2800.0,236.13092145575047
10756,-2800.0,229.57774055749996
10757,-2800.0,229.57774055749996
10758,-2800.0,230.4583956312499
10759,-2800.0,230.4583956312499
10760,-2800.0,47.581837595500474
10761,-2800.0,47.581837595500474
10762,-2800.0,223.1646025835007
10763,-2800.0,223.1646025835007
10764,-2800.0,-1131.7657541105618
10765,-2800.0,-1131.7657541105618
10766,-2800.0,-2192.9660568459876
10767,-2800.0,-2192.9660568459876
10768,-2800.0,-1004.3956085709997
10769,-2800.0,-1004.3956085709997
10770,-2800.0,-1448.7936763547496
10771,-2800.0,-1448.7936763547496
10772,-2800.0,-2199.9883368114997
10773,-2800.0,-2199.9883368114997
10774,-2800.0,-2026.8303531770007
10775,-2800.0,-2026.8303531770007
10776,-2800.0,1043.6438566954039
10777,-2800.0,1043.6438566954039
10778,-2800.0,-1733.4231809367507
10779,-2800.0,-1733.4231809367507
10780,-2800.0,-2100.463879408
10781,-2800.0,-2100.463879408
10782,-2800.0,-1952.2060507762499
10783,-2800.0,-1952.2060507762499
10784,-2800.0,-1129.1340522922492
10785,-2800.0,-1129.1340522922492
10786,-2800.0,-4044.1445403287507
10787,-2800.0,-4044.1445403287507
10788,-2800.0,-3837.7568223734997
10789,-2800.0,-3837.7568223734997
10790,-2800.0,-3822.8010021237505
10791,-2800.0,-3822.8010021237505
10792,-2800.0,-2046.9433641762507
10793,-2800.0,-2046.9433641762507
10794,-2800.0,-3047.61304719675
10795,-2800.0,-3047.61304719675
10796,-2800.0,-3781.2124468377497
10797,-2800.0,-3781.2124468377497
10798,-2800.0,-3611.4752290097495
10799,-2800.0,-3611.4752290097495
10800,-2800.0,-3203.4881999695003
10801,-2800.0,-3203.4881999695003
10802,-2800.0,-2894.16777372875
10803,-2800.0,-2894.16777372875
10804,-2800.0,-1096.5392261714787
10805,-2800.0,-1096.5392261714787
10806,-2800.0,-3291.158279983
10807,-2800.0,-3291.158279983
10808,-2800.0,-380.4576104347798
10809,-2800.0,-380.4576104347798
10810,-2800.0,-2563.3801798637505
10811,-2800.0,-2563.3801798637505
10812,-2800.0,-2160.766831214107
10813,-2800.0,-2160.766831214107
10814,-2800.0,-2418.20269520275
10815,-2800.0,-2418.20269520275
10816,-2800.0,-2101.191159143298
10817,-2800.0,-2101.191159143298
10818,-2800.0,-1112.8352020468242
10819,-2800.0,-1112.8352020468242
10820,-2800.0,-3829.4497937814995
10821,-2800.0,-3829.4497937814995
10822,-2800.0,-927.8189389692498
10823,-2800.0,-927.8189389692498
10824,-2800.0,-3179.8393717419995
10825,-2800.0,-3179.8393717419995
10826,-2800.0,-50.25284694875063
10827,-2800.0,-50.25284694875063
10828,-2800.0,-2735.63013679575
10829,-2800.0,-2735.63013679575
10830,-2800.0,473.04523326200615
10831,-2800.0,473.04523326200615
10832,-2800.0,-825.7026294540701
10833,-2800.0,-825.7026294540701
10834,-2800.0,-3336.3658748265007
10835,-2800.0,-3336.3658748265007
10836,-2800.0,-3582.4150481250003
10837,-2800.0,-3582.4150481250003
10838,-2800.0,-3323.4402855505004
10839,-2800.0,-3323.4402855505004
10840,-2800.0,-2977.5798540515
10841,-2800.0,-2977.5798540515
10842,-2800.0,-2881.2136353742508
10843,-2800.0,-2881.2136353742508
10844,-2800.0,-3196.8623712109993
10845,-2800.0,-3196.8623712109993
10846,-2800.0,-3378.372316241501
10847,-2800.0,-3378.372316241501
10848,-2800.0,-432.82937562370535
10849,-2800.0,-432.82937562370535
10850,329.8550545424805,11.872888673999114
10851,329.8550545424805,11.872888673999114
10852,1933.3606682396203,-2602.9580417407014
10853,1933.3606682396203,-2602.9580417407014
10854,1361.1371249357617,-1137.6904489776698
10855,1361.1371249357617,-1137.6904489776698
10856,227.99592630025836,-2588.6928000214994
10857,227.99592630025836,-2588.6928000214994
10858,2800.0,-2450.2377536715003
10859,2800.0,-2450.2377536715003
10860,1885.078861337901,-4200.0
10861,1885.078861337901,-4200.0
10862,2800.0,-4118.90531704175
10863,2800.0,-4118.90531704175
10864,2800.0,-1650.9842112359993
10865,2800.0,-1650.9842112359993
10866,2800.0,-2575.308599649
10867,2800.0,-2575.308599649
10868,2800.0,-3133.3643126755005
10869,2800.0,-3133.3643126755005
10870,2800.0,-2801.92714930625
10871,2800.0,-2801.92714930625
10872,2800.0,-1384.939091083501
10873,2800.0,-1384.939091083501
10874,2800.0,-106.46252923973589
10875,2800.0,-106.46252923973589
10876,2800.0,-2279.6826376090003
10877,2800.0,-2279.6826376090003
10878,2800.0,-2223.02486064925
10879,2800.0,-2223.02486064925
10880,2800.0,-1393.0316455472498
10881,2800.0,-1393.0316455472498
10882,2800.0,-1563.007509231058
10883,2800.0,-1563.007509231058
10884,-906.6551360794169,-3967.4870561935
10885,-906.6551360794169,-3967.4870561935
10886,2800.0,-3616.56536424975
10887,2800.0,-3616.56536424975
10888,2800.0,-1507.6674020457494
10889,2800.0,-1507.6674020457494
10890,2800.0,-2201.62505459725
10891,2800.0,-2201.62505459725
10892,2800.0,-2599.9920106812497
10893,2800.0,-2599.9920106812497
10894,2800.0,-2837.3647130874997
10895,2800.0,-2837.3647130874997
10896,2800.0,-2880.0255358412496
10897,2800.0,-2880.0255358412496
10898,2800.0,-2372.13138941275
10899,2800.0,-2372.13138941275
10900,2800.0,-3624.84058198037
10901,2800.0,-3624.84058198037
10902,841.5670341156001,-3257.858184766488
10903,841.5670341156001,-3257.858184766488
10904,396.38015366817854,-4200.0
10905,396.38015366817854,-4200.0
10906,-2800.0,-4200.0
10907,-2800.0,-4200.0
10908,1982.1346129549274,-4200.0
10909,1982.1346129549274,-4200.0
10910,2800.0,-4200.0
10911,2800.0,-4200.0
10912,-2800.0,-4200.0
10913,-2800.0,-4200.0
10914,1075.225276689198,-4200.0
10915,1075.225276689198,-4200.0
10916,2800.0,-3403.6597203045
10917,2800.0,-3403.6597203045
10918,2800.0,-2658.3518466475007
10919,2800.0,-2658.3518466475007
10920,2800.0,-2175.6932718092503
10921,2800.0,-2175.6932718092503
10922,2800.0,728.1104465433591
10923,2800.0,728.1104465433591
10924,2800.0,-1914.7402492310002
10925,2800.0,-1914.7402492310002
10926,2800.0,-1929.42689429025
10927,2800.0,-1929.42689429025
10928,2800.0,-1585.3508648572497
10929,2800.0,-1585.3508648572497
10930,2800.0,-4200.0
10931,2800.0,-4200.0
10932,2800.0,-4200.0
10933,2800.0,-4200.0
10934,-2800.0,-4200.0
10935,-2800.0,-4200.0
10936,2800.0,-4200.0
10937,2800.0,-4200.0
10938,2800.0,-2026.3859051752497
10939,2800.0,-2026.3859051752497
10940,2800.0,1586.7160021353084
10941,2800.0,1586.7160021353084
10942,2800.0,-1325.9397131917494
10943,2800.0,-1325.9397131917494
10944,2800.0,-1298.7884565364998
10945,2800.0,-1298.7884565364998
10946,2800.0,-1055.3134698722497
10947,2800.0,-1055.3134698722497
10948,2800.0,-764.1918712114998
10949,2800.0,-764.1918712114998
10950,2155.7691268369126,-862.121290739
10951,2155.7691268369126,-862.121290739
10952,2800.0,-870.6371535620001
10953,2800.0,-870.6371535620001
10954,2800.0,-3888.959674177062
10955,2800.0,-3888.959674177062
10956,2800.0,-4200.0
10957,2800.0,-4200.0
10958,2800.0,-4200.0
10959,2800.0,-4200.0
10960,2659.421425869805,-2851.26571767475
10961,2659.421425869805,-2851.26571767475
10962,2800.0,-869.8807373895634
10963,2800.0,-869.8807373895634
10964,2800.0,1320.5710680529992
10965,2800.0,1320.5710680529992
10966,2800.0,-820.7155312427494
10967,2800.0,-820.7155312427494
10968,2800.0,2707.075986791991
10969,2800.0,2707.075986791991
10970,2800.0,1751.0480924885496
10971,2800.0,1751.0480924885496
10972,2800.0,-1425.4192461042499
10973,2800.0,-1425.4192461042499
10974,2800.0,1490.367670476323
10975,2800.0,1490.367670476323
10976,2800.0,-1236.9023848594989
10977,2800.0,-1236.9023848594989
10978,89.55630461853434,-2592.5611547877497
10979,89.55630461853434,-2592.5611547877497
10980,1187.9006181523218,-2981.7572723505004
10981,1187.9006181523218,-2981.7572723505004
10982,-144.84858661083854,-3668.9712587879994
10983,-144.84858661083854,-3668.9712587879994
10984,2800.0,-4000.23079882375
10985,2800.0,-4000.23079882375
10986,2800.0,-3832.375056714
10987,2800.0,-3832.375056714
10988,2800.0,-258.5413665971464
10989,2800.0,-258.5413665971464
10990,2800.0,-233.88598113374974
10991,2800.0,-233.88598113374974
10992,2800.0,-2562.9958534604993
10993,2800.0,-2562.9958534604993
10994,2800.0,-2416.94528303525
10995,2800.0,-2416.94528303525
10996,2800.0,1155.6856101472295
10997,2800.0,1155.6856101472295
10998,2600.5121357501775,-1725.9461956097498
10999,2600.5121357501775,-1725.9461956097498
11000,2800.0,-2538.02805632225
11001,2800.0,-2538.02805632225
11002,2800.0,-2734.79685670175
11003,2800.0,-2734.79685670175
11004,120.131732973623,-3185.8287165437505
11005,120.131732973623,-3185.8287165437505
11006,1204.6498246950441,-3335.1366375275
11007,1204.6498246950441,-3335.1366375275
11008,2800.0,-3177.5076560755006
11009,2800.0,-3177.5076560755006
11010,2800.0,-3239.769644457
11011,2800.0,-3239.769644457
11012,2800.0,-3355.2308373045003
11013,2800.0,-3355.2308373045003
11014,2800.0,-2949.8637547867497
11015,2800.0,-2949.8637547867497
11016,2800.0,-2251.6757372167494
11017,2800.0,-2251.6757372167494
11018,2800.0,-1860.50181350575
11019,2800.0,-1860.50181350575
11020,2800.0,-1843.1320947375
11021,2800.0,-1843.1320947375
11022,2800.0,-1578.2990973977498
11023,2800.0,-1578.2990973977498
11024,410.7260587471601,-1038.6771864092507
11025,410.7260587471601,-1038.6771864092507
11026,2800.0,-1976.4115282751482
11027,2800.0,-1976.4115282751482
11028,2800.0,-4200.0
11029,2800.0,-4200.0
11030,2800.0,-4200.0
11031,2800.0,-4200.0
11032,2800.0,-2656.8900644315
11033,2800.0,-2656.8900644315
11034,2800.0,-2775.7266866362493
11035,2800.0,-2775.7266866362493
11036,2800.0,-1896.1347023202497
11037,2800.0,-1896.1347023202497
11038,2800.0,-941.6857887992492
11039,2800.0,-941.6857887992492
11040,2800.0,-1083.07197710125
11041,2800.0,-1083.07197710125
11042,2800.0,-705.8264060500001
11043,2800.0,-705.8264060500001
11044,2800.0,-757.1765620592496
11045,2800.0,-757.1765620592496
11046,2800.0,-1123.7597504484997
11047,2800.0,-1123.7597504484997
11048,2800.0,-1429.0480239255003
11049,2800.0,-1429.0480239255003
11050,2800.0,-1947.8247244672502
11051,2800.0,-1947.8247244672502
11052,2800.0,-4200.0
11053,2800.0,-4200.0
11054,2800.0,-2206.205524954159
11055,2800.0,-2206.205524954159
11056,2800.0,-2098.7196580897503
11057,2800.0,-2098.7196580897503
11058,2800.0,-2071.1656429005006
11059,2800.0,-2071.1656429005006
11060,2800.0,-2343.28593432425
11061,2800.0,-2343.28593432425
11062,2800.0,-2277.6253478890003
11063,2800.0,-2277.6253478890003
11064,2800.0,-2022.0539665695
11065,2800.0,-2022.0539665695
11066,2800.0,-2029.4028648017502
11067,2800.0,-2029.4028648017502
11068,2800.0,-1958.9849355547503
11069,2800.0,-1958.9849355547503
11070,2800.0,-1840.714538454
11071,2800.0,-1840.714538454
11072,2800.0,-2949.0776189393237
11073,2800.0,-2949.0776189393237
11074,2800.0,-4200.0
11075,2800.0,-4200.0
11076,2800.0,-3414.46692014952
11077,2800.0,-3414.46692014952
11078,2554.9172734477397,-4200.0
11079,2554.9172734477397,-4200.0
11080,2800.0,-3795.213245210288
11081,2800.0,-3795.213245210288
11082,830.0667553513013,-3902.6813249879997
11083,830.0667553513013,-3902.6813249879997
11084,2800.0,-4061.039507138249
11085,2800.0,-4061.039507138249
11086,2800.0,-3805.26563525875
11087,2800.0,-3805.26563525875
11088,2800.0,-1406.8093562354059
11089,2800.0,-1406.8093562354059
11090,2800.0,-671.8621058288281
11091,2800.0,-671.8621058288281
11092,2800.0,-1582.0287779695
11093,2800.0,-1582.0287779695
11094,2800.0,-1884.7284704474996
11095,2800.0,-1884.7284704474996
11096,-2350.033365767318,-1312.4177141707496
11097,-2350.033365767318,-1312.4177141707496
11098,817.850164248686,-3604.4982736047505
11099,817.850164248686,-3604.4982736047505
11100,433.7339044435994,-3883.3649387575006
11101,433.7339044435994,-3883.3649387575006
11102,1072.3852684497688,-4200.0
11103,1072.3852684497688,-4200.0
11104,-818.9751518400772,-4200.0
11105,-818.9751518400772,-4200.0
11106,-851.8236010865667,-3538.0655425795003
11107,-851.8236010865667,-3538.0655425795003
11108,2800.0,-2611.4607465032504
11109,2800.0,-2611.4607465032504
11110,2800.0,-1865.1277855727503
11111,2800.0,-1865.1277855727503
11112,2122.047179422332,-1174.9774068082497
11113,2122.047179422332,-1174.9774068082497
11114,597.1385304997539,-1418.5966745387495
11115,597.1385304997539,-1418.5966745387495
11116,-339.4594993843989,-1503.3524920295
11117,-339.4594993843989,-1503.3524920295
11118,1705.0594805400633,-1981.5329862507497
11119,1705.0594805400633,-1981.5329862507497
11120,-413.4341202018704,-1572.3730855200001
11121,-413.4341202018704,-1572.3730855200001
11122,2087.8780048642,-1524.3488282907501
11123,2087.8780048642,-1524.3488282907501
11124,2800.0,-4200.0
11125,2800.0,-4200.0
11126,2800.0,-3227.0913053327495
11127,2800.0,-3227.0913053327495
11128,1178.7763749209926,-3577.5797951785
11129,1178.7763749209926,-3577.5797951785
11130,2800.0,-4102.233218952249
11131,2800.0,-4102.233218952249
11132,2800.0,-3195.6584719291186
11133,2800.0,-3195.6584719291186
11134,2800.0,-2234.483127609168
11135,2800.0,-2234.483127609168
11136,2800.0,-3396.091290530033
11137,2800.0,-3396.091290530033
11138,2800.0,-3599.20075408825
11139,2800.0,-3599.20075408825
11140,2800.0,-3229.3356754920005
11141,2800.0,-3229.3356754920005
11142,2800.0,-3648.25925044925
11143,2800.0,-3648.25925044925
11144,2800.0,-3709.7899197974994
11145,2800.0,-3709.7899197974994
11146,2800.0,-2806.4017182796233
11147,2800.0,-2806.4017182796233
11148,2800.0,-3697.3131576124997
11149,2800.0,-3697.3131576124997
11150,2800.0,-3908.042247731
11151,2800.0,-3908.042247731
11152,2800.0,-2537.0635082434765
11153,2800.0,-2537.0635082434765
11154,2800.0,-2402.6566969937494
11155,2800.0,-2402.6566969937494
11156,2800.0,200.5404804702921
11157,2800.0,200.5404804702921
11158,2800.0,-4080.936218497
11159,2800.0,-4080.936218497
11160,2800.0,-3548.1363409819996
11161,2800.0,-3548.1363409819996
11162,2800.0,-3359.3349787032507
11163,2800.0,-3359.3349787032507
11164,2800.0,-3033.2902338107497
11165,2800.0,-3033.2902338107497
11166,2800.0,-3524.898725563
11167,2800.0,-3524.898725563
11168,2800.0,-3913.6665231334996
11169,2800.0,-3913.6665231334996
11170,2800.0,-3754.7410784149997
11171,2800.0,-3754.7410784149997
11172,2800.0,-3979.9467782084994
11173,2800.0,-3979.9467782084994
11174,2800.0,-4177.02142190925
11175,2800.0,-4177.02142190925
11176,2800.0,-3876.1345258222495
11177,2800.0,-3876.1345258222495
11178,2800.0,-2285.3668775060005
11179,2800.0,-2285.3668775060005
11180,2800.0,-2498.5748890929062
11181,2800.0,-2498.5748890929062
11182,2800.0,-2129.811019557661
11183,2800.0,-2129.811019557661
11184,2800.0,1062.9455784327504
11185,2800.0,1062.9455784327504
11186,2800.0,-751.3901903970827
11187,2800.0,-751.3901903970827
11188,2800.0,-1839.6702199105912
11189,2800.0,-1839.6702199105912
11190,2800.0,-1372.9563035497208
11191,2800.0,-1372.9563035497208
11192,2800.0,-2059.7150467505
11193,2800.0,-2059.7150467505
11194,2800.0,-2190.7461402892495
11195,2800.0,-2190.7461402892495
11196,2800.0,-2523.2441382742495
11197,2800.0,-2523.2441382742495
11198,2800.0,-3028.36911027525
11199,2800.0,-3028.36911027525
11200,2800.0,-2927.9781784045003
11201,2800.0,-2927.9781784045003
11202,2800.0,-1147.492983564859
11203,2800.0,-1147.492983564859
11204,2800.0,1228.3101002665003
11205,2800.0,1228.3101002665003
11206,2800.0,1807.2816749202502
11207,2800.0,1807.2816749202502
11208,2800.0,-126.28739390794817
11209,2800.0,-126.28739390794817
11210,2800.0,-1507.1290813902501
11211,2800.0,-1507.1290813902501
11212,2800.0,-1471.44842143375
11213,2800.0,-1471.44842143375
11214,2800.0,-1876.9738537287494
11215,2800.0,-1876.9738537287494
11216,2800.0,-1584.0481020099996
11217,2800.0,-1584.0481020099996
11218,2800.0,-1590.0887733167497
11219,2800.0,-1590.0887733167497
11220,2800.0,-4200.0
11221,2800.0,-4200.0
11222,2800.0,-3524.236237300116
11223,2800.0,-3524.236237300116
11224,2800.0,-2632.7239034500008
11225,2800.0,-2632.7239034500008
11226,2800.0,-3521.2767014090005
11227,2800.0,-3521.2767014090005
11228,2800.0,-3338.5023879525
11229,2800.0,-3338.5023879525
11230,2800.0,-1870.7465778665
11231,2800.0,-1870.7465778665
11232,2800.0,-1025.1428888722498
11233,2800.0,-1025.1428888722498
11234,2800.0,-961.8952995612499
11235,2800.0,-961.8952995612499
11236,2800.0,-1228.6556301225
11237,2800.0,-1228.6556301225
11238,2800.0,-2153.7062220925
11239,2800.0,-2153.7062220925
11240,-528.6139460184531,-4200.0
11241,-528.6139460184531,-4200.0
11242,-2117.2164483250135,-3581.50678601425
11243,-2117.2164483250135,-3581.50678601425
11244,-2800.0,-4027.614658941
11245,-2800.0,-4027.614658941
11246,-2800.0,-4200.0
11247,-2800.0,-4200.0
11248,-2551.201420105359,-4200.0
11249,-2551.201420105359,-4200.0
11250,307.9144818918212,-4200.0
11251,307.9144818918212,-4200.0
11252,2020.9747714311252,-4200.0
11253,2020.9747714311252,-4200.0
11254,2800.0,-3136.5240549662503
11255,2800.0,-3136.5240549662503
11256,2800.0,-1949.0706578529998
11257,2800.0,-1949.0706578529998
11258,2800.0,-1255.0801426257508
11259,2800.0,-1255.0801426257508
11260,2800.0,-1199.98856947675
11261,2800.0,-1199.98856947675
11262,2800.0,-1988.8497085500003
11263,2800.0,-1988.8497085500003
11264,2800.0,-2374.7376382679995
11265,2800.0,-2374.7376382679995
11266,-2800.0,-4200.0
11267,-2800.0,-4200.0
11268,-2800.0,-4200.0
11269,-2800.0,-4200.0
11270,-2800.0,-4200.0
11271,-2800.0,-4200.0
11272,2800.0,-4200.0
11273,2800.0,-4200.0
11274,2800.0,-3952.81756222675
11275,2800.0,-3952.81756222675
11276,2800.0,-3112.3195463210004
11277,2800.0,-3112.3195463210004
11278,2800.0,-2570.5909644887497
11279,2800.0,-2570.5909644887497
11280,2800.0,-3025.8135171880003
11281,2800.0,-3025.8135171880003
11282,2800.0,-2981.2202883842497
11283,2800.0,-2981.2202883842497
11284,2800.0,-3281.62390807575
11285,2800.0,-3281.62390807575
11286,2800.0,-3427.265710593492
11287,2800.0,-3427.265710593492
11288,2800.0,-4200.0
11289,2800.0,-4200.0
11290,2800.0,-3796.239826890229
11291,2800.0,-3796.239826890229
11292,2800.0,-4200.0
11293,2800.0,-4200.0
11294,2800.0,-4200.0
11295,2800.0,-4200.0
11296,2800.0,-3174.804228115501
11297,2800.0,-3174.804228115501
11298,2800.0,-295.46350073524945
11299,2800.0,-295.46350073524945
11300,2800.0,-1853.3916136619991
11301,2800.0,-1853.3916136619991
11302,2800.0,-4005.1486637464996
11303,2800.0,-4005.1486637464996
11304,2800.0,-2257.13020909275
11305,2800.0,-2257.13020909275
11306,2800.0,-3273.4796839090222
11307,2800.0,-3273.4796839090222
11308,2800.0,-1435.7355901693763
11309,2800.0,-1435.7355901693763
11310,2800.0,-3722.953198337
11311,2800.0,-3722.953198337
11312,2800.0,-2100.9625926424997
11313,2800.0,-2100.9625926424997
11314,2800.0,-3250.9522309207496
11315,2800.0,-3250.9522309207496
11316,2800.0,-2982.26759153075
11317,2800.0,-2982.26759153075
11318,2800.0,-2785.93785741825
11319,2800.0,-2785.93785741825
11320,2800.0,-3010.3279147549997
11321,2800.0,-3010.3279147549997
11322,2800.0,-3227.535636764631
11323,2800.0,-3227.535636764631
11324,2800.0,-4111.552814681
11325,2800.0,-4111.552814681
11326,2800.0,-4086.73105686925
11327,2800.0,-4086.73105686925
11328,2800.0,-2435.5717245439773
11329,2800.0,-2435.5717245439773
11330,2800.0,-3608.8246103632496
11331,2800.0,-3608.8246103632496
11332,2800.0,-3373.2696186057497
11333,2800.0,-3373.2696186057497
11334,2800.0,-3851.377777428501
11335,2800.0,-3851.377777428501
11336,2800.0,-3951.916382936
11337,2800.0,-3951.916382936
11338,2800.0,-3529.6897984897505
11339,2800.0,-3529.6897984897505
11340,2800.0,-2942.32992418875
11341,2800.0,-2942.32992418875
11342,2800.0,-2659.376610448
11343,2800.0,-2659.376610448
11344,2800.0,-2832.99708774
11345,2800.0,-2832.99708774
11346,2800.0,-3600.6328079879995
11347,2800.0,-3600.6328079879995
11348,2800.0,-3047.9067983645527
11349,2800.0,-3047.9067983645527
11350,2800.0,-3412.2988561412503
11351,2800.0,-3412.2988561412503
11352,2800.0,-404.1019133455002
11353,2800.0,-404.1019133455002
11354,2800.0,-2540.49001348875
11355,2800.0,-2540.49001348875
11356,2800.0,-2469.1269255652496
11357,2800.0,-2469.1269255652496
11358,2800.0,-2332.7271755784996
11359,2800.0,-2332.7271755784996
11360,2800.0,-1826.8194650000005
11361,2800.0,-1826.8194650000005
11362,2800.0,-1414.8210456052366
11363,2800.0,-1414.8210456052366
11364,2800.0,-3208.073202134
11365,2800.0,-3208.073202134
11366,2800.0,-3007.3125640427497
11367,2800.0,-3007.3125640427497
11368,2800.0,-967.8923306190009
11369,2800.0,-967.8923306190009
11370,2800.0,-2963.43220409025
11371,2800.0,-2963.43220409025
11372,2800.0,-3549.2519476217503
11373,2800.0,-3549.2519476217503
11374,2800.0,-3547.4296156057503
11375,2800.0,-3547.4296156057503
11376,2800.0,-3372.0450113785
11377,2800.0,-3372.0450113785
11378,2800.0,-3234.8632796105003
11379,2800.0,-3234.8632796105003
11380,2800.0,-3102.9053643244997
11381,2800.0,-3102.9053643244997
11382,2800.0,-2749.5724624649997
11383,2800.0,-2749.5724624649997
11384,2800.0,-2798.35856721025
11385,2800.0,-2798.35856721025
11386,2800.0,-4200.0
11387,2800.0,-4200.0
11388,-1395.4548312989318,-4200.0
11389,-1395.4548312989318,-4200.0
11390,2800.0,-4200.0
11391,2800.0,-4200.0
11392,2800.0,-2368.6203835202496
11393,2800.0,-2368.6203835202496
11394,2800.0,-3128.3254838602497
11395,2800.0,-3128.3254838602497
11396,2800.0,-1138.216298211586
11397,2800.0,-1138.216298211586
11398,2800.0,-3255.2734617404994
11399,2800.0,-3255.2734617404994
11400,2800.0,-3144.5178237929995
11401,2800.0,-3144.5178237929995
11402,2800.0,-3205.5015139037496
11403,2800.0,-3205.5015139037496
11404,2800.0,-2922.70923630025
11405,2800.0,-2922.70923630025
11406,2800.0,-3405.0156712874996
11407,2800.0,-3405.0156712874996
11408,2800.0,-3527.907690049501
11409,2800.0,-3527.907690049501
11410,2800.0,-4121.3396321213295
11411,2800.0,-4121.3396321213295
11412,2800.0,-3463.3172971009735
11413,2800.0,-3463.3172971009735
11414,2800.0,-3586.9358261422503
11415,2800.0,-3586.9358261422503
11416,2800.0,-4200.0
11417,2800.0,-4200.0
11418,2800.0,-3513.2183039175
11419,2800.0,-3513.2183039175
11420,2800.0,-4029.6611530807504
11421,2800.0,-4029.6611530807504
11422,2800.0,-3687.79547003775
11423,2800.0,-3687.79547003775
11424,2800.0,-3373.770215095249
11425,2800.0,-3373.770215095249
11426,2800.0,-3011.4280599394997
11427,2800.0,-3011.4280599394997
11428,2800.0,-2797.7032220145006
11429,2800.0,-2797.7032220145006
11430,2800.0,-3021.0439208399994
11431,2800.0,-3021.0439208399994
11432,2800.0,-3404.5920609537498
11433,2800.0,-3404.5920609537498
11434,2800.0,-4200.0
11435,2800.0,-4200.0
11436,-2800.0,-4200.0
11437,-2800.0,-4200.0
11438,-2800.0,-4200.0
11439,-2800.0,-4200.0
11440,2800.0,-4200.0
11441,2800.0,-4200.0
11442,2800.0,-4200.0
11443,2800.0,-4200.0
11444,2800.0,-4200.0
11445,2800.0,-4200.0
11446,2800.0,-4122.416654185
11447,2800.0,-4122.416654185
11448,2800.0,-2555.1483584808457
11449,2800.0,-2555.1483584808457
11450,2800.0,-3380.4399156165005
11451,2800.0,-3380.4399156165005
11452,2800.0,-3161.2194838332503
11453,2800.0,-3161.2194838332503
11454,2800.0,-3591.0013402054997
11455,2800.0,-3591.0013402054997
11456,2800.0,-3199.5549640359995
11457,2800.0,-3199.5549640359995
11458,2800.0,-2757.2717554795
11459,2800.0,-2757.2717554795
11460,2800.0,-4200.0
11461,2800.0,-4200.0
11462,2800.0,-4200.0
11463,2800.0,-4200.0
11464,2800.0,-2858.66688992275
11465,2800.0,-2858.66688992275
11466,2800.0,-3157.0566569937496
11467,2800.0,-3157.0566569937496
11468,2800.0,-3720.5705254985005
11469,2800.0,-3720.5705254985005
11470,2800.0,-3670.7927300754995
11471,2800.0,-3670.7927300754995
11472,2800.0,-3685.7172197345
11473,2800.0,-3685.7172197345
11474,2800.0,-3643.115615874
11475,2800.0,-3643.115615874
11476,2800.0,-2169.2885338346723
11477,2800.0,-2169.2885338346723
11478,2800.0,-809.2729384655004
11479,2800.0,-809.2729384655004
11480,2800.0,-3696.7933359952503
11481,2800.0,-3696.7933359952503
11482,2800.0,-2975.9576936675003
11483,2800.0,-2975.9576936675003
11484,2800.0,-3027.5162536947505
11485,2800.0,-3027.5162536947505
11486,2800.0,-3378.730796768
11487,2800.0,-3378.730796768
11488,2800.0,-3484.6868447005
11489,2800.0,-3484.6868447005
11490,2800.0,-812.4038527212497
11491,2800.0,-812.4038527212497
11492,2800.0,-2453.974588940984
11493,2800.0,-2453.974588940984
11494,2800.0,-1298.506923609748
11495,2800.0,-1298.506923609748
11496,2800.0,-3906.7706223665
11497,2800.0,-3906.7706223665
11498,2800.0,108.49870498175005
11499,2800.0,108.49870498175005
11500,2800.0,-2172.27863408389
11501,2800.0,-2172.27863408389
11502,2800.0,-2319.6995674792415
11503,2800.0,-2319.6995674792415
11504,2800.0,-3959.8039596336785
11505,2800.0,-3959.8039596336785
11506,2800.0,-2973.428478500071
11507,2800.0,-2973.428478500071
11508,2800.0,-3873.7703057729996
11509,2800.0,-3873.7703057729996
11510,2800.0,-3762.766049002249
11511,2800.0,-3762.766049002249
11512,2800.0,-3606.7397556097503
11513,2800.0,-3606.7397556097503
11514,2800.0,-1004.2693125269993
11515,2800.0,-1004.2693125269993
11516,2800.0,-2303.3598475465
11517,2800.0,-2303.3598475465
11518,2800.0,859.3003265037505
11519,2800.0,859.3003265037505
11520,2800.0,-2972.3865732974996
11521,2800.0,-2972.3865732974996
11522,2800.0,-2705.9566042260003
11523,2800.0,-2705.9566042260003
11524,2800.0,-2427.1631505664354
11525,2800.0,-2427.1631505664354
11526,2800.0,-2345.710574372977
11527,2800.0,-2345.710574372977
11528,2800.0,-4200.0
11529,2800.0,-4200.0
11530,2800.0,-1690.7936739750257
11531,2800.0,-1690.7936739750257
11532,2800.0,-2715.861283833249
11533,2800.0,-2715.861283833249
11534,2800.0,-3029.39595904575
11535,2800.0,-3029.39595904575
11536,2800.0,-4200.0
11537,2800.0,-4200.0
11538,2800.0,-2055.05489350475
11539,2800.0,-2055.05489350475
11540,2800.0,-1652.7111731515001
11541,2800.0,-1652.7111731515001
11542,2800.0,-747.5219411667504
11543,2800.0,-747.5219411667504
11544,2800.0,-898.5221958317497
11545,2800.0,-898.5221958317497
11546,2800.0,-1367.0077949757501
11547,2800.0,-1367.0077949757501
11548,2800.0,-2184.5935851032245
11549,2800.0,-2184.5935851032245
11550,2800.0,-1689.0926607874571
11551,2800.0,-1689.0926607874571
11552,2800.0,-1372.7956632712494
11553,2800.0,-1372.7956632712494
11554,2800.0,-1533.647601064
11555,2800.0,-1533.647601064
11556,2800.0,-902.241907579999
11557,2800.0,-902.241907579999
11558,2800.0,-1269.9577963852425
11559,2800.0,-1269.9577963852425
11560,2800.0,-4200.0
11561,2800.0,-4200.0
11562,2800.0,-2912.8256963347494
11563,2800.0,-2912.8256963347494
11564,2800.0,-3432.44101911625
11565,2800.0,-3432.44101911625
11566,2800.0,-2912.3302359335003
11567,2800.0,-2912.3302359335003
11568,2800.0,-2759.6457795862493
11569,2800.0,-2759.6457795862493
11570,2800.0,-4200.0
11571,2800.0,-4200.0
11572,2800.0,-4200.0
11573,2800.0,-4200.0
11574,2800.0,-4200.0
11575,2800.0,-4200.0
11576,1007.405785199524,-4200.0
11577,1007.405785199524,-4200.0
11578,196.78389316728135,-4200.0
11579,196.78389316728135,-4200.0
11580,344.2459145826722,-4200.0
11581,344.2459145826722,-4200.0
11582,2800.0,-4200.0
11583,2800.0,-4200.0
11584,2800.0,-4200.0
11585,2800.0,-4200.0
11586,2800.0,-4200.0
11587,2800.0,-4200.0
11588,2800.0,-4200.0
11589,2800.0,-4200.0
11590,2800.0,-4200.0
11591,2800.0,-4200.0
11592,2800.0,-3605.5714247837495
11593,2800.0,-3605.5714247837495
11594,2800.0,-2217.7306041147876
11595,2800.0,-2217.7306041147876
11596,2800.0,-3285.6224745229997
11597,2800.0,-3285.6224745229997
11598,2800.0,-3798.4435217649993
11599,2800.0,-3798.4435217649993
11600,2800.0,-4200.0
11601,2800.0,-4200.0
11602,2800.0,-4200.0
11603,2800.0,-4200.0
11604,2800.0,-4200.0
11605,2800.0,-4200.0
11606,2800.0,-4200.0
11607,2800.0,-4200.0
11608,2800.0,-2782.315614880249
11609,2800.0,-2782.315614880249
11610,2800.0,-578.3602125202833
11611,2800.0,-578.3602125202833
11612,2800.0,-1879.0362799149998
11613,2800.0,-1879.0362799149998
11614,2800.0,679.777399899971
11615,2800.0,679.777399899971
11616,2800.0,-3515.16090225575
11617,2800.0,-3515.16090225575
11618,2800.0,-958.6099168755004
11619,2800.0,-958.6099168755004
11620,2800.0,-397.85427473699974
11621,2800.0,-397.85427473699974
11622,2800.0,-3356.3836768039996
11623,2800.0,-3356.3836768039996
11624,2800.0,-920.9931988338976
11625,2800.0,-920.9931988338976
11626,2800.0,-3162.2940889072497
11627,2800.0,-3162.2940889072497
11628,2800.0,-4200.0
11629,2800.0,-4200.0
11630,2800.0,-4200.0
11631,2800.0,-4200.0
11632,2800.0,-2730.3667883655
11633,2800.0,-2730.3667883655
11634,2800.0,-3189.511343568064
11635,2800.0,-3189.511343568064
11636,2800.0,-3072.8807917563986
11637,2800.0,-3072.8807917563986
11638,2800.0,-802.9720977849997
11639,2800.0,-802.9720977849997
11640,2800.0,771.4389425545
11641,2800.0,771.4389425545
11642,2800.0,-810.9764078827507
11643,2800.0,-810.9764078827507
11644,2800.0,-479.0920214722505
11645,2800.0,-479.0920214722505
11646,2800.0,-3737.89075933875
11647,2800.0,-3737.89075933875
11648,2800.0,-2766.2024169481865
11649,2800.0,-2766.2024169481865
11650,2800.0,-2804.966194515
11651,2800.0,-2804.966194515
11652,2800.0,-4200.0
11653,2800.0,-4200.0
11654,2800.0,-3290.891296675709
11655,2800.0,-3290.891296675709
11656,2800.0,-3112.3445398297495
11657,2800.0,-3112.3445398297495
11658,2800.0,-3358.8691960955002
11659,2800.0,-3358.8691960955002
11660,2800.0,-2496.240398272621
11661,2800.0,-2496.240398272621
11662,2800.0,-2578.2793778249907
11663,2800.0,-2578.2793778249907
11664,2800.0,-2950.4447376085
11665,2800.0,-2950.4447376085
11666,2800.0,-2897.9202113842493
11667,2800.0,-2897.9202113842493
11668,2800.0,-2712.0723887765
11669,2800.0,-2712.0723887765
11670,2800.0,-2461.123594351
11671,2800.0,-2461.123594351
11672,2800.0,-4200.0
11673,2800.0,-4200.0
11674,2800.0,-4200.0
11675,2800.0,-4200.0
11676,2082.0268851961373,-4200.0
11677,2082.0268851961373,-4200.0
11678,2800.0,-4200.0
11679,2800.0,-4200.0
11680,2800.0,-3794.045766863121
11681,2800.0,-3794.045766863121
11682,2800.0,-4075.4797784485
11683,2800.0,-4075.4797784485
11684,2800.0,-3917.2053603555005
11685,2800.0,-3917.2053603555005
11686,2800.0,-2146.119893059873
11687,2800.0,-2146.119893059873
11688,2800.0,-3197.7262876732498
11689,2800.0,-3197.7262876732498
11690,2800.0,-3104.71755683225
11691,2800.0,-3104.71755683225
11692,2800.0,-2697.5902019845
11693,2800.0,-2697.5902019845
11694,2800.0,-2615.1635697822508
11695,2800.0,-2615.1635697822508
11696,2800.0,-2154.86694255125
11697,2800.0,-2154.86694255125
11698,2800.0,-4180.164090628
11699,2800.0,-4180.164090628
11700,2800.0,-4148.63115719825
11701,2800.0,-4148.63115719825
11702,2800.0,-4200.0
11703,2800.0,-4200.0
11704,2800.0,-2003.38446161725
11705,2800.0,-2003.38446161725
11706,2800.0,-2471.8935995405
11707,2800.0,-2471.8935995405
11708,2800.0,-3107.942115199
11709,2800.0,-3107.942115199
11710,2800.0,-3078.28879894825
11711,2800.0,-3078.28879894825
11712,2800.0,-3005.03520217925
11713,2800.0,-3005.03520217925
11714,2800.0,-2689.6327923335
11715,2800.0,-2689.6327923335
11716,2800.0,-2334.556277549
11717,2800.0,-2334.556277549
11718,2800.0,-2124.4834590337496
11719,2800.0,-2124.4834590337496
11720,2800.0,-1692.1567884765
11721,2800.0,-1692.1567884765
11722,2800.0,-1543.9121242455003
11723,2800.0,-1543.9121242455003
11724,2800.0,-1675.0216825155003
11725,2800.0,-1675.0216825155003
11726,2800.0,-1785.1078773587496
11727,2800.0,-1785.1078773587496
11728,2800.0,-2370.0593202342498
11729,2800.0,-2370.0593202342498
11730,2800.0,-2577.5422996138914
11731,2800.0,-2577.5422996138914
11732,2800.0,-587.7736160947493
11733,2800.0,-587.7736160947493
11734,2800.0,24.476616818249568
11735,2800.0,24.476616818249568
11736,2800.0,-829.2008380274874
11737,2800.0,-829.2008380274874
11738,2800.0,-1889.589975941
11739,2800.0,-1889.589975941
11740,2800.0,-891.5133115727504
11741,2800.0,-891.5133115727504
11742,2800.0,-3817.9963842492507
11743,2800.0,-3817.9963842492507
11744,-875.3040133046316,-3586.2988646862495
11745,-875.3040133046316,-3586.2988646862495
11746,540.7476375156575,-3219.5199557219994
11747,540.7476375156575,-3219.5199557219994
11748,-2800.0,-2561.7580210295
11749,-2800.0,-2561.7580210295
11750,-2800.0,-2429.868191512751
11751,-2800.0,-2429.868191512751
11752,-2800.0,-2470.59341277
11753,-2800.0,-2470.59341277
11754,-2800.0,-3363.0742572010004
11755,-2800.0,-3363.0742572010004
11756,2800.0,-4062.7097463990003
11757,2800.0,-4062.7097463990003
11758,2800.0,-4200.0
11759,2800.0,-4200.0
11760,2800.0,-2214.2790014095
11761,2800.0,-2214.2790014095
11762,2800.0,-2663.957629295999
11763,2800.0,-2663.957629295999
11764,2800.0,-2996.0728351534995
11765,2800.0,-2996.0728351534995
11766,2800.0,-3798.73049042425
11767,2800.0,-3798.73049042425
11768,2800.0,-3415.591081443499
11769,2800.0,-3415.591081443499
11770,2800.0,-3357.7031587013953
11771,2800.0,-3357.7031587013953
11772,2800.0,-4200.0
11773,2800.0,-4200.0
11774,2800.0,-4200.0
11775,2800.0,-4200.0
11776,2800.0,-4200.0
11777,2800.0,-4200.0
11778,2800.0,-3271.52252613025
11779,2800.0,-3271.52252613025
11780,2800.0,-3717.626867610501
11781,2800.0,-3717.626867610501
11782,2800.0,-3883.9675264902494
11783,2800.0,-3883.9675264902494
11784,2800.0,-3552.96955699775
11785,2800.0,-3552.96955699775
11786,2800.0,-3563.9437972762494
11787,2800.0,-3563.9437972762494
11788,2800.0,-3138.3983148252505
11789,2800.0,-3138.3983148252505
11790,2800.0,-3046.9287554772504
11791,2800.0,-3046.9287554772504
11792,2800.0,-3514.6168010190004
11793,2800.0,-3514.6168010190004
11794,2800.0,-2999.5102811909996
11795,2800.0,-2999.5102811909996
11796,2800.0,-3020.1768876700003
11797,2800.0,-3020.1768876700003
11798,2800.0,-3205.797486261499
11799,2800.0,-3205.797486261499
11800,2800.0,-3378.6332148927504
11801,2800.0,-3378.6332148927504
11802,2800.0,-3846.1566556057505
11803,2800.0,-3846.1566556057505
11804,2800.0,-3805.044606375188
11805,2800.0,-3805.044606375188
11806,2800.0,-2761.600055919853
11807,2800.0,-2761.600055919853
11808,2800.0,-2589.103199846
11809,2800.0,-2589.103199846
11810,2800.0,-1953.0289730857503
11811,2800.0,-1953.0289730857503
11812,2800.0,-1414.6009076750001
11813,2800.0,-1414.6009076750001
11814,2800.0,-1945.8803073105
11815,2800.0,-1945.8803073105
11816,2800.0,-1878.84135306375
11817,2800.0,-1878.84135306375
11818,2800.0,-1515.5780119477859
11819,2800.0,-1515.5780119477859
11820,22.863232056521156,-3324.5206367779992
11821,22.863232056521156,-3324.5206367779992
11822,2800.0,-3167.6430583782503
11823,2800.0,-3167.6430583782503
11824,2800.0,-738.7474369740003
11825,2800.0,-738.7474369740003
11826,2800.0,-679.6456154982498
11827,2800.0,-679.6456154982498
11828,2800.0,-2871.157811192999
11829,2800.0,-2871.157811192999
11830,2800.0,-2010.8773857909996
11831,2800.0,-2010.8773857909996
11832,2800.0,-1785.2649123267502
11833,2800.0,-1785.2649123267502
11834,2800.0,-1999.3892755260003
11835,2800.0,-1999.3892755260003
11836,2800.0,-2146.1976922354993
11837,2800.0,-2146.1976922354993
11838,2800.0,-2566.53625551875
11839,2800.0,-2566.53625551875
11840,2800.0,-2396.47970978275
11841,2800.0,-2396.47970978275
11842,2375.610340805859,-4200.0
11843,2375.610340805859,-4200.0
11844,2800.0,-4200.0
11845,2800.0,-4200.0
11846,-724.1979587140704,-4200.0
11847,-724.1979587140704,-4200.0
11848,2800.0,-2796.0334367407495
11849,2800.0,-2796.0334367407495
11850,2800.0,-345.50627485125005
11851,2800.0,-345.50627485125005
11852,2800.0,-596.7104672222504
11853,2800.0,-596.7104672222504
11854,2800.0,-443.86371052799996
11855,2800.0,-443.86371052799996
11856,2800.0,-2631.9354084981624
11857,2800.0,-2631.9354084981624
11858,2800.0,715.290618217834
11859,2800.0,715.290618217834
11860,2800.0,-2721.926903134
11861,2800.0,-2721.926903134
11862,2800.0,-2310.34589877675
11863,2800.0,-2310.34589877675
11864,2800.0,-209.4392603167762
11865,2800.0,-209.4392603167762
11866,2800.0,-2375.16084204
11867,2800.0,-2375.16084204
11868,2800.0,-2489.493072612
11869,2800.0,-2489.493072612
11870,2800.0,-2684.7899555869994
11871,2800.0,-2684.7899555869994
11872,2800.0,-2859.7837559402496
11873,2800.0,-2859.7837559402496
11874,2800.0,-2865.00964159975
11875,2800.0,-2865.00964159975
11876,2800.0,-2972.76536317775
11877,2800.0,-2972.76536317775
11878,2800.0,-2842.356644114
11879,2800.0,-2842.356644114
11880,2800.0,651.0228915609996
11881,2800.0,651.0228915609996
11882,2800.0,-2128.606078132
11883,2800.0,-2128.606078132
11884,2800.0,-2307.32278249
11885,2800.0,-2307.32278249
11886,2800.0,1358.6474423209547
11887,2800.0,1358.6474423209547
11888,2800.0,-2027.7876784444998
11889,2800.0,-2027.7876784444998
11890,2800.0,-1948.0039991497497
11891,2800.0,-1948.0039991497497
11892,2800.0,-3461.0197119294207
11893,2800.0,-3461.0197119294207
11894,2800.0,-2079.2624982990164
11895,2800.0,-2079.2624982990164
11896,2800.0,-1957.4540834744994
11897,2800.0,-1957.4540834744994
11898,2800.0,-1346.5046132592508
11899,2800.0,-1346.5046132592508
11900,2800.0,-2554.94642316125
11901,2800.0,-2554.94642316125
11902,2800.0,-948.1275423601728
11903,2800.0,-948.1275423601728
11904,2800.0,427.3704999892502
11905,2800.0,427.3704999892502
11906,2800.0,-2182.2252216759543
11907,2800.0,-2182.2252216759543
11908,2800.0,-2394.9370963055
11909,2800.0,-2394.9370963055
11910,2800.0,-2838.8062688964997
11911,2800.0,-2838.8062688964997
11912,2800.0,-3829.888310859813
11913,2800.0,-3829.888310859813
11914,2800.0,-4200.0
11915,2800.0,-4200.0
11916,2800.0,-4200.0
11917,2800.0,-4200.0
11918,2800.0,-4200.0
11919,2800.0,-4200.0
11920,2800.0,-4200.0
11921,2800.0,-4200.0
11922,2800.0,-3355.5370466392724
11923,2800.0,-3355.5370466392724
11924,2800.0,-3752.2892826072502
11925,2800.0,-3752.2892826072502
11926,2800.0,-3836.0101067772503
11927,2800.0,-3836.0101067772503
11928,2800.0,564.9805230022494
11929,2800.0,564.9805230022494
11930,2800.0,973.4764930349993
11931,2800.0,973.4764930349993
11932,2800.0,452.12713742771393
11933,2800.0,452.12713742771393
11934,2800.0,1299.4938551510704
11935,2800.0,1299.4938551510704
11936,2800.0,-2801.22293150875
11937,2800.0,-2801.22293150875
11938,2800.0,-3841.12763888844
11939,2800.0,-3841.12763888844
11940,-428.25177009340405,-4200.0
11941,-428.25177009340405,-4200.0
11942,2800.0,-4200.0
11943,2800.0,-4200.0
11944,2800.0,-3254.495381187
11945,2800.0,-3254.495381187
11946,2800.0,-2201.6827986915087
11947,2800.0,-2201.6827986915087
11948,2800.0,-6.495678992499961
11949,2800.0,-6.495678992499961
11950,2800.0,-2183.3843228145006
11951,2800.0,-2183.3843228145006
11952,2800.0,-3751.929224434999
11953,2800.0,-3751.929224434999
11954,2800.0,-3372.26784775375
11955,2800.0,-3372.26784775375
11956,2800.0,74.66593107175049
11957,2800.0,74.66593107175049
11958,2800.0,-218.36871768950004
11959,2800.0,-218.36871768950004
11960,2800.0,-1493.5627319868745
11961,2800.0,-1493.5627319868745
11962,2800.0,-3085.1293299647496
11963,2800.0,-3085.1293299647496
11964,1175.4125184201148,-4200.0
11965,1175.4125184201148,-4200.0
11966,2800.0,-4200.0
11967,2800.0,-4200.0
11968,2800.0,-3848.5769824595
11969,2800.0,-3848.5769824595
11970,2800.0,-662.9381715177497
11971,2800.0,-662.9381715177497
11972,2800.0,-695.8203017734995
11973,2800.0,-695.8203017734995
11974,2800.0,-2910.79632383675
11975,2800.0,-2910.79632383675
11976,2800.0,-3028.8477232615005
11977,2800.0,-3028.8477232615005
11978,2800.0,-2807.3126631387504
11979,2800.0,-2807.3126631387504
11980,2800.0,-2080.2983417802498
11981,2800.0,-2080.2983417802498
11982,2800.0,201.02795303266248
11983,2800.0,201.02795303266248
11984,2800.0,-3290.0977879440147
11985,2800.0,-3290.0977879440147
11986,-2800.0,-574.0515906692499
11987,-2800.0,-574.0515906692499
11988,-651.7749173051352,-3490.3965936365003
11989,-651.7749173051352,-3490.3965936365003
11990,2031.5914471420056,-3675.0826374539993
11991,2031.5914471420056,-3675.0826374539993
11992,2800.0,-907.2217426055004
11993,2800.0,-907.2217426055004
11994,2800.0,-4195.4183383727495
11995,2800.0,-4195.4183383727495
11996,2800.0,-1847.68935426375
11997,2800.0,-1847.68935426375
11998,2800.0,-1518.3868455607499
11999,2800.0,-1518.3868455607499
12000,2800.0,-1477.15714955975
12001,2800.0,-1477.15714955975
12002,2800.0,-1429.18974606525
12003,2800.0,-1429.18974606525
12004,2800.0,-1149.9240911952502
12005,2800.0,-1149.9240911952502
12006,2800.0,-1182.3318301055006
12007,2800.0,-1182.3318301055006
12008,-2800.0,-689.20964787925
12009,-2800.0,-689.20964787925
12010,-2800.0,-3429.0335573474995
12011,-2800.0,-3429.0335573474995
12012,1263.6181350847219,-4200.0
12013,1263.6181350847219,-4200.0
12014,-2800.0,-4200.0
12015,-2800.0,-4200.0
12016,-2800.0,-2064.2477718302503
12017,-2800.0,-2064.2477718302503
12018,2430.71978966844,-2770.6200586115
12019,2430.71978966844,-2770.6200586115
12020,2800.0,-2479.3716111939993
12021,2800.0,-2479.3716111939993
12022,2800.0,-1827.9180786337502
12023,2800.0,-1827.9180786337502
12024,2800.0,-1677.7079268797497
12025,2800.0,-1677.7079268797497
12026,2800.0,-1733.1488115802495
12027,2800.0,-1733.1488115802495
12028,807.3347824837865,-1389.5375245474997
12029,807.3347824837865,-1389.5375245474997
12030,2800.0,-1734.622615560499
12031,2800.0,-1734.622615560499
12032,-1779.1904016682274,-4200.0
12033,-1779.1904016682274,-4200.0
12034,-1161.6895460924934,-4200.0
12035,-1161.6895460924934,-4200.0
12036,-2800.0,-1544.0247714795
12037,-2800.0,-1544.0247714795
12038,-2800.0,-1649.6132799185007
12039,-2800.0,-1649.6132799185007
12040,2800.0,-2188.092054887
12041,2800.0,-2188.092054887
12042,2800.0,-2947.2811361775
12043,2800.0,-2947.2811361775
12044,2800.0,-1936.0302902715002
12045,2800.0,-1936.0302902715002
12046,2800.0,-956.8563443015
12047,2800.0,-956.8563443015
12048,2800.0,-910.8336249907497
12049,2800.0,-910.8336249907497
12050,2800.0,-1112.4813435870947
12051,2800.0,-1112.4813435870947
12052,2800.0,-2431.605346379867
12053,2800.0,-2431.605346379867
12054,2248.218262503501,-1327.9637281907499
12055,2248.218262503501,-1327.9637281907499
12056,-679.049260148533,-1626.1434186714996
12057,-679.049260148533,-1626.1434186714996
12058,2800.0,-3629.5809826197838
12059,2800.0,-3629.5809826197838
12060,2800.0,-4200.0
12061,2800.0,-4200.0
12062,2800.0,-4200.0
12063,2800.0,-4200.0
12064,2800.0,-4200.0
12065,2800.0,-4200.0
12066,2800.0,-2951.017881011
12067,2800.0,-2951.017881011
12068,2800.0,-2786.082410782
12069,2800.0,-2786.082410782
12070,2800.0,-616.3191856731664
12071,2800.0,-616.3191856731664
12072,2800.0,-1348.4681161397748
12073,2800.0,-1348.4681161397748
12074,2800.0,-1784.7046504547498
12075,2800.0,-1784.7046504547498
12076,2800.0,-2094.4819300427494
12077,2800.0,-2094.4819300427494
12078,2800.0,-3532.85800344375
12079,2800.0,-3532.85800344375
12080,2800.0,-4200.0
12081,2800.0,-4200.0
12082,-2800.0,-4200.0
12083,-2800.0,-4200.0
12084,2800.0,-4200.0
12085,2800.0,-4200.0
12086,-1972.2561052988895,-4200.0
12087,-1972.2561052988895,-4200.0
12088,-1011.071665944386,-4200.0
12089,-1011.071665944386,-4200.0
12090,2800.0,-2340.3040604930006
12091,2800.0,-2340.3040604930006
12092,2800.0,-2733.29474047375
12093,2800.0,-2733.29474047375
12094,2800.0,-2223.8832559545003
12095,2800.0,-2223.8832559545003
12096,2800.0,701.5575086472328
12097,2800.0,701.5575086472328
12098,2800.0,-1584.1493318644189
12099,2800.0,-1584.1493318644189
12100,2800.0,-1278.0159400380003
12101,2800.0,-1278.0159400380003
12102,-2800.0,-1012.7811336280001
12103,-2800.0,-1012.7811336280001
12104,-2800.0,-774.8855665197498
12105,-2800.0,-774.8855665197498
12106,-2800.0,-260.3208006247505
12107,-2800.0,-260.3208006247505
12108,-2800.0,-540.4951695773707
12109,-2800.0,-540.4951695773707
12110,-2800.0,-1529.6420031212692
12111,-2800.0,-1529.6420031212692
12112,-2800.0,-649.806559156501
12113,-2800.0,-649.806559156501
12114,-2800.0,-1299.5466988594999
12115,-2800.0,-1299.5466988594999
12116,2800.0,-2030.9857116144995
12117,2800.0,-2030.9857116144995
12118,2800.0,-1870.8866183840005
12119,2800.0,-1870.8866183840005
12120,2800.0,-1749.7516623484998
12121,2800.0,-1749.7516623484998
12122,2800.0,-1969.7101871225
12123,2800.0,-1969.7101871225
12124,2800.0,-1814.9278992535
12125,2800.0,-1814.9278992535
12126,2247.154997685453,-2176.5465815254993
12127,2247.154997685453,-2176.5465815254993
12128,2800.0,-2469.39566722775
12129,2800.0,-2469.39566722775
12130,-10.111397693101026,-1990.7553798070003
12131,-10.111397693101026,-1990.7553798070003
12132,-2800.0,-1937.4552273974987
12133,-2800.0,-1937.4552273974987
12134,-2800.0,-1813.6658049257503
12135,-2800.0,-1813.6658049257503
12136,2207.2547716301924,-1495.3517388479995
12137,2207.2547716301924,-1495.3517388479995
12138,2800.0,-1939.0634416154999
12139,2800.0,-1939.0634416154999
12140,2800.0,-2393.0862695994992
12141,2800.0,-2393.0862695994992
12142,2800.0,-2027.3095218975
12143,2800.0,-2027.3095218975
12144,2800.0,-1536.9182625624994
12145,2800.0,-1536.9182625624994
12146,2800.0,-1475.4846146435002
12147,2800.0,-1475.4846146435002
12148,2623.91599180133,-1393.1277765204995
12149,2623.91599180133,-1393.1277765204995
12150,1051.7705988120233,-1083.5716432592508
12151,1051.7705988120233,-1083.5716432592508
12152,2800.0,-1177.984538377249
12153,2800.0,-1177.984538377249
12154,-2800.0,-1583.1058299222495
12155,-2800.0,-1583.1058299222495
12156,-2593.606953993226,-2275.0484486515006
12157,-2593.606953993226,-2275.0484486515006
12158,2800.0,-2768.00942019975
12159,2800.0,-2768.00942019975
12160,2800.0,-3199.0697669769997
12161,2800.0,-3199.0697669769997
12162,2800.0,-3434.96876764725
12163,2800.0,-3434.96876764725
12164,2800.0,-3131.7613715154994
12165,2800.0,-3131.7613715154994
12166,2800.0,-1640.9206019800004
12167,2800.0,-1640.9206019800004
12168,2800.0,-1256.6866699754996
12169,2800.0,-1256.6866699754996
12170,2800.0,-1259.1946648469998
12171,2800.0,-1259.1946648469998
12172,2746.6946186165806,-1318.11274244575
12173,2746.6946186165806,-1318.11274244575
12174,2800.0,-2011.8200852732498
12175,2800.0,-2011.8200852732498
12176,2800.0,-1607.8952485754999
12177,2800.0,-1607.8952485754999
12178,2800.0,-1521.858573660751
12179,2800.0,-1521.858573660751
12180,-2800.0,-1981.0603347160013
12181,-2800.0,-1981.0603347160013
12182,-2800.0,-2271.4928739717498
12183,-2800.0,-2271.4928739717498
12184,2800.0,-2251.91605237475
12185,2800.0,-2251.91605237475
12186,2800.0,-2805.7839287409997
12187,2800.0,-2805.7839287409997
12188,2800.0,-1285.0932636832495
12189,2800.0,-1285.0932636832495
12190,2800.0,233.0285702147503
12191,2800.0,233.0285702147503
12192,2800.0,-1278.4312272662492
12193,2800.0,-1278.4312272662492
12194,2800.0,-1549.06836038025
12195,2800.0,-1549.06836038025
12196,2800.0,-1560.0711946792503
12197,2800.0,-1560.0711946792503
12198,2800.0,-1532.6638186772498
12199,2800.0,-1532.6638186772498
12200,2800.0,-1514.3007791232494
12201,2800.0,-1514.3007791232494
12202,2800.0,-1844.4589823257502
12203,2800.0,-1844.4589823257502
12204,-402.76870284357483,-2195.0415196354998
12205,-402.76870284357483,-2195.0415196354998
12206,800.7670887108502,-2465.8681360202495
12207,800.7670887108502,-2465.8681360202495
12208,2800.0,-2310.5956484125004
12209,2800.0,-2310.5956484125004
12210,2800.0,-2797.1923738419996
12211,2800.0,-2797.1923738419996
12212,2800.0,-1103.5140883492495
12213,2800.0,-1103.5140883492495
12214,2800.0,-1472.9354554395004
12215,2800.0,-1472.9354554395004
12216,2800.0,-734.1402579909995
12217,2800.0,-734.1402579909995
12218,2800.0,642.6273305917503
12219,2800.0,642.6273305917503
12220,2800.0,-1147.0881026359998
12221,2800.0,-1147.0881026359998
12222,2800.0,-1119.9532417557498
12223,2800.0,-1119.9532417557498
12224,2800.0,-1044.5536284379996
12225,2800.0,-1044.5536284379996
12226,2800.0,-1981.9527976747495
12227,2800.0,-1981.9527976747495
12228,1331.154486902432,-1983.1711519112496
12229,1331.154486902432,-1983.1711519112496
12230,-2800.0,-1997.7437765895002
12231,-2800.0,-1997.7437765895002
12232,2800.0,-2193.6856566655
12233,2800.0,-2193.6856566655
12234,2800.0,-2864.8196280725006
12235,2800.0,-2864.8196280725006
12236,2800.0,-2391.95963555775
12237,2800.0,-2391.95963555775
12238,2800.0,-862.5079446475784
12239,2800.0,-862.5079446475784
12240,2800.0,-1307.3427234517508
12241,2800.0,-1307.3427234517508
12242,2800.0,-1554.9965741419996
12243,2800.0,-1554.9965741419996
12244,2800.0,-1918.5340749667498
12245,2800.0,-1918.5340749667498
12246,2800.0,-2962.8212843992496
12247,2800.0,-2962.8212843992496
12248,-1886.6822207035284,-3041.17812501975
12249,-1886.6822207035284,-3041.17812501975
12250,-2800.0,-3470.8476636290006
12251,-2800.0,-3470.8476636290006
12252,-2800.0,-3763.9103612282506
12253,-2800.0,-3763.9103612282506
12254,2800.0,-4200.0
12255,2800.0,-4200.0
12256,2800.0,-4090.85281569975
12257,2800.0,-4090.85281569975
12258,2800.0,-4063.09457927025
12259,2800.0,-4063.09457927025
12260,2800.0,-2356.7201298525006
12261,2800.0,-2356.7201298525006
12262,2800.0,-2999.8283692480004
12263,2800.0,-2999.8283692480004
12264,2800.0,-1933.9008480807497
12265,2800.0,-1933.9008480807497
12266,2800.0,-1908.7142460237496
12267,2800.0,-1908.7142460237496
12268,2800.0,-1922.8726179412492
12269,2800.0,-1922.8726179412492
12270,2800.0,-2854.6944102114994
12271,2800.0,-2854.6944102114994
12272,2800.0,-3323.1825988192504
12273,2800.0,-3323.1825988192504
12274,-2800.0,-3573.36346462625
12275,-2800.0,-3573.36346462625
12276,-2800.0,-3564.8932986217496
12277,-2800.0,-3564.8932986217496
12278,1641.0466719135038,-3651.9777727687506
12279,1641.0466719135038,-3651.9777727687506
12280,2800.0,-3543.6982253959995
12281,2800.0,-3543.6982253959995
12282,2800.0,-3998.1744233414997
12283,2800.0,-3998.1744233414997
12284,2800.0,-3902.006245486001
12285,2800.0,-3902.006245486001
12286,2800.0,-1927.0281852897506
12287,2800.0,-1927.0281852897506
12288,2800.0,-1345.3818244847507
12289,2800.0,-1345.3818244847507
12290,2800.0,-1505.1537583154995
12291,2800.0,-1505.1537583154995
12292,2800.0,-1436.5020477467497
12293,2800.0,-1436.5020477467497
12294,2800.0,-2182.4378455652495
12295,2800.0,-2182.4378455652495
12296,2800.0,-2752.88071088675
12297,2800.0,-2752.88071088675
12298,2800.0,-3572.0105903047497
12299,2800.0,-3572.0105903047497
12300,2800.0,-4200.0
12301,2800.0,-4200.0
12302,2800.0,-4200.0
12303,2800.0,-4200.0
12304,2800.0,-4200.0
12305,2800.0,-4200.0
12306,2800.0,-4200.0
12307,2800.0,-4200.0
12308,2800.0,-2787.174256897499
12309,2800.0,-2787.174256897499
12310,2800.0,-3338.5839977719997
12311,2800.0,-3338.5839977719997
12312,2800.0,-1525.8665529319023
12313,2800.0,-1525.8665529319023
12314,2800.0,-2618.17914210625
12315,2800.0,-2618.17914210625
12316,2800.0,-2082.2706881940003
12317,2800.0,-2082.2706881940003
12318,2800.0,-3486.96996708125
12319,2800.0,-3486.96996708125
12320,2800.0,-4200.0
12321,2800.0,-4200.0
12322,2800.0,-4129.373317612501
12323,2800.0,-4129.373317612501
12324,2800.0,-4137.44470055875
12325,2800.0,-4137.44470055875
12326,2800.0,-4200.0
12327,2800.0,-4200.0
12328,2800.0,-4200.0
12329,2800.0,-4200.0
12330,2800.0,-2235.6480292565
12331,2800.0,-2235.6480292565
12332,2800.0,-2131.3074452164997
12333,2800.0,-2131.3074452164997
12334,2800.0,-1952.4310480264994
12335,2800.0,-1952.4310480264994
12336,2800.0,-3319.5515240042505
12337,2800.0,-3319.5515240042505
12338,2800.0,-2962.8083919921173
12339,2800.0,-2962.8083919921173
12340,2800.0,-2908.6184424022495
12341,2800.0,-2908.6184424022495
12342,2800.0,-2748.5555731299783
12343,2800.0,-2748.5555731299783
12344,2800.0,-4200.0
12345,2800.0,-4200.0
12346,2800.0,-3704.72678996625
12347,2800.0,-3704.72678996625
12348,2800.0,-3375.92428999175
12349,2800.0,-3375.92428999175
12350,2800.0,-3188.7205093062503
12351,2800.0,-3188.7205093062503
12352,2800.0,-2753.613474864749
12353,2800.0,-2753.613474864749
12354,2800.0,-2793.2661946712497
12355,2800.0,-2793.2661946712497
12356,2800.0,-2776.26398382575
12357,2800.0,-2776.26398382575
12358,2800.0,-2424.3720640964993
12359,2800.0,-2424.3720640964993
12360,2800.0,-2427.8239126017497
12361,2800.0,-2427.8239126017497
12362,2800.0,-2518.6753962289995
12363,2800.0,-2518.6753962289995
12364,2800.0,-2304.0076381104996
12365,2800.0,-2304.0076381104996
12366,2800.0,-2855.15023708275
12367,2800.0,-2855.15023708275
12368,2800.0,-2655.3006777414994
12369,2800.0,-2655.3006777414994
12370,2800.0,-2297.8657648045
12371,2800.0,-2297.8657648045
12372,2800.0,-1972.6493775427498
12373,2800.0,-1972.6493775427498
12374,2800.0,-1503.1596223019997
12375,2800.0,-1503.1596223019997
12376,2800.0,-1586.5163791549999
12377,2800.0,-1586.5163791549999
12378,2800.0,-2336.15441382275
12379,2800.0,-2336.15441382275
12380,2800.0,-2948.3423889485002
12381,2800.0,-2948.3423889485002
12382,2800.0,-2865.2568953137497
12383,2800.0,-2865.2568953137497
12384,2800.0,-2886.0172677600003
12385,2800.0,-2886.0172677600003
12386,2800.0,-2759.2958505805004
12387,2800.0,-2759.2958505805004
12388,2800.0,-2410.5072208574998
12389,2800.0,-2410.5072208574998
12390,2800.0,-2364.48963740075
12391,2800.0,-2364.48963740075
12392,2800.0,-2086.7305147075003
12393,2800.0,-2086.7305147075003
12394,2800.0,-2327.1869936387493
12395,2800.0,-2327.1869936387493
12396,2800.0,-2093.2966053874998
12397,2800.0,-2093.2966053874998
12398,2800.0,-1698.5115447045
12399,2800.0,-1698.5115447045
12400,2800.0,-1648.2350232167496
12401,2800.0,-1648.2350232167496
12402,2800.0,-1982.37328557225
12403,2800.0,-1982.37328557225
12404,2800.0,-2870.432743900499
12405,2800.0,-2870.432743900499
12406,2800.0,-2885.8458915292495
12407,2800.0,-2885.8458915292495
12408,2800.0,-2884.351559957999
12409,2800.0,-2884.351559957999
12410,2800.0,-3016.073007799
12411,2800.0,-3016.073007799
12412,2800.0,-1398.5922311957497
12413,2800.0,-1398.5922311957497
12414,2800.0,-2155.0567239770003
12415,2800.0,-2155.0567239770003
12416,2800.0,-4074.8374359979994
12417,2800.0,-4074.8374359979994
12418,2800.0,-3790.4090687797498
12419,2800.0,-3790.4090687797498
12420,2800.0,-3331.62118664025
12421,2800.0,-3331.62118664025
12422,2800.0,-3174.0950426354993
12423,2800.0,-3174.0950426354993
12424,2800.0,-3004.9090310112497
12425,2800.0,-3004.9090310112497
12426,2800.0,-3193.453951680249
12427,2800.0,-3193.453951680249
12428,2800.0,-3824.77822895875
12429,2800.0,-3824.77822895875
12430,2800.0,-3644.083563967999
12431,2800.0,-3644.083563967999
12432,2800.0,198.9985307054767
12433,2800.0,198.9985307054767
12434,2800.0,-1796.1770375131857
12435,2800.0,-1796.1770375131857
12436,2800.0,-3111.6417455715
12437,2800.0,-3111.6417455715
12438,2800.0,-3747.6132359539993
12439,2800.0,-3747.6132359539993
12440,2800.0,-4200.0
12441,2800.0,-4200.0
12442,2800.0,-4200.0
12443,2800.0,-4200.0
12444,2800.0,-4200.0
12445,2800.0,-4200.0
12446,2800.0,-4200.0
12447,2800.0,-4200.0
12448,2800.0,-3916.97363703214
12449,2800.0,-3916.97363703214
12450,2800.0,-3577.494124234
12451,2800.0,-3577.494124234
12452,2800.0,-3480.1580919344997
12453,2800.0,-3480.1580919344997
12454,2800.0,-3394.5913814395
12455,2800.0,-3394.5913814395
12456,2800.0,-3248.33508151025
12457,2800.0,-3248.33508151025
12458,2800.0,-3208.8604827169997
12459,2800.0,-3208.8604827169997
12460,2800.0,-2567.9278723629996
12461,2800.0,-2567.9278723629996
12462,2800.0,-3652.9501668717503
12463,2800.0,-3652.9501668717503
12464,2800.0,-4031.4412449540005
12465,2800.0,-4031.4412449540005
12466,2800.0,-3851.3419383624996
12467,2800.0,-3851.3419383624996
12468,2800.0,-4141.9051628585
12469,2800.0,-4141.9051628585
12470,2800.0,-4200.0
12471,2800.0,-4200.0
12472,2800.0,-4192.0877971505
12473,2800.0,-4192.0877971505
12474,2800.0,-3833.575260896
12475,2800.0,-3833.575260896
12476,2800.0,-3931.6548787987495
12477,2800.0,-3931.6548787987495
12478,2800.0,-3929.6755187524996
12479,2800.0,-3929.6755187524996
12480,2800.0,-3223.847933627854
12481,2800.0,-3223.847933627854
12482,2800.0,-3133.8145882818644
12483,2800.0,-3133.8145882818644
12484,2800.0,-3515.0935694575
12485,2800.0,-3515.0935694575
12486,2800.0,-3786.404651148749
12487,2800.0,-3786.404651148749
12488,2800.0,-3974.544056285
12489,2800.0,-3974.544056285
12490,2800.0,-3657.5387482739998
12491,2800.0,-3657.5387482739998
12492,2800.0,-3946.407230306
12493,2800.0,-3946.407230306
12494,2800.0,-4153.561096688
12495,2800.0,-4153.561096688
12496,2800.0,-3915.8901962957502
12497,2800.0,-3915.8901962957502
12498,2800.0,-3587.5080784434995
12499,2800.0,-3587.5080784434995
12500,2800.0,-1949.705824692
12501,2800.0,-1949.705824692
12502,2800.0,-1959.6420720639999
12503,2800.0,-1959.6420720639999
12504,2800.0,-2063.3143763337503
12505,2800.0,-2063.3143763337503
12506,2800.0,-3231.1314236027983
12507,2800.0,-3231.1314236027983
12508,2800.0,-3578.208023272249
12509,2800.0,-3578.208023272249
12510,2800.0,-3906.784880583
12511,2800.0,-3906.784880583
12512,2800.0,-4200.0
12513,2800.0,-4200.0
12514,2800.0,-4124.5609203645
12515,2800.0,-4124.5609203645
12516,2800.0,-4188.312709934749
12517,2800.0,-4188.312709934749
12518,2800.0,-4200.0
12519,2800.0,-4200.0
12520,2800.0,-3905.6452542167494
12521,2800.0,-3905.6452542167494
12522,2800.0,-3734.3726634804993
12523,2800.0,-3734.3726634804993
12524,2800.0,-3368.2520524617976
12525,2800.0,-3368.2520524617976
12526,2800.0,-3381.63179896075
12527,2800.0,-3381.63179896075
12528,2800.0,-2972.0136750370007
12529,2800.0,-2972.0136750370007
12530,2800.0,-2699.72995396825
12531,2800.0,-2699.72995396825
12532,2800.0,-2268.5391060639995
12533,2800.0,-2268.5391060639995
12534,2800.0,-2990.006649888751
12535,2800.0,-2990.006649888751
12536,2800.0,-3638.44102791725
12537,2800.0,-3638.44102791725
12538,2800.0,-3806.3698580127502
12539,2800.0,-3806.3698580127502
12540,2800.0,-3673.55093222875
12541,2800.0,-3673.55093222875
12542,2800.0,-3830.8430823785
12543,2800.0,-3830.8430823785
12544,2800.0,-3875.7750744595
12545,2800.0,-3875.7750744595
12546,2800.0,-3952.6695603859994
12547,2800.0,-3952.6695603859994
12548,2800.0,-4187.281104926249
12549,2800.0,-4187.281104926249
12550,2800.0,-3817.206578423499
12551,2800.0,-3817.206578423499
12552,2800.0,-3026.0298173514993
12553,2800.0,-3026.0298173514993
12554,2800.0,-2708.6055096074997
12555,2800.0,-2708.6055096074997
12556,2800.0,-2345.7817742812504
12557,2800.0,-2345.7817742812504
12558,2800.0,-2469.67544915975
12559,2800.0,-2469.67544915975
12560,2800.0,-2711.97598270625
12561,2800.0,-2711.97598270625
12562,2800.0,-3871.094230682272
12563,2800.0,-3871.094230682272
12564,2800.0,-4200.0
12565,2800.0,-4200.0
12566,2800.0,-4200.0
12567,2800.0,-4200.0
12568,2800.0,-3954.4012765357497
12569,2800.0,-3954.4012765357497
12570,2800.0,-4200.0
12571,2800.0,-4200.0
12572,2800.0,-4112.4565392465
12573,2800.0,-4112.4565392465
12574,2800.0,-3314.6768506629996
12575,2800.0,-3314.6768506629996
12576,2800.0,-2386.6231404217497
12577,2800.0,-2386.6231404217497
12578,2800.0,-2813.1820145744996
12579,2800.0,-2813.1820145744996
12580,2800.0,-2974.04158700125
12581,2800.0,-2974.04158700125
12582,2800.0,-2051.36836534225
12583,2800.0,-2051.36836534225
12584,2800.0,-4200.0
12585,2800.0,-4200.0
12586,2800.0,-4200.0
12587,2800.0,-4200.0
12588,2800.0,-4200.0
12589,2800.0,-4200.0
12590,2800.0,-4200.0
12591,2800.0,-4200.0
12592,2800.0,-4200.0
12593,2800.0,-4200.0
12594,2800.0,-4200.0
12595,2800.0,-4200.0
12596,2800.0,-4200.0
12597,2800.0,-4200.0
12598,2800.0,-3658.567736781
12599,2800.0,-3658.567736781
12600,2800.0,-2893.639872384501
12601,2800.0,-2893.639872384501
12602,2800.0,-2955.92896428725
12603,2800.0,-2955.92896428725
12604,2800.0,-3073.1642487305
12605,2800.0,-3073.1642487305
12606,2800.0,-4173.4294772762505
12607,2800.0,-4173.4294772762505
12608,2800.0,-4200.0
12609,2800.0,-4200.0
12610,2800.0,-4200.0
12611,2800.0,-4200.0
12612,2800.0,-4200.0
12613,2800.0,-4200.0
12614,2800.0,-4200.0
12615,2800.0,-4200.0
12616,2800.0,-4200.0
12617,2800.0,-4200.0
12618,2800.0,-4200.0
12619,2800.0,-4200.0
12620,2800.0,-4200.0
12621,2800.0,-4200.0
12622,2800.0,-4200.0
12623,2800.0,-4200.0
12624,2800.0,-4126.079411639
12625,2800.0,-4126.079411639
12626,2800.0,-3835.641903329
12627,2800.0,-3835.641903329
12628,2800.0,-3473.9732727602504
12629,2800.0,-3473.9732727602504
12630,2800.0,-3303.8036041149994
12631,2800.0,-3303.8036041149994
12632,2800.0,-2691.50755270475
12633,2800.0,-2691.50755270475
12634,2800.0,-2851.000721748791
12635,2800.0,-2851.000721748791
12636,2800.0,-4137.31595754575
12637,2800.0,-4137.31595754575
12638,2800.0,-3482.2476527716317
12639,2800.0,-3482.2476527716317
12640,2800.0,-2023.8727765159997
12641,2800.0,-2023.8727765159997
12642,2800.0,-3292.91557837825
12643,2800.0,-3292.91557837825
12644,2800.0,-4135.532652188001
12645,2800.0,-4135.532652188001
12646,2800.0,-2472.745533019
12647,2800.0,-2472.745533019
12648,2800.0,-4033.8966053605
12649,2800.0,-4033.8966053605
12650,2800.0,-3984.7646698112503
12651,2800.0,-3984.7646698112503
12652,2800.0,-3570.96921943675
12653,2800.0,-3570.96921943675
12654,2800.0,-4200.0
12655,2800.0,-4200.0
12656,2800.0,-4200.0
12657,2800.0,-4200.0
12658,2800.0,-3947.82869926575
12659,2800.0,-3947.82869926575
12660,2800.0,-3224.9830699675003
12661,2800.0,-3224.9830699675003
12662,2800.0,-3070.3506322475005
12663,2800.0,-3070.3506322475005
12664,2800.0,-3062.98011803025
12665,2800.0,-3062.98011803025
12666,2800.0,-3367.88574155725
12667,2800.0,-3367.88574155725
12668,2800.0,-3990.8882599122503
12669,2800.0,-3990.8882599122503
12670,2800.0,-3843.174497603999
12671,2800.0,-3843.174497603999
12672,2800.0,-3753.1606651255006
12673,2800.0,-3753.1606651255006
12674,2800.0,-3740.5249188079993
12675,2800.0,-3740.5249188079993
12676,2800.0,-3405.56585067775
12677,2800.0,-3405.56585067775
12678,2800.0,-3629.8510954212497
12679,2800.0,-3629.8510954212497
12680,2800.0,-3738.7818092220004
12681,2800.0,-3738.7818092220004
12682,2800.0,-3338.910789054001
12683,2800.0,-3338.910789054001
12684,2800.0,-3048.1359431965
12685,2800.0,-3048.1359431965
12686,2800.0,-2753.477848361499
12687,2800.0,-2753.477848361499
12688,2800.0,-2453.3411632264997
12689,2800.0,-2453.3411632264997
12690,2800.0,-2951.0108389030174
12691,2800.0,-2951.0108389030174
12692,2800.0,-2268.2243424765
12693,2800.0,-2268.2243424765
12694,2800.0,-3901.4473178524995
12695,2800.0,-3901.4473178524995
12696,2800.0,486.54638514699946
12697,2800.0,486.54638514699946
12698,2800.0,-3682.1879626987393
12699,2800.0,-3682.1879626987393
12700,2800.0,-3540.117530382217
12701,2800.0,-3540.117530382217
12702,2800.0,-2982.0684762119995
12703,2800.0,-2982.0684762119995
12704,2800.0,-2241.5673939525004
12705,2800.0,-2241.5673939525004
12706,2800.0,-1629.1671354122495
12707,2800.0,-1629.1671354122495
12708,2800.0,-1099.884411981
12709,2800.0,-1099.884411981
12710,2800.0,-1441.9551181297497
12711,2800.0,-1441.9551181297497
12712,2800.0,-2216.8515549215
12713,2800.0,-2216.8515549215
12714,2800.0,-3079.1147861967693
12715,2800.0,-3079.1147861967693
12716,2800.0,-3834.26917555275
12717,2800.0,-3834.26917555275
12718,2800.0,-3253.61441146675
12719,2800.0,-3253.61441146675
12720,2800.0,-1149.8679903352504
12721,2800.0,-1149.8679903352504
12722,2800.0,-2524.1010279025
12723,2800.0,-2524.1010279025
12724,2800.0,-2517.7347651012496
12725,2800.0,-2517.7347651012496
12726,2800.0,-2635.764157052
12727,2800.0,-2635.764157052
12728,2800.0,-2582.96221532275
12729,2800.0,-2582.96221532275
12730,2800.0,-2423.4807807567495
12731,2800.0,-2423.4807807567495
12732,2800.0,-2196.900264804999
12733,2800.0,-2196.900264804999
12734,2800.0,-2456.10486008325
12735,2800.0,-2456.10486008325
12736,2800.0,-2761.842944519999
12737,2800.0,-2761.842944519999
12738,2800.0,-3008.0551916354707
12739,2800.0,-3008.0551916354707
12740,2800.0,-2008.0378212504993
12741,2800.0,-2008.0378212504993
12742,2800.0,-1847.8345630499994
12743,2800.0,-1847.8345630499994
12744,2800.0,-1741.28672745025
12745,2800.0,-1741.28672745025
12746,2800.0,-3438.97972594
12747,2800.0,-3438.97972594
12748,2800.0,-3333.0134100924997
12749,2800.0,-3333.0134100924997
12750,2800.0,-3569.1392128435
12751,2800.0,-3569.1392128435
12752,2800.0,-4200.0
12753,2800.0,-4200.0
12754,2800.0,-4200.0
12755,2800.0,-4200.0
12756,2800.0,-4200.0
12757,2800.0,-4200.0
12758,2800.0,-4200.0
12759,2800.0,-4200.0
12760,2800.0,-4200.0
12761,2800.0,-4200.0
12762,2800.0,-3829.658178318249
12763,2800.0,-3829.658178318249
12764,2800.0,-4200.0
12765,2800.0,-4200.0
12766,2800.0,-3801.4017107090003
12767,2800.0,-3801.4017107090003
12768,2800.0,-3570.8055097602496
12769,2800.0,-3570.8055097602496
12770,2800.0,-3392.36588237975
12771,2800.0,-3392.36588237975
12772,2800.0,-3137.9563838530003
12773,2800.0,-3137.9563838530003
12774,2800.0,-3682.8491273437494
12775,2800.0,-3682.8491273437494
12776,2800.0,-4117.175136611251
12777,2800.0,-4117.175136611251
12778,-252.79446164777983,-4200.0
12779,-252.79446164777983,-4200.0
12780,-651.3941684063611,-4200.0
12781,-651.3941684063611,-4200.0
12782,2800.0,-4200.0
12783,2800.0,-4200.0
12784,2800.0,-4200.0
12785,2800.0,-4200.0
12786,2800.0,-4200.0
12787,2800.0,-4200.0
12788,2800.0,-2835.2330580025264
12789,2800.0,-2835.2330580025264
12790,2800.0,-3562.1854125174996
12791,2800.0,-3562.1854125174996
12792,2800.0,-2610.4729838472504
12793,2800.0,-2610.4729838472504
12794,2800.0,-2267.752010714
12795,2800.0,-2267.752010714
12796,2800.0,-2216.432551043
12797,2800.0,-2216.432551043
12798,2800.0,-3584.3030823242498
12799,2800.0,-3584.3030823242498
12800,2800.0,-4087.5351735204995
12801,2800.0,-4087.5351735204995
12802,2800.0,-4110.85779020875
12803,2800.0,-4110.85779020875
12804,2800.0,-4200.0
12805,2800.0,-4200.0
12806,2800.0,-3842.9593541210006
12807,2800.0,-3842.9593541210006
12808,2800.0,-3504.2389604755003
12809,2800.0,-3504.2389604755003
12810,2800.0,-2311.18313188125
12811,2800.0,-2311.18313188125
12812,2800.0,-3815.6000960235006
12813,2800.0,-3815.6000960235006
12814,2800.0,-2126.76345957725
12815,2800.0,-2126.76345957725
12816,2800.0,-1752.0994488710003
12817,2800.0,-1752.0994488710003
12818,2800.0,-1673.7709674400003
12819,2800.0,-1673.7709674400003
12820,2800.0,-1782.3022336897498
12821,2800.0,-1782.3022336897498
12822,2800.0,-2466.4411213437497
12823,2800.0,-2466.4411213437497
12824,2800.0,-2916.2477555700007
12825,2800.0,-2916.2477555700007
12826,2800.0,-3180.9999284272494
12827,2800.0,-3180.9999284272494
12828,2800.0,-3806.03560633175
12829,2800.0,-3806.03560633175
12830,2800.0,-4200.0
12831,2800.0,-4200.0
12832,2800.0,-4200.0
12833,2800.0,-4200.0
12834,2800.0,-4200.0
12835,2800.0,-4200.0
12836,2800.0,-4200.0
12837,2800.0,-4200.0
12838,2800.0,-3339.671817217999
12839,2800.0,-3339.671817217999
12840,2800.0,-2193.3302947839993
12841,2800.0,-2193.3302947839993
12842,2800.0,-2413.3004197017494
12843,2800.0,-2413.3004197017494
12844,2800.0,-2513.2897492702505
12845,2800.0,-2513.2897492702505
12846,2800.0,-3889.3195617525002
12847,2800.0,-3889.3195617525002
12848,2800.0,-4200.0
12849,2800.0,-4200.0
12850,2800.0,-4200.0
12851,2800.0,-4200.0
12852,2800.0,-4200.0
12853,2800.0,-4200.0
12854,2800.0,-4200.0
12855,2800.0,-4200.0
12856,2800.0,-4200.0
12857,2800.0,-4200.0
12858,2800.0,-4200.0
12859,2800.0,-4200.0
12860,2800.0,-4200.0
12861,2800.0,-4200.0
12862,2800.0,-3611.4776784727496
12863,2800.0,-3611.4776784727496
12864,2800.0,-2218.772557177749
12865,2800.0,-2218.772557177749
12866,2800.0,-1943.95020880325
12867,2800.0,-1943.95020880325
12868,2800.0,-2224.4811330042503
12869,2800.0,-2224.4811330042503
12870,2800.0,-2718.04072182725
12871,2800.0,-2718.04072182725
12872,2800.0,-2906.3607066517498
12873,2800.0,-2906.3607066517498
12874,2800.0,-3652.60014144275
12875,2800.0,-3652.60014144275
12876,2800.0,-3800.2295721687506
12877,2800.0,-3800.2295721687506
12878,2800.0,-3997.35781764925
12879,2800.0,-3997.35781764925
12880,2800.0,-4189.330901861749
12881,2800.0,-4189.330901861749
12882,2800.0,-4200.0
12883,2800.0,-4200.0
12884,2800.0,-4021.9403913395
12885,2800.0,-4021.9403913395
12886,2800.0,-2974.8745115624997
12887,2800.0,-2974.8745115624997
12888,2800.0,-2200.514248586749
12889,2800.0,-2200.514248586749
12890,2800.0,-2192.6863074814996
12891,2800.0,-2192.6863074814996
12892,2800.0,-2436.64702035275
12893,2800.0,-2436.64702035275
12894,2800.0,-1664.8152430282496
12895,2800.0,-1664.8152430282496
12896,2800.0,-3385.0589942692504
12897,2800.0,-3385.0589942692504
12898,2800.0,-3539.1243639712497
12899,2800.0,-3539.1243639712497
12900,2800.0,-3311.0125321745
12901,2800.0,-3311.0125321745
12902,2800.0,-3230.3118176582507
12903,2800.0,-3230.3118176582507
12904,2800.0,-3526.55708589025
12905,2800.0,-3526.55708589025
12906,2800.0,-3613.9257408870003
12907,2800.0,-3613.9257408870003
12908,2800.0,-3836.7040959035
12909,2800.0,-3836.7040959035
12910,2800.0,-3907.9391729725003
12911,2800.0,-3907.9391729725003
12912,2800.0,-3888.29386157425
12913,2800.0,-3888.29386157425
12914,2800.0,-3892.807918597249
12915,2800.0,-3892.807918597249
12916,2800.0,-2112.9268262347296
12917,2800.0,-2112.9268262347296
12918,2800.0,-4076.4660852790003
12919,2800.0,-4076.4660852790003
12920,2800.0,-4200.0
12921,2800.0,-4200.0
12922,2800.0,-4019.8204249059995
12923,2800.0,-4019.8204249059995
12924,2800.0,-3678.3354731745003
12925,2800.0,-3678.3354731745003
12926,2800.0,-3386.9384040845
12927,2800.0,-3386.9384040845
12928,2800.0,-2693.2941980245
12929,2800.0,-2693.2941980245
12930,2800.0,-2922.2053852715003
12931,2800.0,-2922.2053852715003
12932,2800.0,-3830.5051460572495
12933,2800.0,-3830.5051460572495
12934,2800.0,-3967.4249299622497
12935,2800.0,-3967.4249299622497
12936,2800.0,-236.8477350496878
12937,2800.0,-236.8477350496878
12938,2800.0,-2771.577378096516
12939,2800.0,-2771.577378096516
12940,2800.0,-3517.6584026027504
12941,2800.0,-3517.6584026027504
12942,2800.0,-4110.410132323999
12943,2800.0,-4110.410132323999
12944,2800.0,-4200.0
12945,2800.0,-4200.0
12946,2800.0,-4200.0
12947,2800.0,-4200.0
12948,2800.0,-4200.0
12949,2800.0,-4200.0
12950,2800.0,-4200.0
12951,2800.0,-4200.0
12952,2800.0,-4200.0
12953,2800.0,-4200.0
12954,2800.0,-4200.0
12955,2800.0,-4200.0
12956,2800.0,-4200.0
12957,2800.0,-4200.0
12958,2800.0,-4179.920960167499
12959,2800.0,-4179.920960167499
12960,2800.0,-3939.6825001227503
12961,2800.0,-3939.6825001227503
12962,2800.0,-3903.9946896362503
12963,2800.0,-3903.9946896362503
12964,2800.0,-3645.22946947725
12965,2800.0,-3645.22946947725
12966,2800.0,-3931.4205937077504
12967,2800.0,-3931.4205937077504
12968,2800.0,-4193.89365033475
12969,2800.0,-4193.89365033475
12970,2800.0,-4200.0
12971,2800.0,-4200.0
12972,2800.0,-4200.0
12973,2800.0,-4200.0
12974,2800.0,-4200.0
12975,2800.0,-4200.0
12976,2800.0,-3914.1169945457505
12977,2800.0,-3914.1169945457505
12978,2800.0,-3125.959452548227
12979,2800.0,-3125.959452548227
12980,2800.0,-4200.0
12981,2800.0,-4200.0
12982,2800.0,-4157.34459996825
12983,2800.0,-4157.34459996825
12984,2800.0,-3862.5471186074997
12985,2800.0,-3862.5471186074997
12986,2800.0,-3761.8904365415
12987,2800.0,-3761.8904365415
12988,2800.0,-2007.2024320697503
12989,2800.0,-2007.2024320697503
12990,2800.0,-4200.0
12991,2800.0,-4200.0
12992,2800.0,-4200.0
12993,2800.0,-4200.0
12994,2800.0,-4179.588949060896
12995,2800.0,-4179.588949060896
12996,2800.0,-4200.0
12997,2800.0,-4200.0
12998,2800.0,-4200.0
12999,2800.0,-4200.0
13000,2800.0,-4200.0
13001,2800.0,-4200.0
13002,2800.0,-3869.1846809227504
13003,2800.0,-3869.1846809227504
13004,2800.0,-4131.85211329125
13005,2800.0,-4131.85211329125
13006,2800.0,-4200.0
13007,2800.0,-4200.0
13008,2800.0,-4095.60050937875
13009,2800.0,-4095.60050937875
13010,2800.0,-3815.915255479
13011,2800.0,-3815.915255479
13012,2800.0,-1969.8762506565006
13013,2800.0,-1969.8762506565006
13014,2800.0,-4200.0
13015,2800.0,-4200.0
13016,2800.0,-4200.0
13017,2800.0,-4200.0
13018,2800.0,-4200.0
13019,2800.0,-4200.0
13020,2800.0,-4200.0
13021,2800.0,-4200.0
13022,2800.0,-4200.0
13023,2800.0,-4200.0
13024,2800.0,-4200.0
13025,2800.0,-4200.0
13026,2800.0,-4057.61529511325
13027,2800.0,-4057.61529511325
13028,2800.0,-3772.917991532
13029,2800.0,-3772.917991532
13030,2800.0,-3662.40966236325
13031,2800.0,-3662.40966236325
13032,2800.0,-3466.622182261499
13033,2800.0,-3466.622182261499
13034,2800.0,-1565.7785993784992
13035,2800.0,-1565.7785993784992
13036,2800.0,-2866.826410799
13037,2800.0,-2866.826410799
13038,2800.0,-3300.308499824
13039,2800.0,-3300.308499824
13040,2800.0,-3394.1377831217505
13041,2800.0,-3394.1377831217505
13042,2800.0,-3338.9565456202495
13043,2800.0,-3338.9565456202495
13044,2800.0,-3057.7195550845
13045,2800.0,-3057.7195550845
13046,2800.0,-2888.63124354125
13047,2800.0,-2888.63124354125
13048,2800.0,-2825.797282113501
13049,2800.0,-2825.797282113501
13050,2800.0,-3218.5063639724995
13051,2800.0,-3218.5063639724995
13052,2800.0,-3329.7778409124994
13053,2800.0,-3329.7778409124994
13054,2800.0,-3112.95024332275
13055,2800.0,-3112.95024332275
13056,2800.0,-2704.37870733975
13057,2800.0,-2704.37870733975
13058,2800.0,-2374.3884455324996
13059,2800.0,-2374.3884455324996
13060,2800.0,-2270.0507823032494
13061,2800.0,-2270.0507823032494
13062,2800.0,-2689.9627798330002
13063,2800.0,-2689.9627798330002
13064,2800.0,-2846.16838689275
13065,2800.0,-2846.16838689275
13066,2800.0,-2832.8850474255005
13067,2800.0,-2832.8850474255005
13068,2800.0,-2750.5311346072504
13069,2800.0,-2750.5311346072504
13070,2800.0,-2673.4658707179997
13071,2800.0,-2673.4658707179997
13072,2800.0,-2891.34679500075
13073,2800.0,-2891.34679500075
13074,2800.0,-2952.9077581489996
13075,2800.0,-2952.9077581489996
13076,2800.0,-3103.86958496025
13077,2800.0,-3103.86958496025
13078,2800.0,-3151.8344968737492
13079,2800.0,-3151.8344968737492
13080,2800.0,-2884.0449651689996
13081,2800.0,-2884.0449651689996
13082,2800.0,-2911.9698537209993
13083,2800.0,-2911.9698537209993
13084,2800.0,-2604.103361686749
13085,2800.0,-2604.103361686749
13086,2800.0,-3927.8141316175
13087,2800.0,-3927.8141316175
13088,2800.0,-4200.0
13089,2800.0,-4200.0
13090,2800.0,-4200.0
13091,2800.0,-4200.0
13092,2800.0,-4200.0
13093,2800.0,-4200.0
13094,2800.0,-4200.0
13095,2800.0,-4200.0
13096,2800.0,-4200.0
13097,2800.0,-4200.0
13098,2800.0,-4200.0
13099,2800.0,-4200.0
13100,2800.0,-4200.0
13101,2800.0,-4200.0
13102,2800.0,-4200.0
13103,2800.0,-4200.0
13104,2800.0,-4200.0
