Timestep,Turbine_ES_MW,Turbine_FR_MW,Turbine_EU_MW
0,6940.97,8787.34,22887.788563915412
1,6940.97,8787.34,22887.788563915412
2,6940.97,8787.34,339.6287968095112
3,6940.97,8787.34,339.6287968095112
4,6940.97,4084.610972094819,0.0
5,6940.97,4084.610972094819,0.0
6,6940.97,4120.829787946468,0.0
7,6940.97,4120.829787946468,0.0
8,6940.97,0.0,0.0
9,6940.97,0.0,0.0
10,6940.97,0.0,0.0
11,6940.97,0.0,0.0
12,3886.14467568518,0.0,0.0
13,3886.14467568518,0.0,0.0
14,5715.9313860683105,4179.653163708337,14036.332024895353
15,5715.9313860683105,4179.653163708337,14036.332024895353
16,6940.97,8787.34,33648.24844715488
17,6940.97,8787.34,33648.24844715488
18,6940.97,8787.34,30539.851144727087
19,6940.97,8787.34,30539.851144727087
20,6940.97,8787.34,5845.243152363846
21,6940.97,8787.34,5845.243152363846
22,6940.97,0.0,0.0
23,6940.97,0.0,0.0
24,6940.97,0.0,0.0
25,6940.97,0.0,0.0
26,6940.97,0.0,0.0
27,6940.97,0.0,0.0
28,6940.97,0.0,0.0
29,6940.97,0.0,0.0
30,6940.97,0.0,0.0
31,6940.97,0.0,0.0
32,6940.97,8787.34,1909.3503252345781
33,6940.97,8787.34,1909.3503252345781
34,6940.97,4933.839693917242,0.0
35,6940.97,4933.839693917242,0.0
36,6940.97,4600.8094397121895,0.0
37,6940.97,4600.8094397121895,0.0
38,6940.97,8787.34,21264.480615974462
39,6940.97,8787.34,21264.480615974462
40,6940.97,8787.34,55775.735430188935
41,6940.97,8787.34,55775.735430188935
42,6940.97,8787.34,51618.53834449363
43,6940.97,8787.34,51618.53834449363
44,6940.97,8787.34,22018.97544475877
45,6940.97,8787.34,22018.97544475877
46,6940.97,0.0,0.0
47,6940.97,0.0,0.0
48,6940.97,0.0,0.0
49,6940.97,0.0,0.0
50,6940.97,0.0,0.0
51,6940.97,0.0,0.0
52,6940.97,0.0,0.0
53,6940.97,0.0,0.0
54,6940.97,6670.247714835705,0.0
55,6940.97,6670.247714835705,0.0
56,6940.97,8787.34,19275.106200566282
57,6940.97,8787.34,19275.106200566282
58,6940.97,1897.9397280781322,30521.78397136228
59,6940.97,1897.9397280781322,30521.78397136228
60,6940.97,0.0,40918.27970296296
61,6940.97,0.0,40918.27970296296
62,6940.97,0.0,64382.65810117002
63,6940.97,0.0,64382.65810117002
64,6940.97,0.0,70364.3
65,6940.97,0.0,70364.3
66,6940.97,4226.983770800916,70364.3
67,6940.97,4226.983770800916,70364.3
68,6940.97,4031.285835585697,49631.51839364979
69,6940.97,4031.285835585697,49631.51839364979
70,6940.97,8322.993646663916,20221.879463526973
71,6940.97,8322.993646663916,20221.879463526973
72,6940.97,3027.03467904605,0.0
73,6940.97,3027.03467904605,0.0
74,6940.97,0.0,0.0
75,6940.97,0.0,0.0
76,6940.97,0.0,0.0
77,6940.97,0.0,0.0
78,6940.97,2120.7550637467352,269.10335778414446
79,6940.97,2120.7550637467352,269.10335778414446
80,6940.97,6344.336764559307,10680.151472659869
81,6940.97,6344.336764559307,10680.151472659869
82,6940.97,4771.201410268679,9544.329037639225
83,6940.97,4771.201410268679,9544.329037639225
84,6940.97,2690.924184240057,14362.414702453956
85,6940.97,2690.924184240057,14362.414702453956
86,6940.97,2085.921751652857,47607.335250710035
87,6940.97,2085.921751652857,47607.335250710035
88,6940.97,8787.34,70364.3
89,6940.97,8787.34,70364.3
90,6940.97,8787.34,70364.3
91,6940.97,8787.34,70364.3
92,6940.97,8787.34,69696.32828260185
93,6940.97,8787.34,69696.32828260185
94,6940.97,8787.34,45248.123531961544
95,6940.97,8787.34,45248.123531961544
96,6940.97,8787.34,30502.79539330368
97,6940.97,8787.34,30502.79539330368
98,6940.97,8787.34,23323.272978278605
99,6940.97,8787.34,23323.272978278605
100,6940.97,8787.34,54064.64474069634
101,6940.97,8787.34,54064.64474069634
102,6940.97,8787.34,70364.3
103,6940.97,8787.34,70364.3
104,6940.97,8787.34,70364.3
105,6940.97,8787.34,70364.3
106,6940.97,8787.34,70364.3
107,6940.97,8787.34,70364.3
108,6940.97,8787.34,70364.3
109,6940.97,8787.34,70364.3
110,6940.97,8787.34,70364.3
111,6940.97,8787.34,70364.3
112,6940.97,8787.34,70364.3
113,6940.97,8787.34,70364.3
114,6940.97,8787.34,70364.3
115,6940.97,8787.34,70364.3
116,6940.97,8787.34,70364.3
117,6940.97,8787.34,70364.3
118,6940.97,8787.34,70364.3
119,6940.97,8787.34,70364.3
120,6940.97,8787.34,70364.3
121,6940.97,8787.34,70364.3
122,6940.97,8787.34,63455.59171370567
123,6940.97,8787.34,63455.59171370567
124,6940.97,8787.34,70364.3
125,6940.97,8787.34,70364.3
126,6940.97,8787.34,70364.3
127,6940.97,8787.34,70364.3
128,6940.97,8787.34,70364.3
129,6940.97,8787.34,70364.3
130,6940.97,8787.34,70364.3
131,6940.97,8787.34,70364.3
132,6940.97,8787.34,70364.3
133,6940.97,8787.34,70364.3
134,6940.97,8787.34,70364.3
135,6940.97,8787.34,70364.3
136,6940.97,8787.34,70364.3
137,6940.97,8787.34,70364.3
138,6940.97,8787.34,70364.3
139,6940.97,8787.34,70364.3
140,6940.97,8787.34,70364.3
141,6940.97,8787.34,70364.3
142,6940.97,8787.34,68518.22437733538
143,6940.97,8787.34,68518.22437733538
144,6940.97,8787.34,42780.353652146405
145,6940.97,8787.34,42780.353652146405
146,6940.97,8787.34,36621.1323385565
147,6940.97,8787.34,36621.1323385565
148,6940.97,8787.34,69197.74365357938
149,6940.97,8787.34,69197.74365357938
150,6940.97,8787.34,70364.3
151,6940.97,8787.34,70364.3
152,6940.97,8787.34,70364.3
153,6940.97,8787.34,70364.3
154,6940.97,8787.34,70364.3
155,6940.97,8787.34,70364.3
156,6940.97,8787.34,70364.3
157,6940.97,8787.34,70364.3
158,6940.97,8787.34,70364.3
159,6940.97,8787.34,70364.3
160,6940.97,8787.34,70364.3
161,6940.97,8787.34,70364.3
162,6940.97,8787.34,70364.3
163,6940.97,8787.34,70364.3
164,6940.97,8787.34,70364.3
165,6940.97,8787.34,70364.3
166,6940.97,8787.34,54490.31741699108
167,6940.97,8787.34,54490.31741699108
168,6940.97,8787.34,20933.9169924515
169,6940.97,8787.34,20933.9169924515
170,6940.97,5846.9125321639385,12753.70374394556
171,6940.97,5846.9125321639385,12753.70374394556
172,6940.97,8787.34,37553.96204432985
173,6940.97,8787.34,37553.96204432985
174,6940.97,8787.34,70364.3
175,6940.97,8787.34,70364.3
176,6940.97,8787.34,70364.3
177,6940.97,8787.34,70364.3
178,6940.97,8787.34,70364.3
179,6940.97,8787.34,70364.3
180,6940.97,3145.9377365366563,70364.3
181,6940.97,3145.9377365366563,70364.3
182,6940.97,3114.9630010910496,70364.3
183,6940.97,3114.9630010910496,70364.3
184,6940.97,8787.34,70364.3
185,6940.97,8787.34,70364.3
186,6940.97,8787.34,70364.3
187,6940.97,8787.34,70364.3
188,6940.97,8787.34,70364.3
189,6940.97,8787.34,70364.3
190,6940.97,8787.34,29818.644594009762
191,6940.97,8787.34,29818.644594009762
192,6940.97,3842.6816236689174,0.0
193,6940.97,3842.6816236689174,0.0
194,6940.97,0.0,0.0
195,6940.97,0.0,0.0
196,6940.97,1526.9020210339722,2548.8209469547437
197,6940.97,1526.9020210339722,2548.8209469547437
198,6940.97,8787.34,50447.64167729049
199,6940.97,8787.34,50447.64167729049
200,6940.97,8409.007669503291,61443.42752863068
201,6940.97,8409.007669503291,61443.42752863068
202,6940.97,2910.86302514242,57658.33262597126
203,6940.97,2910.86302514242,57658.33262597126
204,6940.97,0.0,57924.60491968141
205,6940.97,0.0,57924.60491968141
206,6940.97,0.0,70364.3
207,6940.97,0.0,70364.3
208,6940.97,5690.226278166492,70364.3
209,6940.97,5690.226278166492,70364.3
210,6940.97,3626.5337670422687,66248.42627245767
211,6940.97,3626.5337670422687,66248.42627245767
212,6940.97,0.0,39975.47322578513
213,6940.97,0.0,39975.47322578513
214,6940.97,0.0,11314.160716854123
215,6940.97,0.0,11314.160716854123
216,6940.97,0.0,0.0
217,6940.97,0.0,0.0
218,6940.97,0.0,0.0
219,6940.97,0.0,0.0
220,6940.97,0.0,0.0
221,6940.97,0.0,0.0
222,6940.97,0.0,0.0
223,6940.97,0.0,0.0
224,6940.97,0.0,14.455633591365768
225,6940.97,0.0,14.455633591365768
226,6940.97,0.0,0.0
227,6940.97,0.0,0.0
228,6940.97,0.0,0.0
229,6940.97,0.0,0.0
230,6940.97,0.0,46.18896290913108
231,6940.97,0.0,46.18896290913108
232,6940.97,179.6905606131786,25013.124705627997
233,6940.97,179.6905606131786,25013.124705627997
234,6940.97,4431.293843921498,21974.975398801354
235,6940.97,4431.293843921498,21974.975398801354
236,6940.97,3494.509714183334,0.0
237,6940.97,3494.509714183334,0.0
238,6940.97,0.0,0.0
239,6940.97,0.0,0.0
240,6940.97,0.0,0.0
241,6940.97,0.0,0.0
242,6940.97,0.0,0.0
243,6940.97,0.0,0.0
244,6940.97,0.0,0.0
245,6940.97,0.0,0.0
246,6940.97,0.0,0.0
247,6940.97,0.0,0.0
248,6940.97,0.0,0.0
249,6940.97,0.0,0.0
250,6940.97,0.0,0.0
251,6940.97,0.0,0.0
252,2397.300806895604,0.0,0.0
253,2397.300806895604,0.0,0.0
254,6115.094660108989,0.0,0.0
255,6115.094660108989,0.0,0.0
256,6940.97,2404.4137430890914,27962.323277635296
257,6940.97,2404.4137430890914,27962.323277635296
258,6940.97,6047.832742320277,26217.827362932003
259,6940.97,6047.832742320277,26217.827362932003
260,6940.97,3647.48039313518,7256.515993489273
261,6940.97,3647.48039313518,7256.515993489273
262,6940.97,0.0,0.0
263,6940.97,0.0,0.0
264,6940.97,0.0,0.0
265,6940.97,0.0,0.0
266,6940.97,0.0,0.0
267,6940.97,0.0,0.0
268,6940.97,1700.0650129393998,886.7353228543943
269,6940.97,1700.0650129393998,886.7353228543943
270,6940.97,8787.34,56547.47611669294
271,6940.97,8787.34,56547.47611669294
272,6940.97,8495.787969663805,61391.8514512002
273,6940.97,8495.787969663805,61391.8514512002
274,6940.97,0.0,52396.15208179355
275,6940.97,0.0,52396.15208179355
276,6940.97,0.0,54186.22272752898
277,6940.97,0.0,54186.22272752898
278,6940.97,0.0,67368.41222976628
279,6940.97,0.0,67368.41222976628
280,6940.97,5085.344001852278,70364.3
281,6940.97,5085.344001852278,70364.3
282,6940.97,8787.34,70364.3
283,6940.97,8787.34,70364.3
284,6940.97,4562.349946385615,49137.975995393586
285,6940.97,4562.349946385615,49137.975995393586
286,6940.97,4381.594640797275,12997.084369767603
287,6940.97,4381.594640797275,12997.084369767603
288,6940.97,0.0,0.0
289,6940.97,0.0,0.0
290,6940.97,0.0,0.0
291,6940.97,0.0,0.0
292,6940.97,0.0,24465.53781389806
293,6940.97,0.0,24465.53781389806
294,6940.97,4535.310145291576,70364.3
295,6940.97,4535.310145291576,70364.3
296,6940.97,1949.3228337509136,69377.54882808166
297,6940.97,1949.3228337509136,69377.54882808166
298,6940.97,0.0,54317.93747247345
299,6940.97,0.0,54317.93747247345
300,2091.4951756042683,0.0,63556.436668067094
301,2091.4951756042683,0.0,63556.436668067094
302,3615.0401495520964,0.0,70364.3
303,3615.0401495520964,0.0,70364.3
304,6940.97,4809.484190854935,70364.3
305,6940.97,4809.484190854935,70364.3
306,6940.97,8787.34,70364.3
307,6940.97,8787.34,70364.3
308,6940.97,6675.348451693937,70364.3
309,6940.97,6675.348451693937,70364.3
310,6940.97,5881.440636583737,42611.688943498244
311,6940.97,5881.440636583737,42611.688943498244
312,6940.97,23.985570121434648,22164.81842170027
313,6940.97,23.985570121434648,22164.81842170027
314,6940.97,0.0,19548.533672785474
315,6940.97,0.0,19548.533672785474
316,6940.97,901.2346567825734,46488.04755121976
317,6940.97,901.2346567825734,46488.04755121976
318,6940.97,8787.34,70364.3
319,6940.97,8787.34,70364.3
320,6940.97,8787.34,70364.3
321,6940.97,8787.34,70364.3
322,6940.97,6596.943883818214,70364.3
323,6940.97,6596.943883818214,70364.3
324,6940.97,0.0,70364.3
325,6940.97,0.0,70364.3
326,6940.97,2884.946785674738,70364.3
327,6940.97,2884.946785674738,70364.3
328,6940.97,8787.34,70364.3
329,6940.97,8787.34,70364.3
330,6940.97,8787.34,70364.3
331,6940.97,8787.34,70364.3
332,6940.97,5527.478785656146,70364.3
333,6940.97,5527.478785656146,70364.3
334,6940.97,4091.852750711596,39828.4889747391
335,6940.97,4091.852750711596,39828.4889747391
336,6940.97,0.0,14701.304987750715
337,6940.97,0.0,14701.304987750715
338,6940.97,0.0,6888.01213037406
339,6940.97,0.0,6888.01213037406
340,6940.97,0.0,29223.522809181857
341,6940.97,0.0,29223.522809181857
342,6940.97,1225.4357938061548,70364.3
343,6940.97,1225.4357938061548,70364.3
344,6940.97,466.88983220675436,70364.3
345,6940.97,466.88983220675436,70364.3
346,6940.97,0.0,60076.53145964231
347,6940.97,0.0,60076.53145964231
348,6940.97,0.0,58025.02578634498
349,6940.97,0.0,58025.02578634498
350,6940.97,0.0,70364.3
351,6940.97,0.0,70364.3
352,6940.97,5593.268999354954,70364.3
353,6940.97,5593.268999354954,70364.3
354,6940.97,7932.1829771809535,70364.3
355,6940.97,7932.1829771809535,70364.3
356,6940.97,5162.826000035797,45883.96706163543
357,6940.97,5162.826000035797,45883.96706163543
358,6940.97,6285.8078266305565,6911.518623230222
359,6940.97,6285.8078266305565,6911.518623230222
360,6940.97,0.0,0.0
361,6940.97,0.0,0.0
362,6940.97,0.0,0.0
363,6940.97,0.0,0.0
364,6940.97,6260.8746707577375,30039.486122659087
365,6940.97,6260.8746707577375,30039.486122659087
366,6940.97,8787.34,70364.3
367,6940.97,8787.34,70364.3
368,6940.97,8787.34,70364.3
369,6940.97,8787.34,70364.3
370,6940.97,8787.34,70364.3
371,6940.97,8787.34,70364.3
372,4934.432568040756,8787.34,70364.3
373,4934.432568040756,8787.34,70364.3
374,5001.001452164637,8787.34,70364.3
375,5001.001452164637,8787.34,70364.3
376,6940.97,8787.34,70364.3
377,6940.97,8787.34,70364.3
378,6940.97,8787.34,70364.3
379,6940.97,8787.34,70364.3
380,6940.97,8787.34,70364.3
381,6940.97,8787.34,70364.3
382,6940.97,8787.34,70364.3
383,6940.97,8787.34,70364.3
384,6940.97,5781.345815462877,50800.084118450424
385,6940.97,5781.345815462877,50800.084118450424
386,6940.97,2403.0533424114165,42358.85897616927
387,6940.97,2403.0533424114165,42358.85897616927
388,6940.97,4726.445697579957,45135.55003145742
389,6940.97,4726.445697579957,45135.55003145742
390,6940.97,8787.34,70364.3
391,6940.97,8787.34,70364.3
392,6940.97,8787.34,70364.3
393,6940.97,8787.34,70364.3
394,6940.97,8787.34,68157.53782401177
395,6940.97,8787.34,68157.53782401177
396,6940.97,5292.7741486977575,61952.03485203911
397,6940.97,5292.7741486977575,61952.03485203911
398,6940.97,3665.8368325328574,70364.3
399,6940.97,3665.8368325328574,70364.3
400,6940.97,8787.34,70364.3
401,6940.97,8787.34,70364.3
402,6940.97,8787.34,70364.3
403,6940.97,8787.34,70364.3
404,6940.97,7681.422940178256,70364.3
405,6940.97,7681.422940178256,70364.3
406,6940.97,8787.34,65287.461284169374
407,6940.97,8787.34,65287.461284169374
408,6940.97,6498.384711486999,46974.14008358636
409,6940.97,6498.384711486999,46974.14008358636
410,6940.97,1853.7872101691173,41181.30728672968
411,6940.97,1853.7872101691173,41181.30728672968
412,6940.97,2151.2665154702972,45217.78289645881
413,6940.97,2151.2665154702972,45217.78289645881
414,6940.97,4462.754955091037,59314.035721599095
415,6940.97,4462.754955091037,59314.035721599095
416,6940.97,6327.7920479977965,70364.3
417,6940.97,6327.7920479977965,70364.3
418,6940.97,5651.815838982113,69375.68112037062
419,6940.97,5651.815838982113,69375.68112037062
420,6940.97,3769.3116843681,70364.3
421,6940.97,3769.3116843681,70364.3
422,6940.97,3823.5209617539567,70364.3
423,6940.97,3823.5209617539567,70364.3
424,6940.97,8787.34,70364.3
425,6940.97,8787.34,70364.3
426,6940.97,8787.34,70364.3
427,6940.97,8787.34,70364.3
428,6940.97,8787.34,70364.3
429,6940.97,8787.34,70364.3
430,6940.97,8787.34,70364.3
431,6940.97,8787.34,70364.3
432,6940.97,8787.34,70364.3
433,6940.97,8787.34,70364.3
434,6940.97,6255.233887514756,70364.3
435,6940.97,6255.233887514756,70364.3
436,6940.97,8787.34,70364.3
437,6940.97,8787.34,70364.3
438,6940.97,8787.34,70364.3
439,6940.97,8787.34,70364.3
440,6940.97,8787.34,70364.3
441,6940.97,8787.34,70364.3
442,6940.97,8787.34,70364.3
443,6940.97,8787.34,70364.3
444,1085.8558240738676,8787.34,70364.3
445,1085.8558240738676,8787.34,70364.3
446,3197.070207417437,8787.34,70364.3
447,3197.070207417437,8787.34,70364.3
448,6940.97,8787.34,70364.3
449,6940.97,8787.34,70364.3
450,6940.97,8787.34,70364.3
451,6940.97,8787.34,70364.3
452,6940.97,8787.34,70364.3
453,6940.97,8787.34,70364.3
454,6940.97,8787.34,70364.3
455,6940.97,8787.34,70364.3
456,6940.97,8787.34,70364.3
457,6940.97,8787.34,70364.3
458,6940.97,8787.34,70364.3
459,6940.97,8787.34,70364.3
460,6940.97,8787.34,70364.3
461,6940.97,8787.34,70364.3
462,6940.97,8787.34,70364.3
463,6940.97,8787.34,70364.3
464,6940.97,8787.34,70364.3
465,6940.97,8787.34,70364.3
466,6940.97,8787.34,70364.3
467,6940.97,8787.34,70364.3
468,6940.97,8787.34,70364.3
469,6940.97,8787.34,70364.3
470,6940.97,8787.34,70364.3
471,6940.97,8787.34,70364.3
472,6940.97,8787.34,70364.3
473,6940.97,8787.34,70364.3
474,6940.97,8787.34,70364.3
475,6940.97,8787.34,70364.3
476,6940.97,8787.34,70364.3
477,6940.97,8787.34,70364.3
478,6940.97,8787.34,70364.3
479,6940.97,8787.34,70364.3
480,6940.97,8787.34,70364.3
481,6940.97,8787.34,70364.3
482,6940.97,8787.34,70364.3
483,6940.97,8787.34,70364.3
484,6940.97,8787.34,70364.3
485,6940.97,8787.34,70364.3
486,6940.97,8787.34,70364.3
487,6940.97,8787.34,70364.3
488,6940.97,8787.34,70364.3
489,6940.97,8787.34,70364.3
490,6940.97,8787.34,70364.3
491,6940.97,8787.34,70364.3
492,4301.516062728075,8787.34,70364.3
493,4301.516062728075,8787.34,70364.3
494,6940.97,8787.34,70364.3
495,6940.97,8787.34,70364.3
496,6940.97,8787.34,70364.3
497,6940.97,8787.34,70364.3
498,6940.97,8787.34,70364.3
499,6940.97,8787.34,70364.3
500,6940.97,8787.34,70364.3
501,6940.97,8787.34,70364.3
502,6940.97,8787.34,70364.3
503,6940.97,8787.34,70364.3
504,6940.97,8787.34,70364.3
505,6940.97,8787.34,70364.3
506,6940.97,8787.34,70364.3
507,6940.97,8787.34,70364.3
508,6940.97,8787.34,70364.3
509,6940.97,8787.34,70364.3
510,6940.97,8787.34,70364.3
511,6940.97,8787.34,70364.3
512,6940.97,8787.34,70364.3
513,6940.97,8787.34,70364.3
514,6940.97,8787.34,70364.3
515,6940.97,8787.34,70364.3
516,3080.8515886712703,8787.34,70364.3
517,3080.8515886712703,8787.34,70364.3
518,4882.963322456213,8787.34,70364.3
519,4882.963322456213,8787.34,70364.3
520,6940.97,8787.34,70364.3
521,6940.97,8787.34,70364.3
522,6940.97,8787.34,70364.3
523,6940.97,8787.34,70364.3
524,6940.97,8787.34,70364.3
525,6940.97,8787.34,70364.3
526,6940.97,8787.34,70364.3
527,6940.97,8787.34,70364.3
528,6940.97,8787.34,70364.3
529,6940.97,8787.34,70364.3
530,6940.97,8787.34,70364.3
531,6940.97,8787.34,70364.3
532,6940.97,8787.34,70364.3
533,6940.97,8787.34,70364.3
534,6940.97,8787.34,70364.3
535,6940.97,8787.34,70364.3
536,6940.97,8787.34,70364.3
537,6940.97,8787.34,70364.3
538,6940.97,8787.34,70364.3
539,6940.97,8787.34,70364.3
540,2365.3290061882617,8787.34,70364.3
541,2365.3290061882617,8787.34,70364.3
542,4274.294225485315,8787.34,70364.3
543,4274.294225485315,8787.34,70364.3
544,6940.97,8787.34,70364.3
545,6940.97,8787.34,70364.3
546,6940.97,8787.34,70364.3
547,6940.97,8787.34,70364.3
548,6940.97,8787.34,70364.3
549,6940.97,8787.34,70364.3
550,6940.97,8787.34,70364.3
551,6940.97,8787.34,70364.3
552,6940.97,8787.34,50902.524740886096
553,6940.97,8787.34,50902.524740886096
554,6940.97,8787.34,36758.148255772874
555,6940.97,8787.34,36758.148255772874
556,6940.97,8158.075116985172,37142.08988370579
557,6940.97,8158.075116985172,37142.08988370579
558,6940.97,8787.34,65910.04350646125
559,6940.97,8787.34,65910.04350646125
560,6940.97,8787.34,70364.3
561,6940.97,8787.34,70364.3
562,6940.97,8705.651691742776,70364.3
563,6940.97,8705.651691742776,70364.3
564,2991.596043754984,4970.202519385493,70364.3
565,2991.596043754984,4970.202519385493,70364.3
566,3868.506729063811,3871.6714664785923,70364.3
567,3868.506729063811,3871.6714664785923,70364.3
568,6940.97,8787.34,70364.3
569,6940.97,8787.34,70364.3
570,6940.97,8787.34,70364.3
571,6940.97,8787.34,70364.3
572,6940.97,8787.34,70364.3
573,6940.97,8787.34,70364.3
574,6940.97,8787.34,70364.3
575,6940.97,8787.34,70364.3
576,6940.97,8787.34,56562.13977185679
577,6940.97,8787.34,56562.13977185679
578,6940.97,8787.34,45227.8836104005
579,6940.97,8787.34,45227.8836104005
580,6940.97,8787.34,47629.45453059854
581,6940.97,8787.34,47629.45453059854
582,6940.97,8787.34,66428.40730287408
583,6940.97,8787.34,66428.40730287408
584,6940.97,8787.34,70364.3
585,6940.97,8787.34,70364.3
586,6940.97,8787.34,70364.3
587,6940.97,8787.34,70364.3
588,457.5821926884637,7729.112450794613,70364.3
589,457.5821926884637,7729.112450794613,70364.3
590,1491.8294350361684,6598.129400457377,70364.3
591,1491.8294350361684,6598.129400457377,70364.3
592,6940.97,8787.34,70364.3
593,6940.97,8787.34,70364.3
594,6940.97,8787.34,70364.3
595,6940.97,8787.34,70364.3
596,6940.97,8787.34,70364.3
597,6940.97,8787.34,70364.3
598,6940.97,8787.34,70364.3
599,6940.97,8787.34,70364.3
600,6940.97,8787.34,53445.252260790105
601,6940.97,8787.34,53445.252260790105
602,6940.97,6878.533097116937,46811.272689041696
603,6940.97,6878.533097116937,46811.272689041696
604,6940.97,8787.34,70364.3
605,6940.97,8787.34,70364.3
606,6940.97,8787.34,70364.3
607,6940.97,8787.34,70364.3
608,6940.97,8787.34,70364.3
609,6940.97,8787.34,70364.3
610,6940.97,8787.34,70364.3
611,6940.97,8787.34,70364.3
612,3054.4737296867097,8787.34,70364.3
613,3054.4737296867097,8787.34,70364.3
614,3643.0722284889525,8787.34,70364.3
615,3643.0722284889525,8787.34,70364.3
616,6940.97,8787.34,70364.3
617,6940.97,8787.34,70364.3
618,6940.97,8787.34,70364.3
619,6940.97,8787.34,70364.3
620,6940.97,8787.34,70364.3
621,6940.97,8787.34,70364.3
622,6940.97,8787.34,70364.3
623,6940.97,8787.34,70364.3
624,6940.97,8787.34,46451.139171698625
625,6940.97,8787.34,46451.139171698625
626,6940.97,7138.155435435498,45588.97290827571
627,6940.97,7138.155435435498,45588.97290827571
628,6940.97,8787.34,70364.3
629,6940.97,8787.34,70364.3
630,6940.97,8787.34,70364.3
631,6940.97,8787.34,70364.3
632,6940.97,8787.34,70364.3
633,6940.97,8787.34,70364.3
634,5855.304146024671,8787.34,70364.3
635,5855.304146024671,8787.34,70364.3
636,0.0,8787.34,70364.3
637,0.0,8787.34,70364.3
638,0.0,8787.34,70364.3
639,0.0,8787.34,70364.3
640,5922.486066119705,8787.34,70364.3
641,5922.486066119705,8787.34,70364.3
642,6940.97,8787.34,70364.3
643,6940.97,8787.34,70364.3
644,6940.97,8787.34,70364.3
645,6940.97,8787.34,70364.3
646,6940.97,8787.34,70364.3
647,6940.97,8787.34,70364.3
648,6940.97,8787.34,56869.66588412932
649,6940.97,8787.34,56869.66588412932
650,6940.97,6973.402291199798,41344.54828725493
651,6940.97,6973.402291199798,41344.54828725493
652,6940.97,8787.34,59901.44655423198
653,6940.97,8787.34,59901.44655423198
654,6940.97,8787.34,70364.3
655,6940.97,8787.34,70364.3
656,6940.97,8787.34,70364.3
657,6940.97,8787.34,70364.3
658,6940.97,8787.34,67710.62761635125
659,6940.97,8787.34,67710.62761635125
660,6637.551357095534,6403.436945648951,62979.77736954842
661,6637.551357095534,6403.436945648951,62979.77736954842
662,6599.64671836084,4474.885127937214,70364.3
663,6599.64671836084,4474.885127937214,70364.3
664,6940.97,8787.34,70364.3
665,6940.97,8787.34,70364.3
666,6940.97,8787.34,70364.3
667,6940.97,8787.34,70364.3
668,6940.97,8787.34,52538.93312263086
669,6940.97,8787.34,52538.93312263086
670,6940.97,8787.34,14609.446548878257
671,6940.97,8787.34,14609.446548878257
672,6940.97,0.0,0.0
673,6940.97,0.0,0.0
674,3851.2307435523617,0.0,0.0
675,3851.2307435523617,0.0,0.0
676,1737.4324508856216,0.0,30355.563125695277
677,1737.4324508856216,0.0,30355.563125695277
678,835.6365485065226,0.0,70364.3
679,835.6365485065226,0.0,70364.3
680,6940.97,3374.0652461010613,70364.3
681,6940.97,3374.0652461010613,70364.3
682,0.0,8787.34,70364.3
683,0.0,8787.34,70364.3
684,0.0,8787.34,70364.3
685,0.0,8787.34,70364.3
686,0.0,8787.34,70364.3
687,0.0,8787.34,70364.3
688,0.0,0.0,70364.3
689,0.0,0.0,70364.3
690,0.0,0.0,70364.3
691,0.0,0.0,70364.3
692,0.0,0.0,70364.3
693,0.0,0.0,70364.3
694,0.0,0.0,70364.3
695,0.0,0.0,70364.3
696,0.0,0.0,56037.11858399553
697,0.0,0.0,56037.11858399553
698,0.0,0.0,53687.692224656086
699,0.0,0.0,53687.692224656086
700,0.0,0.0,70364.3
701,0.0,0.0,70364.3
702,0.0,8787.34,70364.3
703,0.0,8787.34,70364.3
704,0.0,8787.34,70364.3
705,0.0,8787.34,70364.3
706,0.0,8787.34,70364.3
707,0.0,8787.34,70364.3
708,0.0,0.0,70364.3
709,0.0,0.0,70364.3
710,0.0,8787.34,70364.3
711,0.0,8787.34,70364.3
712,0.0,0.0,70364.3
713,0.0,0.0,70364.3
714,0.0,0.0,70364.3
715,0.0,0.0,70364.3
716,0.0,0.0,70364.3
717,0.0,0.0,70364.3
718,0.0,0.0,70364.3
719,0.0,0.0,70364.3
720,0.0,0.0,63451.8392957122
721,0.0,0.0,63451.8392957122
722,0.0,0.0,51712.98128955276
723,0.0,0.0,51712.98128955276
724,0.0,0.0,56481.506098385704
725,0.0,0.0,56481.506098385704
726,0.0,8787.34,70364.3
727,0.0,8787.34,70364.3
728,0.0,8787.34,70364.3
729,0.0,8787.34,70364.3
730,0.0,0.0,70364.3
731,0.0,0.0,70364.3
732,0.0,0.0,70364.3
733,0.0,0.0,70364.3
734,0.0,0.0,70364.3
735,0.0,0.0,70364.3
736,0.0,0.0,70364.3
737,0.0,0.0,70364.3
738,0.0,8787.34,70364.3
739,0.0,8787.34,70364.3
740,134.1087556264829,0.0,70364.3
741,134.1087556264829,0.0,70364.3
742,0.0,0.0,50180.04362333972
743,0.0,0.0,50180.04362333972
744,0.0,0.0,25178.593138954893
745,0.0,0.0,25178.593138954893
746,0.0,0.0,13923.82724297134
747,0.0,0.0,13923.82724297134
748,0.0,0.0,14747.927031488041
749,0.0,0.0,14747.927031488041
750,0.0,0.0,27068.45835130415
751,0.0,0.0,27068.45835130415
752,0.0,0.0,37902.072672645
753,0.0,0.0,37902.072672645
754,0.0,0.0,35956.028501526496
755,0.0,0.0,35956.028501526496
756,0.0,0.0,42824.40418154553
757,0.0,0.0,42824.40418154553
758,0.0,0.0,68365.73068674168
759,0.0,0.0,68365.73068674168
760,0.0,0.0,70364.3
761,0.0,0.0,70364.3
762,4566.547690844106,0.0,70364.3
763,4566.547690844106,0.0,70364.3
764,3704.6524381898225,0.0,70364.3
765,3704.6524381898225,0.0,70364.3
766,1544.5747778906098,0.0,66287.06387932756
767,1544.5747778906098,0.0,66287.06387932756
768,6940.97,0.0,51091.018497807236
769,6940.97,0.0,51091.018497807236
770,0.0,0.0,53124.02368490402
771,0.0,0.0,53124.02368490402
772,0.0,8787.34,70364.3
773,0.0,8787.34,70364.3
774,0.0,8787.34,70364.3
775,0.0,8787.34,70364.3
776,0.0,8787.34,70364.3
777,0.0,8787.34,70364.3
778,0.0,8787.34,70364.3
779,0.0,8787.34,70364.3
780,0.0,8787.34,70364.3
781,0.0,8787.34,70364.3
782,0.0,8787.34,70364.3
783,0.0,8787.34,70364.3
784,0.0,8787.34,70364.3
785,0.0,8787.34,70364.3
786,6940.97,8787.34,70364.3
787,6940.97,8787.34,70364.3
788,2194.3743265153516,8787.34,70364.3
789,2194.3743265153516,8787.34,70364.3
790,6940.97,8787.34,70364.3
791,6940.97,8787.34,70364.3
792,0.0,8787.34,70364.3
793,0.0,8787.34,70364.3
794,0.0,8787.34,70364.3
795,0.0,8787.34,70364.3
796,0.0,8787.34,70364.3
797,0.0,8787.34,70364.3
798,0.0,8787.34,70364.3
799,0.0,8787.34,70364.3
800,0.0,8787.34,70364.3
801,0.0,8787.34,70364.3
802,0.0,8787.34,70364.3
803,0.0,8787.34,70364.3
804,0.0,8787.34,70364.3
805,0.0,8787.34,70364.3
806,0.0,8787.34,70364.3
807,0.0,8787.34,70364.3
808,0.0,8787.34,70364.3
809,0.0,8787.34,70364.3
810,0.0,8787.34,70364.3
811,0.0,8787.34,70364.3
812,1380.017710674253,8787.34,70364.3
813,1380.017710674253,8787.34,70364.3
814,69.96498784714277,0.0,70364.3
815,69.96498784714277,0.0,70364.3
816,0.0,0.0,70364.3
817,0.0,0.0,70364.3
818,0.0,8787.34,70364.3
819,0.0,8787.34,70364.3
820,0.0,0.0,70364.3
821,0.0,0.0,70364.3
822,0.0,8787.34,70364.3
823,0.0,8787.34,70364.3
824,0.0,8787.34,70364.3
825,0.0,8787.34,70364.3
826,0.0,8787.34,70364.3
827,0.0,8787.34,70364.3
828,0.0,8787.34,70364.3
829,0.0,8787.34,70364.3
830,0.0,0.0,70364.3
831,0.0,0.0,70364.3
832,0.0,907.2322634205011,70364.3
833,0.0,907.2322634205011,70364.3
834,0.0,8787.34,70364.3
835,0.0,8787.34,70364.3
836,0.0,6659.830879050411,70364.3
837,0.0,6659.830879050411,70364.3
838,0.0,7740.596857529088,70364.3
839,0.0,7740.596857529088,70364.3
840,6940.97,0.0,70364.3
841,6940.97,0.0,70364.3
842,6940.97,0.0,70364.3
843,6940.97,0.0,70364.3
844,6597.050665527735,0.0,70364.3
845,6597.050665527735,0.0,70364.3
846,6940.97,0.0,70364.3
847,6940.97,0.0,70364.3
848,6940.97,0.0,70364.3
849,6940.97,0.0,70364.3
850,459.9578428361783,0.0,70364.3
851,459.9578428361783,0.0,70364.3
852,0.0,0.0,70364.3
853,0.0,0.0,70364.3
854,0.0,0.0,70364.3
855,0.0,0.0,70364.3
856,6229.273637049919,0.0,70364.3
857,6229.273637049919,0.0,70364.3
858,6940.97,0.0,70364.3
859,6940.97,0.0,70364.3
860,6940.97,0.0,70364.3
861,6940.97,0.0,70364.3
862,6940.97,0.0,70364.3
863,6940.97,0.0,70364.3
864,6940.97,0.0,70364.3
865,6940.97,0.0,70364.3
866,6940.97,0.0,70113.39480249412
867,6940.97,0.0,70113.39480249412
868,6940.97,0.0,70364.3
869,6940.97,0.0,70364.3
870,6940.97,0.0,70364.3
871,6940.97,0.0,70364.3
872,6940.97,0.0,70364.3
873,6940.97,0.0,70364.3
874,5538.204963559692,0.0,70364.3
875,5538.204963559692,0.0,70364.3
876,0.0,0.0,70364.3
877,0.0,0.0,70364.3
878,2329.3498545710754,0.0,70364.3
879,2329.3498545710754,0.0,70364.3
880,6940.97,0.0,70364.3
881,6940.97,0.0,70364.3
882,6940.97,0.0,70364.3
883,6940.97,0.0,70364.3
884,6940.97,0.0,70364.3
885,6940.97,0.0,70364.3
886,6940.97,0.0,70364.3
887,6940.97,0.0,70364.3
888,6940.97,0.0,70364.3
889,6940.97,0.0,70364.3
890,6940.97,0.0,69833.48306194966
891,6940.97,0.0,69833.48306194966
892,6940.97,0.0,70290.12880600564
893,6940.97,0.0,70290.12880600564
894,6940.97,0.0,70364.3
895,6940.97,0.0,70364.3
896,6940.97,0.0,68313.88760022802
897,6940.97,0.0,68313.88760022802
898,6940.97,0.0,47065.828025979325
899,6940.97,0.0,47065.828025979325
900,6940.97,0.0,39792.61288838058
901,6940.97,0.0,39792.61288838058
902,6940.97,0.0,62613.39257468316
903,6940.97,0.0,62613.39257468316
904,6940.97,0.0,70364.3
905,6940.97,0.0,70364.3
906,6940.97,0.0,70364.3
907,6940.97,0.0,70364.3
908,6940.97,0.0,56162.313408844035
909,6940.97,0.0,56162.313408844035
910,6940.97,0.0,23510.182064300254
911,6940.97,0.0,23510.182064300254
912,6940.97,0.0,0.0
913,6940.97,0.0,0.0
914,6940.97,0.0,0.0
915,6940.97,0.0,0.0
916,6940.97,0.0,0.0
917,6940.97,0.0,0.0
918,6940.97,0.0,592.6382233414788
919,6940.97,0.0,592.6382233414788
920,6940.97,0.0,0.0
921,6940.97,0.0,0.0
922,6940.97,0.0,0.0
923,6940.97,0.0,0.0
924,1168.557808553116,0.0,10324.297197778506
925,1168.557808553116,0.0,10324.297197778506
926,924.4393666073929,0.0,52960.501021463206
927,924.4393666073929,0.0,52960.501021463206
928,6940.97,0.0,70364.3
929,6940.97,0.0,70364.3
930,6940.97,0.0,70364.3
931,6940.97,0.0,70364.3
932,6940.97,0.0,70364.3
933,6940.97,0.0,70364.3
934,6940.97,0.0,58416.232824150095
935,6940.97,0.0,58416.232824150095
936,6940.97,0.0,35246.414654452055
937,6940.97,0.0,35246.414654452055
938,6940.97,0.0,30784.53596112114
939,6940.97,0.0,30784.53596112114
940,6940.97,0.0,65671.29654899695
941,6940.97,0.0,65671.29654899695
942,6940.97,0.0,70364.3
943,6940.97,0.0,70364.3
944,6940.97,0.0,70364.3
945,6940.97,0.0,70364.3
946,5087.914964069085,0.0,70364.3
947,5087.914964069085,0.0,70364.3
948,0.0,0.0,70364.3
949,0.0,0.0,70364.3
950,1538.1368362597168,0.0,70364.3
951,1538.1368362597168,0.0,70364.3
952,6940.97,0.0,70364.3
953,6940.97,0.0,70364.3
954,6940.97,0.0,70364.3
955,6940.97,0.0,70364.3
956,6940.97,0.0,70364.3
957,6940.97,0.0,70364.3
958,6940.97,0.0,70364.3
959,6940.97,0.0,70364.3
960,6940.97,0.0,67778.74504747559
961,6940.97,0.0,67778.74504747559
962,6940.97,0.0,62619.39184490277
963,6940.97,0.0,62619.39184490277
964,6940.97,0.0,70364.3
965,6940.97,0.0,70364.3
966,6940.97,0.0,70364.3
967,6940.97,0.0,70364.3
968,6940.97,0.0,70364.3
969,6940.97,0.0,70364.3
970,6940.97,0.0,70364.3
971,6940.97,0.0,70364.3
972,6940.97,0.0,70364.3
973,6940.97,0.0,70364.3
974,6940.97,0.0,70364.3
975,6940.97,0.0,70364.3
976,6940.97,0.0,70364.3
977,6940.97,0.0,70364.3
978,6940.97,0.0,70364.3
979,6940.97,0.0,70364.3
980,6940.97,0.0,70364.3
981,6940.97,0.0,70364.3
982,6940.97,0.0,70364.3
983,6940.97,0.0,70364.3
984,6940.97,0.0,70364.3
985,6940.97,0.0,70364.3
986,6940.97,0.0,70364.3
987,6940.97,0.0,70364.3
988,6940.97,0.0,70364.3
989,6940.97,0.0,70364.3
990,6940.97,0.0,70364.3
991,6940.97,0.0,70364.3
992,6940.97,0.0,70364.3
993,6940.97,0.0,70364.3
994,6940.97,0.0,70364.3
995,6940.97,0.0,70364.3
996,6940.97,0.0,70364.3
997,6940.97,0.0,70364.3
998,6940.97,0.0,70364.3
999,6940.97,0.0,70364.3
1000,6940.97,8787.34,70364.3
1001,6940.97,8787.34,70364.3
1002,6940.97,8787.34,70364.3
1003,6940.97,8787.34,70364.3
1004,6940.97,0.0,70364.3
1005,6940.97,0.0,70364.3
1006,6940.97,0.0,70364.3
1007,6940.97,0.0,70364.3
1008,6940.97,8787.34,70364.3
1009,6940.97,8787.34,70364.3
1010,6940.97,8787.34,70364.3
1011,6940.97,8787.34,70364.3
1012,6940.97,8787.34,70364.3
1013,6940.97,8787.34,70364.3
1014,6940.97,8787.34,70364.3
1015,6940.97,8787.34,70364.3
1016,6940.97,8787.34,70364.3
1017,6940.97,8787.34,70364.3
1018,6940.97,8787.34,70364.3
1019,6940.97,8787.34,70364.3
1020,6940.97,8787.34,70364.3
1021,6940.97,8787.34,70364.3
1022,6940.97,8787.34,70364.3
1023,6940.97,8787.34,70364.3
1024,6940.97,8787.34,70364.3
1025,6940.97,8787.34,70364.3
1026,6940.97,8787.34,70364.3
1027,6940.97,8787.34,70364.3
1028,6940.97,8787.34,70364.3
1029,6940.97,8787.34,70364.3
1030,6940.97,8787.34,70364.3
1031,6940.97,8787.34,70364.3
1032,6940.97,8787.34,70364.3
1033,6940.97,8787.34,70364.3
1034,6940.97,0.0,70364.3
1035,6940.97,0.0,70364.3
1036,6940.97,8787.34,70364.3
1037,6940.97,8787.34,70364.3
1038,6940.97,8787.34,70364.3
1039,6940.97,8787.34,70364.3
1040,6940.97,8787.34,70364.3
1041,6940.97,8787.34,70364.3
1042,6940.97,0.0,70364.3
1043,6940.97,0.0,70364.3
1044,5583.172368536652,0.0,70364.3
1045,5583.172368536652,0.0,70364.3
1046,6940.97,0.0,70364.3
1047,6940.97,0.0,70364.3
1048,6940.97,0.0,70364.3
1049,6940.97,0.0,70364.3
1050,6940.97,0.0,70364.3
1051,6940.97,0.0,70364.3
1052,6940.97,0.0,70364.3
1053,6940.97,0.0,70364.3
1054,6940.97,0.0,70364.3
1055,6940.97,0.0,70364.3
1056,6940.97,0.0,70364.3
1057,6940.97,0.0,70364.3
1058,6940.97,0.0,66016.20458535543
1059,6940.97,0.0,66016.20458535543
1060,6940.97,0.0,70364.3
1061,6940.97,0.0,70364.3
1062,6940.97,0.0,70364.3
1063,6940.97,0.0,70364.3
1064,6940.97,0.0,70364.3
1065,6940.97,0.0,70364.3
1066,6940.97,0.0,70074.46720836672
1067,6940.97,0.0,70074.46720836672
1068,6144.52194729005,0.0,69372.7185866506
1069,6144.52194729005,0.0,69372.7185866506
1070,6940.97,0.0,70364.3
1071,6940.97,0.0,70364.3
1072,6940.97,6810.459005569717,70364.3
1073,6940.97,6810.459005569717,70364.3
1074,6940.97,8787.34,70364.3
1075,6940.97,8787.34,70364.3
1076,6940.97,7958.4861414749375,70364.3
1077,6940.97,7958.4861414749375,70364.3
1078,6940.97,8787.34,70364.3
1079,6940.97,8787.34,70364.3
1080,6940.97,0.0,65067.607219612284
1081,6940.97,0.0,65067.607219612284
1082,6940.97,0.0,49985.62740218853
1083,6940.97,0.0,49985.62740218853
1084,6940.97,0.0,46023.76311554483
1085,6940.97,0.0,46023.76311554483
1086,6940.97,0.0,46973.4073522517
1087,6940.97,0.0,46973.4073522517
1088,6940.97,0.0,32786.94973776383
1089,6940.97,0.0,32786.94973776383
1090,6940.97,0.0,16085.865143066425
1091,6940.97,0.0,16085.865143066425
1092,6940.97,0.0,15229.094438277318
1093,6940.97,0.0,15229.094438277318
1094,6940.97,0.0,50995.237711785136
1095,6940.97,0.0,50995.237711785136
1096,6940.97,7615.885196468478,70364.3
1097,6940.97,7615.885196468478,70364.3
1098,6940.97,8787.34,70364.3
1099,6940.97,8787.34,70364.3
1100,6940.97,8787.34,70364.3
1101,6940.97,8787.34,70364.3
1102,6940.97,0.0,68822.9070519609
1103,6940.97,0.0,68822.9070519609
1104,6940.97,0.0,53520.931038416136
1105,6940.97,0.0,53520.931038416136
1106,6940.97,0.0,51021.9362723141
1107,6940.97,0.0,51021.9362723141
1108,6940.97,8787.34,70364.3
1109,6940.97,8787.34,70364.3
1110,6940.97,8787.34,70364.3
1111,6940.97,8787.34,70364.3
1112,6940.97,8787.34,70364.3
1113,6940.97,8787.34,70364.3
1114,2987.9319854564637,2686.060156425061,70364.3
1115,2987.9319854564637,2686.060156425061,70364.3
1116,4879.054822042227,8279.318468181624,70364.3
1117,4879.054822042227,8279.318468181624,70364.3
1118,4377.3923086872155,8787.34,70364.3
1119,4377.3923086872155,8787.34,70364.3
1120,2668.1170062599845,8787.34,70364.3
1121,2668.1170062599845,8787.34,70364.3
1122,6940.97,8787.34,70364.3
1123,6940.97,8787.34,70364.3
1124,6940.97,0.0,70364.3
1125,6940.97,0.0,70364.3
1126,6940.97,0.0,70364.3
1127,6940.97,0.0,70364.3
1128,6940.97,0.0,70364.3
1129,6940.97,0.0,70364.3
1130,0.0,0.0,66071.57561602995
1131,0.0,0.0,66071.57561602995
1132,0.0,8787.34,70364.3
1133,0.0,8787.34,70364.3
1134,0.0,0.0,70364.3
1135,0.0,0.0,70364.3
1136,0.0,0.0,70364.3
1137,0.0,0.0,70364.3
1138,0.0,0.0,70364.3
1139,0.0,0.0,70364.3
1140,0.0,0.0,70364.3
1141,0.0,0.0,70364.3
1142,0.0,0.0,70364.3
1143,0.0,0.0,70364.3
1144,0.0,8787.34,70364.3
1145,0.0,8787.34,70364.3
1146,3647.4125480040675,8787.34,70364.3
1147,3647.4125480040675,8787.34,70364.3
1148,1284.852310432656,0.0,70364.3
1149,1284.852310432656,0.0,70364.3
1150,6940.97,0.0,70364.3
1151,6940.97,0.0,70364.3
1152,6103.572551100941,0.0,62180.365013262475
1153,6103.572551100941,0.0,62180.365013262475
1154,0.0,0.0,57116.322565225615
1155,0.0,0.0,57116.322565225615
1156,2565.95762904194,0.0,70364.3
1157,2565.95762904194,0.0,70364.3
1158,5442.498748220842,0.0,70364.3
1159,5442.498748220842,0.0,70364.3
1160,391.25446272786576,0.0,70364.3
1161,391.25446272786576,0.0,70364.3
1162,0.0,0.0,68637.62253507302
1163,0.0,0.0,68637.62253507302
1164,0.0,0.0,62152.07871590223
1165,0.0,0.0,62152.07871590223
1166,2021.4415655075973,0.0,70364.3
1167,2021.4415655075973,0.0,70364.3
1168,6940.97,0.0,70364.3
1169,6940.97,0.0,70364.3
1170,6940.97,0.0,70364.3
1171,6940.97,0.0,70364.3
1172,6940.97,0.0,70364.3
1173,6940.97,0.0,70364.3
1174,6940.97,0.0,62317.302646288495
1175,6940.97,0.0,62317.302646288495
1176,6940.97,8787.34,31130.319882746862
1177,6940.97,8787.34,31130.319882746862
1178,6940.97,8787.34,27986.2654436414
1179,6940.97,8787.34,27986.2654436414
1180,6940.97,8787.34,60608.95173755123
1181,6940.97,8787.34,60608.95173755123
1182,6940.97,8787.34,70364.3
1183,6940.97,8787.34,70364.3
1184,6940.97,8787.34,70364.3
1185,6940.97,8787.34,70364.3
1186,6940.97,8440.997690404729,38394.8021665703
1187,6940.97,8440.997690404729,38394.8021665703
1188,6940.97,3979.744826859849,41294.451741405705
1189,6940.97,3979.744826859849,41294.451741405705
1190,6940.97,4045.3295898090673,70364.3
1191,6940.97,4045.3295898090673,70364.3
1192,6940.97,8787.34,70364.3
1193,6940.97,8787.34,70364.3
1194,6940.97,8787.34,70364.3
1195,6940.97,8787.34,70364.3
1196,6940.97,8107.476005064005,70364.3
1197,6940.97,8107.476005064005,70364.3
1198,6940.97,8198.510990039164,62328.631833800624
1199,6940.97,8198.510990039164,62328.631833800624
1200,6940.97,6612.8332418166265,44780.57086241065
1201,6940.97,6612.8332418166265,44780.57086241065
1202,6940.97,3152.9727742853393,41858.58570579853
1203,6940.97,3152.9727742853393,41858.58570579853
1204,6940.97,7660.819000967787,65619.50444917468
1205,6940.97,7660.819000967787,65619.50444917468
1206,6940.97,8787.34,70364.3
1207,6940.97,8787.34,70364.3
1208,6940.97,8787.34,70364.3
1209,6940.97,8787.34,70364.3
1210,6940.97,5035.250317390844,61375.66078200357
1211,6940.97,5035.250317390844,61375.66078200357
1212,6940.97,1966.308954406686,70364.3
1213,6940.97,1966.308954406686,70364.3
1214,6940.97,638.1045025365038,70364.3
1215,6940.97,638.1045025365038,70364.3
1216,6940.97,4938.626436373608,70364.3
1217,6940.97,4938.626436373608,70364.3
1218,6940.97,8015.736178116607,70364.3
1219,6940.97,8015.736178116607,70364.3
1220,6940.97,5096.905405840504,70364.3
1221,6940.97,5096.905405840504,70364.3
1222,6940.97,5836.416967467527,70364.3
1223,6940.97,5836.416967467527,70364.3
1224,6940.97,3351.3884688460585,50299.026057478506
1225,6940.97,3351.3884688460585,50299.026057478506
1226,6940.97,785.0112722128579,41503.637815376234
1227,6940.97,785.0112722128579,41503.637815376234
1228,5920.512184695721,3550.3183569962184,44934.80501629751
1229,5920.512184695721,3550.3183569962184,44934.80501629751
1230,5154.602927720669,7622.929057843279,60782.8959906065
1231,5154.602927720669,7622.929057843279,60782.8959906065
1232,6940.97,8787.34,66940.44693293456
1233,6940.97,8787.34,66940.44693293456
1234,1054.4697008372386,8787.34,46844.7169449059
1235,1054.4697008372386,8787.34,46844.7169449059
1236,0.0,5912.617438455467,44950.9404413561
1237,0.0,5912.617438455467,44950.9404413561
1238,0.0,4417.221032729838,70364.3
1239,0.0,4417.221032729838,70364.3
1240,0.0,8787.34,70364.3
1241,0.0,8787.34,70364.3
1242,3268.6281313371455,8787.34,70364.3
1243,3268.6281313371455,8787.34,70364.3
1244,6940.97,8787.34,70364.3
1245,6940.97,8787.34,70364.3
1246,6940.97,8787.34,68854.42857329194
1247,6940.97,8787.34,68854.42857329194
1248,6070.405350558017,8787.34,52566.370022293995
1249,6070.405350558017,8787.34,52566.370022293995
1250,2961.562051305582,6194.4410899041195,47798.21319085643
1251,2961.562051305582,6194.4410899041195,47798.21319085643
1252,927.3553576896402,7799.1266112125795,47898.72670042719
1253,927.3553576896402,7799.1266112125795,47898.72670042719
1254,3197.9992914214454,8787.34,52594.733919496386
1255,3197.9992914214454,8787.34,52594.733919496386
1256,0.0,6359.599066029059,41608.68328849203
1257,0.0,6359.599066029059,41608.68328849203
1258,0.0,1348.3187101167077,20888.092830379406
1259,0.0,1348.3187101167077,20888.092830379406
1260,0.0,0.0,16331.807214895118
1261,0.0,0.0,16331.807214895118
1262,0.0,0.0,45210.75453209496
1263,0.0,0.0,45210.75453209496
1264,0.0,0.0,70364.3
1265,0.0,0.0,70364.3
1266,3465.9206542136926,4799.867029131305,70364.3
1267,3465.9206542136926,4799.867029131305,70364.3
1268,6940.97,1314.4639422935234,53260.22794647748
1269,6940.97,1314.4639422935234,53260.22794647748
1270,5043.721899003329,1657.8506955199427,19870.510715026438
1271,5043.721899003329,1657.8506955199427,19870.510715026438
1272,293.6371047381581,0.0,0.0
1273,293.6371047381581,0.0,0.0
1274,0.0,0.0,0.0
1275,0.0,0.0,0.0
1276,0.0,1570.6979654858605,28280.266861243348
1277,0.0,1570.6979654858605,28280.266861243348
1278,0.0,8787.34,70364.3
1279,0.0,8787.34,70364.3
1280,0.0,8787.34,70364.3
1281,0.0,8787.34,70364.3
1282,0.0,4869.529499385386,70364.3
1283,0.0,4869.529499385386,70364.3
1284,0.0,1465.784069086305,70364.3
1285,0.0,1465.784069086305,70364.3
1286,0.0,1405.006897890964,70364.3
1287,0.0,1405.006897890964,70364.3
1288,0.0,6025.212294347668,70364.3
1289,0.0,6025.212294347668,70364.3
1290,0.0,8787.34,70364.3
1291,0.0,8787.34,70364.3
1292,0.0,6256.003227055726,70364.3
1293,0.0,6256.003227055726,70364.3
1294,0.0,6178.551775600028,50451.49931592689
1295,0.0,6178.551775600028,50451.49931592689
1296,0.0,2921.0752336608584,27454.372005699377
1297,0.0,2921.0752336608584,27454.372005699377
1298,0.0,0.0,24515.079736256565
1299,0.0,0.0,24515.079736256565
1300,0.0,4263.646142219766,50771.35506897613
1301,0.0,4263.646142219766,50771.35506897613
1302,0.0,8787.34,70364.3
1303,0.0,8787.34,70364.3
1304,0.0,8787.34,70364.3
1305,0.0,8787.34,70364.3
1306,0.0,4490.630250189231,66534.79893065992
1307,0.0,4490.630250189231,66534.79893065992
1308,0.0,2964.519477549289,70364.3
1309,0.0,2964.519477549289,70364.3
1310,0.0,3119.445615322684,70364.3
1311,0.0,3119.445615322684,70364.3
1312,0.0,7994.136402547327,70364.3
1313,0.0,7994.136402547327,70364.3
1314,0.0,8787.34,70364.3
1315,0.0,8787.34,70364.3
1316,0.0,7862.512466471748,70364.3
1317,0.0,7862.512466471748,70364.3
1318,0.0,8787.34,66773.32950680013
1319,0.0,8787.34,66773.32950680013
1320,0.0,7092.66599897396,52042.13075854059
1321,0.0,7092.66599897396,52042.13075854059
1322,0.0,4255.255974548558,54277.873986071296
1323,0.0,4255.255974548558,54277.873986071296
1324,0.0,8787.34,70364.3
1325,0.0,8787.34,70364.3
1326,0.0,8787.34,70364.3
1327,0.0,8787.34,70364.3
1328,0.0,8787.34,70364.3
1329,0.0,8787.34,70364.3
1330,0.0,8787.34,70364.3
1331,0.0,8787.34,70364.3
1332,0.0,8787.34,70364.3
1333,0.0,8787.34,70364.3
1334,0.0,8787.34,70364.3
1335,0.0,8787.34,70364.3
1336,0.0,8787.34,70364.3
1337,0.0,8787.34,70364.3
1338,0.0,8787.34,70364.3
1339,0.0,8787.34,70364.3
1340,0.0,8787.34,70364.3
1341,0.0,8787.34,70364.3
1342,0.0,8787.34,70364.3
1343,0.0,8787.34,70364.3
1344,6559.869871701509,8787.34,64515.303415963834
1345,6559.869871701509,8787.34,64515.303415963834
1346,6940.97,4965.257313734617,58026.899698694586
1347,6940.97,4965.257313734617,58026.899698694586
1348,1024.2145880651333,8123.0544893385195,70364.3
1349,1024.2145880651333,8123.0544893385195,70364.3
1350,3165.658234150208,8787.34,70364.3
1351,3165.658234150208,8787.34,70364.3
1352,5023.230844665875,8787.34,70364.3
1353,5023.230844665875,8787.34,70364.3
1354,5148.169481100679,8787.34,54365.90955047557
1355,5148.169481100679,8787.34,54365.90955047557
1356,59.41381500823263,8787.34,59851.74210530348
1357,59.41381500823263,8787.34,59851.74210530348
1358,1623.4284992294479,7590.136200407125,70364.3
1359,1623.4284992294479,7590.136200407125,70364.3
1360,6940.97,8787.34,70364.3
1361,6940.97,8787.34,70364.3
1362,6940.97,8787.34,70364.3
1363,6940.97,8787.34,70364.3
1364,6940.97,5849.292362738985,70364.3
1365,6940.97,5849.292362738985,70364.3
1366,6940.97,5537.711376548419,65641.25715834546
1367,6940.97,5537.711376548419,65641.25715834546
1368,6940.97,0.0,47543.17195598359
1369,6940.97,0.0,47543.17195598359
1370,3023.861650989217,0.0,47583.83632485311
1371,3023.861650989217,0.0,47583.83632485311
1372,0.0,500.9714622875087,70364.3
1373,0.0,500.9714622875087,70364.3
1374,479.34575313177993,8787.34,70364.3
1375,479.34575313177993,8787.34,70364.3
1376,2848.0096513961944,6597.266915111009,70364.3
1377,2848.0096513961944,6597.266915111009,70364.3
1378,4206.600577716386,4407.018530912024,70364.3
1379,4206.600577716386,4407.018530912024,70364.3
1380,0.0,0.0,70364.3
1381,0.0,0.0,70364.3
1382,0.0,0.0,70364.3
1383,0.0,0.0,70364.3
1384,5548.5797670435295,5048.409304333785,70364.3
1385,5548.5797670435295,5048.409304333785,70364.3
1386,6940.97,8787.34,70364.3
1387,6940.97,8787.34,70364.3
1388,6940.97,8787.34,70364.3
1389,6940.97,8787.34,70364.3
1390,6940.97,7159.748663049986,70364.3
1391,6940.97,7159.748663049986,70364.3
1392,6940.97,7381.431626319039,58589.79733627857
1393,6940.97,7381.431626319039,58589.79733627857
1394,6940.97,1773.0217299529868,51810.561244245844
1395,6940.97,1773.0217299529868,51810.561244245844
1396,6484.96414568743,3333.424889796179,56020.76491240827
1397,6484.96414568743,3333.424889796179,56020.76491240827
1398,6940.97,4103.1872243440175,69020.39289078656
1399,6940.97,4103.1872243440175,69020.39289078656
1400,6940.97,3534.4014425622026,56104.06642242886
1401,6940.97,3534.4014425622026,56104.06642242886
1402,6940.97,0.0,27696.597806493024
1403,6940.97,0.0,27696.597806493024
1404,4025.4917444604207,0.0,14923.939663559984
1405,4025.4917444604207,0.0,14923.939663559984
1406,5550.289311726481,0.0,42015.205858735644
1407,5550.289311726481,0.0,42015.205858735644
1408,4309.780755373856,0.0,70364.3
1409,4309.780755373856,0.0,70364.3
1410,6940.97,0.0,70364.3
1411,6940.97,0.0,70364.3
1412,6940.97,0.0,41045.14922452162
1413,6940.97,0.0,41045.14922452162
1414,6940.97,0.0,12187.354818710359
1415,6940.97,0.0,12187.354818710359
1416,6940.97,6169.201565817729,58589.79733627857
1417,6940.97,6169.201565817729,58589.79733627857
1418,6940.97,2878.4348548459584,51810.561244245844
1419,6940.97,2878.4348548459584,51810.561244245844
1420,6940.97,0.0,56020.76491240827
1421,6940.97,0.0,56020.76491240827
1422,6940.97,0.0,69020.39289078656
1423,6940.97,0.0,69020.39289078656
1424,6940.97,3534.4014425622026,56104.06642242886
1425,6940.97,3534.4014425622026,56104.06642242886
1426,6940.97,0.0,27696.597806493024
1427,6940.97,0.0,27696.597806493024
1428,4025.4917444604207,0.0,14923.939663559984
1429,4025.4917444604207,0.0,14923.939663559984
1430,5550.289311726481,0.0,42015.205858735644
1431,5550.289311726481,0.0,42015.205858735644
1432,4309.780755373856,0.0,70364.3
1433,4309.780755373856,0.0,70364.3
1434,6940.97,0.0,70364.3
1435,6940.97,0.0,70364.3
1436,6940.97,0.0,41045.14922452162
1437,6940.97,0.0,41045.14922452162
1438,6940.97,0.0,12187.354818710359
1439,6940.97,0.0,12187.354818710359
1440,6940.97,0.0,0.0
1441,6940.97,0.0,0.0
1442,6940.97,0.0,0.0
1443,6940.97,0.0,0.0
1444,0.0,0.0,0.0
1445,0.0,0.0,0.0
1446,6940.97,0.0,0.0
1447,6940.97,0.0,0.0
1448,6940.97,0.0,0.0
1449,6940.97,0.0,0.0
1450,1108.209839874898,0.0,0.0
1451,1108.209839874898,0.0,0.0
1452,0.0,0.0,0.0
1453,0.0,0.0,0.0
1454,0.0,0.0,7435.788720738114
1455,0.0,0.0,7435.788720738114
1456,0.0,0.0,50607.45114834342
1457,0.0,0.0,50607.45114834342
1458,6940.97,0.0,62846.01411998915
1459,6940.97,0.0,62846.01411998915
1460,6940.97,0.0,43988.724416550685
1461,6940.97,0.0,43988.724416550685
1462,6940.97,0.0,19038.0028399539
1463,6940.97,0.0,19038.0028399539
1464,1781.2889064022029,0.0,4225.244792420723
1465,1781.2889064022029,0.0,4225.244792420723
1466,828.8817521006144,0.0,5280.39180993363
1467,828.8817521006144,0.0,5280.39180993363
1468,6940.97,0.0,34003.38820454996
1469,6940.97,0.0,34003.38820454996
1470,6940.97,0.0,69762.51342299223
1471,6940.97,0.0,69762.51342299223
1472,6940.97,0.0,36265.0208690025
1473,6940.97,0.0,36265.0208690025
1474,5823.278310305825,0.0,16227.345658419188
1475,5823.278310305825,0.0,16227.345658419188
1476,0.0,0.0,28082.057756179216
1477,0.0,0.0,28082.057756179216
1478,0.0,0.0,58668.795981915406
1479,0.0,0.0,58668.795981915406
1480,6940.97,0.0,70364.3
1481,6940.97,0.0,70364.3
1482,6940.97,1421.4072273391466,70364.3
1483,6940.97,1421.4072273391466,70364.3
1484,6940.97,0.0,70364.3
1485,6940.97,0.0,70364.3
1486,6940.97,0.0,34834.92581342845
1487,6940.97,0.0,34834.92581342845
1488,6940.97,0.0,12991.499886916397
1489,6940.97,0.0,12991.499886916397
1490,6940.97,0.0,15511.115171518497
1491,6940.97,0.0,15511.115171518497
1492,6940.97,0.0,46807.401175352396
1493,6940.97,0.0,46807.401175352396
1494,6940.97,2760.6768012931443,70364.3
1495,6940.97,2760.6768012931443,70364.3
1496,6940.97,0.0,44795.97421957203
1497,6940.97,0.0,44795.97421957203
1498,2692.9049028875615,0.0,27226.191053165792
1499,2692.9049028875615,0.0,27226.191053165792
1500,3271.5251424917305,0.0,41172.138578179554
1501,3271.5251424917305,0.0,41172.138578179554
1502,2401.6274942065857,0.0,70364.3
1503,2401.6274942065857,0.0,70364.3
1504,699.8601552647406,0.0,70364.3
1505,699.8601552647406,0.0,70364.3
1506,6940.97,3747.083936146768,70364.3
1507,6940.97,3747.083936146768,70364.3
1508,6940.97,0.0,70364.3
1509,6940.97,0.0,70364.3
1510,6940.97,0.0,60325.20280123074
1511,6940.97,0.0,60325.20280123074
1512,6940.97,2166.4253906265385,38099.942251608154
1513,6940.97,2166.4253906265385,38099.942251608154
1514,6940.97,0.0,38402.72939027066
1515,6940.97,0.0,38402.72939027066
1516,6940.97,4864.238075979318,66086.61198967355
1517,6940.97,4864.238075979318,66086.61198967355
1518,6940.97,8787.34,70364.3
1519,6940.97,8787.34,70364.3
1520,6940.97,7663.303423804227,65137.52434858392
1521,6940.97,7663.303423804227,65137.52434858392
1522,3046.676986304965,2057.685937253471,41896.71570459913
1523,3046.676986304965,2057.685937253471,41896.71570459913
1524,0.0,539.8042373088447,56181.343963371706
1525,0.0,539.8042373088447,56181.343963371706
1526,0.0,0.0,70364.3
1527,0.0,0.0,70364.3
1528,2092.4826414028093,4994.3852904193245,70364.3
1529,2092.4826414028093,4994.3852904193245,70364.3
1530,6940.97,8787.34,70364.3
1531,6940.97,8787.34,70364.3
1532,6940.97,3845.7879082121053,70364.3
1533,6940.97,3845.7879082121053,70364.3
1534,6940.97,5093.720825678867,70364.3
1535,6940.97,5093.720825678867,70364.3
1536,6940.97,4967.145346100757,60331.07191718342
1537,6940.97,4967.145346100757,60331.07191718342
1538,6940.97,3968.8931210380597,59853.58279229743
1539,6940.97,3968.8931210380597,59853.58279229743
1540,6940.97,8787.34,70364.3
1541,6940.97,8787.34,70364.3
1542,6940.97,8787.34,70364.3
1543,6940.97,8787.34,70364.3
1544,4349.897640883509,8787.34,70364.3
1545,4349.897640883509,8787.34,70364.3
1546,0.0,2341.088225095027,70364.3
1547,0.0,2341.088225095027,70364.3
1548,0.0,0.0,70364.3
1549,0.0,0.0,70364.3
1550,0.0,0.0,70364.3
1551,0.0,0.0,70364.3
1552,1560.877500677485,6478.580494272939,70364.3
1553,1560.877500677485,6478.580494272939,70364.3
1554,6940.97,8787.34,70364.3
1555,6940.97,8787.34,70364.3
1556,6940.97,8787.34,70364.3
1557,6940.97,8787.34,70364.3
1558,6940.97,8787.34,70364.3
1559,6940.97,8787.34,70364.3
1560,6940.97,8787.34,51340.73169807729
1561,6940.97,8787.34,51340.73169807729
1562,6940.97,7603.88334507242,49411.91413744082
1563,6940.97,7603.88334507242,49411.91413744082
1564,6940.97,8787.34,70364.3
1565,6940.97,8787.34,70364.3
1566,6940.97,8787.34,70364.3
1567,6940.97,8787.34,70364.3
1568,6940.97,8787.34,70364.3
1569,6940.97,8787.34,70364.3
1570,6940.97,3796.8058792599295,54603.85778078335
1571,6940.97,3796.8058792599295,54603.85778078335
1572,6412.823576760133,83.78278163385585,61546.92359842043
1573,6412.823576760133,83.78278163385585,61546.92359842043
1574,6940.97,0.0,70364.3
1575,6940.97,0.0,70364.3
1576,6940.97,6461.063988187119,70364.3
1577,6940.97,6461.063988187119,70364.3
1578,6940.97,8787.34,70364.3
1579,6940.97,8787.34,70364.3
1580,6940.97,7266.181030476238,70364.3
1581,6940.97,7266.181030476238,70364.3
1582,6940.97,7871.109207969939,47364.2300611306
1583,6940.97,7871.109207969939,47364.2300611306
1584,6940.97,3720.844305686418,17152.455590034355
1585,6940.97,3720.844305686418,17152.455590034355
1586,6940.97,0.0,10137.332284494521
1587,6940.97,0.0,10137.332284494521
1588,6940.97,822.0451620209587,9571.712174169399
1589,6940.97,822.0451620209587,9571.712174169399
1590,6940.97,2826.1714797260993,12408.823292259593
1591,6940.97,2826.1714797260993,12408.823292259593
1592,6940.97,1410.1977990012,0.0
1593,6940.97,1410.1977990012,0.0
1594,6940.97,0.0,0.0
1595,6940.97,0.0,0.0
1596,6313.82025563183,0.0,0.0
1597,6313.82025563183,0.0,0.0
1598,6940.97,0.0,0.0
1599,6940.97,0.0,0.0
1600,6940.97,0.0,42354.509365842605
1601,6940.97,0.0,42354.509365842605
1602,6940.97,4585.715283789339,51046.96968584601
1603,6940.97,4585.715283789339,51046.96968584601
1604,6940.97,2060.413486101579,29914.72767453734
1605,6940.97,2060.413486101579,29914.72767453734
1606,6940.97,4391.66020791498,6836.777892715385
1607,6940.97,4391.66020791498,6836.777892715385
1608,6940.97,1778.7512509867393,0.0
1609,6940.97,1778.7512509867393,0.0
1610,6940.97,0.0,0.0
1611,6940.97,0.0,0.0
1612,6940.97,0.0,0.0
1613,6940.97,0.0,0.0
1614,6940.97,0.0,0.0
1615,6940.97,0.0,0.0
1616,6940.97,0.0,0.0
1617,6940.97,0.0,0.0
1618,6940.97,0.0,0.0
1619,6940.97,0.0,0.0
1620,793.3596507012808,0.0,0.0
1621,793.3596507012808,0.0,0.0
1622,146.57135669193258,0.0,10545.849061501402
1623,146.57135669193258,0.0,10545.849061501402
1624,6940.97,0.0,63567.396653044285
1625,6940.97,0.0,63567.396653044285
1626,6940.97,3899.5473295574193,70364.3
1627,6940.97,3899.5473295574193,70364.3
1628,6940.97,1104.0470022131976,70364.3
1629,6940.97,1104.0470022131976,70364.3
1630,6940.97,1562.096535485758,49330.260380105174
1631,6940.97,1562.096535485758,49330.260380105174
1632,6940.97,0.0,39274.74955650882
1633,6940.97,0.0,39274.74955650882
1634,6940.97,0.0,43562.6630105675
1635,6940.97,0.0,43562.6630105675
1636,6940.97,4371.3756927860795,70364.3
1637,6940.97,4371.3756927860795,70364.3
1638,6940.97,8787.34,70364.3
1639,6940.97,8787.34,70364.3
1640,6940.97,8334.141084071327,70364.3
1641,6940.97,8334.141084071327,70364.3
1642,6940.97,4433.419128350337,54909.61561260387
1643,6940.97,4433.419128350337,54909.61561260387
1644,4708.768049089504,2229.4360198016784,57079.76646233618
1645,4708.768049089504,2229.4360198016784,57079.76646233618
1646,5181.497915166976,1801.0707422002797,70364.3
1647,5181.497915166976,1801.0707422002797,70364.3
1648,6940.97,6105.044522803359,70364.3
1649,6940.97,6105.044522803359,70364.3
1650,6940.97,8787.34,70364.3
1651,6940.97,8787.34,70364.3
1652,6940.97,6397.156499918619,70364.3
1653,6940.97,6397.156499918619,70364.3
1654,6940.97,6512.517298018998,55936.049362975114
1655,6940.97,6512.517298018998,55936.049362975114
1656,6940.97,4340.218069040298,38826.86642490821
1657,6940.97,4340.218069040298,38826.86642490821
1658,6940.97,1419.2014049822374,44291.89453987742
1659,6940.97,1419.2014049822374,44291.89453987742
1660,6940.97,6322.692821880719,70364.3
1661,6940.97,6322.692821880719,70364.3
1662,6940.97,8787.34,70364.3
1663,6940.97,8787.34,70364.3
1664,6940.97,8787.34,70364.3
1665,6940.97,8787.34,70364.3
1666,6625.7632432781265,5675.427994101587,64345.40843392542
1667,6625.7632432781265,5675.427994101587,64345.40843392542
1668,2887.047148419868,3767.6490633015183,69987.93427835513
1669,2887.047148419868,3767.6490633015183,69987.93427835513
1670,3952.756251282837,3170.7855807942196,70364.3
1671,3952.756251282837,3170.7855807942196,70364.3
1672,6940.97,5951.1130689451,70364.3
1673,6940.97,5951.1130689451,70364.3
1674,6940.97,8535.860818744346,70364.3
1675,6940.97,8535.860818744346,70364.3
1676,6940.97,3025.535848598918,70364.3
1677,6940.97,3025.535848598918,70364.3
1678,6940.97,2965.5188691966378,70364.3
1679,6940.97,2965.5188691966378,70364.3
1680,6940.97,0.0,52762.481032854936
1681,6940.97,0.0,52762.481032854936
1682,6940.97,0.0,51170.2770827199
1683,6940.97,0.0,51170.2770827199
1684,6940.97,0.0,70364.3
1685,6940.97,0.0,70364.3
1686,6940.97,8787.34,70364.3
1687,6940.97,8787.34,70364.3
1688,6940.97,24.640658933836676,70364.3
1689,6940.97,24.640658933836676,70364.3
1690,6940.97,726.5762149996572,46770.34017894647
1691,6940.97,726.5762149996572,46770.34017894647
1692,6556.432114588235,0.0,52392.027995959914
1693,6556.432114588235,0.0,52392.027995959914
1694,6940.97,0.0,70364.3
1695,6940.97,0.0,70364.3
1696,6940.97,3529.5612940051196,70364.3
1697,6940.97,3529.5612940051196,70364.3
1698,6940.97,7721.588473720358,70364.3
1699,6940.97,7721.588473720358,70364.3
1700,6940.97,0.0,70364.3
1701,6940.97,0.0,70364.3
1702,6940.97,3148.478289852417,70364.3
1703,6940.97,3148.478289852417,70364.3
1704,6940.97,145.2946780273778,68636.21016092984
1705,6940.97,145.2946780273778,68636.21016092984
1706,6940.97,0.0,63528.36980824212
1707,6940.97,0.0,63528.36980824212
1708,6940.97,1532.7290408945973,70364.3
1709,6940.97,1532.7290408945973,70364.3
1710,6940.97,7166.453375078605,70364.3
1711,6940.97,7166.453375078605,70364.3
1712,6940.97,2909.61943069289,70364.3
1713,6940.97,2909.61943069289,70364.3
1714,6940.97,0.0,46674.32831713019
1715,6940.97,0.0,46674.32831713019
1716,5972.970632917079,0.0,48668.820513181185
1717,5972.970632917079,0.0,48668.820513181185
1718,6428.563038851957,0.0,70364.3
1719,6428.563038851957,0.0,70364.3
1720,6940.97,0.0,70364.3
1721,6940.97,0.0,70364.3
1722,6940.97,4973.35350284754,70364.3
1723,6940.97,4973.35350284754,70364.3
1724,6940.97,0.0,70364.3
1725,6940.97,0.0,70364.3
1726,6940.97,2146.2802888836795,70364.3
1727,6940.97,2146.2802888836795,70364.3
1728,6940.97,23.150654509840024,59643.598402282136
1729,6940.97,23.150654509840024,59643.598402282136
1730,6940.97,0.0,61667.13589905479
1731,6940.97,0.0,61667.13589905479
1732,6940.97,910.0634313026185,70364.3
1733,6940.97,910.0634313026185,70364.3
1734,6940.97,6693.734438435016,70364.3
1735,6940.97,6693.734438435016,70364.3
1736,6940.97,3699.2349131199717,70364.3
1737,6940.97,3699.2349131199717,70364.3
1738,5552.964843460303,0.0,58364.00378345823
1739,5552.964843460303,0.0,58364.00378345823
1740,1799.9920107792677,0.0,58012.813298659894
1741,1799.9920107792677,0.0,58012.813298659894
1742,4631.0556333474415,0.0,70364.3
1743,4631.0556333474415,0.0,70364.3
1744,6940.97,2067.338070702257,70364.3
1745,6940.97,2067.338070702257,70364.3
1746,6940.97,5203.436574821737,70364.3
1747,6940.97,5203.436574821737,70364.3
1748,6940.97,1646.7975500565772,70364.3
1749,6940.97,1646.7975500565772,70364.3
1750,6940.97,2833.951771234497,70364.3
1751,6940.97,2833.951771234497,70364.3
1752,6940.97,0.0,56114.69912616795
1753,6940.97,0.0,56114.69912616795
1754,6940.97,0.0,50335.545938037365
1755,6940.97,0.0,50335.545938037365
1756,6940.97,0.0,54968.08183496207
1757,6940.97,0.0,54968.08183496207
1758,6940.97,0.0,67972.42286814039
1759,6940.97,0.0,67972.42286814039
1760,6940.97,0.0,60453.70297045304
1761,6940.97,0.0,60453.70297045304
1762,4333.507056561481,0.0,51461.66354062062
1763,4333.507056561481,0.0,51461.66354062062
1764,0.0,0.0,56269.623925022184
1765,0.0,0.0,56269.623925022184
1766,0.0,0.0,70364.3
1767,0.0,0.0,70364.3
1768,6345.377452303615,0.0,70364.3
1769,6345.377452303615,0.0,70364.3
1770,6940.97,2004.1373145987764,70364.3
1771,6940.97,2004.1373145987764,70364.3
1772,6940.97,1671.0171975558787,70364.3
1773,6940.97,1671.0171975558787,70364.3
1774,6940.97,4936.078675219758,64835.28107490949
1775,6940.97,4936.078675219758,64835.28107490949
1776,6940.97,2803.226053365419,47036.116429777634
1777,6940.97,2803.226053365419,47036.116429777634
1778,6940.97,0.0,39946.505353522814
1779,6940.97,0.0,39946.505353522814
1780,6940.97,0.0,37428.96276736004
1781,6940.97,0.0,37428.96276736004
1782,6940.97,336.9244435718192,36259.540646670896
1783,6940.97,336.9244435718192,36259.540646670896
1784,6940.97,988.1994900789778,16288.291783591543
1785,6940.97,988.1994900789778,16288.291783591543
1786,6940.97,0.0,3368.649445746356
1787,6940.97,0.0,3368.649445746356
1788,6130.204472475794,0.0,7458.521479437099
1789,6130.204472475794,0.0,7458.521479437099
1790,6940.97,0.0,37030.48203829012
1791,6940.97,0.0,37030.48203829012
1792,6940.97,1312.496951017276,70364.3
1793,6940.97,1312.496951017276,70364.3
1794,6940.97,6684.083086146718,70364.3
1795,6940.97,6684.083086146718,70364.3
1796,6940.97,4134.8110370041195,66195.5212789411
1797,6940.97,4134.8110370041195,66195.5212789411
1798,6940.97,6683.2875779316,42793.8727133646
1799,6940.97,6683.2875779316,42793.8727133646
1800,6940.97,3849.194072812117,29707.04415544703
1801,6940.97,3849.194072812117,29707.04415544703
1802,6940.97,1565.2859608739582,32975.01667553696
1803,6940.97,1565.2859608739582,32975.01667553696
1804,6940.97,8787.34,63403.639294058084
1805,6940.97,8787.34,63403.639294058084
1806,6940.97,8787.34,70364.3
1807,6940.97,8787.34,70364.3
1808,6940.97,6976.685308413007,58822.53612554571
1809,6940.97,6976.685308413007,58822.53612554571
1810,6940.97,6158.157380960814,30017.248702419864
1811,6940.97,6158.157380960814,30017.248702419864
1812,4374.349990148523,5212.798682019815,29709.504371161136
1813,4374.349990148523,5212.798682019815,29709.504371161136
1814,5045.756899765078,4977.503418204196,58729.829867656255
1815,5045.756899765078,4977.503418204196,58729.829867656255
1816,6940.97,8787.34,70364.3
1817,6940.97,8787.34,70364.3
1818,6940.97,8787.34,70364.3
1819,6940.97,8787.34,70364.3
1820,6940.97,7844.366386351299,70364.3
1821,6940.97,7844.366386351299,70364.3
1822,6940.97,6292.735736243738,57594.77616505098
1823,6940.97,6292.735736243738,57594.77616505098
1824,6940.97,3467.4796748358185,50920.4614020958
1825,6940.97,3467.4796748358185,50920.4614020958
1826,6940.97,2631.9398106050394,55933.60657801354
1827,6940.97,2631.9398106050394,55933.60657801354
1828,6940.97,8461.32142940314,70364.3
1829,6940.97,8461.32142940314,70364.3
1830,6940.97,8787.34,70364.3
1831,6940.97,8787.34,70364.3
1832,3772.2033169013766,7956.395473683608,69571.0320024449
1833,3772.2033169013766,7956.395473683608,69571.0320024449
1834,0.0,1199.732080129479,46254.804703768605
1835,0.0,1199.732080129479,46254.804703768605
1836,0.0,0.0,56705.06344234728
1837,0.0,0.0,56705.06344234728
1838,0.0,1085.0923450587816,70364.3
1839,0.0,1085.0923450587816,70364.3
1840,978.972258349102,4456.885755730838,70364.3
1841,978.972258349102,4456.885755730838,70364.3
1842,6940.97,8787.34,70364.3
1843,6940.97,8787.34,70364.3
1844,6940.97,2655.357553285956,70364.3
1845,6940.97,2655.357553285956,70364.3
1846,6940.97,2592.7183038034564,70364.3
1847,6940.97,2592.7183038034564,70364.3
1848,6940.97,17.72668592163791,62646.202994635125
1849,6940.97,17.72668592163791,62646.202994635125
1850,6940.97,0.0,63411.44272114945
1851,6940.97,0.0,63411.44272114945
1852,6940.97,3535.562258032978,70364.3
1853,6940.97,3535.562258032978,70364.3
1854,6940.97,3709.591704485758,70364.3
1855,6940.97,3709.591704485758,70364.3
1856,6940.97,4127.119351559626,70364.3
1857,6940.97,4127.119351559626,70364.3
1858,4478.9994062144715,0.0,60012.250073290284
1859,4478.9994062144715,0.0,60012.250073290284
1860,680.0320981443689,0.0,67321.97318840452
1861,680.0320981443689,0.0,67321.97318840452
1862,6940.97,0.0,70364.3
1863,6940.97,0.0,70364.3
1864,6940.97,0.0,70364.3
1865,6940.97,0.0,70364.3
1866,6940.97,0.0,70364.3
1867,6940.97,0.0,70364.3
1868,6940.97,0.0,70364.3
1869,6940.97,0.0,70364.3
1870,6940.97,0.0,70364.3
1871,6940.97,0.0,70364.3
1872,6940.97,0.0,70364.3
1873,6940.97,0.0,70364.3
1874,6877.658027396041,0.0,70364.3
1875,6877.658027396041,0.0,70364.3
1876,4189.637861194749,0.0,70364.3
1877,4189.637861194749,0.0,70364.3
1878,4134.131217163886,5135.950825202097,70364.3
1879,4134.131217163886,5135.950825202097,70364.3
1880,4121.448867373787,1981.5627628282982,70364.3
1881,4121.448867373787,1981.5627628282982,70364.3
1882,0.0,0.0,69056.6667030087
1883,0.0,0.0,69056.6667030087
1884,0.0,0.0,70364.3
1885,0.0,0.0,70364.3
1886,0.0,0.0,70364.3
1887,0.0,0.0,70364.3
1888,1878.0961336272212,0.0,70364.3
1889,1878.0961336272212,0.0,70364.3
1890,6940.97,2069.747399142396,70364.3
1891,6940.97,2069.747399142396,70364.3
1892,6940.97,0.0,70364.3
1893,6940.97,0.0,70364.3
1894,6940.97,3093.2248748652983,70364.3
1895,6940.97,3093.2248748652983,70364.3
1896,4355.552270261961,0.0,70364.3
1897,4355.552270261961,0.0,70364.3
1898,1198.0769952296905,0.0,70251.27477549309
1899,1198.0769952296905,0.0,70251.27477549309
1900,0.0,0.0,70364.3
1901,0.0,0.0,70364.3
1902,0.0,7666.394420073237,70364.3
1903,0.0,7666.394420073237,70364.3
1904,0.0,7012.133336929548,70364.3
1905,0.0,7012.133336929548,70364.3
1906,0.0,5109.161380146872,60518.01442981241
1907,0.0,5109.161380146872,60518.01442981241
1908,0.0,555.3998235729887,58157.50244177453
1909,0.0,555.3998235729887,58157.50244177453
1910,0.0,1315.7928420311564,70364.3
1911,0.0,1315.7928420311564,70364.3
1912,245.40965076468183,4238.705138305437,70364.3
1913,245.40965076468183,4238.705138305437,70364.3
1914,6596.973798451789,2300.872516738016,70364.3
1915,6596.973798451789,2300.872516738016,70364.3
1916,6940.97,3491.4981296854185,70364.3
1917,6940.97,3491.4981296854185,70364.3
1918,6940.97,4485.048605479156,70364.3
1919,6940.97,4485.048605479156,70364.3
1920,6756.955420512008,0.0,55782.404907869044
1921,6756.955420512008,0.0,55782.404907869044
1922,4004.57353612567,0.0,49659.30735017335
1923,4004.57353612567,0.0,49659.30735017335
1924,1830.2894976735415,0.0,50236.651280003
1925,1830.2894976735415,0.0,50236.651280003
1926,3149.3905210347866,0.0,51419.78472751347
1927,3149.3905210347866,0.0,51419.78472751347
1928,5497.059712042633,0.0,38013.70225720902
1929,5497.059712042633,0.0,38013.70225720902
1930,2362.5486355428516,0.0,25715.65407437677
1931,2362.5486355428516,0.0,25715.65407437677
1932,0.0,0.0,21111.74582021823
1933,0.0,0.0,21111.74582021823
1934,0.0,0.0,42396.12903031836
1935,0.0,0.0,42396.12903031836
1936,4562.556944584107,0.0,70364.3
1937,4562.556944584107,0.0,70364.3
1938,6940.97,0.0,70364.3
1939,6940.97,0.0,70364.3
1940,6940.97,0.0,70364.3
1941,6940.97,0.0,70364.3
1942,6940.97,0.0,48423.85339792495
1943,6940.97,0.0,48423.85339792495
1944,6703.58180276818,0.0,33713.42564254724
1945,6703.58180276818,0.0,33713.42564254724
1946,5593.90280471221,0.0,30108.467446734117
1947,5593.90280471221,0.0,30108.467446734117
1948,2507.745421734467,0.0,29273.36473885584
1949,2507.745421734467,0.0,29273.36473885584
1950,1862.079490484482,0.0,11780.605696338549
1951,1862.079490484482,0.0,11780.605696338549
1952,0.0,0.0,0.0
1953,0.0,0.0,0.0
1954,0.0,0.0,0.0
1955,0.0,0.0,0.0
1956,0.0,0.0,0.0
1957,0.0,0.0,0.0
1958,0.0,0.0,31348.46518778075
1959,0.0,0.0,31348.46518778075
1960,1234.139032152787,0.0,70364.3
1961,1234.139032152787,0.0,70364.3
1962,6940.97,1854.968006093577,70364.3
1963,6940.97,1854.968006093577,70364.3
1964,6940.97,0.0,70364.3
1965,6940.97,0.0,70364.3
1966,6940.97,3370.6291216211775,56927.71268134119
1967,6940.97,3370.6291216211775,56927.71268134119
1968,6940.97,2854.5330434070584,36651.34904931429
1969,6940.97,2854.5330434070584,36651.34904931429
1970,6940.97,1141.602802834277,35763.543450661564
1971,6940.97,1141.602802834277,35763.543450661564
1972,6940.97,2841.2069473599568,63950.32933672052
1973,6940.97,2841.2069473599568,63950.32933672052
1974,6940.97,8787.34,70364.3
1975,6940.97,8787.34,70364.3
1976,5680.797398079159,2743.6672208299915,68978.27035514006
1977,5680.797398079159,2743.6672208299915,68978.27035514006
1978,574.0507610916611,1882.5736347371585,46558.40785221444
1979,574.0507610916611,1882.5736347371585,46558.40785221444
1980,0.0,0.0,52886.442070684076
1981,0.0,0.0,52886.442070684076
1982,0.0,0.0,70364.3
1983,0.0,0.0,70364.3
1984,0.0,3219.541155929677,70364.3
1985,0.0,3219.541155929677,70364.3
1986,841.4090402844367,8461.341108021536,70364.3
1987,841.4090402844367,8461.341108021536,70364.3
1988,0.0,4140.525866456317,70364.3
1989,0.0,4140.525866456317,70364.3
1990,0.0,5321.913924882678,70364.3
1991,0.0,5321.913924882678,70364.3
1992,0.0,2833.3374750385774,64695.18967992197
1993,0.0,2833.3374750385774,64695.18967992197
1994,0.0,0.0,65286.86629994617
1995,0.0,0.0,65286.86629994617
1996,0.0,5422.240568821257,70364.3
1997,0.0,5422.240568821257,70364.3
1998,0.0,6170.733553752052,70364.3
1999,0.0,6170.733553752052,70364.3
2000,0.0,8787.34,70364.3
2001,0.0,8787.34,70364.3
2002,0.0,7395.01956235973,67475.18519040119
2003,0.0,7395.01956235973,67475.18519040119
2004,0.0,7448.362717942573,70364.3
2005,0.0,7448.362717942573,70364.3
2006,0.0,7323.893570201377,70364.3
2007,0.0,7323.893570201377,70364.3
2008,0.0,8787.34,70364.3
2009,0.0,8787.34,70364.3
2010,0.0,8787.34,70364.3
2011,0.0,8787.34,70364.3
2012,0.0,6136.613448222437,70364.3
2013,0.0,6136.613448222437,70364.3
2014,0.0,5898.444216488677,70364.3
2015,0.0,5898.444216488677,70364.3
2016,0.0,0.0,64356.71906488042
2017,0.0,0.0,64356.71906488042
2018,0.0,0.0,59640.364508670595
2019,0.0,0.0,59640.364508670595
2020,0.0,0.0,70364.3
2021,0.0,0.0,70364.3
2022,0.0,6316.0,70364.3
2023,0.0,6316.0,70364.3
2024,0.0,4297.5,70364.3
2025,0.0,4297.5,70364.3
2026,0.0,0.0,64633.04026406781
2027,0.0,0.0,64633.04026406781
2028,0.0,0.0,70364.3
2029,0.0,0.0,70364.3
2030,0.0,0.0,70364.3
2031,0.0,0.0,70364.3
2032,0.0,4381.175925484993,70364.3
2033,0.0,4381.175925484993,70364.3
2034,0.0,6780.89098684487,70364.3
2035,0.0,6780.89098684487,70364.3
2036,200.84338624945622,3461.933087670137,70364.3
2037,200.84338624945622,3461.933087670137,70364.3
2038,0.0,197.6479312601441,65640.2664837471
2039,0.0,197.6479312601441,65640.2664837471
2040,0.0,0.0,49150.36055872046
2041,0.0,0.0,49150.36055872046
2042,0.0,0.0,44620.40035970199
2043,0.0,0.0,44620.40035970199
2044,0.0,0.0,70364.3
2045,0.0,0.0,70364.3
2046,0.0,8787.34,70364.3
2047,0.0,8787.34,70364.3
2048,0.0,3346.0120687398557,70364.3
2049,0.0,3346.0120687398557,70364.3
2050,0.0,0.0,70364.3
2051,0.0,0.0,70364.3
2052,0.0,0.0,70364.3
2053,0.0,0.0,70364.3
2054,0.0,0.0,70364.3
2055,0.0,0.0,70364.3
2056,0.0,0.0,70364.3
2057,0.0,0.0,70364.3
2058,2240.200070959013,6522.164315496588,70364.3
2059,2240.200070959013,6522.164315496588,70364.3
2060,6940.97,2732.707692513375,70364.3
2061,6940.97,2732.707692513375,70364.3
2062,0.0,735.9875665036434,67459.1861646329
2063,0.0,735.9875665036434,67459.1861646329
2064,2609.5933526742438,0.0,45309.06500476257
2065,2609.5933526742438,0.0,45309.06500476257
2066,0.0,0.0,44674.57531493719
2067,0.0,0.0,44674.57531493719
2068,0.0,4385.136462585417,70364.3
2069,0.0,4385.136462585417,70364.3
2070,0.0,8049.9350075558505,70364.3
2071,0.0,8049.9350075558505,70364.3
2072,0.0,4652.798001068653,70364.3
2073,0.0,4652.798001068653,70364.3
2074,0.0,0.0,58475.83933644672
2075,0.0,0.0,58475.83933644672
2076,0.0,0.0,54488.993657949235
2077,0.0,0.0,54488.993657949235
2078,0.0,0.0,70364.3
2079,0.0,0.0,70364.3
2080,0.0,2028.882204240097,70364.3
2081,0.0,2028.882204240097,70364.3
2082,0.0,7619.888750036376,70364.3
2083,0.0,7619.888750036376,70364.3
2084,5748.863033889403,1938.8413410077483,70364.3
2085,5748.863033889403,1938.8413410077483,70364.3
2086,6940.97,3819.6586589922517,70106.8075013893
2087,6940.97,3819.6586589922517,70106.8075013893
2088,0.0,730.8859741039178,46305.57718164517
2089,0.0,730.8859741039178,46305.57718164517
2090,0.0,969.1140258960822,38459.11732091519
2091,0.0,969.1140258960822,38459.11732091519
2092,0.0,41.912370882419964,34394.55755005139
2093,0.0,41.912370882419964,34394.55755005139
2094,0.0,1808.08762911758,32340.267353209405
2095,0.0,1808.08762911758,32340.267353209405
2096,0.0,0.0,12485.50321367348
2097,0.0,0.0,12485.50321367348
2098,0.0,0.0,0.0
2099,0.0,0.0,0.0
2100,0.0,0.0,0.0
2101,0.0,0.0,0.0
2102,0.0,0.0,17603.568964681268
2103,0.0,0.0,17603.568964681268
2104,0.0,0.0,53607.282247064984
2105,0.0,0.0,53607.282247064984
2106,0.0,0.0,60626.12098926754
2107,0.0,0.0,60626.12098926754
2108,0.0,0.0,33677.88715242603
2109,0.0,0.0,33677.88715242603
2110,0.0,0.0,3615.6428149696876
2111,0.0,0.0,3615.6428149696876
2112,0.0,0.0,0.0
2113,0.0,0.0,0.0
2114,0.0,0.0,0.0
2115,0.0,0.0,0.0
2116,0.0,0.0,0.0
2117,0.0,0.0,0.0
2118,0.0,0.0,0.0
2119,0.0,0.0,0.0
2120,0.0,0.0,0.0
2121,0.0,0.0,0.0
2122,0.0,0.0,0.0
2123,0.0,0.0,0.0
2124,0.0,0.0,0.0
2125,0.0,0.0,0.0
2126,0.0,0.0,6552.429008824358
2127,0.0,0.0,6552.429008824358
2128,0.0,0.0,28779.7675439062
2129,0.0,0.0,28779.7675439062
2130,0.0,0.0,29742.463458509665
2131,0.0,0.0,29742.463458509665
2132,0.0,0.0,6382.368387433788
2133,0.0,0.0,6382.368387433788
2134,0.0,0.0,0.0
2135,0.0,0.0,0.0
2136,0.0,0.0,0.0
2137,0.0,0.0,0.0
2138,0.0,0.0,0.0
2139,0.0,0.0,0.0
2140,0.0,0.0,19175.43228742668
2141,0.0,0.0,19175.43228742668
2142,0.0,0.0,29889.932023247908
2143,0.0,0.0,29889.932023247908
2144,0.0,0.0,0.0
2145,0.0,0.0,0.0
2146,0.0,0.0,0.0
2147,0.0,0.0,0.0
2148,0.0,0.0,0.0
2149,0.0,0.0,0.0
2150,0.0,0.0,7995.83984513054
2151,0.0,0.0,7995.83984513054
2152,0.0,0.0,52552.18239210991
2153,0.0,0.0,52552.18239210991
2154,0.0,0.0,67596.87293738095
2155,0.0,0.0,67596.87293738095
2156,0.0,0.0,41451.38911287802
2157,0.0,0.0,41451.38911287802
2158,0.0,0.0,5638.363727406715
2159,0.0,0.0,5638.363727406715
2160,0.0,0.0,0.0
2161,0.0,0.0,0.0
2162,0.0,0.0,0.0
2163,0.0,0.0,0.0
2164,0.0,0.0,30002.394540498906
2165,0.0,0.0,30002.394540498906
2166,0.0,0.0,35497.99234954131
2167,0.0,0.0,35497.99234954131
2168,0.0,0.0,9292.835228164302
2169,0.0,0.0,9292.835228164302
2170,0.0,0.0,0.0
2171,0.0,0.0,0.0
2172,0.0,0.0,0.0
2173,0.0,0.0,0.0
2174,0.0,0.0,0.0
2175,0.0,0.0,0.0
2176,0.0,0.0,33647.767513077444
2177,0.0,0.0,33647.767513077444
2178,0.0,0.0,41818.55015919954
2179,0.0,0.0,41818.55015919954
2180,0.0,0.0,14213.552369278768
2181,0.0,0.0,14213.552369278768
2182,0.0,0.0,0.0
2183,0.0,0.0,0.0
2184,0.0,0.0,0.0
2185,0.0,0.0,0.0
2186,0.0,0.0,0.0
2187,0.0,0.0,0.0
2188,0.0,1654.8780221422585,24760.099637651292
2189,0.0,1654.8780221422585,24760.099637651292
2190,0.0,5337.141560839265,35057.985995924246
2191,0.0,5337.141560839265,35057.985995924246
2192,0.0,0.0,0.0
2193,0.0,0.0,0.0
2194,0.0,0.0,0.0
2195,0.0,0.0,0.0
2196,0.0,0.0,0.0
2197,0.0,0.0,0.0
2198,0.0,0.0,13075.411456771631
2199,0.0,0.0,13075.411456771631
2200,0.0,0.0,57817.20713052871
2201,0.0,0.0,57817.20713052871
2202,0.0,0.0,70364.3
2203,0.0,0.0,70364.3
2204,0.0,3534.278558613658,52935.48078448148
2205,0.0,3534.278558613658,52935.48078448148
2206,0.0,0.0,22764.332845954094
2207,0.0,0.0,22764.332845954094
2208,0.0,0.0,16309.737876669518
2209,0.0,0.0,16309.737876669518
2210,0.0,0.0,31552.47767606107
2211,0.0,0.0,31552.47767606107
2212,0.0,1072.5163596329967,70364.3
2213,0.0,1072.5163596329967,70364.3
2214,0.0,489.78189199392546,70364.3
2215,0.0,489.78189199392546,70364.3
2216,0.0,0.0,60463.13652862224
2217,0.0,0.0,60463.13652862224
2218,0.0,984.7125651705192,31226.289794498764
2219,0.0,984.7125651705192,31226.289794498764
2220,0.0,0.0,24435.70425188658
2221,0.0,0.0,24435.70425188658
2222,0.0,1187.8910561240727,44839.847043860995
2223,0.0,1187.8910561240727,44839.847043860995
2224,0.0,3314.853545059259,70364.3
2225,0.0,3314.853545059259,70364.3
2226,0.0,5498.494744134699,70364.3
2227,0.0,5498.494744134699,70364.3
2228,0.0,8787.34,70364.3
2229,0.0,8787.34,70364.3
2230,0.0,2402.8618998961792,42365.93846525355
2231,0.0,2402.8618998961792,42365.93846525355
2232,0.0,0.0,32187.72929114406
2233,0.0,0.0,32187.72929114406
2234,0.0,1523.8370278225593,37440.01352097701
2235,0.0,1523.8370278225593,37440.01352097701
2236,0.0,4647.133685795938,53991.94163992279
2237,0.0,4647.133685795938,53991.94163992279
2238,0.0,8164.308364249826,53698.35705204733
2239,0.0,8164.308364249826,53698.35705204733
2240,0.0,4387.457272582125,25897.568330540933
2241,0.0,4387.457272582125,25897.568330540933
2242,0.0,0.0,7752.283895132103
2243,0.0,0.0,7752.283895132103
2244,0.0,3422.8803097407017,13668.209759904916
2245,0.0,3422.8803097407017,13668.209759904916
2246,0.0,2700.5424258187795,46374.251213516385
2247,0.0,2700.5424258187795,46374.251213516385
2248,0.0,7545.82108665952,70364.3
2249,0.0,7545.82108665952,70364.3
2250,0.0,3361.5141282671993,70364.3
2251,0.0,3361.5141282671993,70364.3
2252,0.0,8755.838683078064,70364.3
2253,0.0,8755.838683078064,70364.3
2254,0.0,196.75161480421957,56601.70207522482
2255,0.0,196.75161480421957,56601.70207522482
2256,0.0,0.0,45299.21153354357
2257,0.0,0.0,45299.21153354357
2258,0.0,0.0,46547.641072160055
2259,0.0,0.0,46547.641072160055
2260,0.0,0.0,56163.19408148623
2261,0.0,0.0,56163.19408148623
2262,0.0,0.0,60193.6562464086
2263,0.0,0.0,60193.6562464086
2264,0.0,0.0,45193.54164874664
2265,0.0,0.0,45193.54164874664
2266,0.0,0.0,20077.912764052613
2267,0.0,0.0,20077.912764052613
2268,0.0,0.0,15685.875342055107
2269,0.0,0.0,15685.875342055107
2270,0.0,0.0,37491.03336297438
2271,0.0,0.0,37491.03336297438
2272,0.0,0.0,70364.3
2273,0.0,0.0,70364.3
2274,0.0,0.0,70364.3
2275,0.0,0.0,70364.3
2276,0.0,0.0,69227.32442762158
2277,0.0,0.0,69227.32442762158
2278,0.0,0.0,46354.746633326205
2279,0.0,0.0,46354.746633326205
2280,0.0,0.0,37343.24499430381
2281,0.0,0.0,37343.24499430381
2282,0.0,0.0,36876.91819401027
2283,0.0,0.0,36876.91819401027
2284,0.0,0.0,38565.038135184004
2285,0.0,0.0,38565.038135184004
2286,0.0,0.0,24342.28708636346
2287,0.0,0.0,24342.28708636346
2288,0.0,0.0,0.0
2289,0.0,0.0,0.0
2290,0.0,0.0,0.0
2291,0.0,0.0,0.0
2292,0.0,0.0,0.0
2293,0.0,0.0,0.0
2294,0.0,0.0,7952.9221024921135
2295,0.0,0.0,7952.9221024921135
2296,0.0,0.0,56919.520730459684
2297,0.0,0.0,56919.520730459684
2298,0.0,0.0,70364.3
2299,0.0,0.0,70364.3
2300,0.0,0.0,64218.416088259604
2301,0.0,0.0,64218.416088259604
2302,0.0,0.0,40540.984270521425
2303,0.0,0.0,40540.984270521425
2304,0.0,0.0,29414.934909248368
2305,0.0,0.0,29414.934909248368
2306,0.0,0.0,30642.219973394123
2307,0.0,0.0,30642.219973394123
2308,0.0,0.0,37390.95805181599
2309,0.0,0.0,37390.95805181599
2310,0.0,0.0,29437.718264704177
2311,0.0,0.0,29437.718264704177
2312,0.0,0.0,9681.990946208243
2313,0.0,0.0,9681.990946208243
2314,0.0,0.0,0.0
2315,0.0,0.0,0.0
2316,0.0,0.0,0.0
2317,0.0,0.0,0.0
2318,0.0,0.0,6460.542872903752
2319,0.0,0.0,6460.542872903752
2320,0.0,0.0,58474.353746711626
2321,0.0,0.0,58474.353746711626
2322,0.0,0.0,70364.3
2323,0.0,0.0,70364.3
2324,0.0,0.0,66751.26570020638
2325,0.0,0.0,66751.26570020638
2326,0.0,0.0,41057.25711087443
2327,0.0,0.0,41057.25711087443
2328,0.0,0.0,31239.754823650917
2329,0.0,0.0,31239.754823650917
2330,0.0,0.0,39835.428972103095
2331,0.0,0.0,39835.428972103095
2332,0.0,564.8046213026591,70364.3
2333,0.0,564.8046213026591,70364.3
2334,0.0,2318.3896404433053,70364.3
2335,0.0,2318.3896404433053,70364.3
2336,0.0,0.0,35995.90233378479
2337,0.0,0.0,35995.90233378479
2338,0.0,0.0,14349.47076952082
2339,0.0,0.0,14349.47076952082
2340,0.0,0.0,18619.600145210774
2341,0.0,0.0,18619.600145210774
2342,0.0,0.0,46288.69421597036
2343,0.0,0.0,46288.69421597036
2344,0.0,0.0,70364.3
2345,0.0,0.0,70364.3
2346,0.0,0.0,70364.3
2347,0.0,0.0,70364.3
2348,0.0,0.0,70364.3
2349,0.0,0.0,70364.3
2350,0.0,0.0,46370.5074719089
2351,0.0,0.0,46370.5074719089
2352,0.0,0.0,35444.97826649985
2353,0.0,0.0,35444.97826649985
2354,0.0,2293.189060180939,44340.2172077344
2355,0.0,2293.189060180939,44340.2172077344
2356,0.0,8787.34,70364.3
2357,0.0,8787.34,70364.3
2358,0.0,8787.34,70364.3
2359,0.0,8787.34,70364.3
2360,0.0,4292.149681640874,61649.387852099986
2361,0.0,4292.149681640874,61649.387852099986
2362,0.0,0.0,33552.78947815599
2363,0.0,0.0,33552.78947815599
2364,0.0,0.0,35401.22665861042
2365,0.0,0.0,35401.22665861042
2366,0.0,0.0,62334.70962503138
2367,0.0,0.0,62334.70962503138
2368,0.0,0.0,70364.3
2369,0.0,0.0,70364.3
2370,3417.2856147278744,0.0,70364.3
2371,3417.2856147278744,0.0,70364.3
2372,6940.97,0.0,70364.3
2373,6940.97,0.0,70364.3
2374,6940.97,0.0,55407.76591170496
2375,6940.97,0.0,55407.76591170496
2376,6661.7423763604675,0.0,44350.87076846355
2377,6661.7423763604675,0.0,44350.87076846355
2378,4510.542782626208,0.0,55896.616166415086
2379,4510.542782626208,0.0,55896.616166415086
2380,2544.171412641831,2908.6697657639597,70364.3
2381,2544.171412641831,2908.6697657639597,70364.3
2382,0.0,4579.802191533439,70364.3
2383,0.0,4579.802191533439,70364.3
2384,4639.5422446754155,0.0,43279.00381284885
2385,4639.5422446754155,0.0,43279.00381284885
2386,183.41170953462643,0.0,15760.21475147843
2387,183.41170953462643,0.0,15760.21475147843
2388,0.0,0.0,18722.72619221345
2389,0.0,0.0,18722.72619221345
2390,0.0,0.0,50930.66606326205
2391,0.0,0.0,50930.66606326205
2392,0.0,0.0,70364.3
2393,0.0,0.0,70364.3
2394,0.0,5430.75521150414,70364.3
2395,0.0,5430.75521150414,70364.3
2396,6940.97,855.943227743619,70364.3
2397,6940.97,855.943227743619,70364.3
2398,4539.980493254696,0.0,57025.25216688427
2399,4539.980493254696,0.0,57025.25216688427
2400,6379.685081912113,0.0,45684.317528409825
2401,6379.685081912113,0.0,45684.317528409825
2402,3894.376919010118,0.0,57697.82746543274
2403,3894.376919010118,0.0,57697.82746543274
2404,1963.8348651610577,0.0,70364.3
2405,1963.8348651610577,0.0,70364.3
2406,3897.535200307986,6995.19920352812,70364.3
2407,3897.535200307986,6995.19920352812,70364.3
2408,3185.838953585317,0.0,35998.03623297706
2409,3185.838953585317,0.0,35998.03623297706
2410,0.0,0.0,4483.640143946133
2411,0.0,0.0,4483.640143946133
2412,0.0,0.0,5934.306556834694
2413,0.0,0.0,5934.306556834694
2414,0.0,0.0,38352.566201894486
2415,0.0,0.0,38352.566201894486
2416,0.0,0.0,70364.3
2417,0.0,0.0,70364.3
2418,2179.9877352969243,0.0,70364.3
2419,2179.9877352969243,0.0,70364.3
2420,6940.97,0.0,65050.90216249222
2421,6940.97,0.0,65050.90216249222
2422,6940.97,0.0,29357.371815176375
2423,6940.97,0.0,29357.371815176375
2424,6940.97,0.0,13794.9291716671
2425,6940.97,0.0,13794.9291716671
2426,0.0,0.0,13356.006634431411
2427,0.0,0.0,13356.006634431411
2428,0.0,0.0,21258.45706459564
2429,0.0,0.0,21258.45706459564
2430,0.0,0.0,23067.479494645464
2431,0.0,0.0,23067.479494645464
2432,3554.362890705993,0.0,0.0
2433,3554.362890705993,0.0,0.0
2434,114.7698179644849,0.0,0.0
2435,114.7698179644849,0.0,0.0
2436,0.0,0.0,0.0
2437,0.0,0.0,0.0
2438,0.0,0.0,0.0
2439,0.0,0.0,0.0
2440,2377.2721866282604,0.0,29748.69306584634
2441,2377.2721866282604,0.0,29748.69306584634
2442,6940.97,0.0,41133.37282748528
2443,6940.97,0.0,41133.37282748528
2444,6940.97,0.0,21314.950935801287
2445,6940.97,0.0,21314.950935801287
2446,4036.693757244044,0.0,0.0
2447,4036.693757244044,0.0,0.0
2448,6940.97,0.0,0.0
2449,6940.97,0.0,0.0
2450,4625.943850513197,0.0,0.0
2451,4625.943850513197,0.0,0.0
2452,1869.3837877478136,0.0,0.0
2453,1869.3837877478136,0.0,0.0
2454,2282.222851654202,0.0,0.0
2455,2282.222851654202,0.0,0.0
2456,0.0,0.0,0.0
2457,0.0,0.0,0.0
2458,0.0,0.0,0.0
2459,0.0,0.0,0.0
2460,0.0,0.0,0.0
2461,0.0,0.0,0.0
2462,0.0,0.0,0.0
2463,0.0,0.0,0.0
2464,0.0,0.0,11773.803669325047
2465,0.0,0.0,11773.803669325047
2466,0.0,0.0,36247.31411113852
2467,0.0,0.0,36247.31411113852
2468,0.0,0.0,19199.307118743105
2469,0.0,0.0,19199.307118743105
2470,0.0,0.0,0.0
2471,0.0,0.0,0.0
2472,0.0,0.0,0.0
2473,0.0,0.0,0.0
2474,0.0,0.0,0.0
2475,0.0,0.0,0.0
2476,0.0,0.0,40407.68576467858
2477,0.0,0.0,40407.68576467858
2478,0.0,0.0,37429.87243905457
2479,0.0,0.0,37429.87243905457
2480,0.0,0.0,0.0
2481,0.0,0.0,0.0
2482,0.0,0.0,0.0
2483,0.0,0.0,0.0
2484,0.0,0.0,0.0
2485,0.0,0.0,0.0
2486,0.0,0.0,18477.615541355306
2487,0.0,0.0,18477.615541355306
2488,0.0,0.0,65904.66964750575
2489,0.0,0.0,65904.66964750575
2490,0.0,0.0,70364.3
2491,0.0,0.0,70364.3
2492,0.0,0.0,65422.87609345818
2493,0.0,0.0,65422.87609345818
2494,0.0,0.0,32998.12484723318
2495,0.0,0.0,32998.12484723318
2496,0.0,0.0,22179.095494571025
2497,0.0,0.0,22179.095494571025
2498,0.0,0.0,30903.93249231107
2499,0.0,0.0,30903.93249231107
2500,0.0,0.0,70364.3
2501,0.0,0.0,70364.3
2502,0.0,0.0,70364.3
2503,0.0,0.0,70364.3
2504,0.0,0.0,29377.189609934925
2505,0.0,0.0,29377.189609934925
2506,0.0,0.0,0.0
2507,0.0,0.0,0.0
2508,0.0,0.0,0.0
2509,0.0,0.0,0.0
2510,0.0,0.0,26653.907610162947
2511,0.0,0.0,26653.907610162947
2512,0.0,0.0,70364.3
2513,0.0,0.0,70364.3
2514,0.0,0.0,70364.3
2515,0.0,0.0,70364.3
2516,0.0,0.0,63975.12755137627
2517,0.0,0.0,63975.12755137627
2518,0.0,0.0,31568.077288589353
2519,0.0,0.0,31568.077288589353
2520,1342.3207405680423,0.0,21523.514404290225
2521,1342.3207405680423,0.0,21523.514404290225
2522,0.0,0.0,32811.257056746224
2523,0.0,0.0,32811.257056746224
2524,0.0,0.0,70364.3
2525,0.0,0.0,70364.3
2526,945.7699666585422,0.0,70364.3
2527,945.7699666585422,0.0,70364.3
2528,3179.0705952451844,0.0,20422.109546256717
2529,3179.0705952451844,0.0,20422.109546256717
2530,0.0,0.0,0.0
2531,0.0,0.0,0.0
2532,0.0,0.0,0.0
2533,0.0,0.0,0.0
2534,0.0,0.0,18438.035124656133
2535,0.0,0.0,18438.035124656133
2536,1897.0072953380022,0.0,70108.6486710676
2537,1897.0072953380022,0.0,70108.6486710676
2538,6940.97,0.0,70364.3
2539,6940.97,0.0,70364.3
2540,6940.97,0.0,65620.52087229305
2541,6940.97,0.0,65620.52087229305
2542,6940.97,0.0,36974.87276804462
2543,6940.97,0.0,36974.87276804462
2544,6940.97,0.0,28378.378642594267
2545,6940.97,0.0,28378.378642594267
2546,6940.97,0.0,41529.8338058102
2547,6940.97,0.0,41529.8338058102
2548,4310.158568884441,0.0,70364.3
2549,4310.158568884441,0.0,70364.3
2550,5178.582598835339,1726.4080476384588,70364.3
2551,5178.582598835339,1726.4080476384588,70364.3
2552,3695.4505683778043,0.0,31619.08020172923
2553,3695.4505683778043,0.0,31619.08020172923
2554,0.0,0.0,4589.514043638628
2555,0.0,0.0,4589.514043638628
2556,0.0,0.0,8005.136313399678
2557,0.0,0.0,8005.136313399678
2558,0.0,0.0,42244.03810493024
2559,0.0,0.0,42244.03810493024
2560,0.0,120.29831701703915,70364.3
2561,0.0,120.29831701703915,70364.3
2562,6940.97,0.0,70364.3
2563,6940.97,0.0,70364.3
2564,6940.97,0.0,70364.3
2565,6940.97,0.0,70364.3
2566,6940.97,0.0,39084.66404338418
2567,6940.97,0.0,39084.66404338418
2568,6940.97,0.0,27243.414669084697
2569,6940.97,0.0,27243.414669084697
2570,6563.081108301129,0.0,37898.75475005632
2571,6563.081108301129,0.0,37898.75475005632
2572,4785.3521682274,0.0,70364.3
2573,4785.3521682274,0.0,70364.3
2574,6041.878244795578,2524.6018417002997,70364.3
2575,6041.878244795578,2524.6018417002997,70364.3
2576,4135.516632223864,46.29144415782139,44753.901410282444
2577,4135.516632223864,46.29144415782139,44753.901410282444
2578,0.0,0.0,20464.739625044313
2579,0.0,0.0,20464.739625044313
2580,0.0,0.0,17698.911299285508
2581,0.0,0.0,17698.911299285508
2582,0.0,0.0,39786.228190198104
2583,0.0,0.0,39786.228190198104
2584,2077.045893174164,0.0,70364.3
2585,2077.045893174164,0.0,70364.3
2586,6940.97,0.0,70364.3
2587,6940.97,0.0,70364.3
2588,6940.97,0.0,64443.77759161916
2589,6940.97,0.0,64443.77759161916
2590,6940.97,0.0,36398.79886764514
2591,6940.97,0.0,36398.79886764514
2592,6940.97,0.0,28264.633595638712
2593,6940.97,0.0,28264.633595638712
2594,5651.42491241356,0.0,33101.77057301586
2595,5651.42491241356,0.0,33101.77057301586
2596,3136.355795865633,0.0,44540.24701844033
2597,3136.355795865633,0.0,44540.24701844033
2598,1811.1682441778403,0.0,32500.792359300365
2599,1811.1682441778403,0.0,32500.792359300365
2600,0.0,0.0,0.0
2601,0.0,0.0,0.0
2602,0.0,0.0,0.0
2603,0.0,0.0,0.0
2604,0.0,0.0,0.0
2605,0.0,0.0,0.0
2606,0.0,0.0,793.340418560867
2607,0.0,0.0,793.340418560867
2608,0.0,0.0,55387.74951570615
2609,0.0,0.0,55387.74951570615
2610,0.0,0.0,70364.3
2611,0.0,0.0,70364.3
2612,602.031309657501,0.0,54957.02835266112
2613,602.031309657501,0.0,54957.02835266112
2614,1112.401552181262,0.0,30407.709251794753
2615,1112.401552181262,0.0,30407.709251794753
2616,4551.518140151755,0.0,20463.333235344275
2617,4551.518140151755,0.0,20463.333235344275
2618,470.62931889446077,0.0,21417.778971760476
2619,470.62931889446077,0.0,21417.778971760476
2620,0.0,0.0,21081.757624649792
2621,0.0,0.0,21081.757624649792
2622,0.0,0.0,7362.444131879733
2623,0.0,0.0,7362.444131879733
2624,0.0,0.0,0.0
2625,0.0,0.0,0.0
2626,0.0,0.0,0.0
2627,0.0,0.0,0.0
2628,0.0,0.0,0.0
2629,0.0,0.0,0.0
2630,0.0,0.0,0.0
2631,0.0,0.0,0.0
2632,0.0,0.0,44532.49605822124
2633,0.0,0.0,44532.49605822124
2634,0.0,0.0,68795.38630403166
2635,0.0,0.0,68795.38630403166
2636,1874.213592778664,0.0,52763.63830196494
2637,1874.213592778664,0.0,52763.63830196494
2638,3922.142590095048,0.0,26856.641492703595
2639,3922.142590095048,0.0,26856.641492703595
2640,4045.5957739526166,0.0,19082.490857656478
2641,4045.5957739526166,0.0,19082.490857656478
2642,1618.8912021575961,0.0,32589.054402422902
2643,1618.8912021575961,0.0,32589.054402422902
2644,0.0,871.7392735669382,70364.3
2645,0.0,871.7392735669382,70364.3
2646,0.0,4032.6258402509193,70364.3
2647,0.0,4032.6258402509193,70364.3
2648,0.0,0.0,28114.582283356547
2649,0.0,0.0,28114.582283356547
2650,0.0,0.0,0.0
2651,0.0,0.0,0.0
2652,0.0,0.0,1186.5955167024804
2653,0.0,0.0,1186.5955167024804
2654,0.0,0.0,32749.846817153244
2655,0.0,0.0,32749.846817153244
2656,0.0,0.0,70364.3
2657,0.0,0.0,70364.3
2658,0.0,0.0,70364.3
2659,0.0,0.0,70364.3
2660,0.0,0.0,70364.3
2661,0.0,0.0,70364.3
2662,0.0,0.0,43694.63133691394
2663,0.0,0.0,43694.63133691394
2664,0.0,0.0,33091.370865389326
2665,0.0,0.0,33091.370865389326
2666,0.0,0.0,39767.726908512035
2667,0.0,0.0,39767.726908512035
2668,0.0,0.0,70364.3
2669,0.0,0.0,70364.3
2670,0.0,1638.677062221479,61026.88962096578
2671,0.0,1638.677062221479,61026.88962096578
2672,0.0,0.0,11028.094297804142
2673,0.0,0.0,11028.094297804142
2674,0.0,0.0,0.0
2675,0.0,0.0,0.0
2676,0.0,0.0,0.0
2677,0.0,0.0,0.0
2678,0.0,0.0,20351.69255196536
2679,0.0,0.0,20351.69255196536
2680,0.0,0.0,70364.3
2681,0.0,0.0,70364.3
2682,0.0,0.0,70364.3
2683,0.0,0.0,70364.3
2684,0.0,0.0,66484.62298637143
2685,0.0,0.0,66484.62298637143
2686,0.0,0.0,35005.81088023548
2687,0.0,0.0,35005.81088023548
2688,2465.2138285230503,0.0,27559.268731667165
2689,2465.2138285230503,0.0,27559.268731667165
2690,627.2717419748956,0.0,38857.587128174004
2691,627.2717419748956,0.0,38857.587128174004
2692,0.0,0.0,70364.3
2693,0.0,0.0,70364.3
2694,0.0,0.0,70364.3
2695,0.0,0.0,70364.3
2696,0.0,0.0,31918.03094517169
2697,0.0,0.0,31918.03094517169
2698,0.0,0.0,11376.87949491138
2699,0.0,0.0,11376.87949491138
2700,0.0,0.0,18032.4005935562
2701,0.0,0.0,18032.4005935562
2702,0.0,0.0,48615.69888342064
2703,0.0,0.0,48615.69888342064
2704,0.0,0.0,70364.3
2705,0.0,0.0,70364.3
2706,5588.092567630025,0.0,70364.3
2707,5588.092567630025,0.0,70364.3
2708,6940.97,0.0,70364.3
2709,6940.97,0.0,70364.3
2710,6940.97,0.0,45041.743686669826
2711,6940.97,0.0,45041.743686669826
2712,6940.97,0.0,32844.29433984945
2713,6940.97,0.0,32844.29433984945
2714,6940.97,0.0,41072.709668516756
2715,6940.97,0.0,41072.709668516756
2716,6860.2947689325,0.0,70364.3
2717,6860.2947689325,0.0,70364.3
2718,6940.97,3409.5007495049613,69228.67212334441
2719,6940.97,3409.5007495049613,69228.67212334441
2720,0.0,15.393275970040122,25842.131773961795
2721,0.0,15.393275970040122,25842.131773961795
2722,0.0,0.0,0.0
2723,0.0,0.0,0.0
2724,0.0,0.0,3478.4613422896073
2725,0.0,0.0,3478.4613422896073
2726,0.0,0.0,35769.73810805542
2727,0.0,0.0,35769.73810805542
2728,0.0,66.28686242587901,70364.3
2729,0.0,66.28686242587901,70364.3
2730,6940.97,1374.8272128403587,70364.3
2731,6940.97,1374.8272128403587,70364.3
2732,6940.97,3566.1257054830785,70364.3
2733,6940.97,3566.1257054830785,70364.3
2734,6940.97,704.6903741482383,48670.80592243066
2735,6940.97,704.6903741482383,48670.80592243066
2736,6940.97,0.0,37908.47570906384
2737,6940.97,0.0,37908.47570906384
2738,6940.97,0.0,47824.06693932844
2739,6940.97,0.0,47824.06693932844
2740,6940.97,0.0,70364.3
2741,6940.97,0.0,70364.3
2742,6940.97,2182.239323776561,70364.3
2743,6940.97,2182.239323776561,70364.3
2744,6688.166040366323,0.0,39916.08780259921
2745,6688.166040366323,0.0,39916.08780259921
2746,0.0,0.0,14642.64696203114
2747,0.0,0.0,14642.64696203114
2748,0.0,0.0,15108.680359880469
2749,0.0,0.0,15108.680359880469
2750,0.0,0.0,44562.43638559221
2751,0.0,0.0,44562.43638559221
2752,3358.913528531876,0.0,70364.3
2753,3358.913528531876,0.0,70364.3
2754,6940.97,994.0510415233402,70364.3
2755,6940.97,994.0510415233402,70364.3
2756,6940.97,3367.4124266220388,70364.3
2757,6940.97,3367.4124266220388,70364.3
2758,6940.97,0.0,38368.25768752121
2759,6940.97,0.0,38368.25768752121
2760,4957.459510133527,0.0,20476.8134489175
2761,4957.459510133527,0.0,20476.8134489175
2762,1507.396308796383,0.0,18453.696398492975
2763,1507.396308796383,0.0,18453.696398492975
2764,0.0,0.0,26373.501266881
2765,0.0,0.0,26373.501266881
2766,0.0,0.0,37237.423268303944
2767,0.0,0.0,37237.423268303944
2768,0.0,0.0,22482.24064780376
2769,0.0,0.0,22482.24064780376
2770,0.0,0.0,1342.7107484070875
2771,0.0,0.0,1342.7107484070875
2772,0.0,0.0,0.0
2773,0.0,0.0,0.0
2774,0.0,0.0,19398.849768449378
2775,0.0,0.0,19398.849768449378
2776,0.0,0.0,52522.66005971248
2777,0.0,0.0,52522.66005971248
2778,0.0,0.0,62467.63794312265
2779,0.0,0.0,62467.63794312265
2780,0.0,0.0,45630.33185596438
2781,0.0,0.0,45630.33185596438
2782,0.0,0.0,19786.784770555612
2783,0.0,0.0,19786.784770555612
2784,0.0,0.0,10201.086776855183
2785,0.0,0.0,10201.086776855183
2786,0.0,0.0,10350.389906155237
2787,0.0,0.0,10350.389906155237
2788,0.0,0.0,15384.041075403831
2789,0.0,0.0,15384.041075403831
2790,0.0,0.0,16226.62107865409
2791,0.0,0.0,16226.62107865409
2792,0.0,0.0,2294.8007612103975
2793,0.0,0.0,2294.8007612103975
2794,0.0,0.0,0.0
2795,0.0,0.0,0.0
2796,0.0,0.0,0.0
2797,0.0,0.0,0.0
2798,0.0,0.0,27847.632960250645
2799,0.0,0.0,27847.632960250645
2800,0.0,0.0,66255.60424470487
2801,0.0,0.0,66255.60424470487
2802,0.0,0.0,70364.3
2803,0.0,0.0,70364.3
2804,0.0,0.0,65541.57591337021
2805,0.0,0.0,65541.57591337021
2806,0.0,0.0,37793.941701671705
2807,0.0,0.0,37793.941701671705
2808,0.0,0.0,27323.451369363167
2809,0.0,0.0,27323.451369363167
2810,0.0,0.0,38411.96605615653
2811,0.0,0.0,38411.96605615653
2812,0.0,0.0,70364.3
2813,0.0,0.0,70364.3
2814,0.0,0.0,70364.3
2815,0.0,0.0,70364.3
2816,0.0,0.0,55861.68850741885
2817,0.0,0.0,55861.68850741885
2818,0.0,0.0,39376.0583138107
2819,0.0,0.0,39376.0583138107
2820,0.0,0.0,43241.649748947806
2821,0.0,0.0,43241.649748947806
2822,0.0,0.0,62290.31513006575
2823,0.0,0.0,62290.31513006575
2824,0.0,0.0,70364.3
2825,0.0,0.0,70364.3
2826,0.0,0.0,70364.3
2827,0.0,0.0,70364.3
2828,0.0,0.0,70364.3
2829,0.0,0.0,70364.3
2830,0.0,0.0,38621.96588383946
2831,0.0,0.0,38621.96588383946
2832,0.0,0.0,28238.075857759948
2833,0.0,0.0,28238.075857759948
2834,0.0,0.0,38758.518900476614
2835,0.0,0.0,38758.518900476614
2836,0.0,0.0,70364.3
2837,0.0,0.0,70364.3
2838,0.0,0.0,70364.3
2839,0.0,0.0,70364.3
2840,0.0,0.0,46992.225989326806
2841,0.0,0.0,46992.225989326806
2842,0.0,0.0,21285.636464748153
2843,0.0,0.0,21285.636464748153
2844,0.0,0.0,18360.43308571176
2845,0.0,0.0,18360.43308571176
2846,0.0,0.0,45147.002827018936
2847,0.0,0.0,45147.002827018936
2848,0.0,0.0,70364.3
2849,0.0,0.0,70364.3
2850,0.0,236.34410927469617,70364.3
2851,0.0,236.34410927469617,70364.3
2852,0.0,5325.929647646779,69884.78682515111
2853,0.0,5325.929647646779,69884.78682515111
2854,795.3973683124709,2434.333679051979,33501.30021820367
2855,795.3973683124709,2434.333679051979,33501.30021820367
2856,6940.97,0.0,23617.86234774826
2857,6940.97,0.0,23617.86234774826
2858,5159.587986072391,0.0,34190.70525600556
2859,5159.587986072391,0.0,34190.70525600556
2860,1040.12914570168,2544.180061191759,68821.45343577467
2861,1040.12914570168,2544.180061191759,68821.45343577467
2862,1513.041161904283,5682.842642444019,61163.45316659905
2863,1513.041161904283,5682.842642444019,61163.45316659905
2864,1105.6516456212248,364.18398860245725,25290.142563446512
2865,1105.6516456212248,364.18398860245725,25290.142563446512
2866,0.0,0.0,9966.338161004387
2867,0.0,0.0,9966.338161004387
2868,0.0,0.0,21070.64798920357
2869,0.0,0.0,21070.64798920357
2870,0.0,0.0,54756.55602807527
2871,0.0,0.0,54756.55602807527
2872,0.0,0.0,70364.3
2873,0.0,0.0,70364.3
2874,6020.415162642782,126.0699879128806,70364.3
2875,6020.415162642782,126.0699879128806,70364.3
2876,6940.97,891.3816502913178,70364.3
2877,6940.97,891.3816502913178,70364.3
2878,4722.305102441251,0.0,39148.92812031391
2879,4722.305102441251,0.0,39148.92812031391
2880,0.0,0.0,28463.18876679972
2881,0.0,0.0,28463.18876679972
2882,0.0,0.0,37262.5293701913
2883,0.0,0.0,37262.5293701913
2884,0.0,414.9930339017792,70364.3
2885,0.0,414.9930339017792,70364.3
2886,1282.1632159142114,3834.3446475823985,70364.3
2887,1282.1632159142114,3834.3446475823985,70364.3
2888,0.0,0.0,40252.09270668574
2889,0.0,0.0,40252.09270668574
2890,0.0,0.0,27147.63770156933
2891,0.0,0.0,27147.63770156933
2892,0.0,0.0,37172.466558711574
2893,0.0,0.0,37172.466558711574
2894,0.0,0.0,65741.53241858768
2895,0.0,0.0,65741.53241858768
2896,0.0,595.5678718263807,70364.3
2897,0.0,595.5678718263807,70364.3
2898,0.0,2321.5655946338593,70364.3
2899,0.0,2321.5655946338593,70364.3
2900,0.0,3349.047110031639,70364.3
2901,0.0,3349.047110031639,70364.3
2902,0.0,0.0,46572.70983009808
2903,0.0,0.0,46572.70983009808
2904,0.0,0.0,30253.576734013113
2905,0.0,0.0,30253.576734013113
2906,0.0,0.0,27150.502195885172
2907,0.0,0.0,27150.502195885172
2908,0.0,0.0,26175.616707876616
2909,0.0,0.0,26175.616707876616
2910,0.0,0.0,28022.905711841886
2911,0.0,0.0,28022.905711841886
2912,0.0,0.0,13898.80830770015
2913,0.0,0.0,13898.80830770015
2914,0.0,0.0,2752.8601284577016
2915,0.0,0.0,2752.8601284577016
2916,0.0,0.0,3070.6827949606377
2917,0.0,0.0,3070.6827949606377
2918,0.0,0.0,28035.388825060843
2919,0.0,0.0,28035.388825060843
2920,0.0,0.0,63389.464200171526
2921,0.0,0.0,63389.464200171526
2922,0.0,0.0,70364.3
2923,0.0,0.0,70364.3
2924,0.0,0.0,58453.23333282757
2925,0.0,0.0,58453.23333282757
2926,0.0,0.0,30736.412753189543
2927,0.0,0.0,30736.412753189543
2928,0.0,0.0,19694.937046832332
2929,0.0,0.0,19694.937046832332
2930,0.0,0.0,20367.105162983935
2931,0.0,0.0,20367.105162983935
2932,0.0,0.0,22389.998689818167
2933,0.0,0.0,22389.998689818167
2934,0.0,0.0,9293.10748526828
2935,0.0,0.0,9293.10748526828
2936,0.0,0.0,0.0
2937,0.0,0.0,0.0
2938,0.0,0.0,0.0
2939,0.0,0.0,0.0
2940,0.0,0.0,0.0
2941,0.0,0.0,0.0
2942,0.0,0.0,6929.009943253288
2943,0.0,0.0,6929.009943253288
2944,0.0,0.0,53825.814161027694
2945,0.0,0.0,53825.814161027694
2946,0.0,0.0,68271.33124852764
2947,0.0,0.0,68271.33124852764
2948,0.0,0.0,47656.84675517306
2949,0.0,0.0,47656.84675517306
2950,0.0,0.0,19652.60644502724
2951,0.0,0.0,19652.60644502724
2952,0.0,0.0,5472.215883158286
2953,0.0,0.0,5472.215883158286
2954,0.0,0.0,601.2955719490419
2955,0.0,0.0,601.2955719490419
2956,0.0,0.0,0.0
2957,0.0,0.0,0.0
2958,0.0,0.0,0.0
2959,0.0,0.0,0.0
2960,0.0,0.0,0.0
2961,0.0,0.0,0.0
2962,0.0,0.0,0.0
2963,0.0,0.0,0.0
2964,0.0,0.0,0.0
2965,0.0,0.0,0.0
2966,0.0,0.0,0.0
2967,0.0,0.0,0.0
2968,0.0,0.0,27345.818820836983
2969,0.0,0.0,27345.818820836983
2970,0.0,0.0,36061.86210205032
2971,0.0,0.0,36061.86210205032
2972,2152.772112146658,0.0,22062.43031849728
2973,2152.772112146658,0.0,22062.43031849728
2974,3025.039445693409,0.0,0.0
2975,3025.039445693409,0.0,0.0
2976,0.0,0.0,0.0
2977,0.0,0.0,0.0
2978,0.0,0.0,0.0
2979,0.0,0.0,0.0
2980,0.0,0.0,42289.835075429684
2981,0.0,0.0,42289.835075429684
2982,0.0,283.14139218398304,45118.66345532534
2983,0.0,283.14139218398304,45118.66345532534
2984,0.0,0.0,15132.414783472603
2985,0.0,0.0,15132.414783472603
2986,0.0,0.0,5241.115273860953
2987,0.0,0.0,5241.115273860953
2988,0.0,0.0,16733.07123984964
2989,0.0,0.0,16733.07123984964
2990,0.0,0.0,54793.947603697656
2991,0.0,0.0,54793.947603697656
2992,0.0,0.0,70364.3
2993,0.0,0.0,70364.3
2994,0.0,0.0,70364.3
2995,0.0,0.0,70364.3
2996,0.0,0.0,67734.97470247801
2997,0.0,0.0,67734.97470247801
2998,0.0,0.0,22874.543453094986
2999,0.0,0.0,22874.543453094986
3000,0.0,0.0,6181.658837484356
3001,0.0,0.0,6181.658837484356
3002,0.0,0.0,7204.115981154595
3003,0.0,0.0,7204.115981154595
3004,0.0,0.0,37852.43657872325
3005,0.0,0.0,37852.43657872325
3006,0.0,0.0,45580.435399398266
3007,0.0,0.0,45580.435399398266
3008,0.0,0.0,6967.6809751185065
3009,0.0,0.0,6967.6809751185065
3010,0.0,0.0,0.0
3011,0.0,0.0,0.0
3012,0.0,0.0,0.0
3013,0.0,0.0,0.0
3014,0.0,0.0,0.0
3015,0.0,0.0,0.0
3016,0.0,0.0,29392.36219514979
3017,0.0,0.0,29392.36219514979
3018,0.0,0.0,46865.47306115832
3019,0.0,0.0,46865.47306115832
3020,0.0,0.0,28457.78410345246
3021,0.0,0.0,28457.78410345246
3022,0.0,0.0,1538.2602169641032
3023,0.0,0.0,1538.2602169641032
3024,2119.457727175349,0.0,0.0
3025,2119.457727175349,0.0,0.0
3026,3248.143476449603,0.0,0.0
3027,3248.143476449603,0.0,0.0
3028,1846.366567946529,0.0,35682.270722985384
3029,1846.366567946529,0.0,35682.270722985384
3030,3237.5371483554377,0.0,37102.337294869736
3031,3237.5371483554377,0.0,37102.337294869736
3032,0.0,0.0,5112.135418398626
3033,0.0,0.0,5112.135418398626
3034,0.0,0.0,0.0
3035,0.0,0.0,0.0
3036,0.0,0.0,0.0
3037,0.0,0.0,0.0
3038,0.0,0.0,5279.245850799547
3039,0.0,0.0,5279.245850799547
3040,714.2795293480558,0.0,44055.72123413003
3041,714.2795293480558,0.0,44055.72123413003
3042,1301.7394861484217,0.0,58120.60386269112
3043,1301.7394861484217,0.0,58120.60386269112
3044,6940.97,0.0,34675.47348676657
3045,6940.97,0.0,34675.47348676657
3046,6940.97,0.0,0.0
3047,6940.97,0.0,0.0
3048,6940.97,0.0,0.0
3049,6940.97,0.0,0.0
3050,0.0,0.0,65.80194461949577
3051,0.0,0.0,65.80194461949577
3052,3154.236840346545,0.0,38416.30010645726
3053,3154.236840346545,0.0,38416.30010645726
3054,652.1296594346786,523.8558448447584,28270.099664228183
3055,652.1296594346786,523.8558448447584,28270.099664228183
3056,0.0,0.0,0.0
3057,0.0,0.0,0.0
3058,0.0,0.0,0.0
3059,0.0,0.0,0.0
3060,0.0,0.0,0.0
3061,0.0,0.0,0.0
3062,0.0,0.0,29059.985785023135
3063,0.0,0.0,29059.985785023135
3064,0.0,0.0,70364.3
3065,0.0,0.0,70364.3
3066,0.0,0.0,70364.3
3067,0.0,0.0,70364.3
3068,0.0,172.71588151596006,70364.3
3069,0.0,172.71588151596006,70364.3
3070,0.0,0.0,51724.098050477565
3071,0.0,0.0,51724.098050477565
3072,0.0,0.0,38687.38334760442
3073,0.0,0.0,38687.38334760442
3074,0.0,0.0,44966.6252793266
3075,0.0,0.0,44966.6252793266
3076,0.0,0.0,70364.3
3077,0.0,0.0,70364.3
3078,0.0,0.0,70364.3
3079,0.0,0.0,70364.3
3080,0.0,0.0,41147.32936440539
3081,0.0,0.0,41147.32936440539
3082,0.0,0.0,19237.178199434566
3083,0.0,0.0,19237.178199434566
3084,0.0,0.0,24130.56826697648
3085,0.0,0.0,24130.56826697648
3086,0.0,0.0,51298.503316780436
3087,0.0,0.0,51298.503316780436
3088,0.0,0.0,70364.3
3089,0.0,0.0,70364.3
3090,0.0,0.0,70364.3
3091,0.0,0.0,70364.3
3092,1270.8231183844673,0.0,58107.716302103974
3093,1270.8231183844673,0.0,58107.716302103974
3094,3324.094559361189,0.0,26578.987261947725
3095,3324.094559361189,0.0,26578.987261947725
3096,1949.4966903969507,0.0,10049.938019389301
3097,1949.4966903969507,0.0,10049.938019389301
3098,0.0,0.0,3582.4784717519797
3099,0.0,0.0,3582.4784717519797
3100,0.0,0.0,4003.083224612157
3101,0.0,0.0,4003.083224612157
3102,0.0,0.0,1020.7800960438908
3103,0.0,0.0,1020.7800960438908
3104,0.0,0.0,0.0
3105,0.0,0.0,0.0
3106,0.0,0.0,0.0
3107,0.0,0.0,0.0
3108,0.0,0.0,0.0
3109,0.0,0.0,0.0
3110,0.0,0.0,0.0
3111,0.0,0.0,0.0
3112,0.0,0.0,25338.1333921981
3113,0.0,0.0,25338.1333921981
3114,0.0,0.0,43965.01678770565
3115,0.0,0.0,43965.01678770565
3116,0.0,0.0,31187.016968191572
3117,0.0,0.0,31187.016968191572
3118,3127.1797609012274,0.0,4960.281099459811
3119,3127.1797609012274,0.0,4960.281099459811
3120,0.0,0.0,0.0
3121,0.0,0.0,0.0
3122,0.0,0.0,0.0
3123,0.0,0.0,0.0
3124,0.0,0.0,0.0
3125,0.0,0.0,0.0
3126,0.0,0.0,0.0
3127,0.0,0.0,0.0
3128,0.0,0.0,0.0
3129,0.0,0.0,0.0
3130,0.0,0.0,0.0
3131,0.0,0.0,0.0
3132,0.0,0.0,0.0
3133,0.0,0.0,0.0
3134,0.0,0.0,0.0
3135,0.0,0.0,0.0
3136,0.0,0.0,17481.022782851738
3137,0.0,0.0,17481.022782851738
3138,0.0,0.0,50789.85880090011
3139,0.0,0.0,50789.85880090011
3140,0.0,0.0,36991.99776219283
3141,0.0,0.0,36991.99776219283
3142,0.0,0.0,5585.747436428021
3143,0.0,0.0,5585.747436428021
3144,0.0,0.0,0.0
3145,0.0,0.0,0.0
3146,0.0,0.0,7230.156437198064
3147,0.0,0.0,7230.156437198064
3148,0.0,0.0,45537.84660796914
3149,0.0,0.0,45537.84660796914
3150,1481.1270821754329,0.0,50358.92274068907
3151,1481.1270821754329,0.0,50358.92274068907
3152,0.0,0.0,14686.449259632354
3153,0.0,0.0,14686.449259632354
3154,0.0,0.0,0.0
3155,0.0,0.0,0.0
3156,0.0,0.0,0.0
3157,0.0,0.0,0.0
3158,0.0,0.0,10140.31749310784
3159,0.0,0.0,10140.31749310784
3160,0.0,0.0,51565.93529568188
3161,0.0,0.0,51565.93529568188
3162,0.0,0.0,59607.954668381164
3163,0.0,0.0,59607.954668381164
3164,0.0,0.0,34097.678001639666
3165,0.0,0.0,34097.678001639666
3166,0.0,0.0,5494.363714537976
3167,0.0,0.0,5494.363714537976
3168,0.0,0.0,0.0
3169,0.0,0.0,0.0
3170,0.0,0.0,8609.669418357618
3171,0.0,0.0,8609.669418357618
3172,135.80867833179627,0.0,42504.12627975174
3173,135.80867833179627,0.0,42504.12627975174
3174,0.0,0.0,48279.08515345756
3175,0.0,0.0,48279.08515345756
3176,0.0,0.0,16365.756050683936
3177,0.0,0.0,16365.756050683936
3178,0.0,0.0,0.0
3179,0.0,0.0,0.0
3180,0.0,0.0,0.0
3181,0.0,0.0,0.0
3182,0.0,0.0,1135.3912985469215
3183,0.0,0.0,1135.3912985469215
3184,0.0,0.0,27540.227008359303
3185,0.0,0.0,27540.227008359303
3186,0.0,0.0,46619.069792480615
3187,0.0,0.0,46619.069792480615
3188,0.0,0.0,36631.38067739952
3189,0.0,0.0,36631.38067739952
3190,0.0,0.0,11465.65798945092
3191,0.0,0.0,11465.65798945092
3192,0.0,0.0,2008.6310958841204
3193,0.0,0.0,2008.6310958841204
3194,0.0,0.0,8639.165585244642
3195,0.0,0.0,8639.165585244642
3196,0.0,0.0,38543.19428377543
3197,0.0,0.0,38543.19428377543
3198,0.0,0.0,26052.391742733977
3199,0.0,0.0,26052.391742733977
3200,0.0,0.0,0.0
3201,0.0,0.0,0.0
3202,0.0,0.0,0.0
3203,0.0,0.0,0.0
3204,0.0,0.0,0.0
3205,0.0,0.0,0.0
3206,0.0,0.0,20766.12972671722
3207,0.0,0.0,20766.12972671722
3208,0.0,0.0,66341.3161175471
3209,0.0,0.0,66341.3161175471
3210,0.0,0.0,70364.3
3211,0.0,0.0,70364.3
3212,0.0,0.0,58483.011456289416
3213,0.0,0.0,58483.011456289416
3214,0.0,0.0,26111.284069077068
3215,0.0,0.0,26111.284069077068
3216,0.0,0.0,12658.132893669026
3217,0.0,0.0,12658.132893669026
3218,0.0,0.0,10931.891733942059
3219,0.0,0.0,10931.891733942059
3220,0.0,0.0,15958.554891499458
3221,0.0,0.0,15958.554891499458
3222,0.0,0.0,7634.653621693666
3223,0.0,0.0,7634.653621693666
3224,0.0,0.0,0.0
3225,0.0,0.0,0.0
3226,0.0,0.0,0.0
3227,0.0,0.0,0.0
3228,0.0,0.0,0.0
3229,0.0,0.0,0.0
3230,0.0,0.0,13924.25614178076
3231,0.0,0.0,13924.25614178076
3232,0.0,0.0,61810.76350752232
3233,0.0,0.0,61810.76350752232
3234,0.0,0.0,70364.3
3235,0.0,0.0,70364.3
3236,0.0,0.0,58975.47450317013
3237,0.0,0.0,58975.47450317013
3238,0.0,0.0,29228.60371345718
3239,0.0,0.0,29228.60371345718
3240,0.0,0.0,17286.24198151607
3241,0.0,0.0,17286.24198151607
3242,0.0,0.0,22527.74170149178
3243,0.0,0.0,22527.74170149178
3244,0.0,0.0,49390.63549241933
3245,0.0,0.0,49390.63549241933
3246,0.0,0.0,56606.730989698175
3247,0.0,0.0,56606.730989698175
3248,0.0,0.0,28093.382718881796
3249,0.0,0.0,28093.382718881796
3250,0.0,0.0,1517.5351838512288
3251,0.0,0.0,1517.5351838512288
3252,0.0,0.0,0.0
3253,0.0,0.0,0.0
3254,0.0,0.0,22687.127518071284
3255,0.0,0.0,22687.127518071284
3256,0.0,0.0,63343.74369793403
3257,0.0,0.0,63343.74369793403
3258,0.0,0.0,70364.3
3259,0.0,0.0,70364.3
3260,0.0,0.0,60319.318702809804
3261,0.0,0.0,60319.318702809804
3262,0.0,0.0,30599.733248418706
3263,0.0,0.0,30599.733248418706
3264,0.0,0.0,14253.962330013412
3265,0.0,0.0,14253.962330013412
3266,0.0,0.0,8766.212488986246
3267,0.0,0.0,8766.212488986246
3268,0.0,0.0,9045.841721110002
3269,0.0,0.0,9045.841721110002
3270,0.0,0.0,3873.550277326867
3271,0.0,0.0,3873.550277326867
3272,0.0,0.0,0.0
3273,0.0,0.0,0.0
3274,0.0,0.0,0.0
3275,0.0,0.0,0.0
3276,0.0,0.0,0.0
3277,0.0,0.0,0.0
3278,0.0,0.0,0.0
3279,0.0,0.0,0.0
3280,0.0,0.0,20524.753853304952
3281,0.0,0.0,20524.753853304952
3282,0.0,0.0,36085.36737992849
3283,0.0,0.0,36085.36737992849
3284,0.0,0.0,25434.95696278759
3285,0.0,0.0,25434.95696278759
3286,0.0,0.0,1295.6168375981943
3287,0.0,0.0,1295.6168375981943
3288,0.0,0.0,0.0
3289,0.0,0.0,0.0
3290,0.0,0.0,0.0
3291,0.0,0.0,0.0
3292,0.0,0.0,0.0
3293,0.0,0.0,0.0
3294,0.0,0.0,0.0
3295,0.0,0.0,0.0
3296,0.0,0.0,0.0
3297,0.0,0.0,0.0
3298,0.0,0.0,0.0
3299,0.0,0.0,0.0
3300,0.0,0.0,0.0
3301,0.0,0.0,0.0
3302,0.0,0.0,0.0
3303,0.0,0.0,0.0
3304,0.0,0.0,13122.986585398801
3305,0.0,0.0,13122.986585398801
3306,0.0,0.0,48931.30822391424
3307,0.0,0.0,48931.30822391424
3308,0.0,0.0,43790.78595804411
3309,0.0,0.0,43790.78595804411
3310,0.0,0.0,17236.78376197486
3311,0.0,0.0,17236.78376197486
3312,0.0,0.0,7983.942175337776
3313,0.0,0.0,7983.942175337776
3314,0.0,0.0,19545.012344830393
3315,0.0,0.0,19545.012344830393
3316,0.0,0.0,57553.89661835531
3317,0.0,0.0,57553.89661835531
3318,0.0,0.0,59415.548204592706
3319,0.0,0.0,59415.548204592706
3320,0.0,0.0,29879.25745734779
3321,0.0,0.0,29879.25745734779
3322,0.0,0.0,11189.587182474788
3323,0.0,0.0,11189.587182474788
3324,0.0,0.0,14450.194692971563
3325,0.0,0.0,14450.194692971563
3326,0.0,0.0,38095.53960107341
3327,0.0,0.0,38095.53960107341
3328,0.0,0.0,69754.18787208016
3329,0.0,0.0,69754.18787208016
3330,0.0,0.0,70364.3
3331,0.0,0.0,70364.3
3332,0.0,0.0,50412.28119267759
3333,0.0,0.0,50412.28119267759
3334,0.0,0.0,19750.618480217105
3335,0.0,0.0,19750.618480217105
3336,0.0,0.0,8014.248480866852
3337,0.0,0.0,8014.248480866852
3338,0.0,0.0,16732.006494666493
3339,0.0,0.0,16732.006494666493
3340,0.0,0.0,51234.115211728466
3341,0.0,0.0,51234.115211728466
3342,0.0,0.0,45037.07797450641
3343,0.0,0.0,45037.07797450641
3344,0.0,0.0,14407.266267090105
3345,0.0,0.0,14407.266267090105
3346,0.0,0.0,0.0
3347,0.0,0.0,0.0
3348,0.0,0.0,3364.2810438862944
3349,0.0,0.0,3364.2810438862944
3350,0.0,0.0,31132.82165430786
3351,0.0,0.0,31132.82165430786
3352,0.0,0.0,70364.3
3353,0.0,0.0,70364.3
3354,0.0,0.0,70364.3
3355,0.0,0.0,70364.3
3356,0.0,0.0,69132.0359386815
3357,0.0,0.0,69132.0359386815
3358,0.0,0.0,37217.97990717236
3359,0.0,0.0,37217.97990717236
3360,0.0,0.0,25538.87774083446
3361,0.0,0.0,25538.87774083446
3362,0.0,0.0,32652.32116873286
3363,0.0,0.0,32652.32116873286
3364,0.0,0.0,68835.0438233954
3365,0.0,0.0,68835.0438233954
3366,0.0,359.62844998041146,70364.3
3367,0.0,359.62844998041146,70364.3
3368,0.0,0.0,59637.52560596961
3369,0.0,0.0,59637.52560596961
3370,0.0,0.0,47545.24217740531
3371,0.0,0.0,47545.24217740531
3372,0.0,0.0,48253.90702001304
3373,0.0,0.0,48253.90702001304
3374,0.0,0.0,66336.7968556872
3375,0.0,0.0,66336.7968556872
3376,0.0,0.0,70364.3
3377,0.0,0.0,70364.3
3378,0.0,0.0,70364.3
3379,0.0,0.0,70364.3
3380,0.0,0.0,70364.3
3381,0.0,0.0,70364.3
3382,0.0,0.0,39890.49638556206
3383,0.0,0.0,39890.49638556206
3384,0.0,0.0,28684.484840674384
3385,0.0,0.0,28684.484840674384
3386,0.0,0.0,37388.33927164459
3387,0.0,0.0,37388.33927164459
3388,0.0,449.90487324281094,69106.89607883382
3389,0.0,449.90487324281094,69106.89607883382
3390,0.0,150.08485679866317,68183.2140219887
3391,0.0,150.08485679866317,68183.2140219887
3392,0.0,0.0,44103.4121684134
3393,0.0,0.0,44103.4121684134
3394,0.0,0.0,25710.72688303914
3395,0.0,0.0,25710.72688303914
3396,0.0,0.0,26459.60790069474
3397,0.0,0.0,26459.60790069474
3398,0.0,0.0,47543.852372504654
3399,0.0,0.0,47543.852372504654
3400,0.0,0.0,70364.3
3401,0.0,0.0,70364.3
3402,0.0,0.0,70364.3
3403,0.0,0.0,70364.3
3404,0.0,290.6727879598384,70364.3
3405,0.0,290.6727879598384,70364.3
3406,0.0,0.0,41323.94354085997
3407,0.0,0.0,41323.94354085997
3408,0.0,0.0,28186.040995308125
3409,0.0,0.0,28186.040995308125
3410,0.0,0.0,33787.4247624079
3411,0.0,0.0,33787.4247624079
3412,0.0,0.0,60532.0486924875
3413,0.0,0.0,60532.0486924875
3414,0.0,1731.6754305344402,54165.1114320746
3415,0.0,1731.6754305344402,54165.1114320746
3416,0.0,0.0,21884.769525969343
3417,0.0,0.0,21884.769525969343
3418,0.0,0.0,0.0
3419,0.0,0.0,0.0
3420,0.0,0.0,234.79336747925845
3421,0.0,0.0,234.79336747925845
3422,0.0,0.0,28725.459617100074
3423,0.0,0.0,28725.459617100074
3424,0.0,0.0,63620.28069555407
3425,0.0,0.0,63620.28069555407
3426,0.0,0.0,70364.3
3427,0.0,0.0,70364.3
3428,0.0,0.0,60412.98406534518
3429,0.0,0.0,60412.98406534518
3430,0.0,0.0,30798.764006266327
3431,0.0,0.0,30798.764006266327
3432,0.0,0.0,15276.028173908606
3433,0.0,0.0,15276.028173908606
3434,0.0,0.0,10765.221626540835
3435,0.0,0.0,10765.221626540835
3436,0.0,0.0,12569.45863451458
3437,0.0,0.0,12569.45863451458
3438,0.0,0.0,9309.585587139387
3439,0.0,0.0,9309.585587139387
3440,0.0,0.0,0.0
3441,0.0,0.0,0.0
3442,0.0,0.0,0.0
3443,0.0,0.0,0.0
3444,0.0,0.0,0.0
3445,0.0,0.0,0.0
3446,0.0,0.0,2973.994766541189
3447,0.0,0.0,2973.994766541189
3448,0.0,0.0,40204.55184237726
3449,0.0,0.0,40204.55184237726
3450,0.0,0.0,53247.20931001003
3451,0.0,0.0,53247.20931001003
3452,0.0,0.0,40150.82539428258
3453,0.0,0.0,40150.82539428258
3454,0.0,0.0,17370.766154983154
3455,0.0,0.0,17370.766154983154
3456,0.0,0.0,4663.698978901579
3457,0.0,0.0,4663.698978901579
3458,0.0,0.0,2218.8822111319023
3459,0.0,0.0,2218.8822111319023
3460,0.0,0.0,0.0
3461,0.0,0.0,0.0
3462,0.0,0.0,0.0
3463,0.0,0.0,0.0
3464,0.0,0.0,0.0
3465,0.0,0.0,0.0
3466,0.0,0.0,0.0
3467,0.0,0.0,0.0
3468,0.0,0.0,0.0
3469,0.0,0.0,0.0
3470,0.0,0.0,0.0
3471,0.0,0.0,0.0
3472,0.0,0.0,26964.018765779576
3473,0.0,0.0,26964.018765779576
3474,0.0,0.0,54037.446423942165
3475,0.0,0.0,54037.446423942165
3476,0.0,0.0,43447.87033573625
3477,0.0,0.0,43447.87033573625
3478,0.0,0.0,19367.074470250896
3479,0.0,0.0,19367.074470250896
3480,0.0,0.0,8092.133626230789
3481,0.0,0.0,8092.133626230789
3482,0.0,0.0,8790.491874748943
3483,0.0,0.0,8790.491874748943
3484,0.0,0.0,24602.347861048096
3485,0.0,0.0,24602.347861048096
3486,0.0,0.0,22836.08199630388
3487,0.0,0.0,22836.08199630388
3488,0.0,0.0,12007.97829101616
3489,0.0,0.0,12007.97829101616
3490,0.0,0.0,7499.146165529077
3491,0.0,0.0,7499.146165529077
3492,0.0,0.0,9231.6642850856
3493,0.0,0.0,9231.6642850856
3494,0.0,0.0,33340.33166177952
3495,0.0,0.0,33340.33166177952
3496,0.0,0.0,67053.06032270688
3497,0.0,0.0,67053.06032270688
3498,0.0,0.0,70364.3
3499,0.0,0.0,70364.3
3500,0.0,0.0,63521.41516758669
3501,0.0,0.0,63521.41516758669
3502,0.0,0.0,35306.21051292852
3503,0.0,0.0,35306.21051292852
3504,0.0,0.0,23059.721956628913
3505,0.0,0.0,23059.721956628913
3506,0.0,0.0,29098.225463420007
3507,0.0,0.0,29098.225463420007
3508,0.0,0.0,63200.864919163636
3509,0.0,0.0,63200.864919163636
3510,0.0,0.0,62527.06581865685
3511,0.0,0.0,62527.06581865685
3512,0.0,0.0,36359.52192697648
3513,0.0,0.0,36359.52192697648
3514,0.0,0.0,16733.333991910185
3515,0.0,0.0,16733.333991910185
3516,0.0,0.0,14470.329303940583
3517,0.0,0.0,14470.329303940583
3518,0.0,0.0,33767.14192802695
3519,0.0,0.0,33767.14192802695
3520,0.0,0.0,66287.71850444283
3521,0.0,0.0,66287.71850444283
3522,0.0,0.0,70364.3
3523,0.0,0.0,70364.3
3524,0.0,0.0,60354.86384128628
3525,0.0,0.0,60354.86384128628
3526,0.0,0.0,29089.501991031233
3527,0.0,0.0,29089.501991031233
3528,0.0,0.0,16079.325838833873
3529,0.0,0.0,16079.325838833873
3530,0.0,0.0,23368.589384142833
3531,0.0,0.0,23368.589384142833
3532,0.0,0.0,52638.33523054022
3533,0.0,0.0,52638.33523054022
3534,0.0,1475.1732713469391,47114.129889643766
3535,0.0,1475.1732713469391,47114.129889643766
3536,0.0,0.0,21612.783165601897
3537,0.0,0.0,21612.783165601897
3538,0.0,0.0,3662.1703280695656
3539,0.0,0.0,3662.1703280695656
3540,0.0,0.0,6702.468452842935
3541,0.0,0.0,6702.468452842935
3542,0.0,0.0,29511.93765652759
3543,0.0,0.0,29511.93765652759
3544,0.0,0.0,67564.84599619193
3545,0.0,0.0,67564.84599619193
3546,0.0,0.0,70364.3
3547,0.0,0.0,70364.3
3548,0.0,1651.579735840358,57758.77145251953
3549,0.0,1651.579735840358,57758.77145251953
3550,0.0,0.0,33769.313182226586
3551,0.0,0.0,33769.313182226586
3552,0.0,0.0,16722.62775203456
3553,0.0,0.0,16722.62775203456
3554,0.0,0.0,17390.547091967484
3555,0.0,0.0,17390.547091967484
3556,0.0,0.0,44198.46308263359
3557,0.0,0.0,44198.46308263359
3558,0.0,21.062145588099156,30350.9401835888
3559,0.0,21.062145588099156,30350.9401835888
3560,1259.374581308095,0.0,0.0
3561,1259.374581308095,0.0,0.0
3562,0.0,0.0,0.0
3563,0.0,0.0,0.0
3564,0.0,0.0,0.0
3565,0.0,0.0,0.0
3566,0.0,0.0,20954.67674967888
3567,0.0,0.0,20954.67674967888
3568,0.0,0.0,60610.79966224139
3569,0.0,0.0,60610.79966224139
3570,6029.680973226626,0.0,70364.3
3571,6029.680973226626,0.0,70364.3
3572,2187.5223093112,1365.7506877216001,64753.25805803167
3573,2187.5223093112,1365.7506877216001,64753.25805803167
3574,308.83214176829097,0.0,29779.18179456058
3575,308.83214176829097,0.0,29779.18179456058
3576,5538.6902883754,0.0,16653.351061870584
3577,5538.6902883754,0.0,16653.351061870584
3578,3996.524323314384,0.0,22844.227612707917
3579,3996.524323314384,0.0,22844.227612707917
3580,3292.9159738965445,0.0,52554.3382740957
3581,3292.9159738965445,0.0,52554.3382740957
3582,5876.248166789717,1131.9425286202186,52373.099325508185
3583,5876.248166789717,1131.9425286202186,52373.099325508185
3584,3665.801569977564,0.0,29849.52727481167
3585,3665.801569977564,0.0,29849.52727481167
3586,0.0,0.0,9786.978720696963
3587,0.0,0.0,9786.978720696963
3588,0.0,0.0,6370.709227866173
3589,0.0,0.0,6370.709227866173
3590,0.0,0.0,21968.84392763482
3591,0.0,0.0,21968.84392763482
3592,0.0,0.0,55016.827996217355
3593,0.0,0.0,55016.827996217355
3594,5243.606350461797,0.0,64509.0639850803
3595,5243.606350461797,0.0,64509.0639850803
3596,262.01047580927707,0.0,42953.86275935502
3597,262.01047580927707,0.0,42953.86275935502
3598,2189.6674844529707,0.0,10697.558541536171
3599,2189.6674844529707,0.0,10697.558541536171
3600,6940.97,0.0,0.0
3601,6940.97,0.0,0.0
3602,6916.426627693138,0.0,0.0
3603,6916.426627693138,0.0,0.0
3604,5310.370030889633,0.0,0.0
3605,5310.370030889633,0.0,0.0
3606,5943.5841455434465,0.0,0.0
3607,5943.5841455434465,0.0,0.0
3608,2107.462462568774,0.0,0.0
3609,2107.462462568774,0.0,0.0
3610,0.0,0.0,0.0
3611,0.0,0.0,0.0
3612,0.0,0.0,0.0
3613,0.0,0.0,0.0
3614,0.0,0.0,0.0
3615,0.0,0.0,0.0
3616,0.0,0.0,20484.5804371688
3617,0.0,0.0,20484.5804371688
3618,5937.9806790025295,0.0,44166.161247809345
3619,5937.9806790025295,0.0,44166.161247809345
3620,1165.136724714217,0.0,32021.52110313186
3621,1165.136724714217,0.0,32021.52110313186
3622,3254.2182940661814,0.0,5045.281237652336
3623,3254.2182940661814,0.0,5045.281237652336
3624,0.0,0.0,0.0
3625,0.0,0.0,0.0
3626,6940.97,0.0,0.0
3627,6940.97,0.0,0.0
3628,6121.23933551562,0.0,0.0
3629,6121.23933551562,0.0,0.0
3630,6010.9007701408555,0.0,0.0
3631,6010.9007701408555,0.0,0.0
3632,0.0,0.0,0.0
3633,0.0,0.0,0.0
3634,0.0,0.0,0.0
3635,0.0,0.0,0.0
3636,0.0,0.0,0.0
3637,0.0,0.0,0.0
3638,0.0,0.0,0.0
3639,0.0,0.0,0.0
3640,0.0,0.0,0.0
3641,0.0,0.0,0.0
3642,0.0,0.0,13939.300928117067
3643,0.0,0.0,13939.300928117067
3644,6940.97,0.0,8184.670279155209
3645,6940.97,0.0,8184.670279155209
3646,2728.237191324609,0.0,0.0
3647,2728.237191324609,0.0,0.0
3648,6940.97,0.0,0.0
3649,6940.97,0.0,0.0
3650,6940.97,0.0,0.0
3651,6940.97,0.0,0.0
3652,5940.762000209774,0.0,19629.371916960503
3653,5940.762000209774,0.0,19629.371916960503
3654,5538.842125628307,3023.1059840153193,23865.22189820079
3655,5538.842125628307,3023.1059840153193,23865.22189820079
3656,117.85030763416444,359.50296077220264,6418.616052179947
3657,117.85030763416444,359.50296077220264,6418.616052179947
3658,0.0,0.0,0.0
3659,0.0,0.0,0.0
3660,0.0,0.0,0.0
3661,0.0,0.0,0.0
3662,0.0,0.0,14917.01997208476
3663,0.0,0.0,14917.01997208476
3664,0.0,0.0,45558.58768416468
3665,0.0,0.0,45558.58768416468
3666,0.0,0.0,57400.47600917608
3667,0.0,0.0,57400.47600917608
3668,0.0,0.0,32156.88287579779
3669,0.0,0.0,32156.88287579779
3670,3029.084711425883,0.0,0.0
3671,3029.084711425883,0.0,0.0
3672,6940.97,0.0,0.0
3673,6940.97,0.0,0.0
3674,6940.97,0.0,0.0
3675,6940.97,0.0,0.0
3676,5784.61424960139,0.0,0.0
3677,5784.61424960139,0.0,0.0
3678,3805.1273818012,0.0,0.0
3679,3805.1273818012,0.0,0.0
3680,0.0,0.0,0.0
3681,0.0,0.0,0.0
3682,0.0,0.0,0.0
3683,0.0,0.0,0.0
3684,0.0,0.0,0.0
3685,0.0,0.0,0.0
3686,0.0,0.0,0.0
3687,0.0,0.0,0.0
3688,0.0,0.0,0.0
3689,0.0,0.0,0.0
3690,0.0,0.0,7636.2580351304205
3691,0.0,0.0,7636.2580351304205
3692,0.0,0.0,0.0
3693,0.0,0.0,0.0
3694,0.0,0.0,0.0
3695,0.0,0.0,0.0
3696,3882.060122243031,0.0,0.0
3697,3882.060122243031,0.0,0.0
3698,4511.64540788806,0.0,0.0
3699,4511.64540788806,0.0,0.0
3700,3414.7849564665007,0.0,11334.47675386256
3701,3414.7849564665007,0.0,11334.47675386256
3702,4817.951949083525,0.0,1979.0076318817446
3703,4817.951949083525,0.0,1979.0076318817446
3704,2337.6661090423268,0.0,0.0
3705,2337.6661090423268,0.0,0.0
3706,0.0,0.0,0.0
3707,0.0,0.0,0.0
3708,0.0,0.0,0.0
3709,0.0,0.0,0.0
3710,0.0,0.0,3078.5573538007156
3711,0.0,0.0,3078.5573538007156
3712,0.0,1106.089657418741,46247.36676166933
3713,0.0,1106.089657418741,46247.36676166933
3714,6669.992844076723,0.0,70364.3
3715,6669.992844076723,0.0,70364.3
3716,6940.97,119.31135476309828,61270.32591007641
3717,6940.97,119.31135476309828,61270.32591007641
3718,6940.97,0.0,30294.29842379805
3719,6940.97,0.0,30294.29842379805
3720,6940.97,0.0,17741.547369448934
3721,6940.97,0.0,17741.547369448934
3722,6940.97,0.0,19975.90595972156
3723,6940.97,0.0,19975.90595972156
3724,5255.075151859087,0.0,29524.901376665148
3725,5255.075151859087,0.0,29524.901376665148
3726,5436.577220995758,1697.5831002703599,26864.22192604444
3727,5436.577220995758,1697.5831002703599,26864.22192604444
3728,2171.224998535301,0.0,0.0
3729,2171.224998535301,0.0,0.0
3730,0.0,0.0,0.0
3731,0.0,0.0,0.0
3732,0.0,0.0,0.0
3733,0.0,0.0,0.0
3734,0.0,0.0,18566.660903191267
3735,0.0,0.0,18566.660903191267
3736,0.0,1832.526714592599,62891.62316237489
3737,0.0,1832.526714592599,62891.62316237489
3738,6777.072658730234,610.8034033964395,70364.3
3739,6777.072658730234,610.8034033964395,70364.3
3740,6940.97,1926.4463721331194,56018.09546478835
3741,6940.97,1926.4463721331194,56018.09546478835
3742,5921.051171885609,0.0,23272.98256652466
3743,5921.051171885609,0.0,23272.98256652466
3744,277.00761492087895,0.0,7780.575900080541
3745,277.00761492087895,0.0,7780.575900080541
3746,6925.494408274453,0.0,10346.76440373731
3747,6925.494408274453,0.0,10346.76440373731
3748,0.0,0.0,34659.69796423393
3749,0.0,0.0,34659.69796423393
3750,5170.9926074454115,1010.4175910954,33494.29167970686
3751,5170.9926074454115,1010.4175910954,33494.29167970686
3752,2103.597724202078,0.0,5017.562050462613
3753,2103.597724202078,0.0,5017.562050462613
3754,0.0,0.0,0.0
3755,0.0,0.0,0.0
3756,0.0,0.0,0.0
3757,0.0,0.0,0.0
3758,0.0,0.0,20678.974791804067
3759,0.0,0.0,20678.974791804067
3760,0.0,0.0,52272.40535865082
3761,0.0,0.0,52272.40535865082
3762,4793.377994087112,0.0,55130.94226870293
3763,4793.377994087112,0.0,55130.94226870293
3764,6940.97,0.0,29783.31416761555
3765,6940.97,0.0,29783.31416761555
3766,0.0,0.0,0.0
3767,0.0,0.0,0.0
3768,0.0,0.0,0.0
3769,0.0,0.0,0.0
3770,3190.1682188530694,0.0,0.0
3771,3190.1682188530694,0.0,0.0
3772,1218.3923237079289,0.0,0.0
3773,1218.3923237079289,0.0,0.0
3774,1673.2916217132133,0.0,0.0
3775,1673.2916217132133,0.0,0.0
3776,0.0,0.0,0.0
3777,0.0,0.0,0.0
3778,0.0,0.0,0.0
3779,0.0,0.0,0.0
3780,0.0,0.0,0.0
3781,0.0,0.0,0.0
3782,0.0,0.0,0.0
3783,0.0,0.0,0.0
3784,0.0,0.0,0.0
3785,0.0,0.0,0.0
3786,3832.2831792001075,0.0,21263.350884504383
3787,3832.2831792001075,0.0,21263.350884504383
3788,0.0,0.0,14003.71347823272
3789,0.0,0.0,14003.71347823272
3790,0.0,0.0,0.0
3791,0.0,0.0,0.0
3792,0.0,0.0,0.0
3793,0.0,0.0,0.0
3794,0.0,0.0,0.0
3795,0.0,0.0,0.0
3796,1398.8623380238323,0.0,0.0
3797,1398.8623380238323,0.0,0.0
3798,2148.1320471063696,0.0,0.0
3799,2148.1320471063696,0.0,0.0
3800,0.0,0.0,0.0
3801,0.0,0.0,0.0
3802,0.0,0.0,0.0
3803,0.0,0.0,0.0
3804,0.0,0.0,0.0
3805,0.0,0.0,0.0
3806,0.0,0.0,0.0
3807,0.0,0.0,0.0
3808,0.0,0.0,18028.986097707282
3809,0.0,0.0,18028.986097707282
3810,0.0,0.0,46139.19117579788
3811,0.0,0.0,46139.19117579788
3812,0.0,0.0,38162.09430136488
3813,0.0,0.0,38162.09430136488
3814,124.62269735246446,0.0,14990.669362871093
3815,124.62269735246446,0.0,14990.669362871093
3816,0.0,0.0,7356.018508767003
3817,0.0,0.0,7356.018508767003
3818,0.0,0.0,14648.811416293043
3819,0.0,0.0,14648.811416293043
3820,3069.339350221359,0.0,49085.18601717084
3821,3069.339350221359,0.0,49085.18601717084
3822,1694.3903207597773,0.0,57734.74322681852
3823,1694.3903207597773,0.0,57734.74322681852
3824,0.0,0.0,37770.74505358757
3825,0.0,0.0,37770.74505358757
3826,0.0,0.0,24489.76553964996
3827,0.0,0.0,24489.76553964996
3828,0.0,0.0,29639.14370498128
3829,0.0,0.0,29639.14370498128
3830,0.0,0.0,50111.07109762181
3831,0.0,0.0,50111.07109762181
3832,0.0,0.0,70364.3
3833,0.0,0.0,70364.3
3834,0.0,0.0,70364.3
3835,0.0,0.0,70364.3
3836,0.0,0.0,65734.32904358879
3837,0.0,0.0,65734.32904358879
3838,0.0,0.0,36333.851824167345
3839,0.0,0.0,36333.851824167345
3840,0.0,0.0,26273.599642107583
3841,0.0,0.0,26273.599642107583
3842,0.0,0.0,34219.23375228373
3843,0.0,0.0,34219.23375228373
3844,0.0,0.0,65033.5382531216
3845,0.0,0.0,65033.5382531216
3846,0.0,0.0,65891.60436453352
3847,0.0,0.0,65891.60436453352
3848,0.0,0.0,42038.06503572114
3849,0.0,0.0,42038.06503572114
3850,0.0,0.0,30659.226434368407
3851,0.0,0.0,30659.226434368407
3852,0.0,0.0,37164.04974599194
3853,0.0,0.0,37164.04974599194
3854,0.0,0.0,58444.27511056495
3855,0.0,0.0,58444.27511056495
3856,0.0,0.0,70364.3
3857,0.0,0.0,70364.3
3858,0.0,0.0,70364.3
3859,0.0,0.0,70364.3
3860,0.0,0.0,67829.62590964639
3861,0.0,0.0,67829.62590964639
3862,1584.0433576311625,0.0,38147.26627279454
3863,1584.0433576311625,0.0,38147.26627279454
3864,6940.97,0.0,28010.450839966943
3865,6940.97,0.0,28010.450839966943
3866,5010.723516382033,0.0,33440.013635526404
3867,5010.723516382033,0.0,33440.013635526404
3868,3030.5083277945987,0.0,61981.91367574854
3869,3030.5083277945987,0.0,61981.91367574854
3870,2586.0749726510653,0.0,59227.88215327813
3871,2586.0749726510653,0.0,59227.88215327813
3872,0.0,0.0,30667.837332478462
3873,0.0,0.0,30667.837332478462
3874,0.0,0.0,16536.466638014914
3875,0.0,0.0,16536.466638014914
3876,0.0,0.0,20326.40620712997
3877,0.0,0.0,20326.40620712997
3878,0.0,0.0,41826.19943726633
3879,0.0,0.0,41826.19943726633
3880,0.0,0.0,70364.3
3881,0.0,0.0,70364.3
3882,2266.2133412222192,0.0,70364.3
3883,2266.2133412222192,0.0,70364.3
3884,6940.97,0.0,60741.033872444896
3885,6940.97,0.0,60741.033872444896
3886,6940.97,0.0,32319.960864528017
3887,6940.97,0.0,32319.960864528017
3888,6940.97,0.0,22364.615285322325
3889,6940.97,0.0,22364.615285322325
3890,5293.202946188946,0.0,29096.949435846444
3891,5293.202946188946,0.0,29096.949435846444
3892,3992.5568800261244,0.0,57904.90716271865
3893,3992.5568800261244,0.0,57904.90716271865
3894,5031.371017599245,0.0,58011.75072189752
3895,5031.371017599245,0.0,58011.75072189752
3896,4411.3576557412725,0.0,31417.972385036934
3897,4411.3576557412725,0.0,31417.972385036934
3898,0.0,0.0,17975.324096180644
3899,0.0,0.0,17975.324096180644
3900,0.0,0.0,27238.855902504438
3901,0.0,0.0,27238.855902504438
3902,0.0,0.0,30166.072125664927
3903,0.0,0.0,30166.072125664927
3904,256.3156394575426,527.8867225833601,70364.3
3905,256.3156394575426,527.8867225833601,70364.3
3906,6940.97,0.0,70364.3
3907,6940.97,0.0,70364.3
3908,6343.127392167709,0.0,70364.3
3909,6343.127392167709,0.0,70364.3
3910,6940.97,0.0,42748.17128497173
3911,6940.97,0.0,42748.17128497173
3912,6940.97,0.0,29647.587134847534
3913,6940.97,0.0,29647.587134847534
3914,177.751628880083,0.0,34579.81718516008
3915,177.751628880083,0.0,34579.81718516008
3916,6282.161430705358,0.0,62275.12201255049
3917,6282.161430705358,0.0,62275.12201255049
3918,0.0,0.0,63723.690381600914
3919,0.0,0.0,63723.690381600914
3920,0.0,0.0,39600.13519812128
3921,0.0,0.0,39600.13519812128
3922,0.0,0.0,24733.87413270588
3923,0.0,0.0,24733.87413270588
3924,0.0,0.0,30750.1871032161
3925,0.0,0.0,30750.1871032161
3926,0.0,0.0,57242.60441020923
3927,0.0,0.0,57242.60441020923
3928,0.0,0.0,70364.3
3929,0.0,0.0,70364.3
3930,6524.313563324984,0.0,70364.3
3931,6524.313563324984,0.0,70364.3
3932,6940.97,0.0,70364.3
3933,6940.97,0.0,70364.3
3934,6940.97,0.0,43339.90149766547
3935,6940.97,0.0,43339.90149766547
3936,6940.97,0.0,27143.41406578895
3937,6940.97,0.0,27143.41406578895
3938,6940.97,0.0,22402.863911031047
3939,6940.97,0.0,22402.863911031047
3940,6464.227976880785,0.0,23972.735515121756
3941,6464.227976880785,0.0,23972.735515121756
3942,5210.721612781346,0.0,26111.507738786604
3943,5210.721612781346,0.0,26111.507738786604
3944,1585.2663453215337,0.0,17108.18188386297
3945,1585.2663453215337,0.0,17108.18188386297
3946,0.0,0.0,0.0
3947,0.0,0.0,0.0
3948,0.0,0.0,0.0
3949,0.0,0.0,0.0
3950,0.0,0.0,10623.387149129121
3951,0.0,0.0,10623.387149129121
3952,0.0,0.0,41228.76648102727
3953,0.0,0.0,41228.76648102727
3954,0.0,0.0,56558.37944793068
3955,0.0,0.0,56558.37944793068
3956,6940.97,0.0,48237.55106476942
3957,6940.97,0.0,48237.55106476942
3958,3199.991238088069,0.0,23860.73522885165
3959,3199.991238088069,0.0,23860.73522885165
3960,6940.97,0.0,9638.512526088562
3961,6940.97,0.0,9638.512526088562
3962,5937.567618532548,0.0,3093.013442862328
3963,5937.567618532548,0.0,3093.013442862328
3964,4504.85926541024,0.0,0.0
3965,4504.85926541024,0.0,0.0
3966,4615.104217740465,0.0,0.0
3967,4615.104217740465,0.0,0.0
3968,2767.2917538531747,0.0,0.0
3969,2767.2917538531747,0.0,0.0
3970,0.0,0.0,0.0
3971,0.0,0.0,0.0
3972,0.0,0.0,0.0
3973,0.0,0.0,0.0
3974,0.0,0.0,1369.1793414869608
3975,0.0,0.0,1369.1793414869608
3976,461.1855562114897,0.0,38134.002786310186
3977,461.1855562114897,0.0,38134.002786310186
3978,6801.550753459531,0.0,53905.68380397487
3979,6801.550753459531,0.0,53905.68380397487
3980,6940.97,0.0,43137.16073988892
3981,6940.97,0.0,43137.16073988892
3982,0.0,0.0,17467.56726239703
3983,0.0,0.0,17467.56726239703
3984,6940.97,0.0,7006.19015337462
3985,6940.97,0.0,7006.19015337462
3986,6362.927575862199,0.0,15088.510440219594
3987,6362.927575862199,0.0,15088.510440219594
3988,4207.812416721155,0.0,48042.68479782075
3989,4207.812416721155,0.0,48042.68479782075
3990,1368.1691827850054,0.0,59015.63896512962
3991,1368.1691827850054,0.0,59015.63896512962
3992,0.0,0.0,42602.50055463801
3993,0.0,0.0,42602.50055463801
3994,0.0,0.0,28444.900441390433
3995,0.0,0.0,28444.900441390433
3996,0.0,0.0,30471.116518174327
3997,0.0,0.0,30471.116518174327
3998,0.0,0.0,47598.914861139536
3999,0.0,0.0,47598.914861139536
4000,0.0,0.0,70364.3
4001,0.0,0.0,70364.3
4002,0.0,0.0,70364.3
4003,0.0,0.0,70364.3
4004,0.0,0.0,68053.91284371544
4005,0.0,0.0,68053.91284371544
4006,0.0,0.0,40910.596941066426
4007,0.0,0.0,40910.596941066426
4008,0.0,0.0,32562.600714339496
4009,0.0,0.0,32562.600714339496
4010,0.0,0.0,33064.51134556152
4011,0.0,0.0,33064.51134556152
4012,0.0,0.0,59686.43596809343
4013,0.0,0.0,59686.43596809343
4014,0.0,0.0,64693.579716556706
4015,0.0,0.0,64693.579716556706
4016,0.0,0.0,49498.112952481635
4017,0.0,0.0,49498.112952481635
4018,0.0,0.0,33825.757458711334
4019,0.0,0.0,33825.757458711334
4020,0.0,0.0,31825.503013059642
4021,0.0,0.0,31825.503013059642
4022,0.0,0.0,50538.62957477101
4023,0.0,0.0,50538.62957477101
4024,0.0,0.0,70364.3
4025,0.0,0.0,70364.3
4026,0.0,0.0,70364.3
4027,0.0,0.0,70364.3
4028,0.0,0.0,70364.3
4029,0.0,0.0,70364.3
4030,0.0,0.0,40761.08823467243
4031,0.0,0.0,40761.08823467243
4032,1726.3106715467893,0.0,28388.83911629516
4033,1726.3106715467893,0.0,28388.83911629516
4034,0.0,0.0,30286.87888849555
4035,0.0,0.0,30286.87888849555
4036,0.0,0.0,52743.115097128946
4037,0.0,0.0,52743.115097128946
4038,0.0,0.0,49328.237467074854
4039,0.0,0.0,49328.237467074854
4040,0.0,0.0,21688.36084624703
4041,0.0,0.0,21688.36084624703
4042,0.0,0.0,3291.703600821842
4043,0.0,0.0,3291.703600821842
4044,0.0,0.0,10930.384673034598
4045,0.0,0.0,10930.384673034598
4046,0.0,0.0,36538.782113659574
4047,0.0,0.0,36538.782113659574
4048,0.0,0.0,67795.83540879752
4049,0.0,0.0,67795.83540879752
4050,0.0,0.0,70364.3
4051,0.0,0.0,70364.3
4052,0.0,0.0,59295.01007176697
4053,0.0,0.0,59295.01007176697
4054,0.0,0.0,28320.654480412617
4055,0.0,0.0,28320.654480412617
4056,0.0,0.0,13939.056410359655
4057,0.0,0.0,13939.056410359655
4058,0.0,0.0,17318.476974066303
4059,0.0,0.0,17318.476974066303
4060,0.0,0.0,52239.66692910972
4061,0.0,0.0,52239.66692910972
4062,0.0,0.0,59486.200853706425
4063,0.0,0.0,59486.200853706425
4064,0.0,0.0,37840.422607181565
4065,0.0,0.0,37840.422607181565
4066,0.0,0.0,21119.189558059647
4067,0.0,0.0,21119.189558059647
4068,0.0,0.0,16930.070043074345
4069,0.0,0.0,16930.070043074345
4070,0.0,0.0,33849.876695124694
4071,0.0,0.0,33849.876695124694
4072,0.0,0.0,63134.72574780653
4073,0.0,0.0,63134.72574780653
4074,0.0,0.0,70364.3
4075,0.0,0.0,70364.3
4076,0.0,0.0,62611.189392176544
4077,0.0,0.0,62611.189392176544
4078,0.0,0.0,30083.047478327993
4079,0.0,0.0,30083.047478327993
4080,0.0,0.0,14095.175723833949
4081,0.0,0.0,14095.175723833949
4082,0.0,0.0,17424.26904470494
4083,0.0,0.0,17424.26904470494
4084,0.0,0.0,39810.93821079991
4085,0.0,0.0,39810.93821079991
4086,0.0,0.0,39502.41592413276
4087,0.0,0.0,39502.41592413276
4088,0.0,0.0,16834.2634272039
4089,0.0,0.0,16834.2634272039
4090,0.0,0.0,3438.5237739639415
4091,0.0,0.0,3438.5237739639415
4092,0.0,0.0,8250.469151301193
4093,0.0,0.0,8250.469151301193
4094,0.0,0.0,31964.832313084597
4095,0.0,0.0,31964.832313084597
4096,0.0,0.0,66716.01928276851
4097,0.0,0.0,66716.01928276851
4098,0.0,0.0,70364.3
4099,0.0,0.0,70364.3
4100,4231.631516772915,0.0,67869.13742531498
4101,4231.631516772915,0.0,67869.13742531498
4102,0.0,0.0,38957.37387393467
4103,0.0,0.0,38957.37387393467
4104,0.0,0.0,23139.725329193505
4105,0.0,0.0,23139.725329193505
4106,38.545505510257954,0.0,18772.115609419183
4107,38.545505510257954,0.0,18772.115609419183
4108,0.0,0.0,21606.251540414552
4109,0.0,0.0,21606.251540414552
4110,107.11799888139421,0.0,19859.27774300617
4111,107.11799888139421,0.0,19859.27774300617
4112,0.0,0.0,3775.2931318471237
4113,0.0,0.0,3775.2931318471237
4114,0.0,0.0,0.0
4115,0.0,0.0,0.0
4116,0.0,0.0,0.0
4117,0.0,0.0,0.0
4118,0.0,0.0,17651.536620426865
4119,0.0,0.0,17651.536620426865
4120,0.0,0.0,50977.551453685155
4121,0.0,0.0,50977.551453685155
4122,0.0,0.0,64344.210652841226
4123,0.0,0.0,64344.210652841226
4124,0.0,0.0,52744.67865531078
4125,0.0,0.0,52744.67865531078
4126,6853.953121567139,0.0,29071.08995916095
4127,6853.953121567139,0.0,29071.08995916095
4128,0.0,0.0,12016.497733636155
4129,0.0,0.0,12016.497733636155
4130,0.0,0.0,3570.119173518666
4131,0.0,0.0,3570.119173518666
4132,4237.826257217619,0.0,0.0
4133,4237.826257217619,0.0,0.0
4134,5341.461199159489,0.0,0.0
4135,5341.461199159489,0.0,0.0
4136,3257.6993139382676,0.0,0.0
4137,3257.6993139382676,0.0,0.0
4138,0.0,0.0,0.0
4139,0.0,0.0,0.0
4140,0.0,0.0,0.0
4141,0.0,0.0,0.0
4142,0.0,0.0,0.0
4143,0.0,0.0,0.0
4144,1464.0616916463914,0.0,32306.7149128554
4145,1464.0616916463914,0.0,32306.7149128554
4146,6940.97,0.0,54658.839756235684
4147,6940.97,0.0,54658.839756235684
4148,2118.431982528707,0.0,47053.91180160089
4149,2118.431982528707,0.0,47053.91180160089
4150,4428.0019505788705,0.0,20132.83540707113
4151,4428.0019505788705,0.0,20132.83540707113
4152,3299.1599903128213,0.0,8222.480642251729
4153,3299.1599903128213,0.0,8222.480642251729
4154,0.0,0.0,14280.53874623419
4155,0.0,0.0,14280.53874623419
4156,0.0,0.0,51248.73776933223
4157,0.0,0.0,51248.73776933223
4158,0.0,0.0,66645.57440443858
4159,0.0,0.0,66645.57440443858
4160,0.0,0.0,55115.99909971055
4161,0.0,0.0,55115.99909971055
4162,0.0,0.0,49620.354184181924
4163,0.0,0.0,49620.354184181924
4164,0.0,0.0,56262.88078435816
4165,0.0,0.0,56262.88078435816
4166,0.0,0.0,70364.3
4167,0.0,0.0,70364.3
4168,0.0,0.0,70364.3
4169,0.0,0.0,70364.3
4170,5114.381766017512,0.0,70364.3
4171,5114.381766017512,0.0,70364.3
4172,6940.97,0.0,70364.3
4173,6940.97,0.0,70364.3
4174,3334.1910768567795,0.0,41160.5851638907
4175,3334.1910768567795,0.0,41160.5851638907
4176,0.0,0.0,28330.6926461111
4177,0.0,0.0,28330.6926461111
4178,0.0,0.0,31868.379927436392
4179,0.0,0.0,31868.379927436392
4180,4973.023072915938,0.0,64061.429152633005
4181,4973.023072915938,0.0,64061.429152633005
4182,3166.755754232768,0.0,66982.3407538129
4183,3166.755754232768,0.0,66982.3407538129
4184,0.0,0.0,49015.899334502756
4185,0.0,0.0,49015.899334502756
4186,0.0,0.0,39136.55184156136
4187,0.0,0.0,39136.55184156136
4188,0.0,0.0,41361.52922685022
4189,0.0,0.0,41361.52922685022
4190,0.0,0.0,59673.34517707561
4191,0.0,0.0,59673.34517707561
4192,0.0,0.0,70364.3
4193,0.0,0.0,70364.3
4194,0.0,0.0,70364.3
4195,0.0,0.0,70364.3
4196,0.0,1688.0571827086787,68021.90956944606
4197,0.0,1688.0571827086787,68021.90956944606
4198,2001.0415723520819,0.0,35209.81344547868
4199,2001.0415723520819,0.0,35209.81344547868
4200,6940.97,0.0,18946.51259686066
4201,6940.97,0.0,18946.51259686066
4202,6940.97,0.0,20800.81535663556
4203,6940.97,0.0,20800.81535663556
4204,6940.97,0.0,48336.573497571124
4205,6940.97,0.0,48336.573497571124
4206,6940.97,715.6330401525993,52434.13384411443
4207,6940.97,715.6330401525993,52434.13384411443
4208,6940.97,0.0,30544.982253049762
4209,6940.97,0.0,30544.982253049762
4210,6940.97,0.0,13454.370635885687
4211,6940.97,0.0,13454.370635885687
4212,5392.116072424149,0.0,17136.25053183522
4213,5392.116072424149,0.0,17136.25053183522
4214,6916.471205312686,0.0,38861.54332529225
4215,6916.471205312686,0.0,38861.54332529225
4216,6940.97,1319.0947758512793,70364.3
4217,6940.97,1319.0947758512793,70364.3
4218,6940.97,1059.8199608697996,70364.3
4219,6940.97,1059.8199608697996,70364.3
4220,6940.97,3375.155553823659,67419.32926946218
4221,6940.97,3375.155553823659,67419.32926946218
4222,6940.97,0.0,34852.18519727043
4223,6940.97,0.0,34852.18519727043
4224,6940.97,0.0,19068.685264459375
4225,6940.97,0.0,19068.685264459375
4226,6940.97,0.0,22723.028503337933
4227,6940.97,0.0,22723.028503337933
4228,6940.97,0.0,52770.18220224042
4229,6940.97,0.0,52770.18220224042
4230,6940.97,1958.8365585172996,58945.137282387266
4231,6940.97,1958.8365585172996,58945.137282387266
4232,6940.97,545.9675102233996,38368.21880408283
4233,6940.97,545.9675102233996,38368.21880408283
4234,6940.97,0.0,23711.434087701753
4235,6940.97,0.0,23711.434087701753
4236,5891.851395511436,0.0,29833.186876361346
4237,5891.851395511436,0.0,29833.186876361346
4238,6940.97,0.0,52215.607391185564
4239,6940.97,0.0,52215.607391185564
4240,6271.628482696884,2015.3418692123396,70364.3
4241,6271.628482696884,2015.3418692123396,70364.3
4242,6940.97,1717.6911887581791,70364.3
4243,6940.97,1717.6911887581791,70364.3
4244,6940.97,4639.003934570577,70364.3
4245,6940.97,4639.003934570577,70364.3
4246,6940.97,0.0,52554.0208418102
4247,6940.97,0.0,52554.0208418102
4248,6940.97,0.0,35114.42977889454
4249,6940.97,0.0,35114.42977889454
4250,6940.97,0.0,35209.324849399694
4251,6940.97,0.0,35209.324849399694
4252,6940.97,0.0,59717.196327000944
4253,6940.97,0.0,59717.196327000944
4254,6940.97,932.1925497943594,67910.2948978747
4255,6940.97,932.1925497943594,67910.2948978747
4256,5420.108642170731,345.29361928327853,48483.859560550016
4257,5420.108642170731,345.29361928327853,48483.859560550016
4258,6940.97,0.0,31925.080719805148
4259,6940.97,0.0,31925.080719805148
4260,3466.1389374434816,0.0,38235.56190847965
4261,3466.1389374434816,0.0,38235.56190847965
4262,4387.024279390993,0.0,60978.87901453776
4263,4387.024279390993,0.0,60978.87901453776
4264,1446.099036364083,0.0,70364.3
4265,1446.099036364083,0.0,70364.3
4266,6940.97,0.0,70364.3
4267,6940.97,0.0,70364.3
4268,6940.97,939.4982380578185,70364.3
4269,6940.97,939.4982380578185,70364.3
4270,6940.97,0.0,43733.00924025548
4271,6940.97,0.0,43733.00924025548
4272,6940.97,0.0,23385.315707655085
4273,6940.97,0.0,23385.315707655085
4274,6940.97,0.0,17887.587573313358
4275,6940.97,0.0,17887.587573313358
4276,6684.558299904498,0.0,24295.56918628431
4277,6684.558299904498,0.0,24295.56918628431
4278,6940.97,0.0,30482.36215343952
4279,6940.97,0.0,30482.36215343952
4280,4357.757655418927,0.0,19927.142345020577
4281,4357.757655418927,0.0,19927.142345020577
4282,207.24495733498236,0.0,0.0
4283,207.24495733498236,0.0,0.0
4284,3315.474389287877,0.0,0.0
4285,3315.474389287877,0.0,0.0
4286,3555.309944702657,0.0,3147.7953040392604
4287,3555.309944702657,0.0,3147.7953040392604
4288,388.0347873767423,0.0,37804.37685006732
4289,388.0347873767423,0.0,37804.37685006732
4290,6940.97,0.0,54006.75266137882
4291,6940.97,0.0,54006.75266137882
4292,6940.97,0.0,42612.68178151172
4293,6940.97,0.0,42612.68178151172
4294,6940.97,0.0,17869.61087029976
4295,6940.97,0.0,17869.61087029976
4296,6940.97,0.0,4927.425744262029
4297,6940.97,0.0,4927.425744262029
4298,6940.97,0.0,0.0
4299,6940.97,0.0,0.0
4300,6940.97,0.0,0.0
4301,6940.97,0.0,0.0
4302,6940.97,0.0,0.0
4303,6940.97,0.0,0.0
4304,4956.438478690376,0.0,0.0
4305,4956.438478690376,0.0,0.0
4306,0.0,0.0,0.0
4307,0.0,0.0,0.0
4308,0.0,0.0,0.0
4309,0.0,0.0,0.0
4310,0.0,0.0,0.0
4311,0.0,0.0,0.0
4312,0.0,0.0,39943.61509691557
4313,0.0,0.0,39943.61509691557
4314,6824.096315211806,0.0,61350.678651787195
4315,6824.096315211806,0.0,61350.678651787195
4316,6940.97,0.0,53530.04730047626
4317,6940.97,0.0,53530.04730047626
4318,6940.97,0.0,29049.42974340525
4319,6940.97,0.0,29049.42974340525
4320,6940.97,0.0,17474.961430152747
4321,6940.97,0.0,17474.961430152747
4322,6940.97,0.0,23966.61012178204
4323,6940.97,0.0,23966.61012178204
4324,5208.937100642078,0.0,59568.846442943905
4325,5208.937100642078,0.0,59568.846442943905
4326,4466.445787085648,2132.0618479576788,70364.3
4327,4466.445787085648,2132.0618479576788,70364.3
4328,0.0,1014.4601234325783,53610.484076099354
4329,0.0,1014.4601234325783,53610.484076099354
4330,0.0,0.0,34969.73532496454
4331,0.0,0.0,34969.73532496454
4332,0.0,0.0,39516.43695212979
4333,0.0,0.0,39516.43695212979
4334,0.0,278.17188352931953,65913.81999645675
4335,0.0,278.17188352931953,65913.81999645675
4336,0.0,4081.39600221358,70364.3
4337,0.0,4081.39600221358,70364.3
4338,0.0,2594.5293288248995,70364.3
4339,0.0,2594.5293288248995,70364.3
4340,0.0,2705.669113038439,70364.3
4341,0.0,2705.669113038439,70364.3
4342,6940.97,0.0,50931.8502895692
4343,6940.97,0.0,50931.8502895692
4344,6940.97,0.0,35873.725521349465
4345,6940.97,0.0,35873.725521349465
4346,0.0,0.0,36865.9493579298
4347,0.0,0.0,36865.9493579298
4348,0.0,0.0,63477.493449733156
4349,0.0,0.0,63477.493449733156
4350,1041.4383772920519,2178.638744158159,67645.34808847083
4351,1041.4383772920519,2178.638744158159,67645.34808847083
4352,0.0,0.0,44352.23809294656
4353,0.0,0.0,44352.23809294656
4354,0.0,0.0,28282.0097387422
4355,0.0,0.0,28282.0097387422
4356,0.0,0.0,33259.036350929964
4357,0.0,0.0,33259.036350929964
4358,0.0,0.0,56816.541642621625
4359,0.0,0.0,56816.541642621625
4360,0.0,0.0,70364.3
4361,0.0,0.0,70364.3
4362,0.0,1726.7967910872194,70364.3
4363,0.0,1726.7967910872194,70364.3
4364,0.0,822.0988689962196,70364.3
4365,0.0,822.0988689962196,70364.3
4366,0.0,0.0,41632.84378179327
4367,0.0,0.0,41632.84378179327
4368,4491.983787173447,0.0,28277.869785443036
4369,4491.983787173447,0.0,28277.869785443036
4370,2624.0404680057272,0.0,32029.78752388063
4371,2624.0404680057272,0.0,32029.78752388063
4372,1708.0073476154448,0.0,58266.87582689768
4373,1708.0073476154448,0.0,58266.87582689768
4374,3283.3370672409173,1339.3390118940188,65702.86180406311
4375,3283.3370672409173,1339.3390118940188,65702.86180406311
4376,0.0,0.0,43832.38530697598
4377,0.0,0.0,43832.38530697598
4378,0.0,0.0,26548.964605142333
4379,0.0,0.0,26548.964605142333
4380,0.0,0.0,26538.67387857978
4381,0.0,0.0,26538.67387857978
4382,0.0,0.0,53574.220067791
4383,0.0,0.0,53574.220067791
4384,0.0,1707.5210384960992,70364.3
4385,0.0,1707.5210384960992,70364.3
4386,2981.550829363725,1236.7900857281584,70364.3
4387,2981.550829363725,1236.7900857281584,70364.3
4388,6625.69883990175,4456.13758638758,60645.36840955519
4389,6625.69883990175,4456.13758638758,60645.36840955519
4390,6940.97,0.0,33400.8517081701
4391,6940.97,0.0,33400.8517081701
4392,4118.756588261842,0.0,20370.033435883117
4393,4118.756588261842,0.0,20370.033435883117
4394,2769.591561275633,0.0,26512.37777317383
4395,2769.591561275633,0.0,26512.37777317383
4396,2340.783818727313,0.0,56932.34634006856
4397,2340.783818727313,0.0,56932.34634006856
4398,4184.099271659948,2854.0202518938786,56697.631457026524
4399,4184.099271659948,2854.0202518938786,56697.631457026524
4400,2879.5502452699675,2014.7820843624577,31237.53147166068
4401,2879.5502452699675,2014.7820843624577,31237.53147166068
4402,0.0,728.2653738358204,16914.941217033163
4403,0.0,728.2653738358204,16914.941217033163
4404,0.0,782.7165200319796,26898.486643891985
4405,0.0,782.7165200319796,26898.486643891985
4406,0.0,1560.467709755918,55379.39616332817
4407,0.0,1560.467709755918,55379.39616332817
4408,0.0,4263.672171544058,70364.3
4409,0.0,4263.672171544058,70364.3
4410,0.0,2848.0405726995396,70364.3
4411,0.0,2848.0405726995396,70364.3
4412,6940.97,4834.34627697492,69524.1921412934
4413,6940.97,4834.34627697492,69524.1921412934
4414,6940.97,0.0,42011.816263323955
4415,6940.97,0.0,42011.816263323955
4416,6940.97,0.0,28849.798137203405
4417,6940.97,0.0,28849.798137203405
4418,5931.9394327877935,0.0,33490.22197269594
4419,5931.9394327877935,0.0,33490.22197269594
4420,4487.974212921104,0.0,68433.4646278442
4421,4487.974212921104,0.0,68433.4646278442
4422,3847.254516678392,2313.337272917721,70364.3
4423,3847.254516678392,2313.337272917721,70364.3
4424,0.0,1173.3486390651015,54861.04885936002
4425,0.0,1173.3486390651015,54861.04885936002
4426,0.0,814.6708505247188,40475.90631770191
4427,0.0,814.6708505247188,40475.90631770191
4428,0.0,0.0,43394.653579800884
4429,0.0,0.0,43394.653579800884
4430,0.0,0.0,66146.39935870848
4431,0.0,0.0,66146.39935870848
4432,0.0,962.7861614454996,70364.3
4433,0.0,962.7861614454996,70364.3
4434,2254.221535728177,0.0,70364.3
4435,2254.221535728177,0.0,70364.3
4436,5945.695733507622,434.5934769796986,66958.3008133357
4437,5945.695733507622,434.5934769796986,66958.3008133357
4438,6855.583921361966,0.0,38321.36034545873
4439,6855.583921361966,0.0,38321.36034545873
4440,6940.97,0.0,18298.572578423198
4441,6940.97,0.0,18298.572578423198
4442,5913.171555984149,0.0,12411.50211559223
4443,5913.171555984149,0.0,12411.50211559223
4444,5307.927907476539,0.0,14932.235226429344
4445,5307.927907476539,0.0,14932.235226429344
4446,6365.478851245795,0.0,13672.209570965933
4447,6365.478851245795,0.0,13672.209570965933
4448,3237.8440729491344,0.0,0.0
4449,3237.8440729491344,0.0,0.0
4450,0.0,0.0,0.0
4451,0.0,0.0,0.0
4452,0.0,0.0,0.0
4453,0.0,0.0,0.0
4454,0.0,0.0,14808.613862271144
4455,0.0,0.0,14808.613862271144
4456,0.0,0.0,54415.32895729461
4457,0.0,0.0,54415.32895729461
4458,0.0,0.0,70364.3
4459,0.0,0.0,70364.3
4460,0.0,670.898959578959,62108.65091062641
4461,0.0,670.898959578959,62108.65091062641
4462,2702.596522233151,0.0,41183.4477479762
4463,2702.596522233151,0.0,41183.4477479762
4464,0.0,0.0,29575.970743551377
4465,0.0,0.0,29575.970743551377
4466,0.0,0.0,23995.06020459436
4467,0.0,0.0,23995.06020459436
4468,4234.100866314691,0.0,16302.814280277133
4469,4234.100866314691,0.0,16302.814280277133
4470,0.0,0.0,9264.131014762228
4471,0.0,0.0,9264.131014762228
4472,2525.8676355712523,0.0,3326.9048492201255
4473,2525.8676355712523,0.0,3326.9048492201255
4474,0.0,0.0,0.0
4475,0.0,0.0,0.0
4476,0.0,0.0,0.0
4477,0.0,0.0,0.0
4478,0.0,0.0,21236.865294134594
4479,0.0,0.0,21236.865294134594
4480,808.4330233407818,0.0,56777.11157351127
4481,808.4330233407818,0.0,56777.11157351127
4482,6940.97,0.0,68387.29892245421
4483,6940.97,0.0,68387.29892245421
4484,1103.4472114702485,259.3209221768193,51373.39278930657
4485,1103.4472114702485,259.3209221768193,51373.39278930657
4486,3302.1123777116236,0.0,24226.090814639174
4487,3302.1123777116236,0.0,24226.090814639174
4488,1773.0633129507296,0.0,8848.068800003937
4489,1773.0633129507296,0.0,8848.068800003937
4490,6940.97,0.0,8200.349949299372
4491,6940.97,0.0,8200.349949299372
4492,6940.97,0.0,36521.93084448448
4493,6940.97,0.0,36521.93084448448
4494,6940.97,2614.8170323229206,39666.95180681214
4495,6940.97,2614.8170323229206,39666.95180681214
4496,5188.9604883466745,1860.5947726767008,15396.881330141827
4497,5188.9604883466745,1860.5947726767008,15396.881330141827
4498,0.0,1233.8148587198812,21.486115907580825
4499,0.0,1233.8148587198812,21.486115907580825
4500,0.0,1268.7850128193022,4958.990230381722
4501,0.0,1268.7850128193022,4958.990230381722
4502,0.0,2129.505690898519,32019.029136274796
4503,0.0,2129.505690898519,32019.029136274796
4504,0.0,5443.2219859943,70364.3
4505,0.0,5443.2219859943,70364.3
4506,6940.97,5324.933891881141,70364.3
4507,6940.97,5324.933891881141,70364.3
4508,2948.0529576306853,6286.91565945838,70364.3
4509,2948.0529576306853,6286.91565945838,70364.3
4510,4248.976197600083,0.0,45450.28883830008
4511,4248.976197600083,0.0,45450.28883830008
4512,2142.9022817348764,0.0,29024.312919360505
4513,2142.9022817348764,0.0,29024.312919360505
4514,6727.377604550559,0.0,27642.779574906694
4515,6727.377604550559,0.0,27642.779574906694
4516,6351.322684598327,0.0,50306.139072362974
4517,6351.322684598327,0.0,50306.139072362974
4518,5562.868912459306,3773.220453510119,57630.594067391125
4519,5562.868912459306,3773.220453510119,57630.594067391125
4520,0.0,2084.690386745817,45024.06416947159
4521,0.0,2084.690386745817,45024.06416947159
4522,0.0,0.0,33464.782097519346
4523,0.0,0.0,33464.782097519346
4524,0.0,0.0,39540.32613858732
4525,0.0,0.0,39540.32613858732
4526,0.0,0.0,62209.225685134385
4527,0.0,0.0,62209.225685134385
4528,0.0,0.0,70364.3
4529,0.0,0.0,70364.3
4530,0.0,0.0,70364.3
4531,0.0,0.0,70364.3
4532,0.0,0.0,70364.3
4533,0.0,0.0,70364.3
4534,985.9621386556491,0.0,40346.93223383748
4535,985.9621386556491,0.0,40346.93223383748
4536,6940.97,8787.34,21902.440940961722
4537,6940.97,8787.34,21902.440940961722
4538,3445.4105555377655,341.31415839563124,21465.49005923864
4539,3445.4105555377655,341.31415839563124,21465.49005923864
4540,439.8687781637991,0.0,39780.69515155183
4541,439.8687781637991,0.0,39780.69515155183
4542,0.0,8787.34,30982.76316994388
4543,0.0,8787.34,30982.76316994388
4544,0.0,0.0,3061.2648301588197
4545,0.0,0.0,3061.2648301588197
4546,0.0,0.0,0.0
4547,0.0,0.0,0.0
4548,0.0,0.0,0.0
4549,0.0,0.0,0.0
4550,0.0,0.0,8464.617397674097
4551,0.0,0.0,8464.617397674097
4552,0.0,0.0,44266.18601235456
4553,0.0,0.0,44266.18601235456
4554,0.0,0.0,68703.23821839815
4555,0.0,0.0,68703.23821839815
4556,2428.5976380251996,0.0,54434.68276734148
4557,2428.5976380251996,0.0,54434.68276734148
4558,5506.385142789844,0.0,26706.125299328283
4559,5506.385142789844,0.0,26706.125299328283
4560,1993.432255942621,0.0,14021.206473456929
4561,1993.432255942621,0.0,14021.206473456929
4562,0.0,0.0,15129.73348315683
4563,0.0,0.0,15129.73348315683
4564,0.0,0.0,28086.525332018573
4565,0.0,0.0,28086.525332018573
4566,206.66149808357613,0.0,19355.03452534313
4567,206.66149808357613,0.0,19355.03452534313
4568,0.0,0.0,0.0
4569,0.0,0.0,0.0
4570,0.0,0.0,0.0
4571,0.0,0.0,0.0
4572,0.0,0.0,0.0
4573,0.0,0.0,0.0
4574,0.0,0.0,4404.287550730602
4575,0.0,0.0,4404.287550730602
4576,0.0,669.6756325688602,39398.22187389922
4577,0.0,669.6756325688602,39398.22187389922
4578,6940.97,449.7426940799378,62934.84445834416
4579,6940.97,449.7426940799378,62934.84445834416
4580,6940.97,8787.34,57532.201061257394
4581,6940.97,8787.34,57532.201061257394
4582,6940.97,0.0,27714.570671344103
4583,6940.97,0.0,27714.570671344103
4584,6940.97,0.0,11970.005339081414
4585,6940.97,0.0,11970.005339081414
4586,6940.97,0.0,12342.817211936563
4587,6940.97,0.0,12342.817211936563
4588,2931.7687614171227,0.0,24390.38447941179
4589,2931.7687614171227,0.0,24390.38447941179
4590,0.0,486.099840749599,19358.396357693302
4591,0.0,486.099840749599,19358.396357693302
4592,3080.0044969186674,0.0,0.0
4593,3080.0044969186674,0.0,0.0
4594,0.0,0.0,0.0
4595,0.0,0.0,0.0
4596,0.0,0.0,0.0
4597,0.0,0.0,0.0
4598,0.0,0.0,17701.902243725344
4599,0.0,0.0,17701.902243725344
4600,0.0,2067.03577943004,61032.91250864256
4601,0.0,2067.03577943004,61032.91250864256
4602,5447.262935864,432.1340823561386,70364.3
4603,5447.262935864,432.1340823561386,70364.3
4604,6940.97,892.7624395127586,70364.3
4605,6940.97,892.7624395127586,70364.3
4606,6940.97,0.0,48252.90195137889
4607,6940.97,0.0,48252.90195137889
4608,6940.97,0.0,32601.245968170813
4609,6940.97,0.0,32601.245968170813
4610,5686.25485890255,0.0,29174.52118094438
4611,5686.25485890255,0.0,29174.52118094438
4612,3733.791605332194,0.0,28651.243355802362
4613,3733.791605332194,0.0,28651.243355802362
4614,4390.136295014163,0.0,21971.24439049061
4615,4390.136295014163,0.0,21971.24439049061
4616,1839.882176382066,0.0,4885.613170668861
4617,1839.882176382066,0.0,4885.613170668861
4618,0.0,0.0,0.0
4619,0.0,0.0,0.0
4620,0.0,0.0,0.0
4621,0.0,0.0,0.0
4622,0.0,0.0,14486.867184102768
4623,0.0,0.0,14486.867184102768
4624,0.0,0.0,54031.51818471367
4625,0.0,0.0,54031.51818471367
4626,6277.543451636167,0.0,70129.338819849
4627,6277.543451636167,0.0,70129.338819849
4628,6940.97,8787.34,58992.73806626868
4629,6940.97,8787.34,58992.73806626868
4630,2865.6756782553953,0.0,30572.127923429507
4631,2865.6756782553953,0.0,30572.127923429507
4632,874.0442937924945,0.0,17364.929149472737
4633,874.0442937924945,0.0,17364.929149472737
4634,0.0,0.0,11261.950734219106
4635,0.0,0.0,11261.950734219106
4636,5774.631616045437,0.0,4387.229680235832
4637,5774.631616045437,0.0,4387.229680235832
4638,0.0,8787.34,0.0
4639,0.0,8787.34,0.0
4640,3158.0013395581864,8787.34,0.0
4641,3158.0013395581864,8787.34,0.0
4642,0.0,0.0,0.0
4643,0.0,0.0,0.0
4644,0.0,0.0,0.0
4645,0.0,0.0,0.0
4646,0.0,0.0,11696.60259384755
4647,0.0,0.0,11696.60259384755
4648,0.0,0.0,47001.271720876524
4649,0.0,0.0,47001.271720876524
4650,0.0,0.0,68318.93823399924
4651,0.0,0.0,68318.93823399924
4652,476.02422291088624,0.0,60425.44726965955
4653,476.02422291088624,0.0,60425.44726965955
4654,6940.97,0.0,35176.22712855674
4655,6940.97,0.0,35176.22712855674
4656,6940.97,0.0,22501.2020485057
4657,6940.97,0.0,22501.2020485057
4658,6940.97,0.0,29990.317506043502
4659,6940.97,0.0,29990.317506043502
4660,5661.856826771377,0.0,63933.598708809586
4661,5661.856826771377,0.0,63933.598708809586
4662,6940.97,0.0,70364.3
4663,6940.97,0.0,70364.3
4664,4493.746670786582,0.0,70364.3
4665,4493.746670786582,0.0,70364.3
4666,0.0,0.0,62014.843930257775
4667,0.0,0.0,62014.843930257775
4668,0.0,0.0,62354.55913513299
4669,0.0,0.0,62354.55913513299
4670,0.0,0.0,70364.3
4671,0.0,0.0,70364.3
4672,0.0,0.0,70364.3
4673,0.0,0.0,70364.3
4674,6105.629658785615,0.0,70364.3
4675,6105.629658785615,0.0,70364.3
4676,4118.062538973993,0.0,70364.3
4677,4118.062538973993,0.0,70364.3
4678,6940.97,0.0,51956.608323828244
4679,6940.97,0.0,51956.608323828244
4680,6940.97,0.0,38664.11979835895
4681,6940.97,0.0,38664.11979835895
4682,5587.485027566869,0.0,44210.5194830937
4683,5587.485027566869,0.0,44210.5194830937
4684,3529.307974378573,0.0,70364.3
4685,3529.307974378573,0.0,70364.3
4686,3463.541179974868,0.0,70364.3
4687,3463.541179974868,0.0,70364.3
4688,0.0,0.0,69973.71376498332
4689,0.0,0.0,69973.71376498332
4690,0.0,0.0,51298.12305473772
4691,0.0,0.0,51298.12305473772
4692,0.0,1869.0,52481.72346816913
4693,0.0,1869.0,52481.72346816913
4694,0.0,0.0,70364.3
4695,0.0,0.0,70364.3
4696,0.0,5378.187638640869,70364.3
4697,0.0,5378.187638640869,70364.3
4698,0.0,0.0,70364.3
4699,0.0,0.0,70364.3
4700,0.0,1331.8123613590597,70364.3
4701,0.0,1331.8123613590597,70364.3
4702,609.6618729939692,0.0,61003.4421565837
4703,609.6618729939692,0.0,61003.4421565837
4704,6940.97,1940.0,43563.489962034175
4705,6940.97,1940.0,43563.489962034175
4706,6940.97,0.0,43340.948086817094
4707,6940.97,0.0,43340.948086817094
4708,6940.97,0.0,66368.816185336
4709,6940.97,0.0,66368.816185336
4710,6940.97,2993.017939105981,70068.86034934953
4711,6940.97,2993.017939105981,70068.86034934953
4712,5349.169684070388,2765.1774425082585,51317.1069936032
4713,5349.169684070388,2765.1774425082585,51317.1069936032
4714,383.71249072616047,2251.100259668521,37556.80526199454
4715,383.71249072616047,2251.100259668521,37556.80526199454
4716,0.0,1972.4123370416419,44111.58510576631
4717,0.0,1972.4123370416419,44111.58510576631
4718,0.0,2485.5426414410977,69938.45675053676
4719,0.0,2485.5426414410977,69938.45675053676
4720,0.0,6158.0836485562195,70364.3
4721,0.0,6158.0836485562195,70364.3
4722,6940.97,4991.181065360059,70364.3
4723,6940.97,4991.181065360059,70364.3
4724,6940.97,6373.97766911412,70364.3
4725,6940.97,6373.97766911412,70364.3
4726,6940.97,775.09641053616,70364.3
4727,6940.97,775.09641053616,70364.3
4728,6940.97,0.0,53663.67555973971
4729,6940.97,0.0,53663.67555973971
4730,6940.97,0.0,52960.47250899632
4731,6940.97,0.0,52960.47250899632
4732,6940.97,0.0,70364.3
4733,6940.97,0.0,70364.3
4734,6940.97,3443.5843468296407,70364.3
4735,6940.97,3443.5843468296407,70364.3
4736,4111.053434865912,3254.192752282521,56643.45516995384
4737,4111.053434865912,3254.192752282521,56643.45516995384
4738,0.0,2529.42329583806,41372.86388036798
4739,0.0,2529.42329583806,41372.86388036798
4740,2218.2996506942327,1462.8660754410994,47733.36795512895
4741,2218.2996506942327,1462.8660754410994,47733.36795512895
4742,0.0,1085.87028954794,70364.3
4743,0.0,1085.87028954794,70364.3
4744,1614.0263615598715,2289.2580156711992,70364.3
4745,1614.0263615598715,2289.2580156711992,70364.3
4746,6940.97,0.0,70364.3
4747,6940.97,0.0,70364.3
4748,6940.97,1149.9170689575003,70364.3
4749,6940.97,1149.9170689575003,70364.3
4750,6940.97,3758.8585771189537,45959.98908981572
4751,6940.97,3758.8585771189537,45959.98908981572
4752,6940.97,0.0,28888.649590504298
4753,6940.97,0.0,28888.649590504298
4754,6940.97,0.0,31629.501596640548
4755,6940.97,0.0,31629.501596640548
4756,6927.717462757255,0.0,51602.87123035689
4757,6927.717462757255,0.0,51602.87123035689
4758,6940.97,1235.663833504619,55775.53246977055
4759,6940.97,1235.663833504619,55775.53246977055
4760,5600.025920685983,549.1553187072423,30842.615210294112
4761,5600.025920685983,549.1553187072423,30842.615210294112
4762,1664.5186719895719,8787.34,8576.939465336443
4763,1664.5186719895719,8787.34,8576.939465336443
4764,5726.20960559123,0.0,5627.757322157617
4765,5726.20960559123,0.0,5627.757322157617
4766,0.0,0.0,30033.98399424975
4767,0.0,0.0,30033.98399424975
4768,3556.192652114998,1062.4533089539982,66824.01601057027
4769,3556.192652114998,1062.4533089539982,66824.01601057027
4770,6940.97,1078.94788274046,70364.3
4771,6940.97,1078.94788274046,70364.3
4772,6940.97,4538.379821074719,62037.953714842515
4773,6940.97,4538.379821074719,62037.953714842515
4774,6940.97,0.0,34244.601458625184
4775,6940.97,0.0,34244.601458625184
4776,6940.97,0.0,17445.190264657715
4777,6940.97,0.0,17445.190264657715
4778,6940.97,0.0,11743.498305419547
4779,6940.97,0.0,11743.498305419547
4780,6940.97,0.0,12559.179785749366
4781,6940.97,0.0,12559.179785749366
4782,6940.97,0.0,2337.254828932113
4783,6940.97,0.0,2337.254828932113
4784,2998.05569443211,0.0,0.0
4785,2998.05569443211,0.0,0.0
4786,0.0,0.0,0.0
4787,0.0,0.0,0.0
4788,0.0,0.0,0.0
4789,0.0,0.0,0.0
4790,0.0,0.0,0.0
4791,0.0,0.0,0.0
4792,6311.437603014469,1124.0,32693.06416062097
4793,6311.437603014469,1124.0,32693.06416062097
4794,6940.97,8121.755956444424,56075.55621328426
4795,6940.97,8121.755956444424,56075.55621328426
4796,6940.97,8787.34,51582.2464143099
4797,6940.97,8787.34,51582.2464143099
4798,6940.97,0.0,32242.565576900655
4799,6940.97,0.0,32242.565576900655
4800,6940.97,0.0,18387.139393240388
4801,6940.97,0.0,18387.139393240388
4802,6940.97,0.0,12355.383349463838
4803,6940.97,0.0,12355.383349463838
4804,6923.268072675088,0.0,7958.59758926506
4805,6923.268072675088,0.0,7958.59758926506
4806,6665.318296733914,0.0,2922.478908498044
4807,6665.318296733914,0.0,2922.478908498044
4808,3762.425643590078,0.0,0.0
4809,3762.425643590078,0.0,0.0
4810,6854.535744757889,0.0,0.0
4811,6854.535744757889,0.0,0.0
4812,1968.385091016486,0.0,0.0
4813,1968.385091016486,0.0,0.0
4814,2130.481076228627,8787.34,0.0
4815,2130.481076228627,8787.34,0.0
4816,6940.97,0.0,32994.97882429458
4817,6940.97,0.0,32994.97882429458
4818,6940.97,0.0,62666.173728675465
4819,6940.97,0.0,62666.173728675465
4820,6940.97,875.0640435553596,59322.583388051775
4821,6940.97,875.0640435553596,59322.583388051775
4822,6940.97,0.0,33882.336944358336
4823,6940.97,0.0,33882.336944358336
4824,6940.97,0.0,20974.12920847957
4825,6940.97,0.0,20974.12920847957
4826,6940.97,0.0,27115.781253037327
4827,6940.97,0.0,27115.781253037327
4828,6940.97,0.0,53778.024454177605
4829,6940.97,0.0,53778.024454177605
4830,6940.97,0.0,57883.02115696599
4831,6940.97,0.0,57883.02115696599
4832,6940.97,0.0,44770.27119930359
4833,6940.97,0.0,44770.27119930359
4834,1931.5650928224532,0.0,34095.874325087934
4835,1931.5650928224532,0.0,34095.874325087934
4836,6809.745956271341,0.0,36545.95008807225
4837,6809.745956271341,0.0,36545.95008807225
4838,6940.97,0.0,58900.391887439575
4839,6940.97,0.0,58900.391887439575
4840,4423.793193249114,2192.0,70364.3
4841,4423.793193249114,2192.0,70364.3
4842,6940.97,2241.0638635957584,70364.3
4843,6940.97,2241.0638635957584,70364.3
4844,6940.97,4581.767890060839,70364.3
4845,6940.97,4581.767890060839,70364.3
4846,6940.97,0.0,44183.34250373836
4847,6940.97,0.0,44183.34250373836
4848,6940.97,0.0,21970.146784495475
4849,6940.97,0.0,21970.146784495475
4850,6940.97,0.0,19399.007976895038
4851,6940.97,0.0,19399.007976895038
4852,6940.97,592.2478225968589,43142.31065497076
4853,6940.97,592.2478225968589,43142.31065497076
4854,6940.97,4519.476685608639,42155.45307662641
4855,6940.97,4519.476685608639,42155.45307662641
4856,1984.6692241289893,3954.9783412571396,17242.286549687182
4857,1984.6692241289893,3954.9783412571396,17242.286549687182
4858,0.0,3079.4341911216798,2060.526680663199
4859,0.0,3079.4341911216798,2060.526680663199
4860,0.0,2448.0045827046997,7130.116941416374
4861,0.0,2448.0045827046997,7130.116941416374
4862,0.0,2515.1394352053994,35957.28068719106
4863,0.0,2515.1394352053994,35957.28068719106
4864,0.0,5138.62918163826,70364.3
4865,0.0,5138.62918163826,70364.3
4866,3147.759027425871,4057.304418277199,70364.3
4867,3147.759027425871,4057.304418277199,70364.3
4868,6940.97,6689.6397068766,70364.3
4869,6940.97,6689.6397068766,70364.3
4870,5460.404555368652,2148.225945499118,64820.629980464306
4871,5460.404555368652,2148.225945499118,64820.629980464306
4872,6940.97,0.0,49852.41856587764
4873,6940.97,0.0,49852.41856587764
4874,6940.97,0.0,50759.61699844457
4875,6940.97,0.0,50759.61699844457
4876,5419.226499465671,1546.0346248443384,70364.3
4877,5419.226499465671,1546.0346248443384,70364.3
4878,3842.588266946693,5589.310470460299,70364.3
4879,3842.588266946693,5589.310470460299,70364.3
4880,0.0,5078.708507185238,59320.24579553289
4881,0.0,5078.708507185238,59320.24579553289
4882,0.0,4085.383835316883,42960.781760985294
4883,0.0,4085.383835316883,42960.781760985294
4884,0.0,2382.48583442736,46851.02692955223
4885,0.0,2382.48583442736,46851.02692955223
4886,0.0,948.0519585249585,70364.3
4887,0.0,948.0519585249585,70364.3
4888,0.0,2220.056895948401,70364.3
4889,0.0,2220.056895948401,70364.3
4890,0.0,484.66515007376074,70364.3
4891,0.0,484.66515007376074,70364.3
4892,3860.63495767891,2463.496168817721,70364.3
4893,3860.63495767891,2463.496168817721,70364.3
4894,672.1406187923712,0.0,61240.94364031547
4895,672.1406187923712,0.0,61240.94364031547
4896,0.0,0.0,44883.562790130505
4897,0.0,0.0,44883.562790130505
4898,0.0,0.0,45553.21908926853
4899,0.0,0.0,45553.21908926853
4900,4083.0277119158122,0.0,67171.30975903821
4901,4083.0277119158122,0.0,67171.30975903821
4902,6626.9151006118045,3567.9618549502193,67467.02763719129
4903,6626.9151006118045,3567.9618549502193,67467.02763719129
4904,4090.743111323415,3239.7157137937393,46683.62466984548
4905,4090.743111323415,3239.7157137937393,46683.62466984548
4906,0.0,2330.4381686030392,33943.09016246241
4907,0.0,2330.4381686030392,33943.09016246241
4908,0.0,1756.0321846666993,43498.531496030715
4909,0.0,1756.0321846666993,43498.531496030715
4910,0.0,2329.7059633481404,70364.3
4911,0.0,2329.7059633481404,70364.3
4912,980.5307262998745,4907.249954156479,70364.3
4913,980.5307262998745,4907.249954156479,70364.3
4914,6940.97,3305.21341768972,70364.3
4915,6940.97,3305.21341768972,70364.3
4916,6940.97,4921.23439737662,70364.3
4917,6940.97,4921.23439737662,70364.3
4918,5220.847899463725,38.53383224689969,67054.86299612767
4919,5220.847899463725,38.53383224689969,67054.86299612767
4920,6940.97,0.0,52163.09726064899
4921,6940.97,0.0,52163.09726064899
4922,6940.97,0.0,55131.530847773014
4923,6940.97,0.0,55131.530847773014
4924,6005.956873339741,0.0,70364.3
4925,6005.956873339741,0.0,70364.3
4926,0.0,3481.331498895119,70364.3
4927,0.0,3481.331498895119,70364.3
4928,657.1202629910795,2765.4502816538206,65179.54666011568
4929,657.1202629910795,2765.4502816538206,65179.54666011568
4930,0.0,1300.2932437330383,58274.39806131943
4931,0.0,1300.2932437330383,58274.39806131943
4932,0.0,0.0,65876.5580751548
4933,0.0,0.0,65876.5580751548
4934,0.0,0.0,70364.3
4935,0.0,0.0,70364.3
4936,0.0,0.0,70364.3
4937,0.0,0.0,70364.3
4938,0.0,0.0,70364.3
4939,0.0,0.0,70364.3
4940,0.0,0.0,69214.65077942336
4941,0.0,0.0,69214.65077942336
4942,5971.93730833194,0.0,40314.693682362355
4943,5971.93730833194,0.0,40314.693682362355
4944,2873.331573886394,0.0,19991.139418613515
4945,2873.331573886394,0.0,19991.139418613515
4946,0.0,0.0,8235.222392852636
4947,0.0,0.0,8235.222392852636
4948,0.0,0.0,7817.626325868376
4949,0.0,0.0,7817.626325868376
4950,0.0,0.0,43.44632973705302
4951,0.0,0.0,43.44632973705302
4952,0.0,0.0,0.0
4953,0.0,0.0,0.0
4954,0.0,0.0,0.0
4955,0.0,0.0,0.0
4956,0.0,0.0,0.0
4957,0.0,0.0,0.0
4958,0.0,0.0,0.0
4959,0.0,0.0,0.0
4960,0.0,0.0,15296.109843508078
4961,0.0,0.0,15296.109843508078
4962,0.0,0.0,26749.532725758603
4963,0.0,0.0,26749.532725758603
4964,6940.97,0.0,13344.222448478962
4965,6940.97,0.0,13344.222448478962
4966,4797.257461968933,0.0,0.0
4967,4797.257461968933,0.0,0.0
4968,2453.4874852766243,0.0,0.0
4969,2453.4874852766243,0.0,0.0
4970,384.5449791789879,0.0,0.0
4971,384.5449791789879,0.0,0.0
4972,6254.916607257668,0.0,0.0
4973,6254.916607257668,0.0,0.0
4974,5770.480385301578,0.0,0.0
4975,5770.480385301578,0.0,0.0
4976,1904.0915297909632,0.0,0.0
4977,1904.0915297909632,0.0,0.0
4978,0.0,0.0,0.0
4979,0.0,0.0,0.0
4980,0.0,0.0,0.0
4981,0.0,0.0,0.0
4982,0.0,0.0,0.0
4983,0.0,0.0,0.0
4984,0.0,0.0,28982.001705621515
4985,0.0,0.0,28982.001705621515
4986,0.0,0.0,50297.48752257081
4987,0.0,0.0,50297.48752257081
4988,2364.7239378533577,0.0,41206.59457138069
4989,2364.7239378533577,0.0,41206.59457138069
4990,2350.304783103908,0.0,15240.013327266628
4991,2350.304783103908,0.0,15240.013327266628
4992,0.0,0.0,2404.105191488765
4993,0.0,0.0,2404.105191488765
4994,4376.004385429826,0.0,6360.564120362556
4995,4376.004385429826,0.0,6360.564120362556
4996,3111.6270977679324,0.0,36161.94370914725
4997,3111.6270977679324,0.0,36161.94370914725
4998,4104.295929210046,0.0,38437.1454937691
4999,4104.295929210046,0.0,38437.1454937691
5000,1259.2826594689968,0.0,20322.781914787978
5001,1259.2826594689968,0.0,20322.781914787978
5002,0.0,0.0,11692.898190729145
5003,0.0,0.0,11692.898190729145
5004,0.0,0.0,14110.412197557132
5005,0.0,0.0,14110.412197557132
5006,0.0,0.0,31699.16882354344
5007,0.0,0.0,31699.16882354344
5008,0.0,0.0,64536.20970006136
5009,0.0,0.0,64536.20970006136
5010,0.0,0.0,70364.3
5011,0.0,0.0,70364.3
5012,0.0,0.0,53751.51125551165
5013,0.0,0.0,53751.51125551165
5014,6940.97,0.0,23458.65728952836
5015,6940.97,0.0,23458.65728952836
5016,2650.526031482087,0.0,10229.519329186776
5017,2650.526031482087,0.0,10229.519329186776
5018,6940.97,0.0,13894.17789140025
5019,6940.97,0.0,13894.17789140025
5020,5537.34724670761,0.0,35473.76351030634
5021,5537.34724670761,0.0,35473.76351030634
5022,4421.467991651032,0.0,29315.219237966143
5023,4421.467991651032,0.0,29315.219237966143
5024,0.0,0.0,8802.529926851363
5025,0.0,0.0,8802.529926851363
5026,0.0,0.0,0.0
5027,0.0,0.0,0.0
5028,0.0,0.0,799.5924619098951
5029,0.0,0.0,799.5924619098951
5030,0.0,0.0,22520.072720664466
5031,0.0,0.0,22520.072720664466
5032,0.0,0.0,60070.31350621802
5033,0.0,0.0,60070.31350621802
5034,0.0,0.0,70364.3
5035,0.0,0.0,70364.3
5036,0.0,2339.1411340691193,61958.94834695873
5037,0.0,2339.1411340691193,61958.94834695873
5038,0.0,0.0,33071.545096575035
5039,0.0,0.0,33071.545096575035
5040,6940.97,8787.34,17860.13853676486
5041,6940.97,8787.34,17860.13853676486
5042,6940.97,8787.34,19434.625894361146
5043,6940.97,8787.34,19434.625894361146
5044,5339.431129907189,8787.34,40398.837095733674
5045,5339.431129907189,8787.34,40398.837095733674
5046,3622.7953195504524,8787.34,32861.07102442137
5047,3622.7953195504524,8787.34,32861.07102442137
5048,0.0,0.0,12916.196671001118
5049,0.0,0.0,12916.196671001118
5050,0.0,0.0,741.9532724122691
5051,0.0,0.0,741.9532724122691
5052,0.0,0.0,4731.712745091558
5053,0.0,0.0,4731.712745091558
5054,0.0,0.0,27455.840231844835
5055,0.0,0.0,27455.840231844835
5056,0.0,0.0,59580.86538736301
5057,0.0,0.0,59580.86538736301
5058,0.0,0.0,70364.3
5059,0.0,0.0,70364.3
5060,3869.0633275134805,8787.34,51843.972937610495
5061,3869.0633275134805,8787.34,51843.972937610495
5062,6940.97,0.0,19271.846789992764
5063,6940.97,0.0,19271.846789992764
5064,4898.818834844742,0.0,3882.217735181781
5065,4898.818834844742,0.0,3882.217735181781
5066,0.0,0.0,8013.115326516272
5067,0.0,0.0,8013.115326516272
5068,709.9965518907211,0.0,30727.67199713245
5069,709.9965518907211,0.0,30727.67199713245
5070,1007.2348383233748,454.51271205802004,25669.41502884077
5071,1007.2348383233748,454.51271205802004,25669.41502884077
5072,0.0,0.0,9384.646863330825
5073,0.0,0.0,9384.646863330825
5074,0.0,0.0,0.0
5075,0.0,0.0,0.0
5076,0.0,0.0,6064.855732162396
5077,0.0,0.0,6064.855732162396
5078,0.0,0.0,30789.788879447646
5079,0.0,0.0,30789.788879447646
5080,0.0,0.0,65497.23036032583
5081,0.0,0.0,65497.23036032583
5082,4346.295766338457,0.0,70364.3
5083,4346.295766338457,0.0,70364.3
5084,6940.97,0.0,66306.83409572879
5085,6940.97,0.0,66306.83409572879
5086,6940.97,0.0,35528.42243858411
5087,6940.97,0.0,35528.42243858411
5088,6940.97,0.0,20186.586162784035
5089,6940.97,0.0,20186.586162784035
5090,5896.755870915358,0.0,24917.226522700934
5091,5896.755870915358,0.0,24917.226522700934
5092,4594.6612637052485,0.0,46932.05132491636
5093,4594.6612637052485,0.0,46932.05132491636
5094,4201.732559073319,187.2114720720383,44189.58899522273
5095,4201.732559073319,187.2114720720383,44189.58899522273
5096,0.0,0.0,23024.748711000808
5097,0.0,0.0,23024.748711000808
5098,0.0,0.0,5727.944225264975
5099,0.0,0.0,5727.944225264975
5100,0.0,0.0,6946.724355767597
5101,0.0,0.0,6946.724355767597
5102,0.0,0.0,34162.88374728887
5103,0.0,0.0,34162.88374728887
5104,0.0,1142.9022545277403,70364.3
5105,0.0,1142.9022545277403,70364.3
5106,6447.327141621028,0.0,70364.3
5107,6447.327141621028,0.0,70364.3
5108,6940.97,463.7051442625998,63568.07224221027
5109,6940.97,463.7051442625998,63568.07224221027
5110,6940.97,0.0,36946.70206810821
5111,6940.97,0.0,36946.70206810821
5112,6640.469630332609,0.0,24908.376917285932
5113,6640.469630332609,0.0,24908.376917285932
5114,4284.308548828218,0.0,23023.627085401138
5115,4284.308548828218,0.0,23023.627085401138
5116,2330.3779815698917,8787.34,25299.553245367977
5117,2330.3779815698917,8787.34,25299.553245367977
5118,2913.6948490580216,0.0,19443.29777033138
5119,2913.6948490580216,0.0,19443.29777033138
5120,394.9107468897969,0.0,0.0
5121,394.9107468897969,0.0,0.0
5122,0.0,0.0,0.0
5123,0.0,0.0,0.0
5124,0.0,0.0,0.0
5125,0.0,0.0,0.0
5126,0.0,0.0,20835.087738840986
5127,0.0,0.0,20835.087738840986
5128,1860.6958721984306,0.0,58218.12430892303
5129,1860.6958721984306,0.0,58218.12430892303
5130,6940.97,0.0,66815.64313490852
5131,6940.97,0.0,66815.64313490852
5132,3637.7061422581355,0.0,53118.583241162196
5133,3637.7061422581355,0.0,53118.583241162196
5134,4465.408723155566,0.0,32477.25598538566
5135,4465.408723155566,0.0,32477.25598538566
5136,1265.8630309865202,0.0,21428.0407082585
5137,1265.8630309865202,0.0,21428.0407082585
5138,0.0,0.0,17464.630248117785
5139,0.0,0.0,17464.630248117785
5140,4657.717283470147,0.0,12198.654018975925
5141,4657.717283470147,0.0,12198.654018975925
5142,4112.873579020179,0.0,2436.0461133928766
5143,4112.873579020179,0.0,2436.0461133928766
5144,0.0,0.0,0.0
5145,0.0,0.0,0.0
5146,0.0,0.0,0.0
5147,0.0,0.0,0.0
5148,0.0,0.0,0.0
5149,0.0,0.0,0.0
5150,0.0,0.0,1778.2565588889265
5151,0.0,0.0,1778.2565588889265
5152,0.0,0.0,44439.90116370654
5153,0.0,0.0,44439.90116370654
5154,0.0,7187.576084503438,58426.34470646245
5155,0.0,7187.576084503438,58426.34470646245
5156,3518.8413259805143,0.0,43176.52097991387
5157,3518.8413259805143,0.0,43176.52097991387
5158,3496.2679406368898,0.0,15759.729548546791
5159,3496.2679406368898,0.0,15759.729548546791
5160,780.1689482521524,0.0,2755.4124151925644
5161,780.1689482521524,0.0,2755.4124151925644
5162,0.0,0.0,6876.101778540702
5163,0.0,0.0,6876.101778540702
5164,0.0,0.0,34747.870646186784
5165,0.0,0.0,34747.870646186784
5166,0.0,0.0,41198.528229011616
5167,0.0,0.0,41198.528229011616
5168,3996.82895758877,0.0,21190.796364156617
5169,3996.82895758877,0.0,21190.796364156617
5170,0.0,0.0,6912.108239095192
5171,0.0,0.0,6912.108239095192
5172,0.0,0.0,13599.265373169008
5173,0.0,0.0,13599.265373169008
5174,0.0,0.0,41149.15215193856
5175,0.0,0.0,41149.15215193856
5176,0.0,0.0,70364.3
5177,0.0,0.0,70364.3
5178,0.0,0.0,70364.3
5179,0.0,0.0,70364.3
5180,2293.9159082496953,226.6451773519184,60568.8616619494
5181,2293.9159082496953,226.6451773519184,60568.8616619494
5182,4957.044034430721,0.0,28003.994637929078
5183,4957.044034430721,0.0,28003.994637929078
5184,6940.97,0.0,12133.82300357442
5185,6940.97,0.0,12133.82300357442
5186,6940.97,0.0,14097.816725968849
5187,6940.97,0.0,14097.816725968849
5188,6066.386071630849,0.0,42696.707406486996
5189,6066.386071630849,0.0,42696.707406486996
5190,4487.761653784555,0.0,55942.38888404591
5191,4487.761653784555,0.0,55942.38888404591
5192,0.0,2739.0,36298.08354410925
5193,0.0,2739.0,36298.08354410925
5194,0.0,0.0,24993.676913075353
5195,0.0,0.0,24993.676913075353
5196,0.0,1796.0,28566.284544563445
5197,0.0,1796.0,28566.284544563445
5198,0.0,0.0,45731.1420208186
5199,0.0,0.0,45731.1420208186
5200,0.0,3002.0,70364.3
5201,0.0,3002.0,70364.3
5202,0.0,0.0,70364.3
5203,0.0,0.0,70364.3
5204,1479.878217550031,3221.04856350672,61656.84127414698
5205,1479.878217550031,3221.04856350672,61656.84127414698
5206,4051.9576146981435,0.0,35646.965940017355
5207,4051.9576146981435,0.0,35646.965940017355
5208,6940.97,8787.34,23540.020915190675
5209,6940.97,8787.34,23540.020915190675
5210,6940.97,8787.34,28915.428932095194
5211,6940.97,8787.34,28915.428932095194
5212,4651.63493870769,0.0,55488.055602458015
5213,4651.63493870769,0.0,55488.055602458015
5214,1796.2649948295834,8787.34,58289.05940761563
5215,1796.2649948295834,8787.34,58289.05940761563
5216,0.0,0.0,36998.93393719182
5217,0.0,0.0,36998.93393719182
5218,0.0,8787.34,24851.2153952168
5219,0.0,8787.34,24851.2153952168
5220,0.0,0.0,31475.271536935034
5221,0.0,0.0,31475.271536935034
5222,0.0,8787.34,60854.57341736113
5223,0.0,8787.34,60854.57341736113
5224,0.0,0.0,70364.3
5225,0.0,0.0,70364.3
5226,0.0,8787.34,70364.3
5227,0.0,8787.34,70364.3
5228,351.0468910403638,2188.434110476279,70364.3
5229,351.0468910403638,2188.434110476279,70364.3
5230,1407.1833575720389,0.0,43988.69798380409
5231,1407.1833575720389,0.0,43988.69798380409
5232,109.36756544214632,0.0,29208.568230284567
5233,109.36756544214632,0.0,29208.568230284567
5234,2248.3425726963633,0.0,32999.20232798846
5235,2248.3425726963633,0.0,32999.20232798846
5236,6604.918329971183,0.0,60524.308867187094
5237,6604.918329971183,0.0,60524.308867187094
5238,6940.97,0.0,66865.52467709284
5239,6940.97,0.0,66865.52467709284
5240,3592.712279992291,0.0,46942.735665503744
5241,3592.712279992291,0.0,46942.735665503744
5242,0.0,0.0,31061.366270749102
5243,0.0,0.0,31061.366270749102
5244,0.0,0.0,38089.46144339818
5245,0.0,0.0,38089.46144339818
5246,0.0,0.0,64965.76481097087
5247,0.0,0.0,64965.76481097087
5248,0.0,1868.91749705256,70364.3
5249,0.0,1868.91749705256,70364.3
5250,6308.153176868892,1388.3488676832185,70364.3
5251,6308.153176868892,1388.3488676832185,70364.3
5252,991.3170583929418,2386.801846202721,70364.3
5253,991.3170583929418,2386.801846202721,70364.3
5254,0.0,0.0,56440.46621515247
5255,0.0,0.0,56440.46621515247
5256,6940.97,0.0,42748.0414639329
5257,6940.97,0.0,42748.0414639329
5258,5567.1089883414315,0.0,46349.383946425485
5259,5567.1089883414315,0.0,46349.383946425485
5260,0.0,0.0,70364.3
5261,0.0,0.0,70364.3
5262,4818.732847411513,0.0,70364.3
5263,4818.732847411513,0.0,70364.3
5264,0.0,0.0,59999.689425445424
5265,0.0,0.0,59999.689425445424
5266,0.0,0.0,43251.5671473213
5267,0.0,0.0,43251.5671473213
5268,0.0,0.0,45184.020184039575
5269,0.0,0.0,45184.020184039575
5270,0.0,0.0,70364.3
5271,0.0,0.0,70364.3
5272,0.0,0.0,70364.3
5273,0.0,0.0,70364.3
5274,0.0,0.0,70364.3
5275,0.0,0.0,70364.3
5276,0.0,1139.5331480857785,70364.3
5277,0.0,1139.5331480857785,70364.3
5278,0.0,0.0,48996.38161153789
5279,0.0,0.0,48996.38161153789
5280,0.0,0.0,33541.9329689896
5281,0.0,0.0,33541.9329689896
5282,0.0,0.0,29295.344151414523
5283,0.0,0.0,29295.344151414523
5284,0.0,0.0,33737.968426104395
5285,0.0,0.0,33737.968426104395
5286,0.0,0.0,29149.408653292732
5287,0.0,0.0,29149.408653292732
5288,0.0,0.0,8453.709625305128
5289,0.0,0.0,8453.709625305128
5290,0.0,0.0,0.0
5291,0.0,0.0,0.0
5292,0.0,8787.34,0.0
5293,0.0,8787.34,0.0
5294,0.0,0.0,18169.497113620164
5295,0.0,0.0,18169.497113620164
5296,0.0,0.0,49361.21336459076
5297,0.0,0.0,49361.21336459076
5298,0.0,0.0,58537.94703392114
5299,0.0,0.0,58537.94703392114
5300,0.0,0.0,47338.30681059157
5301,0.0,0.0,47338.30681059157
5302,937.9569955051265,0.0,27602.09769932935
5303,937.9569955051265,0.0,27602.09769932935
5304,1916.2423375657413,0.0,16036.282154586486
5305,1916.2423375657413,0.0,16036.282154586486
5306,0.0,0.0,14437.940020636845
5307,0.0,0.0,14437.940020636845
5308,0.0,0.0,10081.277840033566
5309,0.0,0.0,10081.277840033566
5310,0.0,0.0,0.0
5311,0.0,0.0,0.0
5312,0.0,880.1959669922944,0.0
5313,0.0,880.1959669922944,0.0
5314,0.0,0.0,0.0
5315,0.0,0.0,0.0
5316,0.0,0.0,0.0
5317,0.0,0.0,0.0
5318,0.0,0.0,25666.754967785266
5319,0.0,0.0,25666.754967785266
5320,0.0,0.0,62791.54208483458
5321,0.0,0.0,62791.54208483458
5322,5262.083438047582,0.0,70364.3
5323,5262.083438047582,0.0,70364.3
5324,0.0,8787.34,60934.62986166947
5325,0.0,8787.34,60934.62986166947
5326,1275.639168988443,0.0,40292.86898398351
5327,1275.639168988443,0.0,40292.86898398351
5328,6940.97,0.0,30134.90419297124
5329,6940.97,0.0,30134.90419297124
5330,6051.892967644075,0.0,34146.646591418576
5331,6051.892967644075,0.0,34146.646591418576
5332,4157.667541482133,0.0,62430.519334708486
5333,4157.667541482133,0.0,62430.519334708486
5334,5115.068932110877,0.0,69871.67855166754
5335,5115.068932110877,0.0,69871.67855166754
5336,0.0,0.0,52461.13863165272
5337,0.0,0.0,52461.13863165272
5338,0.0,0.0,39498.402723221385
5339,0.0,0.0,39498.402723221385
5340,0.0,0.0,43107.16732993402
5341,0.0,0.0,43107.16732993402
5342,0.0,0.0,64112.92337190613
5343,0.0,0.0,64112.92337190613
5344,0.0,0.0,70364.3
5345,0.0,0.0,70364.3
5346,6940.97,0.0,70364.3
5347,6940.97,0.0,70364.3
5348,2839.6457929407616,0.0,70364.3
5349,2839.6457929407616,0.0,70364.3
5350,6940.97,0.0,49284.58628779922
5351,6940.97,0.0,49284.58628779922
5352,1211.8164939323633,0.0,36549.609104925534
5353,1211.8164939323633,0.0,36549.609104925534
5354,3898.522671412993,0.0,41145.274973532985
5355,3898.522671412993,0.0,41145.274973532985
5356,3655.858251346152,0.0,69423.16992954069
5357,3655.858251346152,0.0,69423.16992954069
5358,2101.722918640691,0.0,70364.3
5359,2101.722918640691,0.0,70364.3
5360,0.0,0.0,58053.47707427168
5361,0.0,0.0,58053.47707427168
5362,0.0,0.0,45988.92784837251
5363,0.0,0.0,45988.92784837251
5364,0.0,0.0,49952.546400892286
5365,0.0,0.0,49952.546400892286
5366,0.0,5684.5,70364.3
5367,0.0,5684.5,70364.3
5368,0.0,0.0,70364.3
5369,0.0,0.0,70364.3
5370,0.0,0.0,70364.3
5371,0.0,0.0,70364.3
5372,0.0,0.0,70364.3
5373,0.0,0.0,70364.3
5374,505.77235661613213,0.0,56077.983565573944
5375,505.77235661613213,0.0,56077.983565573944
5376,5306.343361510849,643.5,42810.05906377458
5377,5306.343361510849,643.5,42810.05906377458
5378,3366.86713568874,476.86783696128987,46846.773380975486
5379,3366.86713568874,476.86783696128987,46846.773380975486
5380,1740.2804088150538,8787.34,70364.3
5381,1740.2804088150538,8787.34,70364.3
5382,0.0,8787.34,70364.3
5383,0.0,8787.34,70364.3
5384,0.0,8787.34,49824.323819026846
5385,0.0,8787.34,49824.323819026846
5386,0.0,8787.34,38175.90582296983
5387,0.0,8787.34,38175.90582296983
5388,0.0,8787.34,47012.42141797801
5389,0.0,8787.34,47012.42141797801
5390,0.0,8787.34,70364.3
5391,0.0,8787.34,70364.3
5392,0.0,8787.34,70364.3
5393,0.0,8787.34,70364.3
5394,0.0,8787.34,70364.3
5395,0.0,8787.34,70364.3
5396,0.0,8787.34,70364.3
5397,0.0,8787.34,70364.3
5398,1830.985828719694,8787.34,50753.72951913611
5399,1830.985828719694,8787.34,50753.72951913611
5400,520.9489415143698,0.0,34849.37009869001
5401,520.9489415143698,0.0,34849.37009869001
5402,0.0,0.0,35816.06687550577
5403,0.0,0.0,35816.06687550577
5404,0.0,0.0,58002.21818627286
5405,0.0,0.0,58002.21818627286
5406,0.0,0.0,55259.49241687337
5407,0.0,0.0,55259.49241687337
5408,0.0,0.0,33166.662516763376
5409,0.0,0.0,33166.662516763376
5410,0.0,0.0,23236.45999640666
5411,0.0,0.0,23236.45999640666
5412,0.0,0.0,31409.205699041922
5413,0.0,0.0,31409.205699041922
5414,0.0,0.0,58615.30909102672
5415,0.0,0.0,58615.30909102672
5416,0.0,0.0,70364.3
5417,0.0,0.0,70364.3
5418,0.0,0.0,70364.3
5419,0.0,0.0,70364.3
5420,0.0,0.0,64856.61202044737
5421,0.0,0.0,64856.61202044737
5422,6236.36029936179,0.0,35921.89798351032
5423,6236.36029936179,0.0,35921.89798351032
5424,814.4722895442922,0.0,21195.008837551984
5425,814.4722895442922,0.0,21195.008837551984
5426,0.0,0.0,24678.04442412775
5427,0.0,0.0,24678.04442412775
5428,0.0,0.0,51669.888663799706
5429,0.0,0.0,51669.888663799706
5430,0.0,0.0,52478.13490631159
5431,0.0,0.0,52478.13490631159
5432,0.0,0.0,34458.63767580764
5433,0.0,0.0,34458.63767580764
5434,0.0,0.0,22337.102315588767
5435,0.0,0.0,22337.102315588767
5436,0.0,0.0,32566.643091136546
5437,0.0,0.0,32566.643091136546
5438,0.0,0.0,59409.22197269034
5439,0.0,0.0,59409.22197269034
5440,0.0,0.0,70364.3
5441,0.0,0.0,70364.3
5442,0.0,0.0,70364.3
5443,0.0,0.0,70364.3
5444,0.0,0.0,61890.310490704695
5445,0.0,0.0,61890.310490704695
5446,791.6374521128764,0.0,35909.35579210128
5447,791.6374521128764,0.0,35909.35579210128
5448,0.0,0.0,21860.852725605306
5449,0.0,0.0,21860.852725605306
5450,0.0,0.0,20009.327079628827
5451,0.0,0.0,20009.327079628827
5452,0.0,0.0,23973.742163823044
5453,0.0,0.0,23973.742163823044
5454,0.0,0.0,20933.798670507313
5455,0.0,0.0,20933.798670507313
5456,0.0,0.0,8033.277566497854
5457,0.0,0.0,8033.277566497854
5458,0.0,0.0,0.0
5459,0.0,0.0,0.0
5460,0.0,0.0,4958.200399681431
5461,0.0,0.0,4958.200399681431
5462,0.0,0.0,29828.617691125954
5463,0.0,0.0,29828.617691125954
5464,0.0,0.0,56541.477957093215
5465,0.0,0.0,56541.477957093215
5466,0.0,0.0,65583.75548838227
5467,0.0,0.0,65583.75548838227
5468,0.0,0.0,53329.493615540065
5469,0.0,0.0,53329.493615540065
5470,1231.8399591128837,0.0,31987.83369574284
5471,1231.8399591128837,0.0,31987.83369574284
5472,1308.142940940239,0.0,19652.262859294788
5473,1308.142940940239,0.0,19652.262859294788
5474,0.0,0.0,16586.80643615104
5475,0.0,0.0,16586.80643615104
5476,5623.839385049201,0.0,17519.86043403292
5477,5623.839385049201,0.0,17519.86043403292
5478,6475.636861370065,0.0,16421.870466356544
5479,6475.636861370065,0.0,16421.870466356544
5480,0.0,0.0,12829.425662482507
5481,0.0,0.0,12829.425662482507
5482,0.0,0.0,5608.943481959388
5483,0.0,0.0,5608.943481959388
5484,0.0,0.0,6926.370324731499
5485,0.0,0.0,6926.370324731499
5486,411.28219819178,0.0,25543.481123742138
5487,411.28219819178,0.0,25543.481123742138
5488,299.6654722117464,0.0,52134.896211302046
5489,299.6654722117464,0.0,52134.896211302046
5490,0.0,0.0,59666.99913406503
5491,0.0,0.0,59666.99913406503
5492,1759.1619710251289,0.0,46259.72743769687
5493,1759.1619710251289,0.0,46259.72743769687
5494,4563.552761557152,0.0,25333.747733664815
5495,4563.552761557152,0.0,25333.747733664815
5496,0.0,0.0,14273.708745895296
5497,0.0,0.0,14273.708745895296
5498,0.0,0.0,21371.177810975423
5499,0.0,0.0,21371.177810975423
5500,5191.435685130977,0.0,56341.838068941695
5501,5191.435685130977,0.0,56341.838068941695
5502,0.0,0.0,69277.15240689708
5503,0.0,0.0,69277.15240689708
5504,0.0,0.0,57720.509543380555
5505,0.0,0.0,57720.509543380555
5506,0.0,0.0,48536.8111849711
5507,0.0,0.0,48536.8111849711
5508,0.0,0.0,51040.811795880174
5509,0.0,0.0,51040.811795880174
5510,0.0,0.0,66169.99335008244
5511,0.0,0.0,66169.99335008244
5512,0.0,0.0,70364.3
5513,0.0,0.0,70364.3
5514,0.0,0.0,70364.3
5515,0.0,0.0,70364.3
5516,0.0,762.5837869236984,54069.189305358974
5517,0.0,762.5837869236984,54069.189305358974
5518,2370.6625194083754,0.0,25682.94458733793
5519,2370.6625194083754,0.0,25682.94458733793
5520,25.948587238603523,0.0,11790.050509043198
5521,25.948587238603523,0.0,11790.050509043198
5522,0.0,0.0,16356.406381693429
5523,0.0,0.0,16356.406381693429
5524,0.0,0.0,46573.73420569494
5525,0.0,0.0,46573.73420569494
5526,0.0,0.0,54061.788293990074
5527,0.0,0.0,54061.788293990074
5528,0.0,0.0,38372.08452230258
5529,0.0,0.0,38372.08452230258
5530,0.0,0.0,27723.366942434455
5531,0.0,0.0,27723.366942434455
5532,0.0,0.0,31266.28835228774
5533,0.0,0.0,31266.28835228774
5534,0.0,0.0,55261.04652077789
5535,0.0,0.0,55261.04652077789
5536,0.0,0.0,70364.3
5537,0.0,0.0,70364.3
5538,0.0,0.0,70364.3
5539,0.0,0.0,70364.3
5540,0.0,544.4577926999191,66398.11214503183
5541,0.0,544.4577926999191,66398.11214503183
5542,0.0,0.0,39311.39160083317
5543,0.0,0.0,39311.39160083317
5544,5607.250528697852,0.0,28246.965246450665
5545,5607.250528697852,0.0,28246.965246450665
5546,3601.018038847695,0.0,34855.752243767856
5547,3601.018038847695,0.0,34855.752243767856
5548,2020.736152002899,1409.5432699646335,65989.92466380347
5549,2020.736152002899,1409.5432699646335,65989.92466380347
5550,0.0,8787.34,67635.16014121118
5551,0.0,8787.34,67635.16014121118
5552,0.0,8787.34,45491.541918624556
5553,0.0,8787.34,45491.541918624556
5554,0.0,8787.34,32312.41115739214
5555,0.0,8787.34,32312.41115739214
5556,0.0,0.0,35170.992868942936
5557,0.0,0.0,35170.992868942936
5558,0.0,0.0,59546.42637886999
5559,0.0,0.0,59546.42637886999
5560,0.0,0.0,70364.3
5561,0.0,0.0,70364.3
5562,4560.734425138442,9.960458124498473,70364.3
5563,4560.734425138442,9.960458124498473,70364.3
5564,6940.97,761.1372428786981,70364.3
5565,6940.97,761.1372428786981,70364.3
5566,6940.97,0.0,45447.92010937871
5567,6940.97,0.0,45447.92010937871
5568,6940.97,0.0,32649.45077818194
5569,6940.97,0.0,32649.45077818194
5570,5354.158346751692,0.0,38293.3735676127
5571,5354.158346751692,0.0,38293.3735676127
5572,4406.570999917848,0.0,68687.10718640554
5573,4406.570999917848,0.0,68687.10718640554
5574,5446.25677374348,0.0,69600.75456562237
5575,5446.25677374348,0.0,69600.75456562237
5576,0.0,0.0,44524.92785655965
5577,0.0,0.0,44524.92785655965
5578,0.0,0.0,29581.29288893589
5579,0.0,0.0,29581.29288893589
5580,0.0,0.0,34990.98762839023
5581,0.0,0.0,34990.98762839023
5582,0.0,0.0,60965.242490135584
5583,0.0,0.0,60965.242490135584
5584,1636.5675421299647,446.45626884070043,70364.3
5585,1636.5675421299647,446.45626884070043,70364.3
5586,6940.97,1424.8693594807792,70364.3
5587,6940.97,1424.8693594807792,70364.3
5588,3748.9415373004595,2685.9166136567383,63642.00292301201
5589,3748.9415373004595,2685.9166136567383,63642.00292301201
5590,6940.97,0.0,34544.07677988634
5591,6940.97,0.0,34544.07677988634
5592,6940.97,0.0,23574.60440433117
5593,6940.97,0.0,23574.60440433117
5594,6940.97,0.0,30928.10437309422
5595,6940.97,0.0,30928.10437309422
5596,5958.383852359324,0.0,59189.70391497834
5597,5958.383852359324,0.0,59189.70391497834
5598,6940.97,0.0,56766.476794036804
5599,6940.97,0.0,56766.476794036804
5600,0.0,0.0,28289.577542501065
5601,0.0,0.0,28289.577542501065
5602,0.0,0.0,11530.402810170577
5603,0.0,0.0,11530.402810170577
5604,0.0,0.0,17653.204418717214
5605,0.0,0.0,17653.204418717214
5606,0.0,0.0,47194.46254854284
5607,0.0,0.0,47194.46254854284
5608,1121.6016109747698,1149.006995870419,70364.3
5609,1121.6016109747698,1149.006995870419,70364.3
5610,6940.97,1357.414456652099,70364.3
5611,6940.97,1357.414456652099,70364.3
5612,5019.454312239799,1189.7678666778993,63962.98285215901
5613,5019.454312239799,1189.7678666778993,63962.98285215901
5614,6940.97,0.0,37937.966251933445
5615,6940.97,0.0,37937.966251933445
5616,0.0,0.0,26668.75147189593
5617,0.0,0.0,26668.75147189593
5618,4507.670163180966,0.0,27537.154454495925
5619,4507.670163180966,0.0,27537.154454495925
5620,428.3987792884418,0.0,34523.87123331734
5621,428.3987792884418,0.0,34523.87123331734
5622,5700.764110056148,0.0,28960.043349984524
5623,5700.764110056148,0.0,28960.043349984524
5624,0.0,0.0,6248.564089964173
5625,0.0,0.0,6248.564089964173
5626,0.0,0.0,0.0
5627,0.0,0.0,0.0
5628,0.0,0.0,0.0
5629,0.0,0.0,0.0
5630,0.0,0.0,18265.640400166274
5631,0.0,0.0,18265.640400166274
5632,0.0,8787.34,55621.70779157686
5633,0.0,8787.34,55621.70779157686
5634,0.0,8787.34,58219.768549195986
5635,0.0,8787.34,58219.768549195986
5636,0.0,8787.34,36928.96389177222
5637,0.0,8787.34,36928.96389177222
5638,0.0,0.0,13077.102127512757
5639,0.0,0.0,13077.102127512757
5640,0.0,0.0,0.0
5641,0.0,0.0,0.0
5642,0.0,0.0,0.0
5643,0.0,0.0,0.0
5644,0.0,0.0,0.0
5645,0.0,0.0,0.0
5646,0.0,8787.34,0.0
5647,0.0,8787.34,0.0
5648,0.0,0.0,0.0
5649,0.0,0.0,0.0
5650,0.0,0.0,0.0
5651,0.0,0.0,0.0
5652,0.0,8787.34,0.0
5653,0.0,8787.34,0.0
5654,0.0,0.0,0.0
5655,0.0,0.0,0.0
5656,0.0,0.0,22554.86702110419
5657,0.0,0.0,22554.86702110419
5658,0.0,0.0,37676.55998447932
5659,0.0,0.0,37676.55998447932
5660,0.0,0.0,25812.8898786418
5661,0.0,0.0,25812.8898786418
5662,0.0,0.0,7958.528581141814
5663,0.0,0.0,7958.528581141814
5664,0.0,0.0,4507.954511174656
5665,0.0,0.0,4507.954511174656
5666,0.0,0.0,17999.442271290027
5667,0.0,0.0,17999.442271290027
5668,0.0,0.0,56410.6216611338
5669,0.0,0.0,56410.6216611338
5670,0.0,0.0,65337.78494039376
5671,0.0,0.0,65337.78494039376
5672,0.0,0.0,42438.03098324739
5673,0.0,0.0,42438.03098324739
5674,0.0,0.0,21681.856025754852
5675,0.0,0.0,21681.856025754852
5676,0.0,0.0,29084.033012011874
5677,0.0,0.0,29084.033012011874
5678,0.0,0.0,60199.801294037126
5679,0.0,0.0,60199.801294037126
5680,0.0,0.0,70364.3
5681,0.0,0.0,70364.3
5682,0.0,0.0,70364.3
5683,0.0,0.0,70364.3
5684,163.80403608885536,0.0,51329.65571925741
5685,163.80403608885536,0.0,51329.65571925741
5686,3215.0779971542815,0.0,16198.728515945011
5687,3215.0779971542815,0.0,16198.728515945011
5688,0.0,0.0,1528.9930646531866
5689,0.0,0.0,1528.9930646531866
5690,0.0,0.0,8361.481378529177
5691,0.0,0.0,8361.481378529177
5692,0.0,0.0,42539.62553810376
5693,0.0,0.0,42539.62553810376
5694,0.0,0.0,37630.65795378364
5695,0.0,0.0,37630.65795378364
5696,0.0,0.0,0.0
5697,0.0,0.0,0.0
5698,0.0,0.0,0.0
5699,0.0,0.0,0.0
5700,0.0,0.0,0.0
5701,0.0,0.0,0.0
5702,0.0,0.0,31557.842598139803
5703,0.0,0.0,31557.842598139803
5704,0.0,0.0,70364.3
5705,0.0,0.0,70364.3
5706,0.0,0.0,70364.3
5707,0.0,0.0,70364.3
5708,0.0,0.0,50592.14160630279
5709,0.0,0.0,50592.14160630279
5710,1192.1651533126073,0.0,19650.705108394293
5711,1192.1651533126073,0.0,19650.705108394293
5712,5765.461697924278,0.0,7443.513122424105
5713,5765.461697924278,0.0,7443.513122424105
5714,0.0,0.0,13086.833119917414
5715,0.0,0.0,13086.833119917414
5716,0.0,0.0,45315.15588218754
5717,0.0,0.0,45315.15588218754
5718,0.0,0.0,43759.743407735645
5719,0.0,0.0,43759.743407735645
5720,0.0,0.0,7681.381100910337
5721,0.0,0.0,7681.381100910337
5722,0.0,0.0,0.0
5723,0.0,0.0,0.0
5724,0.0,0.0,1076.7910736198828
5725,0.0,0.0,1076.7910736198828
5726,0.0,0.0,41021.52659236596
5727,0.0,0.0,41021.52659236596
5728,0.0,0.0,70364.3
5729,0.0,0.0,70364.3
5730,1863.1945152666412,0.0,70364.3
5731,1863.1945152666412,0.0,70364.3
5732,5737.927291858925,0.0,46868.86062001482
5733,5737.927291858925,0.0,46868.86062001482
5734,6940.97,0.0,13653.61386710663
5735,6940.97,0.0,13653.61386710663
5736,0.0,0.0,2594.6164691534213
5737,0.0,0.0,2594.6164691534213
5738,3014.8297783773305,0.0,9598.481253930528
5739,3014.8297783773305,0.0,9598.481253930528
5740,0.0,0.0,47350.58365703488
5741,0.0,0.0,47350.58365703488
5742,1061.4760139139235,1217.4704090842406,63541.51855131972
5743,1061.4760139139235,1217.4704090842406,63541.51855131972
5744,0.0,1644.6173215075396,47864.819251272944
5745,0.0,1644.6173215075396,47864.819251272944
5746,0.0,1133.2687916041396,31324.218735825154
5747,0.0,1133.2687916041396,31324.218735825154
5748,0.0,0.0,36470.64197753262
5749,0.0,0.0,36470.64197753262
5750,0.0,0.0,60530.674685671474
5751,0.0,0.0,60530.674685671474
5752,0.0,3894.865303587758,70364.3
5753,0.0,3894.865303587758,70364.3
5754,0.0,3821.682253279978,70364.3
5755,0.0,3821.682253279978,70364.3
5756,6940.97,6872.01323053753,65732.91068626066
5757,6940.97,6872.01323053753,65732.91068626066
5758,3836.9343447977913,0.0,34534.395905746074
5759,3836.9343447977913,0.0,34534.395905746074
5760,6940.97,0.0,21365.434247707206
5761,6940.97,0.0,21365.434247707206
5762,118.8629255857768,0.0,29094.66058703539
5763,118.8629255857768,0.0,29094.66058703539
5764,0.0,1308.917799200999,63394.76810996879
5765,0.0,1308.917799200999,63394.76810996879
5766,6940.97,4254.801025938399,65818.72338457944
5767,6940.97,4254.801025938399,65818.72338457944
5768,4342.165259173607,2624.86446591164,37454.66051536199
5769,4342.165259173607,2624.86446591164,37454.66051536199
5770,0.0,1250.8845805074016,14208.045460684749
5771,0.0,1250.8845805074016,14208.045460684749
5772,0.0,0.0,11214.180844272458
5773,0.0,0.0,11214.180844272458
5774,0.0,0.0,37638.70355674185
5775,0.0,0.0,37638.70355674185
5776,176.83751581283514,3342.2173781972597,70364.3
5777,176.83751581283514,3342.2173781972597,70364.3
5778,6940.97,4002.1046892200993,70364.3
5779,6940.97,4002.1046892200993,70364.3
5780,3077.783540447341,3921.19080268982,61683.156278001756
5781,3077.783540447341,3921.19080268982,61683.156278001756
5782,2099.7821586942478,0.0,36184.65913371012
5783,2099.7821586942478,0.0,36184.65913371012
5784,0.0,0.0,22544.41752450152
5785,0.0,0.0,22544.41752450152
5786,4067.775607596717,0.0,22003.24395689198
5787,4067.775607596717,0.0,22003.24395689198
5788,3123.7879380687077,0.0,29127.602859433042
5789,3123.7879380687077,0.0,29127.602859433042
5790,4244.4165243053485,0.0,18597.99978840034
5791,4244.4165243053485,0.0,18597.99978840034
5792,885.8043772136052,0.0,0.0
5793,885.8043772136052,0.0,0.0
5794,0.0,0.0,0.0
5795,0.0,0.0,0.0
5796,0.0,0.0,0.0
5797,0.0,0.0,0.0
5798,0.0,0.0,17477.215223214807
5799,0.0,0.0,17477.215223214807
5800,0.0,0.0,69019.39227426791
5801,0.0,0.0,69019.39227426791
5802,6180.923602022129,0.0,70364.3
5803,6180.923602022129,0.0,70364.3
5804,93.43207337789681,0.0,58301.7555525388
5805,93.43207337789681,0.0,58301.7555525388
5806,645.6030262184886,0.0,31427.827336913673
5807,645.6030262184886,0.0,31427.827336913673
5808,3932.320167199776,0.0,17580.008185237602
5809,3932.320167199776,0.0,17580.008185237602
5810,0.0,0.0,17893.962405640836
5811,0.0,0.0,17893.962405640836
5812,1883.8821479155872,0.0,14830.164620927055
5813,1883.8821479155872,0.0,14830.164620927055
5814,2409.169169233387,0.0,7901.5315758182405
5815,2409.169169233387,0.0,7901.5315758182405
5816,0.0,0.0,0.0
5817,0.0,0.0,0.0
5818,0.0,0.0,0.0
5819,0.0,0.0,0.0
5820,0.0,7313.145399171859,0.0
5821,0.0,7313.145399171859,0.0
5822,0.0,0.0,24518.983275908322
5823,0.0,0.0,24518.983275908322
5824,0.0,0.0,68637.35739812157
5825,0.0,0.0,68637.35739812157
5826,5430.638182054388,0.0,70364.3
5827,5430.638182054388,0.0,70364.3
5828,2672.86643906676,827.8546008280591,61179.72453126269
5829,2672.86643906676,827.8546008280591,61179.72453126269
5830,2048.8967597324117,0.0,43226.121651854184
5831,2048.8967597324117,0.0,43226.121651854184
5832,741.574538558601,0.0,34082.693186007484
5833,741.574538558601,0.0,34082.693186007484
5834,6940.97,0.0,40361.19200984315
5835,6940.97,0.0,40361.19200984315
5836,0.0,7499.345339233056,70364.3
5837,0.0,7499.345339233056,70364.3
5838,6940.97,2336.3716447159004,70364.3
5839,6940.97,2336.3716447159004,70364.3
5840,4513.406212872698,1327.2830160508802,56707.132246214955
5841,4513.406212872698,1327.2830160508802,56707.132246214955
5842,0.0,0.0,44967.33195837677
5843,0.0,0.0,44967.33195837677
5844,0.0,0.0,55242.40732402587
5845,0.0,0.0,55242.40732402587
5846,0.0,2098.0,70364.3
5847,0.0,2098.0,70364.3
5848,378.9733514950058,3117.840416878462,70364.3
5849,378.9733514950058,3117.840416878462,70364.3
5850,6940.97,1823.1595831215382,70364.3
5851,6940.97,1823.1595831215382,70364.3
5852,6940.97,2645.0,70364.3
5853,6940.97,2645.0,70364.3
5854,3169.8926586714733,0.0,41344.83449158206
5855,3169.8926586714733,0.0,41344.83449158206
5856,6940.97,0.0,28021.61371699223
5857,6940.97,0.0,28021.61371699223
5858,2111.2211838386165,0.0,33785.1184027926
5859,2111.2211838386165,0.0,33785.1184027926
5860,0.0,1556.5,70364.3
5861,0.0,1556.5,70364.3
5862,0.0,3829.5,70364.3
5863,0.0,3829.5,70364.3
5864,0.0,0.0,70364.3
5865,0.0,0.0,70364.3
5866,0.0,2036.5,60328.80903863025
5867,0.0,2036.5,60328.80903863025
5868,0.0,3082.5,64220.19688793225
5869,0.0,3082.5,64220.19688793225
5870,0.0,0.0,70364.3
5871,0.0,0.0,70364.3
5872,0.0,3364.175355242398,70364.3
5873,0.0,3364.175355242398,70364.3
5874,0.0,3757.863635127278,70364.3
5875,0.0,3757.863635127278,70364.3
5876,0.0,3518.707565538938,68536.26956313873
5877,0.0,3518.707565538938,68536.26956313873
5878,0.0,0.0,33796.06718582248
5879,0.0,0.0,33796.06718582248
5880,5202.945067913905,0.0,19620.245916131105
5881,5202.945067913905,0.0,19620.245916131105
5882,3401.1655876056902,0.0,27403.19207969898
5883,3401.1655876056902,0.0,27403.19207969898
5884,1757.9359988907054,2474.747123889898,63083.120769304674
5885,1757.9359988907054,2474.747123889898,63083.120769304674
5886,1252.7008702583094,4630.983248578341,62328.97021817742
5887,1252.7008702583094,4630.983248578341,62328.97021817742
5888,0.0,2391.047687951461,34942.657590856106
5889,0.0,2391.047687951461,34942.657590856106
5890,0.0,911.5285451190011,26236.40150532339
5891,0.0,911.5285451190011,26236.40150532339
5892,0.0,0.0,41134.88805068881
5893,0.0,0.0,41134.88805068881
5894,0.0,0.0,70364.3
5895,0.0,0.0,70364.3
5896,0.0,4094.0480247424184,70364.3
5897,0.0,4094.0480247424184,70364.3
5898,203.81646239202928,3570.5541613196583,70364.3
5899,203.81646239202928,3570.5541613196583,70364.3
5900,4305.138869988861,3711.000293957739,70364.3
5901,4305.138869988861,3711.000293957739,70364.3
5902,5922.788913788811,0.0,52953.09079769431
5903,5922.788913788811,0.0,52953.09079769431
5904,4111.024552377665,0.0,39379.15945833306
5905,4111.024552377665,0.0,39379.15945833306
5906,2135.5153149958815,0.0,45592.11406726559
5907,2135.5153149958815,0.0,45592.11406726559
5908,0.0,2305.122839645779,70364.3
5909,0.0,2305.122839645779,70364.3
5910,243.96438940358166,4826.652986856539,70364.3
5911,243.96438940358166,4826.652986856539,70364.3
5912,0.0,2518.9878431613615,63430.06035955771
5913,0.0,2518.9878431613615,63430.06035955771
5914,0.0,381.32722952324,53652.47218302231
5915,0.0,381.32722952324,53652.47218302231
5916,0.0,0.0,67073.65655741657
5917,0.0,0.0,67073.65655741657
5918,0.0,0.0,70364.3
5919,0.0,0.0,70364.3
5920,0.0,3106.084071198078,70364.3
5921,0.0,3106.084071198078,70364.3
5922,4446.18244702799,8295.77550875605,70364.3
5923,4446.18244702799,8295.77550875605,70364.3
5924,6940.97,8787.34,70364.3
5925,6940.97,8787.34,70364.3
5926,6940.97,64.46513153343949,49750.10698629661
5927,6940.97,64.46513153343949,49750.10698629661
5928,4268.560145191026,0.0,32637.020797522746
5929,4268.560145191026,0.0,32637.020797522746
5930,2902.4158675437884,0.0,37613.84771622231
5931,2902.4158675437884,0.0,37613.84771622231
5932,1509.7336395755833,2800.0914692876777,70364.3
5933,1509.7336395755833,2800.0914692876777,70364.3
5934,3055.5965008076664,5027.006889058299,70364.3
5935,3055.5965008076664,5027.006889058299,70364.3
5936,0.0,2205.5072080224,49908.299443569005
5937,0.0,2205.5072080224,49908.299443569005
5938,0.0,922.817088788659,33440.635169376415
5939,0.0,922.817088788659,33440.635169376415
5940,0.0,0.0,36469.41208547246
5941,0.0,0.0,36469.41208547246
5942,0.0,0.0,63448.42339519893
5943,0.0,0.0,63448.42339519893
5944,0.0,2618.0101350104796,70364.3
5945,0.0,2618.0101350104796,70364.3
5946,4959.837098366841,2954.678882608059,70364.3
5947,4959.837098366841,2954.678882608059,70364.3
5948,6940.97,3109.9690632453185,62862.48169026832
5949,6940.97,3109.9690632453185,62862.48169026832
5950,6940.97,0.0,30123.17194812314
5951,6940.97,0.0,30123.17194812314
5952,4344.896553000607,0.0,11613.210133021348
5953,4344.896553000607,0.0,11613.210133021348
5954,2359.2874534985567,0.0,7822.133412334006
5955,2359.2874534985567,0.0,7822.133412334006
5956,0.0,0.0,14343.560944141922
5957,0.0,0.0,14343.560944141922
5958,0.0,0.0,13543.253858522512
5959,0.0,0.0,13543.253858522512
5960,0.0,0.0,0.0
5961,0.0,0.0,0.0
5962,0.0,0.0,0.0
5963,0.0,0.0,0.0
5964,0.0,0.0,0.0
5965,0.0,0.0,0.0
5966,0.0,0.0,0.0
5967,0.0,0.0,0.0
5968,0.0,0.0,24294.119281911655
5969,0.0,0.0,24294.119281911655
5970,6940.97,0.0,33836.52388234672
5971,6940.97,0.0,33836.52388234672
5972,6940.97,0.0,13784.444555878916
5973,6940.97,0.0,13784.444555878916
5974,6940.97,0.0,0.0
5975,6940.97,0.0,0.0
5976,0.0,0.0,0.0
5977,0.0,0.0,0.0
5978,0.0,0.0,0.0
5979,0.0,0.0,0.0
5980,0.0,0.0,0.0
5981,0.0,0.0,0.0
5982,0.0,0.0,0.0
5983,0.0,0.0,0.0
5984,0.0,0.0,0.0
5985,0.0,0.0,0.0
5986,0.0,0.0,0.0
5987,0.0,0.0,0.0
5988,0.0,0.0,0.0
5989,0.0,0.0,0.0
5990,0.0,0.0,0.0
5991,0.0,0.0,0.0
5992,0.0,0.0,23743.628755333455
5993,0.0,0.0,23743.628755333455
5994,6940.97,0.0,44587.86595641126
5995,6940.97,0.0,44587.86595641126
5996,6940.97,0.0,30985.80493041007
5997,6940.97,0.0,30985.80493041007
5998,6940.97,0.0,10179.547921640202
5999,6940.97,0.0,10179.547921640202
6000,6940.97,0.0,3845.641465925117
6001,6940.97,0.0,3845.641465925117
6002,0.0,0.0,16281.837859934538
6003,0.0,0.0,16281.837859934538
6004,4684.282022155525,1582.6982321549985,64901.956686213176
6005,4684.282022155525,1582.6982321549985,64901.956686213176
6006,0.0,4034.0503306909195,70364.3
6007,0.0,4034.0503306909195,70364.3
6008,5787.172417993901,0.0,51624.58043834964
6009,5787.172417993901,0.0,51624.58043834964
6010,1845.0458278331507,0.0,37664.10548928424
6011,1845.0458278331507,0.0,37664.10548928424
6012,0.0,0.0,36298.69186424793
6013,0.0,0.0,36298.69186424793
6014,0.0,0.0,60946.20816433577
6015,0.0,0.0,60946.20816433577
6016,3981.7746115726386,1977.3210448217396,70364.3
6017,3981.7746115726386,1977.3210448217396,70364.3
6018,6940.97,1948.3779979110586,70364.3
6019,6940.97,1948.3779979110586,70364.3
6020,6940.97,1487.5823263539787,70364.3
6021,6940.97,1487.5823263539787,70364.3
6022,6940.97,0.0,45655.33154551885
6023,6940.97,0.0,45655.33154551885
6024,6940.97,0.0,34287.52529585908
6025,6940.97,0.0,34287.52529585908
6026,6940.97,0.0,41200.304467402064
6027,6940.97,0.0,41200.304467402064
6028,6791.790123099036,1334.4780799047403,70364.3
6029,6791.790123099036,1334.4780799047403,70364.3
6030,6575.09367628347,6862.691404909594,70364.3
6031,6575.09367628347,6862.691404909594,70364.3
6032,719.0249834008928,703.3085950905188,60605.3343155006
6033,719.0249834008928,703.3085950905188,60605.3343155006
6034,0.0,0.0,49605.486985554366
6035,0.0,0.0,49605.486985554366
6036,0.0,0.0,51328.14357833486
6037,0.0,0.0,51328.14357833486
6038,0.0,0.0,70364.3
6039,0.0,0.0,70364.3
6040,76.3707226066008,4516.510311060818,70364.3
6041,76.3707226066008,4516.510311060818,70364.3
6042,6940.97,1549.4070475648805,70364.3
6043,6940.97,1549.4070475648805,70364.3
6044,5882.026900246003,35.58264137431979,70364.3
6045,5882.026900246003,35.58264137431979,70364.3
6046,4944.884958163861,0.0,57411.53150040003
6047,4944.884958163861,0.0,57411.53150040003
6048,6940.97,806.0,45199.732966847514
6049,6940.97,806.0,45199.732966847514
6050,6940.97,728.5,53507.08167863228
6051,6940.97,728.5,53507.08167863228
6052,6473.467237787257,5306.7197588256095,70364.3
6053,6473.467237787257,5306.7197588256095,70364.3
6054,4361.049429057913,4248.830378172701,70364.3
6055,4361.049429057913,4248.830378172701,70364.3
6056,0.0,91.95035629031918,59035.34701011774
6057,0.0,91.95035629031918,59035.34701011774
6058,0.0,0.0,40745.61930641392
6059,0.0,0.0,40745.61930641392
6060,0.0,0.0,45043.64889075991
6061,0.0,0.0,45043.64889075991
6062,0.0,0.0,70364.3
6063,0.0,0.0,70364.3
6064,0.0,4019.1661782794,70364.3
6065,0.0,4019.1661782794,70364.3
6066,5579.94657973591,2300.02834440908,70364.3
6067,5579.94657973591,2300.02834440908,70364.3
6068,6940.97,791.6520689976987,70364.3
6069,6940.97,791.6520689976987,70364.3
6070,6940.97,0.0,42600.795702507865
6071,6940.97,0.0,42600.795702507865
6072,6940.97,0.0,33068.01295542052
6073,6940.97,0.0,33068.01295542052
6074,6940.97,0.0,42559.021438665455
6075,6940.97,0.0,42559.021438665455
6076,6440.993703278592,1636.652915025319,70364.3
6077,6440.993703278592,1636.652915025319,70364.3
6078,6940.97,5218.047137797759,70364.3
6079,6940.97,5218.047137797759,70364.3
6080,6466.96245860821,2084.909643028821,45900.134827807895
6081,6466.96245860821,2084.909643028821,45900.134827807895
6082,0.0,92.969982414681,26366.288118006458
6083,0.0,92.969982414681,26366.288118006458
6084,0.0,388.5074133392409,34411.16768929985
6085,0.0,388.5074133392409,34411.16768929985
6086,0.0,1222.5568155888195,62777.7063836107
6087,0.0,1222.5568155888195,62777.7063836107
6088,2799.9410789277626,4684.152444307159,70364.3
6089,2799.9410789277626,4684.152444307159,70364.3
6090,6940.97,2683.849903300561,70364.3
6091,6940.97,2683.849903300561,70364.3
6092,6940.97,1532.0945168428989,65628.46623894898
6093,6940.97,1532.0945168428989,65628.46623894898
6094,6940.97,0.0,35632.110364599066
6095,6940.97,0.0,35632.110364599066
6096,6940.97,0.0,25179.111132120976
6097,6940.97,0.0,25179.111132120976
6098,6940.97,0.0,35301.04775515698
6099,6940.97,0.0,35301.04775515698
6100,6940.97,3856.9376402682974,70364.3
6101,6940.97,3856.9376402682974,70364.3
6102,6940.97,6100.4031897387395,70364.3
6103,6940.97,6100.4031897387395,70364.3
6104,4730.027535046165,3524.518898119961,38784.37755400484
6105,4730.027535046165,3524.518898119961,38784.37755400484
6106,0.0,782.7356058410787,16792.744474752602
6107,0.0,782.7356058410787,16792.744474752602
6108,0.0,128.31279596544118,24632.648798017646
6109,0.0,128.31279596544118,24632.648798017646
6110,0.0,942.1112102887782,56887.203236722824
6111,0.0,942.1112102887782,56887.203236722824
6112,0.0,4908.887353223159,70364.3
6113,0.0,4908.887353223159,70364.3
6114,6940.97,4987.048369568658,70364.3
6115,6940.97,4987.048369568658,70364.3
6116,6940.97,2578.004530712218,54287.28539509032
6117,6940.97,2578.004530712218,54287.28539509032
6118,6940.97,0.0,25444.723657821676
6119,6940.97,0.0,25444.723657821676
6120,6940.97,0.0,13753.013051878028
6121,6940.97,0.0,13753.013051878028
6122,0.0,0.0,14148.907942473641
6123,0.0,0.0,14148.907942473641
6124,3046.62615000316,0.0,25551.321094668878
6125,3046.62615000316,0.0,25551.321094668878
6126,5742.4113116309645,0.0,31716.469641955264
6127,5742.4113116309645,0.0,31716.469641955264
6128,0.0,0.0,4928.307056717953
6129,0.0,0.0,4928.307056717953
6130,0.0,0.0,0.0
6131,0.0,0.0,0.0
6132,0.0,0.0,0.0
6133,0.0,0.0,0.0
6134,0.0,0.0,20658.8302920188
6135,0.0,0.0,20658.8302920188
6136,0.0,4250.829402840231,57116.964696753974
6137,0.0,4250.829402840231,57116.964696753974
6138,6940.97,0.0,55335.85038708133
6139,6940.97,0.0,55335.85038708133
6140,2856.9502046322978,663.1231468131773,36787.305151601366
6141,2856.9502046322978,663.1231468131773,36787.305151601366
6142,0.0,1284.0,17211.25875573988
6143,0.0,1284.0,17211.25875573988
6144,3698.674600573981,612.0,7975.8954455934
6145,3698.674600573981,612.0,7975.8954455934
6146,0.0,517.0,8258.00402211876
6147,0.0,517.0,8258.00402211876
6148,0.0,995.8199999998324,15833.313261585252
6149,0.0,995.8199999998324,15833.313261585252
6150,0.0,8787.34,15360.982251602109
6151,0.0,8787.34,15360.982251602109
6152,0.0,8787.34,3027.429778885911
6153,0.0,8787.34,3027.429778885911
6154,0.0,0.0,0.0
6155,0.0,0.0,0.0
6156,0.0,0.0,1925.57184370888
6157,0.0,0.0,1925.57184370888
6158,0.0,0.0,30237.561704795968
6159,0.0,0.0,30237.561704795968
6160,0.0,0.0,59683.099707491856
6161,0.0,0.0,59683.099707491856
6162,0.0,0.0,60178.89067601817
6163,0.0,0.0,60178.89067601817
6164,0.0,0.0,37621.360959116326
6165,0.0,0.0,37621.360959116326
6166,0.0,0.0,11838.719699487141
6167,0.0,0.0,11838.719699487141
6168,0.0,0.0,3033.800619745147
6169,0.0,0.0,3033.800619745147
6170,0.0,0.0,14583.948072747182
6171,0.0,0.0,14583.948072747182
6172,0.0,0.0,61481.23866659016
6173,0.0,0.0,61481.23866659016
6174,0.0,0.0,70364.3
6175,0.0,0.0,70364.3
6176,0.0,0.0,56008.11938381125
6177,0.0,0.0,56008.11938381125
6178,0.0,1535.5,37710.900995983015
6179,0.0,1535.5,37710.900995983015
6180,0.0,1067.0,40367.14303985657
6181,0.0,1067.0,40367.14303985657
6182,0.0,981.5,61060.91664303688
6183,0.0,981.5,61060.91664303688
6184,0.0,4905.0,70364.3
6185,0.0,4905.0,70364.3
6186,0.0,0.0,70364.3
6187,0.0,0.0,70364.3
6188,2211.726284287516,0.0,38575.904413560056
6189,2211.726284287516,0.0,38575.904413560056
6190,543.4967091136896,0.0,6460.2756123232975
6191,543.4967091136896,0.0,6460.2756123232975
6192,0.0,0.0,0.0
6193,0.0,0.0,0.0
6194,0.0,712.5,8290.172334424758
6195,0.0,712.5,8290.172334424758
6196,0.0,1445.0,53367.73480325808
6197,0.0,1445.0,53367.73480325808
6198,0.0,5556.0,65369.09743548409
6199,0.0,5556.0,65369.09743548409
6200,0.0,0.0,27298.741653100733
6201,0.0,0.0,27298.741653100733
6202,0.0,0.0,6752.123893062846
6203,0.0,0.0,6752.123893062846
6204,0.0,0.0,12329.395985385723
6205,0.0,0.0,12329.395985385723
6206,0.0,0.0,40367.652361262444
6207,0.0,0.0,40367.652361262444
6208,0.0,2255.5,70364.3
6209,0.0,2255.5,70364.3
6210,0.0,3836.0,70364.3
6211,0.0,3836.0,70364.3
6212,0.0,0.0,58870.85086325645
6213,0.0,0.0,58870.85086325645
6214,0.0,0.0,34825.568909079644
6215,0.0,0.0,34825.568909079644
6216,0.0,8406.903926376486,29084.212219486282
6217,0.0,8406.903926376486,29084.212219486282
6218,0.0,0.0,39055.861746580005
6219,0.0,0.0,39055.861746580005
6220,0.0,8787.34,70364.3
6221,0.0,8787.34,70364.3
6222,0.0,0.0,0.0
6223,0.0,0.0,0.0
6224,0.0,8787.34,0.0
6225,0.0,8787.34,0.0
6226,0.0,0.0,58142.46729079787
6227,0.0,0.0,58142.46729079787
6228,0.0,0.0,59802.024751620775
6229,0.0,0.0,59802.024751620775
6230,0.0,0.0,0.0
6231,0.0,0.0,0.0
6232,0.0,0.0,0.0
6233,0.0,0.0,0.0
6234,0.0,0.0,0.0
6235,0.0,0.0,0.0
6236,0.0,0.0,47547.58559572953
6237,0.0,0.0,47547.58559572953
6238,0.0,0.0,13193.214977518233
6239,0.0,0.0,13193.214977518233
6240,0.0,0.0,0.0
6241,0.0,0.0,0.0
6242,0.0,0.0,6135.079456776744
6243,0.0,0.0,6135.079456776744
6244,0.0,0.0,53126.045868718444
6245,0.0,0.0,53126.045868718444
6246,0.0,718.5546282614996,64837.20992192881
6247,0.0,718.5546282614996,64837.20992192881
6248,0.0,0.0,37623.74836686373
6249,0.0,0.0,37623.74836686373
6250,0.0,8787.34,32857.98092861113
6251,0.0,8787.34,32857.98092861113
6252,0.0,0.0,34822.42085348416
6253,0.0,0.0,34822.42085348416
6254,0.0,0.0,63478.373053425385
6255,0.0,0.0,63478.373053425385
6256,0.0,4.766768474219134,0.0
6257,0.0,4.766768474219134,0.0
6258,1941.394762641985,1054.5339745469792,70364.3
6259,1941.394762641985,1054.5339745469792,70364.3
6260,6940.97,8787.34,47611.35157132152
6261,6940.97,8787.34,47611.35157132152
6262,4555.246599516312,0.0,14278.822761783507
6263,4555.246599516312,0.0,14278.822761783507
6264,6940.97,0.0,6541.960174761698
6265,6940.97,0.0,6541.960174761698
6266,5699.49588183959,0.0,18480.249493127092
6267,5699.49588183959,0.0,18480.249493127092
6268,5128.263526517309,0.0,65391.41219772588
6269,5128.263526517309,0.0,65391.41219772588
6270,0.0,453.88070234057886,70364.3
6271,0.0,453.88070234057886,70364.3
6272,0.0,0.0,0.0
6273,0.0,0.0,0.0
6274,0.0,0.0,0.0
6275,0.0,0.0,0.0
6276,0.0,0.0,0.0
6277,0.0,0.0,0.0
6278,0.0,0.0,65724.85094571728
6279,0.0,0.0,65724.85094571728
6280,0.0,0.0,70364.3
6281,0.0,0.0,70364.3
6282,2654.561468300405,6024.0,70364.3
6283,2654.561468300405,6024.0,70364.3
6284,4550.851936432621,0.0,67331.98693015204
6285,4550.851936432621,0.0,67331.98693015204
6286,2327.05615197551,0.0,36380.64166207693
6287,2327.05615197551,0.0,36380.64166207693
6288,0.0,0.0,22911.97685107164
6289,0.0,0.0,22911.97685107164
6290,0.0,0.0,23447.05694492039
6291,0.0,0.0,23447.05694492039
6292,0.0,2547.0,0.0
6293,0.0,2547.0,0.0
6294,0.0,0.0,0.0
6295,0.0,0.0,0.0
6296,0.0,2603.5,0.0
6297,0.0,2603.5,0.0
6298,0.0,0.0,770.0686662500957
6299,0.0,0.0,770.0686662500957
6300,0.0,2084.0,0.0
6301,0.0,2084.0,0.0
6302,0.0,0.0,0.0
6303,0.0,0.0,0.0
6304,0.0,1675.0,0.0
6305,0.0,1675.0,0.0
6306,0.0,1717.0,0.0
6307,0.0,1717.0,0.0
6308,2748.5493553089764,3252.0,0.0
6309,2748.5493553089764,3252.0,0.0
6310,0.0,0.0,28549.353641770293
6311,0.0,0.0,28549.353641770293
6312,0.0,976.5,14318.931514394135
6313,0.0,976.5,14318.931514394135
6314,0.0,737.0,10570.561373215336
6315,0.0,737.0,10570.561373215336
6316,0.0,6378.5,0.0
6317,0.0,6378.5,0.0
6318,0.0,0.0,0.0
6319,0.0,0.0,0.0
6320,0.0,0.0,0.0
6321,0.0,0.0,0.0
6322,0.0,0.0,0.0
6323,0.0,0.0,0.0
6324,0.0,0.0,0.0
6325,0.0,0.0,0.0
6326,0.0,0.0,19323.357138784268
6327,0.0,0.0,19323.357138784268
6328,0.0,1927.0,0.0
6329,0.0,1927.0,0.0
6330,6940.97,3114.5,0.0
6331,6940.97,3114.5,0.0
6332,6940.97,7972.556179537438,0.0
6333,6940.97,7972.556179537438,0.0
6334,6940.97,8787.34,26246.83049121702
6335,6940.97,8787.34,26246.83049121702
6336,6940.97,0.0,20072.17187692708
6337,6940.97,0.0,20072.17187692708
6338,6940.97,8787.34,31513.88879251833
6339,6940.97,8787.34,31513.88879251833
6340,6940.97,8787.34,70364.3
6341,6940.97,8787.34,70364.3
6342,6366.718153317891,4255.31745456154,70364.3
6343,6366.718153317891,4255.31745456154,70364.3
6344,0.0,605.03666853506,58074.66034007013
6345,0.0,605.03666853506,58074.66034007013
6346,0.0,8787.34,24813.173154369695
6347,0.0,8787.34,24813.173154369695
6348,0.0,0.0,0.0
6349,0.0,0.0,0.0
6350,0.0,8787.34,70364.3
6351,0.0,8787.34,70364.3
6352,0.0,8787.34,70364.3
6353,0.0,8787.34,70364.3
6354,6940.97,8787.34,70364.3
6355,6940.97,8787.34,70364.3
6356,4439.4701723785165,8787.34,67411.76770679513
6357,4439.4701723785165,8787.34,67411.76770679513
6358,6940.97,8787.34,35448.049994039
6359,6940.97,8787.34,35448.049994039
6360,6940.97,0.0,0.0
6361,6940.97,0.0,0.0
6362,5696.1195513531875,8787.34,29260.147321608325
6363,5696.1195513531875,8787.34,29260.147321608325
6364,1138.9628586934077,8787.34,70364.3
6365,1138.9628586934077,8787.34,70364.3
6366,0.0,8787.34,0.0
6367,0.0,8787.34,0.0
6368,0.0,8787.34,70364.3
6369,0.0,8787.34,70364.3
6370,0.0,0.0,63397.14910401782
6371,0.0,0.0,63397.14910401782
6372,0.0,0.0,55001.504779058945
6373,0.0,0.0,55001.504779058945
6374,0.0,8787.34,29339.377500000002
6375,0.0,8787.34,29339.377500000002
6376,0.0,8787.34,0.0
6377,0.0,8787.34,0.0
6378,0.0,8787.34,0.0
6379,0.0,8787.34,0.0
6380,0.0,8787.34,63712.64677094069
6381,0.0,8787.34,63712.64677094069
6382,0.0,8787.34,40842.55322905931
6383,0.0,8787.34,40842.55322905931
6384,2912.3273010880616,0.0,0.0
6385,2912.3273010880616,0.0,0.0
6386,688.9028422161482,0.0,37806.0975
6387,688.9028422161482,0.0,37806.0975
6388,0.0,778.5719188509393,4914.50524135838
6389,0.0,778.5719188509393,4914.50524135838
6390,0.0,4833.8453290202,0.0
6391,0.0,4833.8453290202,0.0
6392,0.0,8404.184117964003,0.0
6393,0.0,8404.184117964003,0.0
6394,0.0,0.0,66842.10853095524
6395,0.0,0.0,66842.10853095524
6396,0.0,0.0,0.0
6397,0.0,0.0,0.0
6398,0.0,0.0,0.0
6399,0.0,0.0,0.0
6400,0.0,3257.99286236202,0.0
6401,0.0,3257.99286236202,0.0
6402,1972.6207571604446,4566.588683480641,0.0
6403,1972.6207571604446,4566.588683480641,0.0
6404,5748.072751525281,3553.367002652958,70364.3
6405,5748.072751525281,3553.367002652958,70364.3
6406,6151.954328777785,0.0,38417.40373753401
6407,6151.954328777785,0.0,38417.40373753401
6408,4271.365240534517,0.0,23946.9296173014
6409,4271.365240534517,0.0,23946.9296173014
6410,2802.187051035813,0.0,29240.309073411277
6411,2802.187051035813,0.0,29240.309073411277
6412,1516.3757426520965,2054.6430584311383,70364.3
6413,1516.3757426520965,2054.6430584311383,70364.3
6414,4499.806657686154,3954.721162526639,70364.3
6415,4499.806657686154,3954.721162526639,70364.3
6416,2448.6863171408295,163.25052684898037,41491.86129943971
6417,2448.6863171408295,163.25052684898037,41491.86129943971
6418,0.0,0.0,0.0
6419,0.0,0.0,0.0
6420,0.0,0.0,13746.440118677827
6421,0.0,0.0,13746.440118677827
6422,0.0,0.0,55547.73688132217
6423,0.0,0.0,55547.73688132217
6424,2371.0411566481544,4316.60057293184,0.0
6425,2371.0411566481544,4316.60057293184,0.0
6426,6940.97,4386.4850555579,70364.3
6427,6940.97,4386.4850555579,70364.3
6428,6940.97,3474.8865111088,0.0
6429,6940.97,3474.8865111088,0.0
6430,6940.97,0.0,0.0
6431,6940.97,0.0,0.0
6432,6940.97,0.0,0.0
6433,6940.97,0.0,0.0
6434,6940.97,0.0,29710.307499999995
6435,6940.97,0.0,29710.307499999995
6436,0.0,5528.700475894399,70364.3
6437,0.0,5528.700475894399,70364.3
6438,6562.5554310377665,7754.3953166095,0.0
6439,6562.5554310377665,7754.3953166095,0.0
6440,3633.1274545258857,3755.1475192218204,0.0
6441,3633.1274545258857,3755.1475192218204,0.0
6442,0.0,1178.2797915203191,0.0
6443,0.0,1178.2797915203191,0.0
6444,0.0,0.0,0.0
6445,0.0,0.0,0.0
6446,0.0,0.0,70364.3
6447,0.0,0.0,70364.3
6448,3593.1872000308686,3340.612332041499,70364.3
6449,3593.1872000308686,3340.612332041499,70364.3
6450,6940.97,2880.614262408699,0.0
6451,6940.97,2880.614262408699,0.0
6452,6940.97,1745.2925647993397,70364.3
6453,6940.97,1745.2925647993397,70364.3
6454,6940.97,0.0,25282.909999999993
6455,6940.97,0.0,25282.909999999993
6456,6940.97,0.0,0.0
6457,6940.97,0.0,0.0
6458,6940.97,0.0,34610.2805
6459,6940.97,0.0,34610.2805
6460,0.0,0.0,14438.899639079922
6461,0.0,0.0,14438.899639079922
6462,6940.97,0.0,0.0
6463,6940.97,0.0,0.0
6464,5636.063265058212,0.0,0.0
6465,5636.063265058212,0.0,0.0
6466,0.0,0.0,9244.532735646222
6467,0.0,0.0,9244.532735646222
6468,0.0,0.0,0.0
6469,0.0,0.0,0.0
6470,0.0,0.0,0.0
6471,0.0,0.0,0.0
6472,5179.13901480154,0.0,0.0
6473,5179.13901480154,0.0,0.0
6474,6940.97,0.0,0.0
6475,6940.97,0.0,0.0
6476,6940.97,0.0,0.0
6477,6940.97,0.0,0.0
6478,6940.97,0.0,0.0
6479,6940.97,0.0,0.0
6480,6940.97,0.0,16987.918611974324
6481,6940.97,0.0,16987.918611974324
6482,6660.62534511392,0.0,16111.983157615985
6483,6660.62534511392,0.0,16111.983157615985
6484,5398.294318781194,0.0,0.0
6485,5398.294318781194,0.0,0.0
6486,5718.43725362427,0.0,0.0
6487,5718.43725362427,0.0,0.0
6488,2356.415934202196,8787.34,0.0
6489,2356.415934202196,8787.34,0.0
6490,0.0,0.0,0.0
6491,0.0,0.0,0.0
6492,0.0,0.0,0.0
6493,0.0,0.0,0.0
6494,0.0,0.0,0.0
6495,0.0,0.0,0.0
6496,0.0,0.0,0.0
6497,0.0,0.0,0.0
6498,6593.935900840551,0.0,0.0
6499,6593.935900840551,0.0,0.0
6500,6940.97,8787.34,52699.72369440162
6501,6940.97,8787.34,52699.72369440162
6502,0.0,0.0,29467.608416122384
6503,0.0,0.0,29467.608416122384
6504,5956.0790146188065,0.0,0.0
6505,5956.0790146188065,0.0,0.0
6506,0.0,0.0,0.0
6507,0.0,0.0,0.0
6508,2094.734617035749,8787.34,70364.3
6509,2094.734617035749,8787.34,70364.3
6510,3399.9548953457543,3171.890422165139,70364.3
6511,3399.9548953457543,3171.890422165139,70364.3
6512,1205.1384356796366,8787.34,61914.377730646884
6513,1205.1384356796366,8787.34,61914.377730646884
6514,0.0,0.0,0.0
6515,0.0,0.0,0.0
6516,0.0,0.0,0.0
6517,0.0,0.0,0.0
6518,0.0,0.0,70364.3
6519,0.0,0.0,70364.3
6520,3340.120631921467,0.0,70364.3
6521,3340.120631921467,0.0,70364.3
6522,6940.97,8787.34,70364.3
6523,6940.97,8787.34,70364.3
6524,3458.2516594696117,0.0,70364.3
6525,3458.2516594696117,0.0,70364.3
6526,6940.97,0.0,0.0
6527,6940.97,0.0,0.0
6528,6940.97,0.0,0.0
6529,6940.97,0.0,0.0
6530,6855.772899670424,0.0,0.0
6531,6855.772899670424,0.0,0.0
6532,5091.148553244215,0.0,70364.3
6533,5091.148553244215,0.0,70364.3
6534,4772.939640100935,2607.648604628119,70364.3
6535,4772.939640100935,2607.648604628119,70364.3
6536,0.0,0.0,54684.99588223762
6537,0.0,0.0,54684.99588223762
6538,0.0,0.0,0.0
6539,0.0,0.0,0.0
6540,0.0,0.0,0.0
6541,0.0,0.0,0.0
6542,0.0,0.0,61862.49573893289
6543,0.0,0.0,61862.49573893289
6544,0.0,0.0,70364.3
6545,0.0,0.0,70364.3
6546,0.0,0.0,70364.3
6547,0.0,0.0,70364.3
6548,0.0,8787.34,63148.850468336575
6549,0.0,8787.34,63148.850468336575
6550,1445.31227247503,0.0,33663.18492500573
6551,1445.31227247503,0.0,33663.18492500573
6552,6372.589809118537,0.0,0.0
6553,6372.589809118537,0.0,0.0
6554,5406.909349683221,0.0,0.0
6555,5406.909349683221,0.0,0.0
6556,3889.294149673512,0.0,0.0
6557,3889.294149673512,0.0,0.0
6558,845.6025297819965,0.0,0.0
6559,845.6025297819965,0.0,0.0
6560,0.0,0.0,0.0
6561,0.0,0.0,0.0
6562,0.0,0.0,14860.0732473362
6563,0.0,0.0,14860.0732473362
6564,0.0,0.0,26234.452798463928
6565,0.0,0.0,26234.452798463928
6566,0.0,0.0,61765.98325248968
6567,0.0,0.0,61765.98325248968
6568,0.0,0.0,0.0
6569,0.0,0.0,0.0
6570,6940.97,0.0,0.0
6571,6940.97,0.0,0.0
6572,6940.97,0.0,70364.3
6573,6940.97,0.0,70364.3
6574,6940.97,0.0,39570.21274574788
6575,6940.97,0.0,39570.21274574788
6576,6940.97,0.0,31489.04362875939
6577,6940.97,0.0,31489.04362875939
6578,6940.97,0.0,40112.17182720293
6579,6940.97,0.0,40112.17182720293
6580,6715.528682919854,0.0,70364.3
6581,6715.528682919854,0.0,70364.3
6582,6940.97,390.33664518156,0.0
6583,6940.97,390.33664518156,0.0
6584,4922.656480961052,0.0,0.0
6585,4922.656480961052,0.0,0.0
6586,0.0,0.0,18638.100529746473
6587,0.0,0.0,18638.100529746473
6588,0.0,0.0,25389.402608568984
6589,0.0,0.0,25389.402608568984
6590,0.0,0.0,54676.40653758573
6591,0.0,0.0,54676.40653758573
6592,339.65844906354505,0.0,0.0
6593,339.65844906354505,0.0,0.0
6594,6940.97,0.0,0.0
6595,6940.97,0.0,0.0
6596,6940.97,0.0,0.0
6597,6940.97,0.0,0.0
6598,6940.97,0.0,43240.306016379254
6599,6940.97,0.0,43240.306016379254
6600,6940.97,0.0,31986.588367459408
6601,6940.97,0.0,31986.588367459408
6602,6940.97,0.0,40364.12694026015
6603,6940.97,0.0,40364.12694026015
6604,6940.97,0.0,70364.3
6605,6940.97,0.0,70364.3
6606,5828.683032957173,4089.344158698239,28687.607500000006
6607,5828.683032957173,4089.344158698239,28687.607500000006
6608,3513.9447146954117,883.1010355214203,0.0
6609,3513.9447146954117,883.1010355214203,0.0
6610,0.0,0.0,0.0
6611,0.0,0.0,0.0
6612,0.0,0.0,0.0
6613,0.0,0.0,0.0
6614,0.0,0.0,37995.95841735693
6615,0.0,0.0,37995.95841735693
6616,0.0,1664.1376929375783,0.0
6617,0.0,1664.1376929375783,0.0
6618,6940.97,1788.0336220313584,0.0
6619,6940.97,1788.0336220313584,0.0
6620,6940.97,1813.4906498401178,70364.3
6621,6940.97,1813.4906498401178,70364.3
6622,6940.97,0.0,42921.26355227899
6623,6940.97,0.0,42921.26355227899
6624,6940.97,0.0,35834.1178864844
6625,6940.97,0.0,35834.1178864844
6626,6940.97,0.0,41040.16264387968
6627,6940.97,0.0,41040.16264387968
6628,6847.421781555438,0.0,0.0
6629,6847.421781555438,0.0,0.0
6630,6940.97,0.0,0.0
6631,6940.97,0.0,0.0
6632,6940.97,0.0,41673.106697696014
6633,6940.97,0.0,41673.106697696014
6634,3528.740564747285,0.0,22449.949680156104
6635,3528.740564747285,0.0,22449.949680156104
6636,0.0,0.0,25601.19144306981
6637,0.0,0.0,25601.19144306981
6638,0.0,0.0,59948.37747065417
6639,0.0,0.0,59948.37747065417
6640,5762.063658730182,0.0,0.0
6641,5762.063658730182,0.0,0.0
6642,6940.97,0.0,0.0
6643,6940.97,0.0,0.0
6644,6940.97,0.0,70364.3
6645,6940.97,0.0,70364.3
6646,6940.97,0.0,7523.229447340298
6647,6940.97,0.0,7523.229447340298
6648,6940.97,0.0,33326.40511161015
6649,6940.97,0.0,33326.40511161015
6650,3516.9984304738227,0.0,29842.58814947345
6651,3516.9984304738227,0.0,29842.58814947345
6652,0.0,0.0,18534.066303921856
6653,0.0,0.0,18534.066303921856
6654,0.0,0.0,0.0
6655,0.0,0.0,0.0
6656,0.0,0.0,32656.40842317186
6657,0.0,0.0,32656.40842317186
6658,0.0,0.0,12152.68021759257
6659,0.0,0.0,12152.68021759257
6660,0.0,0.0,0.0
6661,0.0,0.0,0.0
6662,0.0,0.0,51179.76892697118
6663,0.0,0.0,51179.76892697118
6664,0.0,0.0,0.0
6665,0.0,0.0,0.0
6666,0.0,0.0,0.0
6667,0.0,0.0,0.0
6668,0.0,0.0,67239.56941606553
6669,0.0,0.0,67239.56941606553
6670,0.0,0.0,36414.27369757548
6671,0.0,0.0,36414.27369757548
6672,0.0,0.0,26449.21032196941
6673,0.0,0.0,26449.21032196941
6674,0.0,0.0,35962.4666766684
6675,0.0,0.0,35962.4666766684
6676,0.0,0.0,0.0
6677,0.0,0.0,0.0
6678,0.0,0.0,0.0
6679,0.0,0.0,0.0
6680,0.0,0.0,70364.3
6681,0.0,0.0,70364.3
6682,0.0,0.0,0.0
6683,0.0,0.0,0.0
6684,0.0,0.0,58665.13259151389
6685,0.0,0.0,58665.13259151389
6686,0.0,0.0,70364.3
6687,0.0,0.0,70364.3
6688,0.0,0.0,0.0
6689,0.0,0.0,0.0
6690,0.0,0.0,0.0
6691,0.0,0.0,0.0
6692,0.0,0.0,64531.83645235676
6693,0.0,0.0,64531.83645235676
6694,0.0,0.0,31217.10796566542
6695,0.0,0.0,31217.10796566542
6696,0.0,0.0,22137.36640723137
6697,0.0,0.0,22137.36640723137
6698,0.0,0.0,30253.358599296305
6699,0.0,0.0,30253.358599296305
6700,0.0,0.0,21122.45471438075
6701,0.0,0.0,21122.45471438075
6702,0.0,0.0,0.0
6703,0.0,0.0,0.0
6704,0.0,0.0,0.0
6705,0.0,0.0,0.0
6706,0.0,0.0,57797.407092414156
6707,0.0,0.0,57797.407092414156
6708,0.0,0.0,66134.57819320509
6709,0.0,0.0,66134.57819320509
6710,0.0,0.0,27484.167499999996
6711,0.0,0.0,27484.167499999996
6712,0.0,0.0,2890.223231510976
6713,0.0,0.0,2890.223231510976
6714,0.0,0.0,0.0
6715,0.0,0.0,0.0
6716,0.0,0.0,60635.88636380178
6717,0.0,0.0,60635.88636380178
6718,0.0,0.0,31308.050904687247
6719,0.0,0.0,31308.050904687247
6720,6678.811637211553,0.0,2961.571237317321
6721,6678.811637211553,0.0,2961.571237317321
6722,5065.458432501486,0.0,29416.468762682678
6723,5065.458432501486,0.0,29416.468762682678
6724,3659.4447682263044,0.0,0.0
6725,3659.4447682263044,0.0,0.0
6726,3759.7929349852125,0.0,0.0
6727,3759.7929349852125,0.0,0.0
6728,0.0,0.0,0.0
6729,0.0,0.0,0.0
6730,0.0,0.0,56607.696122512396
6731,0.0,0.0,56607.696122512396
6732,0.0,0.0,0.0
6733,0.0,0.0,0.0
6734,0.0,0.0,0.0
6735,0.0,0.0,0.0
6736,0.0,0.0,0.0
6737,0.0,0.0,0.0
6738,3843.3242050429308,0.0,0.0
6739,3843.3242050429308,0.0,0.0
6740,6940.97,0.0,0.0
6741,6940.97,0.0,0.0
6742,6940.97,0.0,45501.35175045232
6743,6940.97,0.0,45501.35175045232
6744,6553.05994559333,0.0,39946.94843524769
6745,6553.05994559333,0.0,39946.94843524769
6746,4402.219256322375,0.0,53034.32483851681
6747,4402.219256322375,0.0,53034.32483851681
6748,1178.595649392444,1014.7092649806582,0.0
6749,1178.595649392444,1014.7092649806582,0.0
6750,4674.7204454223975,8787.34,0.0
6751,4674.7204454223975,8787.34,0.0
6752,4006.03215508835,0.0,70364.3
6753,4006.03215508835,0.0,70364.3
6754,0.0,0.0,70364.3
6755,0.0,0.0,70364.3
6756,0.0,0.0,70364.3
6757,0.0,0.0,70364.3
6758,892.5524483270938,0.0,0.0
6759,892.5524483270938,0.0,0.0
6760,5904.702463720523,2695.9971754601993,3434.910060327784
6761,5904.702463720523,2695.9971754601993,3434.910060327784
6762,6940.97,6637.58166947604,0.0
6763,6940.97,6637.58166947604,0.0
6764,6940.97,204.3067964419588,70364.3
6765,6940.97,204.3067964419588,70364.3
6766,6940.97,0.0,70364.3
6767,6940.97,0.0,70364.3
6768,6940.97,0.0,61835.34778423529
6769,6940.97,0.0,61835.34778423529
6770,6940.97,0.0,46695.04500870769
6771,6940.97,0.0,46695.04500870769
6772,6395.553213817631,1555.1183174788184,0.0
6773,6395.553213817631,1555.1183174788184,0.0
6774,6940.97,4287.72897091336,9405.271322766283
6775,6940.97,4287.72897091336,9405.271322766283
6776,6889.894198591701,0.0,58064.982677233726
6777,6889.894198591701,0.0,58064.982677233726
6778,0.0,0.0,70364.3
6779,0.0,0.0,70364.3
6780,0.0,0.0,31466.833500000004
6781,0.0,0.0,31466.833500000004
6782,0.0,0.0,32381.84
6783,0.0,0.0,32381.84
6784,6647.477523426086,748.9325942497235,6382.432954797259
6785,6647.477523426086,748.9325942497235,6382.432954797259
6786,6940.97,0.0,0.0
6787,6940.97,0.0,0.0
6788,6940.97,1173.5530131278592,0.0
6789,6940.97,1173.5530131278592,0.0
6790,6940.97,0.0,60448.238602749945
6791,6940.97,0.0,60448.238602749945
6792,6940.97,0.0,47032.65790660588
6793,6940.97,0.0,47032.65790660588
6794,6278.532270426904,0.0,47101.531035846914
6795,6278.532270426904,0.0,47101.531035846914
6796,3531.5794923805943,0.0,23983.935
6797,3531.5794923805943,0.0,23983.935
6798,3988.07862940941,0.0,29083.765
6799,3988.07862940941,0.0,29083.765
6800,2172.410987740671,0.0,29175.306000000004
6801,2172.410987740671,0.0,29175.306000000004
6802,0.0,0.0,24671.15097975146
6803,0.0,0.0,24671.15097975146
6804,0.0,0.0,21543.068797890373
6805,0.0,0.0,21543.068797890373
6806,0.0,0.0,36446.859222358165
6807,0.0,0.0,36446.859222358165
6808,4251.251269691928,0.0,32195.944000000003
6809,4251.251269691928,0.0,32195.944000000003
6810,6940.97,0.0,28808.729000000003
6811,6940.97,0.0,28808.729000000003
6812,6940.97,0.0,16846.17278823416
6813,6940.97,0.0,16846.17278823416
6814,6940.97,0.0,25716.749711765842
6815,6940.97,0.0,25716.749711765842
6816,6940.97,0.0,14457.471458621425
6817,6940.97,0.0,14457.471458621425
6818,6000.947426191164,0.0,14099.34204968511
6819,6000.947426191164,0.0,14099.34204968511
6820,4790.568425089473,0.0,1944.8058332706241
6821,4790.568425089473,0.0,1944.8058332706241
6822,5599.861855159292,0.0,0.0
6823,5599.861855159292,0.0,0.0
6824,6940.97,0.0,0.0
6825,6940.97,0.0,0.0
6826,1529.7762937419952,0.0,0.0
6827,1529.7762937419952,0.0,0.0
6828,0.0,0.0,0.0
6829,0.0,0.0,0.0
6830,0.0,0.0,0.0
6831,0.0,0.0,0.0
6832,6042.5062993397005,0.0,0.0
6833,6042.5062993397005,0.0,0.0
6834,6940.97,0.0,0.0
6835,6940.97,0.0,0.0
6836,6940.97,0.0,0.0
6837,6940.97,0.0,0.0
6838,6940.97,0.0,32135.390506306023
6839,6940.97,0.0,32135.390506306023
6840,6864.344128078601,0.0,29808.503193687444
6841,6864.344128078601,0.0,29808.503193687444
6842,4530.61774032342,0.0,44286.49645817928
6843,4530.61774032342,0.0,44286.49645817928
6844,2420.182857010695,2465.5,0.0
6845,2420.182857010695,2465.5,0.0
6846,2592.9671261055373,5209.969434434779,0.0
6847,2592.9671261055373,5209.969434434779,0.0
6848,2888.260754049711,4095.9076964173983,0.0
6849,2888.260754049711,4095.9076964173983,0.0
6850,0.0,5750.499346322645,0.0
6851,0.0,5750.499346322645,0.0
6852,0.0,0.0,68088.36578646774
6853,0.0,0.0,68088.36578646774
6854,0.0,0.0,70364.3
6855,0.0,0.0,70364.3
6856,0.0,3737.4932385416687,70364.3
6857,0.0,3737.4932385416687,70364.3
6858,5073.220664943981,5826.169295558038,70364.3
6859,5073.220664943981,5826.169295558038,70364.3
6860,6940.97,509.9174600922397,70364.3
6861,6940.97,509.9174600922397,70364.3
6862,5742.618825570604,0.0,54892.5290497129
6863,5742.618825570604,0.0,54892.5290497129
6864,3108.850489393726,0.0,45120.412416891035
6865,3108.850489393726,0.0,45120.412416891035
6866,434.7208000687351,0.0,52738.676247178446
6867,434.7208000687351,0.0,52738.676247178446
6868,1300.8384684707717,0.0,70364.3
6869,1300.8384684707717,0.0,70364.3
6870,0.0,6384.543528633192,0.0
6871,0.0,6384.543528633192,0.0
6872,0.0,0.0,0.0
6873,0.0,0.0,0.0
6874,0.0,0.0,70364.3
6875,0.0,0.0,70364.3
6876,0.0,0.0,70364.3
6877,0.0,0.0,70364.3
6878,0.0,0.0,32922.46
6879,0.0,0.0,32922.46
6880,0.0,3373.5,13731.823426602386
6881,0.0,3373.5,13731.823426602386
6882,3375.6600144577606,1975.5,0.0
6883,3375.6600144577606,1975.5,0.0
6884,0.0,1758.5,42401.502118529876
6885,0.0,1758.5,42401.502118529876
6886,0.0,0.0,59949.854454867746
6887,0.0,0.0,59949.854454867746
6888,6940.97,704.5,0.0
6889,6940.97,704.5,0.0
6890,6940.97,621.0,17695.625815370953
6891,6940.97,621.0,17695.625815370953
6892,6940.97,4381.291964452297,0.0
6893,6940.97,4381.291964452297,0.0
6894,6940.97,8354.045069151978,4927.0063648889045
6895,6940.97,8354.045069151978,4927.0063648889045
6896,4932.256363159184,3410.013675688855,0.0
6897,4932.256363159184,3410.013675688855,0.0
6898,0.0,365.0241720267604,70364.3
6899,0.0,365.0241720267604,70364.3
6900,0.0,0.0,70364.3
6901,0.0,0.0,70364.3
6902,0.0,0.0,0.0
6903,0.0,0.0,0.0
6904,5781.219906664002,7300.0712472403375,10850.825179422034
6905,5781.219906664002,7300.0712472403375,10850.825179422034
6906,6940.97,5070.9476772926155,0.0
6907,6940.97,5070.9476772926155,0.0
6908,6940.97,4237.194728880377,70364.3
6909,6940.97,4237.194728880377,70364.3
6910,6940.97,584.7317191585371,54782.86207220002
6911,6940.97,584.7317191585371,54782.86207220002
6912,6940.97,0.0,45447.74202623895
6913,6940.97,0.0,45447.74202623895
6914,6940.97,0.0,53653.34654187912
6915,6940.97,0.0,53653.34654187912
6916,6940.97,6018.272741956776,31847.402500000004
6917,6940.97,6018.272741956776,31847.402500000004
6918,6940.97,8787.34,36751.263999999996
6919,6940.97,8787.34,36751.263999999996
6920,6940.97,7542.135855956678,35457.0865
6921,6940.97,7542.135855956678,35457.0865
6922,6940.97,4641.221385561674,33357.990000000005
6923,6940.97,4641.221385561674,33357.990000000005
6924,6940.97,2911.3610706254785,31746.942499999997
6925,6940.97,2911.3610706254785,31746.942499999997
6926,6940.97,3634.159442680577,16535.4654317534
6927,6940.97,3634.159442680577,16535.4654317534
6928,6940.97,8787.34,2275.315787514337
6929,6940.97,8787.34,2275.315787514337
6930,6940.97,8787.34,0.0
6931,6940.97,8787.34,0.0
6932,6940.97,8787.34,70364.3
6933,6940.97,8787.34,70364.3
6934,6940.97,5778.427872280257,53575.82628073226
6935,6940.97,5778.427872280257,53575.82628073226
6936,6940.97,2074.2827936403173,0.0
6937,6940.97,2074.2827936403173,0.0
6938,6940.97,6520.623427140538,38316.16499999999
6939,6940.97,6520.623427140538,38316.16499999999
6940,6940.97,8787.34,0.0
6941,6940.97,8787.34,0.0
6942,6940.97,8787.34,70192.2825
6943,6940.97,8787.34,70192.2825
6944,6940.97,8787.34,0.0
6945,6940.97,8787.34,0.0
6946,6940.97,6864.236223532238,31224.832499999997
6947,6940.97,6864.236223532238,31224.832499999997
6948,6940.97,4436.116755997316,70364.3
6949,6940.97,4436.116755997316,70364.3
6950,6940.97,4802.654328666838,32675.95
6951,6940.97,4802.654328666838,32675.95
6952,6940.97,8787.34,22830.86999999999
6953,6940.97,8787.34,22830.86999999999
6954,6940.97,8787.34,0.0
6955,6940.97,8787.34,0.0
6956,6940.97,8787.34,70364.3
6957,6940.97,8787.34,70364.3
6958,6940.97,4840.0948222377565,0.0
6959,6940.97,4840.0948222377565,0.0
6960,6940.97,145.5663048114966,17042.810047882616
6961,6940.97,145.5663048114966,17042.810047882616
6962,6940.97,0.0,0.0
6963,6940.97,0.0,0.0
6964,6940.97,716.2718879681161,66789.83745211738
6965,6940.97,716.2718879681161,66789.83745211738
6966,6940.97,4206.256053992956,0.0
6967,6940.97,4206.256053992956,0.0
6968,6940.97,2768.4087704200374,0.0
6969,6940.97,2768.4087704200374,0.0
6970,6940.97,0.0,0.0
6971,6940.97,0.0,0.0
6972,6532.166509242742,0.0,0.0
6973,6532.166509242742,0.0,0.0
6974,6940.97,0.0,0.0
6975,6940.97,0.0,0.0
6976,6940.97,4106.338056729497,0.0
6977,6940.97,4106.338056729497,0.0
6978,6940.97,5369.042371503391,0.0
6979,6940.97,5369.042371503391,0.0
6980,6940.97,8787.34,0.0
6981,6940.97,8787.34,0.0
6982,6940.97,1144.8031618872174,58787.74910772283
6983,6940.97,1144.8031618872174,58787.74910772283
6984,6940.97,0.0,45514.17041794942
6985,6940.97,0.0,45514.17041794942
6986,6940.97,0.0,44849.13115713489
6987,6940.97,0.0,44849.13115713489
6988,6940.97,0.0,0.0
6989,6940.97,0.0,0.0
6990,6940.97,0.0,0.0
6991,6940.97,0.0,0.0
6992,6940.97,0.0,0.0
6993,6940.97,0.0,0.0
6994,6940.97,0.0,0.0
6995,6940.97,0.0,0.0
6996,6940.97,0.0,0.0
6997,6940.97,0.0,0.0
6998,6940.97,0.0,0.0
6999,6940.97,0.0,0.0
7000,6940.97,3419.858100932911,0.0
7001,6940.97,3419.858100932911,0.0
7002,6940.97,1397.1601672025918,0.0
7003,6940.97,1397.1601672025918,0.0
7004,6940.97,4420.525305161533,0.0
7005,6940.97,4420.525305161533,0.0
7006,6940.97,0.0,60027.29108514004
7007,6940.97,0.0,60027.29108514004
7008,6940.97,0.0,51921.09368156885
7009,6940.97,0.0,51921.09368156885
7010,6940.97,0.0,63515.813300438705
7011,6940.97,0.0,63515.813300438705
7012,6940.97,5268.131492446977,0.0
7013,6940.97,5268.131492446977,0.0
7014,6940.97,8787.34,20731.890259900312
7015,6940.97,8787.34,20731.890259900312
7016,6940.97,8389.387595758764,35634.26531788462
7017,6940.97,8389.387595758764,35634.26531788462
7018,6940.97,73.51046626973584,70364.3
7019,6940.97,73.51046626973584,70364.3
7020,6940.97,0.0,70364.3
7021,6940.97,0.0,70364.3
7022,6940.97,0.0,70364.3
7023,6940.97,0.0,70364.3
7024,6940.97,8787.34,70364.3
7025,6940.97,8787.34,70364.3
7026,6940.97,8787.34,70364.3
7027,6940.97,8787.34,70364.3
7028,6940.97,8787.34,0.0
7029,6940.97,8787.34,0.0
7030,6940.97,779.7631583280363,70364.3
7031,6940.97,779.7631583280363,70364.3
7032,6940.97,0.0,64814.7396722603
7033,6940.97,0.0,64814.7396722603
7034,6940.97,0.0,70364.3
7035,6940.97,0.0,70364.3
7036,2414.559318695534,5834.142089830877,34352.729999999996
7037,2414.559318695534,5834.142089830877,34352.729999999996
7038,657.7573688631164,8787.34,37890.197499999995
7039,657.7573688631164,8787.34,37890.197499999995
7040,0.0,8098.2614644237165,36062.9485
7041,0.0,8098.2614644237165,36062.9485
7042,0.0,2683.661255822457,34315.23649999999
7043,0.0,2683.661255822457,34315.23649999999
7044,0.0,0.0,33695.35
7045,0.0,0.0,33695.35
7046,0.0,0.0,35009.475
7047,0.0,0.0,35009.475
7048,0.0,7555.119360816037,39784.116
7049,0.0,7555.119360816037,39784.116
7050,0.0,5487.025743835378,34658.00149999999
7051,0.0,5487.025743835378,34658.00149999999
7052,0.0,5701.387942951596,26694.9375
7053,0.0,5701.387942951596,26694.9375
7054,0.0,2466.7338512195165,21102.052500000005
7055,0.0,2466.7338512195165,21102.052500000005
7056,6940.97,0.0,0.0
7057,6940.97,0.0,0.0
7058,6940.97,0.0,0.0
7059,6940.97,0.0,0.0
7060,6940.97,0.0,0.0
7061,6940.97,0.0,0.0
7062,6940.97,7800.945959389637,32.88780867022433
7063,6940.97,7800.945959389637,32.88780867022433
7064,3091.2837047617613,8787.34,0.0
7065,3091.2837047617613,8787.34,0.0
7066,0.0,6549.510005798618,0.0
7067,0.0,6549.510005798618,0.0
7068,0.0,0.0,70364.3
7069,0.0,0.0,70364.3
7070,0.0,0.0,52385.26332575831
7071,0.0,0.0,52385.26332575831
7072,3647.4664518860372,8597.537628616918,70364.3
7073,3647.4664518860372,8597.537628616918,70364.3
7074,6940.97,4832.368099038818,70364.3
7075,6940.97,4832.368099038818,70364.3
7076,6940.97,0.0,58913.34686557144
7077,6940.97,0.0,58913.34686557144
7078,6940.97,192.41811166047773,0.0
7079,6940.97,192.41811166047773,0.0
7080,6940.97,0.0,0.0
7081,6940.97,0.0,0.0
7082,6940.97,0.0,0.0
7083,6940.97,0.0,0.0
7084,6940.97,2611.2784480417376,70364.3
7085,6940.97,2611.2784480417376,70364.3
7086,6940.97,0.0,0.0
7087,6940.97,0.0,0.0
7088,6940.97,0.0,68905.59599999999
7089,6940.97,0.0,68905.59599999999
7090,4840.217998605785,0.0,0.0
7091,4840.217998605785,0.0,0.0
7092,1818.390153382221,0.0,0.0
7093,1818.390153382221,0.0,0.0
7094,4581.411403919388,0.0,70364.3
7095,4581.411403919388,0.0,70364.3
7096,6940.97,0.0,0.0
7097,6940.97,0.0,0.0
7098,6940.97,1248.8798572079845,0.0
7099,6940.97,1248.8798572079845,0.0
7100,6940.97,0.0,70364.3
7101,6940.97,0.0,70364.3
7102,6940.97,0.0,0.0
7103,6940.97,0.0,0.0
7104,6940.97,0.0,0.0
7105,6940.97,0.0,0.0
7106,6940.97,0.0,0.0
7107,6940.97,0.0,0.0
7108,6940.97,0.0,0.0
7109,6940.97,0.0,0.0
7110,6940.97,0.0,0.0
7111,6940.97,0.0,0.0
7112,6940.97,0.0,0.0
7113,6940.97,0.0,0.0
7114,6940.97,0.0,0.0
7115,6940.97,0.0,0.0
7116,6940.97,0.0,0.0
7117,6940.97,0.0,0.0
7118,6940.97,0.0,70364.3
7119,6940.97,0.0,70364.3
7120,6940.97,0.0,70364.3
7121,6940.97,0.0,70364.3
7122,6940.97,0.0,48611.88049849786
7123,6940.97,0.0,48611.88049849786
7124,6940.97,0.0,70364.3
7125,6940.97,0.0,70364.3
7126,6940.97,0.0,0.0
7127,6940.97,0.0,0.0
7128,6940.97,0.0,0.0
7129,6940.97,0.0,0.0
7130,6940.97,0.0,0.0
7131,6940.97,0.0,0.0
7132,6940.97,0.0,48560.95037206465
7133,6940.97,0.0,48560.95037206465
7134,6940.97,0.0,70364.3
7135,6940.97,0.0,70364.3
7136,6940.97,0.0,57621.29916770692
7137,6940.97,0.0,57621.29916770692
7138,6940.97,0.0,0.0
7139,6940.97,0.0,0.0
7140,6940.97,0.0,25967.50926625928
7141,6940.97,0.0,25967.50926625928
7142,6940.97,0.0,58154.43669547132
7143,6940.97,0.0,58154.43669547132
7144,6940.97,512.0054459474959,29812.987
7145,6940.97,512.0054459474959,29812.987
7146,6940.97,883.9495840785303,23660.694000000003
7147,6940.97,883.9495840785303,23660.694000000003
7148,6940.97,0.0,18325.792499999996
7149,6940.97,0.0,18325.792499999996
7150,6940.97,0.0,14559.3675
7151,6940.97,0.0,14559.3675
7152,6940.97,0.0,10845.293073675173
7153,6940.97,0.0,10845.293073675173
7154,6940.97,0.0,6226.887697741346
7155,6940.97,0.0,6226.887697741346
7156,6940.97,0.0,15819.173174421521
7157,6940.97,0.0,15819.173174421521
7158,6940.97,0.0,30764.44493642886
7159,6940.97,0.0,30764.44493642886
7160,6940.97,0.0,22146.309617733106
7161,6940.97,0.0,22146.309617733106
7162,6940.97,0.0,9895.339099876117
7163,6940.97,0.0,9895.339099876117
7164,6940.97,0.0,19793.604192117695
7165,6940.97,0.0,19793.604192117695
7166,6940.97,0.0,32903.3602080062
7167,6940.97,0.0,32903.3602080062
7168,6940.97,0.0,30672.292000000005
7169,6940.97,0.0,30672.292000000005
7170,6940.97,1306.9464714682244,29606.249
7171,6940.97,1306.9464714682244,29606.249
7172,6940.97,0.0,24548.655000000002
7173,6940.97,0.0,24548.655000000002
7174,6940.97,0.0,20450.96
7175,6940.97,0.0,20450.96
7176,6940.97,0.0,6728.075317201197
7177,6940.97,0.0,6728.075317201197
7178,6940.97,0.0,31312.374682798807
7179,6940.97,0.0,31312.374682798807
7180,6940.97,0.0,28207.605
7181,6940.97,0.0,28207.605
7182,6940.97,0.0,35926.905
7183,6940.97,0.0,35926.905
7184,6940.97,1086.1010497350962,34367.502499999995
7185,6940.97,1086.1010497350962,34367.502499999995
7186,6940.97,0.0,32686.692499999997
7187,6940.97,0.0,32686.692499999997
7188,6940.97,0.0,32245.7625
7189,6940.97,0.0,32245.7625
7190,6940.97,0.0,33907.920000000006
7191,6940.97,0.0,33907.920000000006
7192,6940.97,1042.6856493253981,38225.7815
7193,6940.97,1042.6856493253981,38225.7815
7194,6940.97,729.1231932754763,35206.3005
7195,6940.97,729.1231932754763,35206.3005
7196,6940.97,0.0,27637.256500000003
7197,6940.97,0.0,27637.256500000003
7198,6940.97,0.0,0.0
7199,6940.97,0.0,0.0
7200,6800.470014102475,0.0,0.0
7201,6800.470014102475,0.0,0.0
7202,1297.0790334070352,0.0,0.0
7203,1297.0790334070352,0.0,0.0
7204,3840.154440297807,0.0,70364.3
7205,3840.154440297807,0.0,70364.3
7206,3805.8243302347455,755.9099182350783,20082.84249999999
7207,3805.8243302347455,755.9099182350783,20082.84249999999
7208,2303.6886660019045,0.0,70364.3
7209,2303.6886660019045,0.0,70364.3
7210,0.0,0.0,0.0
7211,0.0,0.0,0.0
7212,0.0,0.0,0.0
7213,0.0,0.0,0.0
7214,0.0,0.0,70364.3
7215,0.0,0.0,70364.3
7216,1452.4736735501065,0.0,70364.3
7217,1452.4736735501065,0.0,70364.3
7218,858.3643716148908,2403.914254468633,36959.3685
7219,858.3643716148908,2403.914254468633,36959.3685
7220,6940.97,0.0,28719.755
7221,6940.97,0.0,28719.755
7222,6720.614588621964,0.0,22196.572500000002
7223,6720.614588621964,0.0,22196.572500000002
7224,0.0,0.0,19309.7325
7225,0.0,0.0,19309.7325
7226,0.0,0.0,19585.79
7227,0.0,0.0,19585.79
7228,0.0,0.0,25572.1825
7229,0.0,0.0,25572.1825
7230,0.0,0.0,34284.604999999996
7231,0.0,0.0,34284.604999999996
7232,0.0,5023.576289741419,33949.372500000005
7233,0.0,5023.576289741419,33949.372500000005
7234,0.0,3849.9171557339996,32805.7295
7235,0.0,3849.9171557339996,32805.7295
7236,0.0,0.0,32085.2565
7237,0.0,0.0,32085.2565
7238,0.0,0.0,33778.1175
7239,0.0,0.0,33778.1175
7240,0.0,5695.7936842254585,38497.41849999999
7241,0.0,5695.7936842254585,38497.41849999999
7242,0.0,5459.92217258106,35287.3165
7243,0.0,5459.92217258106,35287.3165
7244,5382.716248535013,1175.996997222779,28588.865
7245,5382.716248535013,1175.996997222779,28588.865
7246,971.6063458320382,0.0,22955.2625
7247,971.6063458320382,0.0,22955.2625
7248,0.0,0.0,1814.1924999999937
7249,0.0,0.0,1814.1924999999937
7250,0.0,0.0,0.0
7251,0.0,0.0,0.0
7252,0.0,0.0,70364.3
7253,0.0,0.0,70364.3
7254,4998.6903441138875,2949.6074563168786,36841.185000000005
7255,4998.6903441138875,2949.6074563168786,36841.185000000005
7256,6940.97,0.0,36012.350000000006
7257,6940.97,0.0,36012.350000000006
7258,261.5188702135338,0.0,34342.2225
7259,261.5188702135338,0.0,34342.2225
7260,0.0,0.0,33792.412500000006
7261,0.0,0.0,33792.412500000006
7262,1621.1176680075769,0.0,3671.965939791713
7263,1621.1176680075769,0.0,3671.965939791713
7264,6940.97,2289.984454945089,41337.10106020828
7265,6940.97,2289.984454945089,41337.10106020828
7266,6866.082636142426,0.0,70364.3
7267,6866.082636142426,0.0,70364.3
7268,5999.495558508672,477.1901284849737,31421.731499999998
7269,5999.495558508672,477.1901284849737,31421.731499999998
7270,6777.122479553065,0.0,0.0
7271,6777.122479553065,0.0,0.0
7272,6756.354919020241,0.0,0.0
7273,6756.354919020241,0.0,0.0
7274,4100.034634035441,0.0,0.0
7275,4100.034634035441,0.0,0.0
7276,2002.0459423860038,0.0,70364.3
7277,2002.0459423860038,0.0,70364.3
7278,5493.677141477336,1528.5444436943199,0.0
7279,5493.677141477336,1528.5444436943199,0.0
7280,6161.79474886571,0.0,0.0
7281,6161.79474886571,0.0,0.0
7282,0.0,0.0,70364.3
7283,0.0,0.0,70364.3
7284,0.0,0.0,0.0
7285,0.0,0.0,0.0
7286,0.0,0.0,0.0
7287,0.0,0.0,0.0
7288,0.0,694.0021416445379,11749.948161637112
7289,0.0,694.0021416445379,11749.948161637112
7290,3978.746241173588,0.0,0.0
7291,3978.746241173588,0.0,0.0
7292,0.0,0.0,0.0
7293,0.0,0.0,0.0
7294,6615.912578947577,0.0,0.0
7295,6615.912578947577,0.0,0.0
7296,0.0,0.0,34440.08917170295
7297,0.0,0.0,34440.08917170295
7298,0.0,0.0,27975.724959634885
7299,0.0,0.0,27975.724959634885
7300,0.0,0.0,35124.286314864104
7301,0.0,0.0,35124.286314864104
7302,0.0,0.0,54205.31278905473
7303,0.0,0.0,54205.31278905473
7304,0.0,0.0,19589.195454979286
7305,0.0,0.0,19589.195454979286
7306,0.0,0.0,15026.477775606705
7307,0.0,0.0,15026.477775606705
7308,0.0,0.0,0.0
7309,0.0,0.0,0.0
7310,0.0,0.0,55894.04275600462
7311,0.0,0.0,55894.04275600462
7312,6940.97,0.0,70364.3
7313,6940.97,0.0,70364.3
7314,6940.97,0.0,70364.3
7315,6940.97,0.0,70364.3
7316,6940.97,0.0,63999.50797484467
7317,6940.97,0.0,63999.50797484467
7318,4612.048116103227,0.0,0.0
7319,4612.048116103227,0.0,0.0
7320,3246.1138041748436,0.0,0.0
7321,3246.1138041748436,0.0,0.0
7322,2440.934599121961,0.0,25531.524599822653
7323,2440.934599121961,0.0,25531.524599822653
7324,0.0,0.0,0.0
7325,0.0,0.0,0.0
7326,0.0,0.0,0.0
7327,0.0,0.0,0.0
7328,0.0,0.0,0.0
7329,0.0,0.0,0.0
7330,0.0,0.0,8625.016914853622
7331,0.0,0.0,8625.016914853622
7332,0.0,0.0,5875.549198103763
7333,0.0,0.0,5875.549198103763
7334,0.0,0.0,46548.38016776879
7335,0.0,0.0,46548.38016776879
7336,0.0,0.0,70364.3
7337,0.0,0.0,70364.3
7338,0.0,0.0,70364.3
7339,0.0,0.0,70364.3
7340,0.0,0.0,70364.3
7341,0.0,0.0,70364.3
7342,0.0,0.0,47534.05726112204
7343,0.0,0.0,47534.05726112204
7344,0.0,0.0,0.0
7345,0.0,0.0,0.0
7346,0.0,0.0,33221.38191773452
7347,0.0,0.0,33221.38191773452
7348,0.0,0.0,0.0
7349,0.0,0.0,0.0
7350,0.0,652.56245214298,0.0
7351,0.0,652.56245214298,0.0
7352,0.0,0.0,15316.890223755006
7353,0.0,0.0,15316.890223755006
7354,0.0,0.0,68218.50035851044
7355,0.0,0.0,68218.50035851044
7356,0.0,0.0,0.0
7357,0.0,0.0,0.0
7358,0.0,0.0,0.0
7359,0.0,0.0,0.0
7360,0.0,2263.3949169247007,70364.3
7361,0.0,2263.3949169247007,70364.3
7362,0.0,3033.8305066530993,70364.3
7363,0.0,3033.8305066530993,70364.3
7364,2574.311298770206,0.0,0.0
7365,2574.311298770206,0.0,0.0
7366,0.0,0.0,0.0
7367,0.0,0.0,0.0
7368,0.0,0.0,0.0
7369,0.0,0.0,0.0
7370,0.0,0.0,0.0
7371,0.0,0.0,0.0
7372,0.0,0.0,0.0
7373,0.0,0.0,0.0
7374,0.0,4689.942029800439,70364.3
7375,0.0,4689.942029800439,70364.3
7376,0.0,143.4116303869596,70364.3
7377,0.0,143.4116303869596,70364.3
7378,0.0,2417.303014519597,0.0
7379,0.0,2417.303014519597,0.0
7380,0.0,0.0,0.0
7381,0.0,0.0,0.0
7382,0.0,416.8738381944386,70364.3
7383,0.0,416.8738381944386,70364.3
7384,0.0,0.0,70364.3
7385,0.0,0.0,70364.3
7386,0.0,1178.6378916788626,70364.3
7387,0.0,1178.6378916788626,70364.3
7388,2448.2322475940946,0.0,70364.3
7389,2448.2322475940946,0.0,70364.3
7390,4776.868064552674,0.0,21753.222500000003
7391,4776.868064552674,0.0,21753.222500000003
7392,6940.97,0.0,0.0
7393,6940.97,0.0,0.0
7394,4683.146334638446,0.0,0.0
7395,4683.146334638446,0.0,0.0
7396,0.0,0.0,0.0
7397,0.0,0.0,0.0
7398,6940.97,7861.6107910214,6379.826767800376
7399,6940.97,7861.6107910214,6379.826767800376
7400,0.0,6169.6808205705765,0.0
7401,0.0,6169.6808205705765,0.0
7402,0.0,0.0,0.0
7403,0.0,0.0,0.0
7404,0.0,0.0,15946.193169502134
7405,0.0,0.0,15946.193169502134
7406,0.0,6872.215642368579,12423.211840842152
7407,0.0,6872.215642368579,12423.211840842152
7408,5920.3467300499215,8205.61057390552,43436.28468146006
7409,5920.3467300499215,8205.61057390552,43436.28468146006
7410,6940.97,8787.34,27791.850271814357
7411,6940.97,8787.34,27791.850271814357
7412,6940.97,1238.7318000895593,70364.3
7413,6940.97,1238.7318000895593,70364.3
7414,6940.97,6105.2040376715795,70364.3
7415,6940.97,6105.2040376715795,70364.3
7416,6940.97,0.0,62554.08016756526
7417,6940.97,0.0,62554.08016756526
7418,6940.97,0.0,64078.13060101567
7419,6940.97,0.0,64078.13060101567
7420,6940.97,0.0,70364.3
7421,6940.97,0.0,70364.3
7422,6940.97,0.0,37182.9925
7423,6940.97,0.0,37182.9925
7424,6940.97,3882.002163264901,36977.815
7425,6940.97,3882.002163264901,36977.815
7426,2017.626512238783,0.0,35010.9025
7427,2017.626512238783,0.0,35010.9025
7428,2260.3435836868193,0.0,35099.2175
7429,2260.3435836868193,0.0,35099.2175
7430,6940.97,0.0,37714.455
7431,6940.97,0.0,37714.455
7432,6940.97,2619.4033233950995,41709.1795
7433,6940.97,2619.4033233950995,41709.1795
7434,6940.97,6794.855781756161,37096.066
7435,6940.97,6794.855781756161,37096.066
7436,6940.97,0.0,30883.11
7437,6940.97,0.0,30883.11
7438,6940.97,0.0,24482.280000000002
7439,6940.97,0.0,24482.280000000002
7440,6940.97,0.0,21561.96
7441,6940.97,0.0,21561.96
7442,6940.97,0.0,22052.065000000002
7443,6940.97,0.0,22052.065000000002
7444,6940.97,0.0,27373.07
7445,6940.97,0.0,27373.07
7446,6940.97,1569.3432921548992,37092.25
7447,6940.97,1569.3432921548992,37092.25
7448,6940.97,0.0,36998.067500000005
7449,6940.97,0.0,36998.067500000005
7450,5877.043331843637,0.0,35182.11
7451,5877.043331843637,0.0,35182.11
7452,2225.9287040764866,0.0,34183.265
7453,2225.9287040764866,0.0,34183.265
7454,6118.238138870267,0.0,35868.64
7455,6118.238138870267,0.0,35868.64
7456,6940.97,337.40578193112015,39443.3295
7457,6940.97,337.40578193112015,39443.3295
7458,6940.97,5115.486535891439,34680.263
7459,6940.97,5115.486535891439,34680.263
7460,6940.97,216.55734090977876,28247.760000000002
7461,6940.97,216.55734090977876,28247.760000000002
7462,6940.97,0.0,21812.8825
7463,6940.97,0.0,21812.8825
7464,6940.97,0.0,18365.380000000005
7465,6940.97,0.0,18365.380000000005
7466,6940.97,0.0,16615.732500000002
7467,6940.97,0.0,16615.732500000002
7468,6940.97,0.0,18984.1925
7469,6940.97,0.0,18984.1925
7470,5340.101292269031,0.0,23630.057500000003
7471,5340.101292269031,0.0,23630.057500000003
7472,5591.427594350538,0.0,27480.692499999997
7473,5591.427594350538,0.0,27480.692499999997
7474,6940.97,0.0,27794.899999999998
7475,6940.97,0.0,27794.899999999998
7476,4429.0752183998375,0.0,26839.9675
7477,4429.0752183998375,0.0,26839.9675
7478,6940.97,0.0,21847.851938833017
7479,6940.97,0.0,21847.851938833017
7480,6940.97,0.0,0.0
7481,6940.97,0.0,0.0
7482,6940.97,1913.9145002323003,57686.6850778925
7483,6940.97,1913.9145002323003,57686.6850778925
7484,6940.97,0.0,27618.4859832745
7485,6940.97,0.0,27618.4859832745
7486,6940.97,4072.0112057959377,0.0
7487,6940.97,4072.0112057959377,0.0
7488,6940.97,0.0,0.0
7489,6940.97,0.0,0.0
7490,6940.97,0.0,0.0
7491,6940.97,0.0,0.0
7492,6940.97,0.0,0.0
7493,6940.97,0.0,0.0
7494,6940.97,0.0,8254.001656273278
7495,6940.97,0.0,8254.001656273278
7496,6940.97,0.0,6935.280762412382
7497,6940.97,0.0,6935.280762412382
7498,3824.033013787386,0.0,0.0
7499,3824.033013787386,0.0,0.0
7500,0.0,0.0,6516.808100660768
7501,0.0,0.0,6516.808100660768
7502,2765.3120718756763,0.0,43588.66831889475
7503,2765.3120718756763,0.0,43588.66831889475
7504,6940.97,0.0,70364.3
7505,6940.97,0.0,70364.3
7506,6940.97,0.0,67116.39038423047
7507,6940.97,0.0,67116.39038423047
7508,6940.97,0.0,0.0
7509,6940.97,0.0,0.0
7510,6940.97,0.0,7141.960217321306
7511,6940.97,0.0,7141.960217321306
7512,6940.97,0.0,0.0
7513,6940.97,0.0,0.0
7514,6940.97,0.0,0.0
7515,6940.97,0.0,0.0
7516,6940.97,0.0,0.0
7517,6940.97,0.0,0.0
7518,6940.97,0.0,62190.63410444674
7519,6940.97,0.0,62190.63410444674
7520,6940.97,0.0,51652.7094136127
7521,6940.97,0.0,51652.7094136127
7522,6940.97,0.0,32679.15102470675
7523,6940.97,0.0,32679.15102470675
7524,4985.464103285347,0.0,0.0
7525,4985.464103285347,0.0,0.0
7526,6940.97,0.0,56935.67808706898
7527,6940.97,0.0,56935.67808706898
7528,6940.97,0.0,70364.3
7529,6940.97,0.0,70364.3
7530,6940.97,1004.5199513781681,65952.9834708985
7531,6940.97,1004.5199513781681,65952.9834708985
7532,6940.97,0.0,27214.67639210247
7533,6940.97,0.0,27214.67639210247
7534,6940.97,0.0,0.0
7535,6940.97,0.0,0.0
7536,6940.97,0.0,0.0
7537,6940.97,0.0,0.0
7538,6940.97,0.0,0.0
7539,6940.97,0.0,0.0
7540,6940.97,0.0,0.0
7541,6940.97,0.0,0.0
7542,6940.97,6450.5,0.0
7543,6940.97,6450.5,0.0
7544,6940.97,0.0,44601.43702078474
7545,6940.97,0.0,44601.43702078474
7546,6940.97,0.0,0.0
7547,6940.97,0.0,0.0
7548,1272.1073468108043,0.0,12412.206204737391
7549,1272.1073468108043,0.0,12412.206204737391
7550,6940.97,0.0,69108.89811361198
7551,6940.97,0.0,69108.89811361198
7552,6940.97,2630.0,70364.3
7553,6940.97,2630.0,70364.3
7554,6940.97,3251.5,70364.3
7555,6940.97,3251.5,70364.3
7556,6940.97,0.0,57284.20931065417
7557,6940.97,0.0,57284.20931065417
7558,6940.97,0.0,22991.384417582667
7559,6940.97,0.0,22991.384417582667
7560,6940.97,1599.0,5117.481037049045
7561,6940.97,1599.0,5117.481037049045
7562,6940.97,0.0,7445.505404717856
7563,6940.97,0.0,7445.505404717856
7564,6940.97,0.0,38105.73652466215
7565,6940.97,0.0,38105.73652466215
7566,6940.97,1195.5642816082109,40879.27953357096
7567,6940.97,1195.5642816082109,40879.27953357096
7568,6940.97,2329.43571839184,33021.1525
7569,6940.97,2329.43571839184,33021.1525
7570,6940.97,0.0,32303.245000000003
7571,6940.97,0.0,32303.245000000003
7572,2830.5423998105252,0.0,32150.6875
7573,2830.5423998105252,0.0,32150.6875
7574,6489.757231167398,0.0,34560.634999999995
7575,6489.757231167398,0.0,34560.634999999995
7576,6940.97,2966.51257168944,0.0
7577,6940.97,2966.51257168944,0.0
7578,6940.97,2254.9874283106565,70364.3
7579,6940.97,2254.9874283106565,70364.3
7580,6940.97,0.0,32611.33000000001
7581,6940.97,0.0,32611.33000000001
7582,6940.97,0.0,22188.410000000003
7583,6940.97,0.0,22188.410000000003
7584,6940.97,0.0,16917.280639487042
7585,6940.97,0.0,16917.280639487042
7586,6940.97,0.0,17807.705171376278
7587,6940.97,0.0,17807.705171376278
7588,6940.97,4463.422017949737,28640.371689136682
7589,6940.97,4463.422017949737,28640.371689136682
7590,6940.97,7940.302581213917,35289.3525
7591,6940.97,7940.302581213917,35289.3525
7592,6940.97,8787.34,34424.1125
7593,6940.97,8787.34,34424.1125
7594,6940.97,2729.0741135131375,32292.837499999998
7595,6940.97,2729.0741135131375,32292.837499999998
7596,6940.97,0.0,0.0
7597,6940.97,0.0,0.0
7598,6940.97,6480.0477864221375,0.0
7599,6940.97,6480.0477864221375,0.0
7600,6940.97,7585.926657333539,17878.33601215759
7601,6940.97,7585.926657333539,17878.33601215759
7602,6940.97,6237.054114684357,70364.3
7603,6940.97,6237.054114684357,70364.3
7604,6940.97,4939.998282776598,70364.3
7605,6940.97,4939.998282776598,70364.3
7606,6940.97,3758.985000841936,46787.8859878424
7607,6940.97,3758.985000841936,46787.8859878424
7608,6940.97,0.0,20832.707500000004
7609,6940.97,0.0,20832.707500000004
7610,6940.97,0.0,17655.881834908694
7611,6940.97,0.0,17655.881834908694
7612,6940.97,1924.4416351817981,27856.56316509131
7613,6940.97,1924.4416351817981,27856.56316509131
7614,6940.97,8787.34,33602.7575
7615,6940.97,8787.34,33602.7575
7616,6940.97,8787.34,33046.4025
7617,6940.97,8787.34,33046.4025
7618,6940.97,6055.375499294956,31361.485
7619,6940.97,6055.375499294956,31361.485
7620,6940.97,0.0,30185.725000000006
7621,6940.97,0.0,30185.725000000006
7622,6940.97,0.0,32853.3415
7623,6940.97,0.0,32853.3415
7624,6940.97,6258.822359726817,37431.22549999999
7625,6940.97,6258.822359726817,37431.22549999999
7626,6940.97,1941.2525857249966,31844.631499999996
7627,6940.97,1941.2525857249966,31844.631499999996
7628,6940.97,3902.2641665537776,25186.9625
7629,6940.97,3902.2641665537776,25186.9625
7630,6940.97,122.9104315025645,0.0
7631,6940.97,122.9104315025645,0.0
7632,6940.97,0.0,0.0
7633,6940.97,0.0,0.0
7634,6940.97,0.0,0.0
7635,6940.97,0.0,0.0
7636,6940.97,0.0,0.0
7637,6940.97,0.0,0.0
7638,6940.97,0.0,4634.759393892557
7639,6940.97,0.0,4634.759393892557
7640,6940.97,3418.557984928577,8863.220609651209
7641,6940.97,3418.557984928577,8863.220609651209
7642,6940.97,0.0,0.0
7643,6940.97,0.0,0.0
7644,6940.97,0.0,6985.612738720549
7645,6940.97,0.0,6985.612738720549
7646,6940.97,0.0,44910.19266764901
7647,6940.97,0.0,44910.19266764901
7648,6940.97,0.0,70364.3
7649,6940.97,0.0,70364.3
7650,6940.97,0.0,63438.040495178764
7651,6940.97,0.0,63438.040495178764
7652,6940.97,0.0,38153.36295968476
7653,6940.97,0.0,38153.36295968476
7654,6940.97,0.0,10375.29048750973
7655,6940.97,0.0,10375.29048750973
7656,6940.97,0.0,0.0
7657,6940.97,0.0,0.0
7658,6940.97,0.0,0.0
7659,6940.97,0.0,0.0
7660,6940.97,0.0,0.0
7661,6940.97,0.0,0.0
7662,6940.97,0.0,0.0
7663,6940.97,0.0,0.0
7664,6940.97,0.0,9317.160927710327
7665,6940.97,0.0,9317.160927710327
7666,6940.97,0.0,12914.134821536049
7667,6940.97,0.0,12914.134821536049
7668,6147.846163084218,0.0,8385.713094342427
7669,6147.846163084218,0.0,8385.713094342427
7670,6940.97,0.0,29130.6738416788
7671,6940.97,0.0,29130.6738416788
7672,6940.97,0.0,63785.720424662024
7673,6940.97,0.0,63785.720424662024
7674,6940.97,0.0,61556.34189919953
7675,6940.97,0.0,61556.34189919953
7676,6940.97,0.0,42245.06503823388
7677,6940.97,0.0,42245.06503823388
7678,6940.97,0.0,14858.590951356964
7679,6940.97,0.0,14858.590951356964
7680,6940.97,0.0,0.0
7681,6940.97,0.0,0.0
7682,6940.97,0.0,0.0
7683,6940.97,0.0,0.0
7684,6940.97,0.0,24735.44369013564
7685,6940.97,0.0,24735.44369013564
7686,6940.97,2593.193587515918,70364.3
7687,6940.97,2593.193587515918,70364.3
7688,6940.97,3584.0850219075255,70364.3
7689,6940.97,3584.0850219075255,70364.3
7690,6940.97,0.0,55023.76340366455
7691,6940.97,0.0,55023.76340366455
7692,6940.97,0.0,63334.63522580749
7693,6940.97,0.0,63334.63522580749
7694,6940.97,0.0,69721.02482938577
7695,6940.97,0.0,69721.02482938577
7696,6940.97,3065.300859831699,39398.009000000005
7697,6940.97,3065.300859831699,39398.009000000005
7698,6940.97,2142.187535038096,34980.143500000006
7699,6940.97,2142.187535038096,34980.143500000006
7700,6940.97,1134.7112264110365,28590.41
7701,6940.97,1134.7112264110365,28590.41
7702,6940.97,0.0,22231.985
7703,6940.97,0.0,22231.985
7704,6940.97,0.0,20020.665
7705,6940.97,0.0,20020.665
7706,6940.97,0.0,19801.73143848138
7707,6940.97,0.0,19801.73143848138
7708,6940.97,0.0,28524.676061518625
7709,6940.97,0.0,28524.676061518625
7710,6940.97,0.0,5307.037499999991
7711,6940.97,0.0,5307.037499999991
7712,6940.97,0.0,70364.3
7713,6940.97,0.0,70364.3
7714,6940.97,0.0,36431.5925
7715,6940.97,0.0,36431.5925
7716,3985.0850837394682,0.0,35942.0625
7717,3985.0850837394682,0.0,35942.0625
7718,4528.709218477026,0.0,38313.8965
7719,4528.709218477026,0.0,38313.8965
7720,6940.97,0.0,41685.193999999996
7721,6940.97,0.0,41685.193999999996
7722,6940.97,0.0,36631.925
7723,6940.97,0.0,36631.925
7724,6940.97,0.0,28971.955
7725,6940.97,0.0,28971.955
7726,6940.97,0.0,0.0
7727,6940.97,0.0,0.0
7728,6940.97,0.0,0.0
7729,6940.97,0.0,0.0
7730,6940.97,0.0,0.0
7731,6940.97,0.0,0.0
7732,6940.97,0.0,0.0
7733,6940.97,0.0,0.0
7734,6940.97,2493.7062026466706,0.0
7735,6940.97,2493.7062026466706,0.0
7736,6940.97,1113.7049633794995,0.0
7737,6940.97,1113.7049633794995,0.0
7738,4296.24006858587,0.0,0.0
7739,4296.24006858587,0.0,0.0
7740,290.0877945774919,0.0,0.0
7741,290.0877945774919,0.0,0.0
7742,2876.585379905071,0.0,0.0
7743,2876.585379905071,0.0,0.0
7744,6940.97,2807.445793026127,0.0
7745,6940.97,2807.445793026127,0.0
7746,6940.97,3248.650144560097,0.0
7747,6940.97,3248.650144560097,0.0
7748,6940.97,0.0,0.0
7749,6940.97,0.0,0.0
7750,6940.97,0.0,0.0
7751,6940.97,0.0,0.0
7752,6940.97,0.0,0.0
7753,6940.97,0.0,0.0
7754,6940.97,0.0,0.0
7755,6940.97,0.0,0.0
7756,6940.97,0.0,0.0
7757,6940.97,0.0,0.0
7758,6940.97,6361.466668052799,0.0
7759,6940.97,6361.466668052799,0.0
7760,6940.97,5701.904286157822,0.0
7761,6940.97,5701.904286157822,0.0
7762,6940.97,2095.44433034388,0.0
7763,6940.97,2095.44433034388,0.0
7764,6105.740248947342,0.0,0.0
7765,6105.740248947342,0.0,0.0
7766,6940.97,0.0,0.0
7767,6940.97,0.0,0.0
7768,6940.97,0.0,0.0
7769,6940.97,0.0,0.0
7770,6940.97,2554.046288825377,0.0
7771,6940.97,2554.046288825377,0.0
7772,6940.97,0.0,0.0
7773,6940.97,0.0,0.0
7774,6940.97,0.0,0.0
7775,6940.97,0.0,0.0
7776,6940.97,0.0,0.0
7777,6940.97,0.0,0.0
7778,6940.97,0.0,0.0
7779,6940.97,0.0,0.0
7780,6940.97,0.0,0.0
7781,6940.97,0.0,0.0
7782,6940.97,1995.35059256071,0.0
7783,6940.97,1995.35059256071,0.0
7784,6940.97,2829.103233493506,0.0
7785,6940.97,2829.103233493506,0.0
7786,6940.97,0.0,0.0
7787,6940.97,0.0,0.0
7788,0.0,0.0,0.0
7789,0.0,0.0,0.0
7790,5723.066348904309,0.0,2754.0585074472037
7791,5723.066348904309,0.0,2754.0585074472037
7792,5713.2469318098665,0.0,17896.423016639324
7793,5713.2469318098665,0.0,17896.423016639324
7794,6940.97,0.0,0.0
7795,6940.97,0.0,0.0
7796,6940.97,0.0,0.0
7797,6940.97,0.0,0.0
7798,6940.97,0.0,0.0
7799,6940.97,0.0,0.0
7800,4440.293010496021,0.0,0.0
7801,4440.293010496021,0.0,0.0
7802,250.3420554987133,0.0,0.0
7803,250.3420554987133,0.0,0.0
7804,0.0,0.0,0.0
7805,0.0,0.0,0.0
7806,0.0,0.0,0.0
7807,0.0,0.0,0.0
7808,0.0,0.0,0.0
7809,0.0,0.0,0.0
7810,0.0,0.0,0.0
7811,0.0,0.0,0.0
7812,0.0,0.0,0.0
7813,0.0,0.0,0.0
7814,0.0,0.0,0.0
7815,0.0,0.0,0.0
7816,0.0,0.0,0.0
7817,0.0,0.0,0.0
7818,6940.97,0.0,0.0
7819,6940.97,0.0,0.0
7820,6940.97,0.0,0.0
7821,6940.97,0.0,0.0
7822,6940.97,128.49404860026152,0.0
7823,6940.97,128.49404860026152,0.0
7824,4578.1778858057805,0.0,0.0
7825,4578.1778858057805,0.0,0.0
7826,0.0,0.0,0.0
7827,0.0,0.0,0.0
7828,0.0,0.0,0.0
7829,0.0,0.0,0.0
7830,3380.6280912031743,392.0,0.0
7831,3380.6280912031743,392.0,0.0
7832,4207.693748338752,2130.0,0.0
7833,4207.693748338752,2130.0,0.0
7834,0.0,0.0,0.0
7835,0.0,0.0,0.0
7836,0.0,0.0,0.0
7837,0.0,0.0,0.0
7838,599.0170266259374,0.0,0.0
7839,599.0170266259374,0.0,0.0
7840,6940.97,7533.048921176956,0.0
7841,6940.97,7533.048921176956,0.0
7842,6940.97,8787.34,0.0
7843,6940.97,8787.34,0.0
7844,6940.97,7553.167100221815,0.0
7845,6940.97,7553.167100221815,0.0
7846,6940.97,8593.001463387538,0.0
7847,6940.97,8593.001463387538,0.0
7848,6940.97,5777.618452930159,0.0
7849,6940.97,5777.618452930159,0.0
7850,6940.97,3292.542777033357,0.0
7851,6940.97,3292.542777033357,0.0
7852,5823.27065851404,8787.34,0.0
7853,5823.27065851404,8787.34,0.0
7854,6940.97,8787.34,28811.848254007105
7855,6940.97,8787.34,28811.848254007105
7856,6940.97,8787.34,21822.505865541374
7857,6940.97,8787.34,21822.505865541374
7858,1254.8761242855871,8787.34,0.0
7859,1254.8761242855871,8787.34,0.0
7860,3384.3057034475714,8787.34,0.0
7861,3384.3057034475714,8787.34,0.0
7862,6591.912529238667,8787.34,23889.642042676365
7863,6591.912529238667,8787.34,23889.642042676365
7864,6940.97,8787.34,42438.62576918975
7865,6940.97,8787.34,42438.62576918975
7866,6940.97,8787.34,21949.269723184363
7867,6940.97,8787.34,21949.269723184363
7868,6940.97,8787.34,0.0
7869,6940.97,8787.34,0.0
7870,6940.97,8787.34,0.0
7871,6940.97,8787.34,0.0
7872,6940.97,8787.34,0.0
7873,6940.97,8787.34,0.0
7874,6940.97,5260.496542172317,0.0
7875,6940.97,5260.496542172317,0.0
7876,6940.97,8787.34,0.0
7877,6940.97,8787.34,0.0
7878,6940.97,8787.34,0.0
7879,6940.97,8787.34,0.0
7880,6940.97,8787.34,0.0
7881,6940.97,8787.34,0.0
7882,6821.2895316873,8787.34,0.0
7883,6821.2895316873,8787.34,0.0
7884,2261.278304609408,8787.34,0.0
7885,2261.278304609408,8787.34,0.0
7886,4768.521693869254,8787.34,0.0
7887,4768.521693869254,8787.34,0.0
7888,6308.319524641989,8787.34,7739.541790382762
7889,6308.319524641989,8787.34,7739.541790382762
7890,6940.97,8787.34,0.0
7891,6940.97,8787.34,0.0
7892,6940.97,7908.063693119493,0.0
7893,6940.97,7908.063693119493,0.0
7894,6940.97,6805.474395174859,0.0
7895,6940.97,6805.474395174859,0.0
7896,6940.97,3937.361367563035,0.0
7897,6940.97,3937.361367563035,0.0
7898,6940.97,83.04428383537743,0.0
7899,6940.97,83.04428383537743,0.0
7900,6940.97,4986.929650566457,0.0
7901,6940.97,4986.929650566457,0.0
7902,6574.120886208537,8787.34,1783.3686189462605
7903,6574.120886208537,8787.34,1783.3686189462605
7904,4844.048381352928,8787.34,2567.5665490652755
7905,4844.048381352928,8787.34,2567.5665490652755
7906,0.0,8787.34,0.0
7907,0.0,8787.34,0.0
7908,0.0,7134.996176360653,0.0
7909,0.0,7134.996176360653,0.0
7910,0.0,6734.128721336814,20075.79916828456
7911,0.0,6734.128721336814,20075.79916828456
7912,3237.7077612550893,8787.34,36305.97704673599
7913,3237.7077612550893,8787.34,36305.97704673599
7914,6940.97,8787.34,19300.300226764855
7915,6940.97,8787.34,19300.300226764855
7916,6940.97,3605.0603866077163,0.0
7917,6940.97,3605.0603866077163,0.0
7918,6940.97,3488.6057117908167,0.0
7919,6940.97,3488.6057117908167,0.0
7920,6940.97,674.7045630808971,0.0
7921,6940.97,674.7045630808971,0.0
7922,6940.97,0.0,0.0
7923,6940.97,0.0,0.0
7924,5959.495274532161,4353.803759295577,0.0
7925,5959.495274532161,4353.803759295577,0.0
7926,6940.97,8787.34,19519.71440037842
7927,6940.97,8787.34,19519.71440037842
7928,6940.97,8787.34,20273.58223082726
7929,6940.97,8787.34,20273.58223082726
7930,2256.663407292599,8787.34,4627.729838358457
7931,2256.663407292599,8787.34,4627.729838358457
7932,0.0,8367.650221464992,4227.428001184293
7933,0.0,8367.650221464992,4227.428001184293
7934,17.37697017303799,8787.34,27911.84628327116
7935,17.37697017303799,8787.34,27911.84628327116
7936,6940.97,8787.34,70364.3
7937,6940.97,8787.34,70364.3
7938,6940.97,8787.34,19822.48567270083
7939,6940.97,8787.34,19822.48567270083
7940,6940.97,8787.34,0.0
7941,6940.97,8787.34,0.0
7942,6940.97,8787.34,0.0
7943,6940.97,8787.34,0.0
7944,6940.97,8787.34,0.0
7945,6940.97,8787.34,0.0
7946,6940.97,5961.500222336075,0.0
7947,6940.97,5961.500222336075,0.0
7948,6940.97,8787.34,0.0
7949,6940.97,8787.34,0.0
7950,6940.97,8787.34,0.0
7951,6940.97,8787.34,0.0
7952,6940.97,8787.34,0.0
7953,6940.97,8787.34,0.0
7954,6940.97,8787.34,0.0
7955,6940.97,8787.34,0.0
7956,6940.97,7673.739268141793,0.0
7957,6940.97,7673.739268141793,0.0
7958,6940.97,7555.756406918137,0.0
7959,6940.97,7555.756406918137,0.0
7960,6940.97,8787.34,0.0
7961,6940.97,8787.34,0.0
7962,6940.97,8787.34,0.0
7963,6940.97,8787.34,0.0
7964,6940.97,8787.34,0.0
7965,6940.97,8787.34,0.0
7966,6940.97,8530.836349715517,0.0
7967,6940.97,8530.836349715517,0.0
7968,6940.97,3522.0227421360205,0.0
7969,6940.97,3522.0227421360205,0.0
7970,6940.97,0.0,0.0
7971,6940.97,0.0,0.0
7972,6940.97,0.0,0.0
7973,6940.97,0.0,0.0
7974,6940.97,3642.899787881239,0.0
7975,6940.97,3642.899787881239,0.0
7976,6940.97,6689.991986529709,0.0
7977,6940.97,6689.991986529709,0.0
7978,6940.97,1965.0199249317393,0.0
7979,6940.97,1965.0199249317393,0.0
7980,6940.97,0.0,0.0
7981,6940.97,0.0,0.0
7982,6940.97,0.0,0.0
7983,6940.97,0.0,0.0
7984,6940.97,4762.230640169727,0.0
7985,6940.97,4762.230640169727,0.0
7986,6940.97,6575.371428984296,0.0
7987,6940.97,6575.371428984296,0.0
7988,6940.97,2988.847803776358,0.0
7989,6940.97,2988.847803776358,0.0
7990,6940.97,492.75888672361725,0.0
7991,6940.97,492.75888672361725,0.0
7992,6940.97,0.0,0.0
7993,6940.97,0.0,0.0
7994,6940.97,0.0,0.0
7995,6940.97,0.0,0.0
7996,6940.97,0.0,0.0
7997,6940.97,0.0,0.0
7998,6940.97,0.0,0.0
7999,6940.97,0.0,0.0
8000,6940.97,0.0,0.0
8001,6940.97,0.0,0.0
8002,6940.97,0.0,0.0
8003,6940.97,0.0,0.0
8004,5416.054139217842,0.0,0.0
8005,5416.054139217842,0.0,0.0
8006,6940.97,0.0,0.0
8007,6940.97,0.0,0.0
8008,6940.97,0.0,0.0
8009,6940.97,0.0,0.0
8010,6940.97,0.0,0.0
8011,6940.97,0.0,0.0
8012,6940.97,0.0,0.0
8013,6940.97,0.0,0.0
8014,6940.97,0.0,0.0
8015,6940.97,0.0,0.0
8016,6940.97,0.0,0.0
8017,6940.97,0.0,0.0
8018,6940.97,0.0,0.0
8019,6940.97,0.0,0.0
8020,6940.97,0.0,0.0
8021,6940.97,0.0,0.0
8022,6940.97,8676.157353290948,0.0
8023,6940.97,8676.157353290948,0.0
8024,6940.97,6106.881022033949,0.0
8025,6940.97,6106.881022033949,0.0
8026,6940.97,0.0,0.0
8027,6940.97,0.0,0.0
8028,6940.97,0.0,0.0
8029,6940.97,0.0,0.0
8030,6940.97,0.0,0.0
8031,6940.97,0.0,0.0
8032,6940.97,5728.561695904131,0.0
8033,6940.97,5728.561695904131,0.0
8034,6940.97,5500.352440520228,0.0
8035,6940.97,5500.352440520228,0.0
8036,6940.97,590.5881368709943,0.0
8037,6940.97,590.5881368709943,0.0
8038,6940.97,752.0707559281964,0.0
8039,6940.97,752.0707559281964,0.0
8040,6940.97,0.0,0.0
8041,6940.97,0.0,0.0
8042,6940.97,0.0,0.0
8043,6940.97,0.0,0.0
8044,6940.97,1480.5804582864384,0.0
8045,6940.97,1480.5804582864384,0.0
8046,6940.97,8787.34,0.0
8047,6940.97,8787.34,0.0
8048,6940.97,8787.34,0.0
8049,6940.97,8787.34,0.0
8050,6940.97,3879.371526436511,0.0
8051,6940.97,3879.371526436511,0.0
8052,6940.97,2548.9103971667155,0.0
8053,6940.97,2548.9103971667155,0.0
8054,6940.97,4453.970701738499,0.0
8055,6940.97,4453.970701738499,0.0
8056,6940.97,8787.34,7177.204080123149
8057,6940.97,8787.34,7177.204080123149
8058,6940.97,8787.34,0.0
8059,6940.97,8787.34,0.0
8060,6940.97,8787.34,0.0
8061,6940.97,8787.34,0.0
8062,6940.97,8787.34,0.0
8063,6940.97,8787.34,0.0
8064,6940.97,8499.273111178738,19758.3609286454
8065,6940.97,8499.273111178738,19758.3609286454
8066,6940.97,5678.169986989176,16647.434829846345
8067,6940.97,5678.169986989176,16647.434829846345
8068,6940.97,8787.34,49605.041585019266
8069,6940.97,8787.34,49605.041585019266
8070,6940.97,8787.34,70364.3
8071,6940.97,8787.34,70364.3
8072,6940.97,8787.34,70364.3
8073,6940.97,8787.34,70364.3
8074,6940.97,8787.34,70364.3
8075,6940.97,8787.34,70364.3
8076,6940.97,6866.155790998257,70364.3
8077,6940.97,6866.155790998257,70364.3
8078,6940.97,8787.34,70364.3
8079,6940.97,8787.34,70364.3
8080,6940.97,8787.34,70364.3
8081,6940.97,8787.34,70364.3
8082,6940.97,8787.34,70364.3
8083,6940.97,8787.34,70364.3
8084,6940.97,8787.34,70364.3
8085,6940.97,8787.34,70364.3
8086,6940.97,8787.34,64509.743951675744
8087,6940.97,8787.34,64509.743951675744
8088,6940.97,8787.34,42510.54232111383
8089,6940.97,8787.34,42510.54232111383
8090,6940.97,7306.611451282077,39928.51313187355
8091,6940.97,7306.611451282077,39928.51313187355
8092,6940.97,8787.34,70364.3
8093,6940.97,8787.34,70364.3
8094,6940.97,8787.34,70364.3
8095,6940.97,8787.34,70364.3
8096,6940.97,8787.34,70364.3
8097,6940.97,8787.34,70364.3
8098,6940.97,8787.34,70364.3
8099,6940.97,8787.34,70364.3
8100,6940.97,7449.59675700479,70364.3
8101,6940.97,7449.59675700479,70364.3
8102,6940.97,8787.34,70364.3
8103,6940.97,8787.34,70364.3
8104,6940.97,8787.34,70364.3
8105,6940.97,8787.34,70364.3
8106,6940.97,8787.34,70364.3
8107,6940.97,8787.34,70364.3
8108,6940.97,8628.3801946935,70364.3
8109,6940.97,8628.3801946935,70364.3
8110,6940.97,7879.626896321339,50489.756946901936
8111,6940.97,7879.626896321339,50489.756946901936
8112,6940.97,3109.219990507676,22085.416460364067
8113,6940.97,3109.219990507676,22085.416460364067
8114,6940.97,0.0,8894.370443629465
8115,6940.97,0.0,8894.370443629465
8116,6940.97,5407.590432016657,31796.064891400834
8117,6940.97,5407.590432016657,31796.064891400834
8118,6940.97,8787.34,70364.3
8119,6940.97,8787.34,70364.3
8120,6940.97,8787.34,70364.3
8121,6940.97,8787.34,70364.3
8122,6940.97,8787.34,70364.3
8123,6940.97,8787.34,70364.3
8124,6940.97,8787.34,67834.97312933071
8125,6940.97,8787.34,67834.97312933071
8126,6940.97,8787.34,70364.3
8127,6940.97,8787.34,70364.3
8128,6940.97,8787.34,70364.3
8129,6940.97,8787.34,70364.3
8130,6940.97,8787.34,70364.3
8131,6940.97,8787.34,70364.3
8132,6940.97,8787.34,56095.95611384955
8133,6940.97,8787.34,56095.95611384955
8134,6940.97,8787.34,19655.212255374972
8135,6940.97,8787.34,19655.212255374972
8136,6940.97,66.88087240112327,0.0
8137,6940.97,66.88087240112327,0.0
8138,6940.97,0.0,0.0
8139,6940.97,0.0,0.0
8140,6940.97,0.0,0.0
8141,6940.97,0.0,0.0
8142,6940.97,8787.34,11627.711059704683
8143,6940.97,8787.34,11627.711059704683
8144,6940.97,8787.34,14340.012825738759
8145,6940.97,8787.34,14340.012825738759
8146,6940.97,0.0,0.0
8147,6940.97,0.0,0.0
8148,6940.97,0.0,0.0
8149,6940.97,0.0,0.0
8150,6940.97,3515.040000281935,17738.2069976177
8151,6940.97,3515.040000281935,17738.2069976177
8152,6940.97,7902.935594251538,41513.38144202673
8153,6940.97,7902.935594251538,41513.38144202673
8154,6940.97,7286.669973728256,28802.978155078046
8155,6940.97,7286.669973728256,28802.978155078046
8156,6940.97,5643.599065589438,6035.073942259507
8157,6940.97,5643.599065589438,6035.073942259507
8158,6940.97,0.0,0.0
8159,6940.97,0.0,0.0
8160,6940.97,0.0,0.0
8161,6940.97,0.0,0.0
8162,6940.97,0.0,0.0
8163,6940.97,0.0,0.0
8164,6940.97,0.0,0.0
8165,6940.97,0.0,0.0
8166,6940.97,0.0,0.0
8167,6940.97,0.0,0.0
8168,6940.97,0.0,0.0
8169,6940.97,0.0,0.0
8170,6940.97,0.0,0.0
8171,6940.97,0.0,0.0
8172,6940.97,0.0,0.0
8173,6940.97,0.0,0.0
8174,6940.97,0.0,21957.012137151556
8175,6940.97,0.0,21957.012137151556
8176,6940.97,3744.2341930507373,57550.14615272067
8177,6940.97,3744.2341930507373,57550.14615272067
8178,6940.97,6404.169493354597,59839.5449998586
8179,6940.97,6404.169493354597,59839.5449998586
8180,6940.97,4724.252910976296,48459.32520327545
8181,6940.97,4724.252910976296,48459.32520327545
8182,6940.97,6408.946695214776,26277.53171257922
8183,6940.97,6408.946695214776,26277.53171257922
8184,6940.97,3602.719340915697,15565.683958388356
8185,6940.97,3602.719340915697,15565.683958388356
8186,6940.97,744.3456474100785,17845.075681638074
8187,6940.97,744.3456474100785,17845.075681638074
8188,6940.97,6722.138308543577,53957.290165798826
8189,6940.97,6722.138308543577,53957.290165798826
8190,6940.97,8787.34,70364.3
8191,6940.97,8787.34,70364.3
8192,6940.97,8787.34,70364.3
8193,6940.97,8787.34,70364.3
8194,6940.97,8787.34,70364.3
8195,6940.97,8787.34,70364.3
8196,6940.97,6805.8374448851555,70364.3
8197,6940.97,6805.8374448851555,70364.3
8198,6940.97,7546.460072520456,70364.3
8199,6940.97,7546.460072520456,70364.3
8200,6940.97,8787.34,70364.3
8201,6940.97,8787.34,70364.3
8202,6940.97,8787.34,70364.3
8203,6940.97,8787.34,70364.3
8204,6940.97,6305.943989775356,70364.3
8205,6940.97,6305.943989775356,70364.3
8206,6940.97,6734.081484086917,60329.45728703472
8207,6940.97,6734.081484086917,60329.45728703472
8208,6940.97,3515.291460789338,39658.76156867547
8209,6940.97,3515.291460789338,39658.76156867547
8210,6940.97,1253.8800871384774,36944.1628936655
8211,6940.97,1253.8800871384774,36944.1628936655
8212,6940.97,7355.423449750657,61867.236265508516
8213,6940.97,7355.423449750657,61867.236265508516
8214,6940.97,8787.34,70364.3
8215,6940.97,8787.34,70364.3
8216,6940.97,8787.34,70364.3
8217,6940.97,8787.34,70364.3
8218,6940.97,8787.34,70364.3
8219,6940.97,8787.34,70364.3
8220,6940.97,8787.34,70364.3
8221,6940.97,8787.34,70364.3
8222,6940.97,8787.34,70364.3
8223,6940.97,8787.34,70364.3
8224,6940.97,8787.34,70364.3
8225,6940.97,8787.34,70364.3
8226,6940.97,8787.34,70364.3
8227,6940.97,8787.34,70364.3
8228,6940.97,8787.34,70364.3
8229,6940.97,8787.34,70364.3
8230,6940.97,8787.34,54702.219476600585
8231,6940.97,8787.34,54702.219476600585
8232,6940.97,8395.925583742657,33076.98239357695
8233,6940.97,8395.925583742657,33076.98239357695
8234,6940.97,6146.969629841076,29818.403136121444
8235,6940.97,6146.969629841076,29818.403136121444
8236,6940.97,8787.34,62639.44115532671
8237,6940.97,8787.34,62639.44115532671
8238,6940.97,8787.34,70364.3
8239,6940.97,8787.34,70364.3
8240,6940.97,8787.34,70364.3
8241,6940.97,8787.34,70364.3
8242,6940.97,8787.34,70364.3
8243,6940.97,8787.34,70364.3
8244,6940.97,8787.34,70364.3
8245,6940.97,8787.34,70364.3
8246,6940.97,8787.34,70364.3
8247,6940.97,8787.34,70364.3
8248,6940.97,8787.34,70364.3
8249,6940.97,8787.34,70364.3
8250,6940.97,8787.34,70364.3
8251,6940.97,8787.34,70364.3
8252,6940.97,8787.34,70364.3
8253,6940.97,8787.34,70364.3
8254,6940.97,8787.34,42703.018016257134
8255,6940.97,8787.34,42703.018016257134
8256,6940.97,8787.34,14573.781583334987
8257,6940.97,8787.34,14573.781583334987
8258,6940.97,8787.34,4662.989997231794
8259,6940.97,8787.34,4662.989997231794
8260,6940.97,8787.34,38629.62787705043
8261,6940.97,8787.34,38629.62787705043
8262,6940.97,8787.34,70364.3
8263,6940.97,8787.34,70364.3
8264,6940.97,8787.34,70364.3
8265,6940.97,8787.34,70364.3
8266,6940.97,8787.34,67002.88338749582
8267,6940.97,8787.34,67002.88338749582
8268,6940.97,8787.34,70364.3
8269,6940.97,8787.34,70364.3
8270,6940.97,8787.34,70364.3
8271,6940.97,8787.34,70364.3
8272,6940.97,8787.34,70364.3
8273,6940.97,8787.34,70364.3
8274,6940.97,8787.34,70364.3
8275,6940.97,8787.34,70364.3
8276,6940.97,8787.34,70364.3
8277,6940.97,8787.34,70364.3
8278,6940.97,8787.34,48418.57386443906
8279,6940.97,8787.34,48418.57386443906
8280,6940.97,8787.34,24475.158680005086
8281,6940.97,8787.34,24475.158680005086
8282,6940.97,8263.024159263698,19080.904946232447
8283,6940.97,8263.024159263698,19080.904946232447
8284,6940.97,8787.34,53675.2069796906
8285,6940.97,8787.34,53675.2069796906
8286,6940.97,8787.34,70364.3
8287,6940.97,8787.34,70364.3
8288,6940.97,8787.34,70364.3
8289,6940.97,8787.34,70364.3
8290,6940.97,8787.34,70364.3
8291,6940.97,8787.34,70364.3
8292,6940.97,8787.34,70364.3
8293,6940.97,8787.34,70364.3
8294,6940.97,8787.34,70364.3
8295,6940.97,8787.34,70364.3
8296,6940.97,8787.34,70364.3
8297,6940.97,8787.34,70364.3
8298,6940.97,8787.34,70364.3
8299,6940.97,8787.34,70364.3
8300,6940.97,8787.34,70364.3
8301,6940.97,8787.34,70364.3
8302,6940.97,8787.34,41329.0979865976
8303,6940.97,8787.34,41329.0979865976
8304,6940.97,8787.34,27668.468785242083
8305,6940.97,8787.34,27668.468785242083
8306,6940.97,6348.043365694697,25242.958454238673
8307,6940.97,6348.043365694697,25242.958454238673
8308,6940.97,8020.6367728566365,39212.18016864786
8309,6940.97,8020.6367728566365,39212.18016864786
8310,6940.97,8787.34,70364.3
8311,6940.97,8787.34,70364.3
8312,6940.97,8787.34,70364.3
8313,6940.97,8787.34,70364.3
8314,6940.97,8787.34,70364.3
8315,6940.97,8787.34,70364.3
8316,6940.97,5707.608243807039,70310.7922446433
8317,6940.97,5707.608243807039,70310.7922446433
8318,6940.97,5709.972773188118,70364.3
8319,6940.97,5709.972773188118,70364.3
8320,6940.97,8787.34,70364.3
8321,6940.97,8787.34,70364.3
8322,6940.97,8787.34,70364.3
8323,6940.97,8787.34,70364.3
8324,6940.97,8787.34,70364.3
8325,6940.97,8787.34,70364.3
8326,6940.97,8787.34,48528.66740037476
8327,6940.97,8787.34,48528.66740037476
8328,6940.97,8787.34,21169.245444159613
8329,6940.97,8787.34,21169.245444159613
8330,6940.97,5933.567959316257,12270.2207118714
8331,6940.97,5933.567959316257,12270.2207118714
8332,6940.97,7662.976273457318,21152.49739752173
8333,6940.97,7662.976273457318,21152.49739752173
8334,6940.97,8787.34,51093.5800779172
8335,6940.97,8787.34,51093.5800779172
8336,6940.97,8787.34,70364.3
8337,6940.97,8787.34,70364.3
8338,6940.97,8787.34,70364.3
8339,6940.97,8787.34,70364.3
8340,6940.97,8787.34,70364.3
8341,6940.97,8787.34,70364.3
8342,6940.97,8787.34,70364.3
8343,6940.97,8787.34,70364.3
8344,6940.97,8787.34,70364.3
8345,6940.97,8787.34,70364.3
8346,6940.97,8787.34,70364.3
8347,6940.97,8787.34,70364.3
8348,6940.97,8787.34,70364.3
8349,6940.97,8787.34,70364.3
8350,6940.97,8787.34,70364.3
8351,6940.97,8787.34,70364.3
8352,6940.97,8787.34,70364.3
8353,6940.97,8787.34,70364.3
8354,6940.97,8447.608245164416,69718.35016219287
8355,6940.97,8447.608245164416,69718.35016219287
8356,6940.97,8787.34,70364.3
8357,6940.97,8787.34,70364.3
8358,6940.97,8787.34,70364.3
8359,6940.97,8787.34,70364.3
8360,6940.97,8787.34,70364.3
8361,6940.97,8787.34,70364.3
8362,6940.97,8787.34,70364.3
8363,6940.97,8787.34,70364.3
8364,6940.97,8787.34,70364.3
8365,6940.97,8787.34,70364.3
8366,6940.97,8787.34,70364.3
8367,6940.97,8787.34,70364.3
8368,6940.97,8787.34,70364.3
8369,6940.97,8787.34,70364.3
8370,6940.97,8787.34,70364.3
8371,6940.97,8787.34,70364.3
8372,6940.97,8787.34,70364.3
8373,6940.97,8787.34,70364.3
8374,6940.97,8787.34,70364.3
8375,6940.97,8787.34,70364.3
8376,6940.97,8104.542344598579,70364.3
8377,6940.97,8104.542344598579,70364.3
8378,6940.97,501.6367551624571,70364.3
8379,6940.97,501.6367551624571,70364.3
8380,6940.97,6674.987818681817,70364.3
8381,6940.97,6674.987818681817,70364.3
8382,6940.97,8787.34,70364.3
8383,6940.97,8787.34,70364.3
8384,6940.97,8787.34,70364.3
8385,6940.97,8787.34,70364.3
8386,6940.97,8787.34,70364.3
8387,6940.97,8787.34,70364.3
8388,3574.473404547887,8787.34,70364.3
8389,3574.473404547887,8787.34,70364.3
8390,6409.812569045011,7716.7261213858565,70364.3
8391,6409.812569045011,7716.7261213858565,70364.3
8392,6940.97,8787.34,70364.3
8393,6940.97,8787.34,70364.3
8394,6940.97,8787.34,70364.3
8395,6940.97,8787.34,70364.3
8396,6940.97,8787.34,70364.3
8397,6940.97,8787.34,70364.3
8398,6940.97,6776.795588722258,70364.3
8399,6940.97,6776.795588722258,70364.3
8400,6940.97,3758.6474740299564,63527.07189234943
8401,6940.97,3758.6474740299564,63527.07189234943
8402,6940.97,0.0,56128.28347711489
8403,6940.97,0.0,56128.28347711489
8404,6940.97,4955.235898560097,70364.3
8405,6940.97,4955.235898560097,70364.3
8406,6940.97,8787.34,70364.3
8407,6940.97,8787.34,70364.3
8408,6940.97,8787.34,70364.3
8409,6940.97,8787.34,70364.3
8410,6940.97,8787.34,70364.3
8411,6940.97,8787.34,70364.3
8412,6940.97,6585.141201822456,70364.3
8413,6940.97,6585.141201822456,70364.3
8414,6940.97,8787.34,70364.3
8415,6940.97,8787.34,70364.3
8416,6940.97,8787.34,70364.3
8417,6940.97,8787.34,70364.3
8418,6940.97,8787.34,70364.3
8419,6940.97,8787.34,70364.3
8420,6940.97,8787.34,70364.3
8421,6940.97,8787.34,70364.3
8422,6940.97,8619.138738701016,67799.8126181107
8423,6940.97,8619.138738701016,67799.8126181107
8424,6940.97,4499.113830250919,41497.50159738821
8425,6940.97,4499.113830250919,41497.50159738821
8426,6940.97,504.70235655923716,35866.44822150674
8427,6940.97,504.70235655923716,35866.44822150674
8428,6940.97,4892.9130867527565,64587.736060452415
8429,6940.97,4892.9130867527565,64587.736060452415
8430,6940.97,8787.34,70364.3
8431,6940.97,8787.34,70364.3
8432,6940.97,8787.34,70364.3
8433,6940.97,8787.34,70364.3
8434,6940.97,8787.34,70364.3
8435,6940.97,8787.34,70364.3
8436,6940.97,8249.159527863958,70364.3
8437,6940.97,8249.159527863958,70364.3
8438,6940.97,7623.199703973474,70364.3
8439,6940.97,7623.199703973474,70364.3
8440,6940.97,8787.34,70364.3
8441,6940.97,8787.34,70364.3
8442,6940.97,8787.34,70364.3
8443,6940.97,8787.34,70364.3
8444,6940.97,8226.581991331857,70364.3
8445,6940.97,8226.581991331857,70364.3
8446,6940.97,8343.709404974577,0.0
8447,6940.97,8343.709404974577,0.0
8448,6940.97,4662.6719574110375,26062.36278284713
8449,6940.97,4662.6719574110375,26062.36278284713
8450,6940.97,1496.0877829394976,0.0
8451,6940.97,1496.0877829394976,0.0
8452,6940.97,7117.536051427596,0.0
8453,6940.97,7117.536051427596,0.0
8454,6940.97,8787.34,70364.3
8455,6940.97,8787.34,70364.3
8456,6940.97,8787.34,70364.3
8457,6940.97,8787.34,70364.3
8458,6940.97,8787.34,0.0
8459,6940.97,8787.34,0.0
8460,6940.97,8787.34,0.0
8461,6940.97,8787.34,0.0
8462,6940.97,8787.34,70364.3
8463,6940.97,8787.34,70364.3
8464,6940.97,8787.34,70364.3
8465,6940.97,8787.34,70364.3
8466,6940.97,8787.34,70364.3
8467,6940.97,8787.34,70364.3
8468,6940.97,7513.7617036330375,26666.5225
8469,6940.97,7513.7617036330375,26666.5225
8470,6940.97,7931.581349799439,20535.7675
8471,6940.97,7931.581349799439,20535.7675
8472,6940.97,3305.4368310150767,7818.874726689122
8473,6940.97,3305.4368310150767,7818.874726689122
8474,6940.97,0.0,2898.139335319007
8475,6940.97,0.0,2898.139335319007
8476,6940.97,368.4465253815961,11465.907851807802
8477,6940.97,368.4465253815961,11465.907851807802
8478,6940.97,3249.079891719537,41613.372995040394
8479,6940.97,3249.079891719537,41613.372995040394
8480,6940.97,3300.6458059191955,0.0
8481,6940.97,3300.6458059191955,0.0
8482,6940.97,398.285618500754,45965.170062598045
8483,6940.97,398.285618500754,45965.170062598045
8484,3912.108855439281,0.0,47104.50152854563
8485,3912.108855439281,0.0,47104.50152854563
8486,4649.5249891052,0.0,0.0
8487,4649.5249891052,0.0,0.0
8488,6940.97,2550.7284177414167,70364.3
8489,6940.97,2550.7284177414167,70364.3
8490,6940.97,3207.1272448704167,28568.028999999995
8491,6940.97,3207.1272448704167,28568.028999999995
8492,6940.97,812.2641869441359,22767.659999999996
8493,6940.97,812.2641869441359,22767.659999999996
8494,6940.97,2414.620448085876,18708.07
8495,6940.97,2414.620448085876,18708.07
8496,6940.97,0.0,820.9176752169587
8497,6940.97,0.0,820.9176752169587
8498,6940.97,0.0,0.0
8499,6940.97,0.0,0.0
8500,6940.97,0.0,0.0
8501,6940.97,0.0,0.0
8502,6940.97,0.0,6504.800869909042
8503,6940.97,0.0,6504.800869909042
8504,6940.97,0.0,17530.568563587323
8505,6940.97,0.0,17530.568563587323
8506,6940.97,0.0,16198.996377524512
8507,6940.97,0.0,16198.996377524512
8508,6940.97,0.0,18783.90045523744
8509,6940.97,0.0,18783.90045523744
8510,6940.97,0.0,43086.67367349751
8511,6940.97,0.0,43086.67367349751
8512,6940.97,2353.9869223889164,66362.10160623898
8513,6940.97,2353.9869223889164,66362.10160623898
8514,6940.97,4040.252388333536,44673.92377878823
8515,6940.97,4040.252388333536,44673.92377878823
8516,6940.97,2018.9681845564573,22127.1175
8517,6940.97,2018.9681845564573,22127.1175
8518,6940.97,2775.0223611386173,13047.619015939053
8519,6940.97,2775.0223611386173,13047.619015939053
8520,6940.97,0.0,0.0
8521,6940.97,0.0,0.0
8522,6940.97,0.0,0.0
8523,6940.97,0.0,0.0
8524,6940.97,0.0,22584.9068125263
8525,6940.97,0.0,22584.9068125263
8526,6940.97,6736.506391929159,60899.58917153465
8527,6940.97,6736.506391929159,60899.58917153465
8528,6940.97,7066.215906059018,31467.942500000005
8529,6940.97,7066.215906059018,31467.942500000005
8530,6940.97,2636.8633077240393,29492.6325
8531,6940.97,2636.8633077240393,29492.6325
8532,6940.97,0.0,29524.2975
8533,6940.97,0.0,29524.2975
8534,6940.97,0.0,32496.754500000003
8535,6940.97,0.0,32496.754500000003
8536,6940.97,3772.8566111971177,33853.02500000001
8537,6940.97,3772.8566111971177,33853.02500000001
8538,6940.97,3153.7492674715377,29330.287000000004
8539,6940.97,3153.7492674715377,29330.287000000004
8540,6940.97,0.0,22491.8825
8541,6940.97,0.0,22491.8825
8542,6940.97,0.0,0.0
8543,6940.97,0.0,0.0
8544,6940.97,0.0,0.0
8545,6940.97,0.0,0.0
8546,6940.97,0.0,0.0
8547,6940.97,0.0,0.0
8548,3274.222716043071,0.0,0.0
8549,3274.222716043071,0.0,0.0
8550,6779.21669234541,0.0,51654.8387943485
8551,6779.21669234541,0.0,51654.8387943485
8552,5435.813350861081,0.0,53508.1232161065
8553,5435.813350861081,0.0,53508.1232161065
8554,154.8858833726772,0.0,39208.82518437653
8555,154.8858833726772,0.0,39208.82518437653
8556,0.0,0.0,41161.674933902716
8557,0.0,0.0,41161.674933902716
8558,0.0,0.0,39802.58087126576
8559,0.0,0.0,39802.58087126576
8560,6940.97,0.0,34301.69649999999
8561,6940.97,0.0,34301.69649999999
8562,6940.97,0.0,29089.099000000002
8563,6940.97,0.0,29089.099000000002
8564,6940.97,0.0,24185.8425
8565,6940.97,0.0,24185.8425
8566,6940.97,0.0,0.0
8567,6940.97,0.0,0.0
8568,6940.97,0.0,0.0
8569,6940.97,0.0,0.0
8570,6940.97,0.0,0.0
8571,6940.97,0.0,0.0
8572,6940.97,0.0,0.0
8573,6940.97,0.0,0.0
8574,6940.97,0.0,34577.68526573581
8575,6940.97,0.0,34577.68526573581
8576,6940.97,0.0,31112.283861574455
8577,6940.97,0.0,31112.283861574455
8578,6940.97,0.0,6779.885377075523
8579,6940.97,0.0,6779.885377075523
8580,6940.97,0.0,15451.664908301522
8581,6940.97,0.0,15451.664908301522
8582,6940.97,0.0,65441.82504977757
8583,6940.97,0.0,65441.82504977757
8584,6940.97,11.583813762477803,70364.3
8585,6940.97,11.583813762477803,70364.3
8586,6940.97,0.0,49046.45603753511
8587,6940.97,0.0,49046.45603753511
8588,6940.97,0.0,23775.34
8589,6940.97,0.0,23775.34
8590,6940.97,0.0,18997.890000000003
8591,6940.97,0.0,18997.890000000003
8592,6940.97,0.0,0.0
8593,6940.97,0.0,0.0
8594,6940.97,0.0,0.0
8595,6940.97,0.0,0.0
8596,6940.97,0.0,0.0
8597,6940.97,0.0,0.0
8598,6940.97,0.0,32299.268731629738
8599,6940.97,0.0,32299.268731629738
8600,6940.97,0.0,40372.54036535483
8601,6940.97,0.0,40372.54036535483
8602,6940.97,0.0,15845.27966685532
8603,6940.97,0.0,15845.27966685532
8604,2891.2516239661536,0.0,6977.174068674212
8605,2891.2516239661536,0.0,6977.174068674212
8606,2092.4920606067094,0.0,26517.17846412721
8607,2092.4920606067094,0.0,26517.17846412721
8608,6940.97,0.0,35416.288419201155
8609,6940.97,0.0,35416.288419201155
8610,6940.97,0.0,15351.352965833401
8611,6940.97,0.0,15351.352965833401
8612,6940.97,0.0,0.0
8613,6940.97,0.0,0.0
8614,6940.97,0.0,0.0
8615,6940.97,0.0,0.0
8616,6940.97,0.0,0.0
8617,6940.97,0.0,0.0
8618,4980.843883540101,0.0,0.0
8619,4980.843883540101,0.0,0.0
8620,6058.0829264931135,0.0,0.0
8621,6058.0829264931135,0.0,0.0
8622,549.2400143233658,0.0,0.0
8623,549.2400143233658,0.0,0.0
8624,303.2540737492527,0.0,0.0
8625,303.2540737492527,0.0,0.0
8626,0.0,0.0,2911.9138165140757
8627,0.0,0.0,2911.9138165140757
8628,0.0,0.0,0.0
8629,0.0,0.0,0.0
8630,0.0,0.0,17348.844381257455
8631,0.0,0.0,17348.844381257455
8632,6940.97,0.0,27762.934501514625
8633,6940.97,0.0,27762.934501514625
8634,6940.97,0.0,17112.246421605334
8635,6940.97,0.0,17112.246421605334
8636,6940.97,0.0,0.0
8637,6940.97,0.0,0.0
8638,6940.97,0.0,0.0
8639,6940.97,0.0,0.0
8640,6940.97,0.0,0.0
8641,6940.97,0.0,0.0
8642,6940.97,0.0,0.0
8643,6940.97,0.0,0.0
8644,946.0361150212316,0.0,0.0
8645,946.0361150212316,0.0,0.0
8646,3079.759629282795,0.0,0.0
8647,3079.759629282795,0.0,0.0
8648,6940.97,0.0,0.0
8649,6940.97,0.0,0.0
8650,6940.97,0.0,0.0
8651,6940.97,0.0,0.0
8652,0.0,0.0,0.0
8653,0.0,0.0,0.0
8654,3632.649201094032,0.0,0.0
8655,3632.649201094032,0.0,0.0
8656,6940.97,0.0,29588.44791228141
8657,6940.97,0.0,29588.44791228141
8658,6940.97,0.0,28270.188378982246
8659,6940.97,0.0,28270.188378982246
8660,6940.97,0.0,18230.77396519146
8661,6940.97,0.0,18230.77396519146
8662,6940.97,0.0,0.0
8663,6940.97,0.0,0.0
8664,6940.97,0.0,0.0
8665,6940.97,0.0,0.0
8666,3451.9171595993603,0.0,0.0
8667,3451.9171595993603,0.0,0.0
8668,2977.0485287212873,0.0,0.0
8669,2977.0485287212873,0.0,0.0
8670,0.054470417530865234,0.0,6042.159402002973
8671,0.054470417530865234,0.0,6042.159402002973
8672,6940.97,0.0,19873.93681872156
8673,6940.97,0.0,19873.93681872156
8674,0.0,0.0,18028.404655900376
8675,0.0,0.0,18028.404655900376
8676,0.0,0.0,23793.140008663104
8677,0.0,0.0,23793.140008663104
8678,0.0,0.0,52226.62863653511
8679,0.0,0.0,52226.62863653511
8680,0.0,0.0,70364.3
8681,0.0,0.0,70364.3
8682,6940.97,0.0,70364.3
8683,6940.97,0.0,70364.3
8684,6940.97,0.0,61519.831766629504
8685,6940.97,0.0,61519.831766629504
8686,5955.10668980149,0.0,41290.93642564205
8687,5955.10668980149,0.0,41290.93642564205
8688,0.0,0.0,28270.45826231556
8689,0.0,0.0,28270.45826231556
8690,0.0,0.0,25810.626825894236
8691,0.0,0.0,25810.626825894236
8692,0.0,0.0,44311.25884660738
8693,0.0,0.0,44311.25884660738
8694,0.0,0.0,70364.3
8695,0.0,0.0,70364.3
8696,120.66418719153171,0.0,70364.3
8697,120.66418719153171,0.0,70364.3
8698,0.0,0.0,69101.38019644858
8699,0.0,0.0,69101.38019644858
8700,0.0,0.0,70364.3
8701,0.0,0.0,70364.3
8702,0.0,0.0,54598.714446292
8703,0.0,0.0,54598.714446292
8704,3970.0185366566675,0.0,70364.3
8705,3970.0185366566675,0.0,70364.3
8706,6940.97,0.0,70364.3
8707,6940.97,0.0,70364.3
8708,6940.97,0.0,66644.2809002561
8709,6940.97,0.0,66644.2809002561
8710,6940.97,0.0,0.0
8711,6940.97,0.0,0.0
8712,3601.058278171121,0.0,8536.362634947014
8713,3601.058278171121,0.0,8536.362634947014
8714,6940.97,0.0,0.0
8715,6940.97,0.0,0.0
8716,6940.97,0.0,19564.87181217014
8717,6940.97,0.0,19564.87181217014
8718,6917.801734964551,0.0,0.0
8719,6917.801734964551,0.0,0.0
8720,6940.97,0.0,62181.198550318106
8721,6940.97,0.0,62181.198550318106
8722,6940.97,0.0,49701.76010507217
8723,6940.97,0.0,49701.76010507217
8724,1571.260924029114,0.0,58284.967538854486
8725,1571.260924029114,0.0,58284.967538854486
8726,0.0,0.0,70364.3
8727,0.0,0.0,70364.3
8728,6353.0699148443655,113.13881144205698,70364.3
8729,6353.0699148443655,113.13881144205698,70364.3
8730,6940.97,1291.077107513138,70364.3
8731,6940.97,1291.077107513138,70364.3
8732,6940.97,0.0,59699.20934928584
8733,6940.97,0.0,59699.20934928584
8734,6940.97,0.0,27635.573258421326
8735,6940.97,0.0,27635.573258421326
8736,6940.97,0.0,8868.151403271511
8737,6940.97,0.0,8868.151403271511
8738,6940.97,0.0,0.0
8739,6940.97,0.0,0.0
8740,6940.97,0.0,0.0
8741,6940.97,0.0,0.0
8742,6940.97,0.0,0.0
8743,6940.97,0.0,0.0
8744,6940.97,0.0,35518.80422370174
8745,6940.97,0.0,35518.80422370174
8746,4946.64227073111,0.0,11057.354986797582
8747,4946.64227073111,0.0,11057.354986797582
8748,0.0,0.0,19267.872000780684
8749,0.0,0.0,19267.872000780684
8750,0.0,0.0,56715.35538792444
8751,0.0,0.0,56715.35538792444
8752,6940.97,0.0,70364.3
8753,6940.97,0.0,70364.3
8754,6940.97,0.0,70080.40911716789
8755,6940.97,0.0,70080.40911716789
8756,6940.97,0.0,0.0
8757,6940.97,0.0,0.0
8758,6940.97,0.0,20466.9049854971
8759,6940.97,0.0,20466.9049854971
8760,6940.97,0.0,0.0
8761,6940.97,0.0,0.0
8762,6940.97,0.0,0.0
8763,6940.97,0.0,0.0
8764,6940.97,0.0,0.0
8765,6940.97,0.0,0.0
8766,6940.97,0.0,22851.636573060357
8767,6940.97,0.0,22851.636573060357
8768,6940.97,0.0,26935.575245862216
8769,6940.97,0.0,26935.575245862216
8770,6940.97,0.0,0.0
8771,6940.97,0.0,0.0
8772,6940.97,0.0,38406.44675852248
8773,6940.97,0.0,38406.44675852248
8774,6940.97,0.0,65853.87360703644
8775,6940.97,0.0,65853.87360703644
8776,6940.97,0.0,70364.3
8777,6940.97,0.0,70364.3
8778,6940.97,0.0,4059.3222568029378
8779,6940.97,0.0,4059.3222568029378
8780,6940.97,0.0,64822.30093128601
8781,6940.97,0.0,64822.30093128601
8782,6940.97,0.0,44049.020022288634
8783,6940.97,0.0,44049.020022288634
8784,6940.97,0.0,0.0
8785,6940.97,0.0,0.0
8786,6940.97,0.0,9126.968796809508
8787,6940.97,0.0,9126.968796809508
8788,6940.97,0.0,4084.610972094819
8789,6940.97,0.0,4084.610972094819
8790,6940.97,0.0,0.0
8791,6940.97,0.0,0.0
8792,6940.97,0.0,0.0
8793,6940.97,0.0,0.0
8794,6940.97,0.0,0.0
8795,6940.97,0.0,0.0
8796,3886.14467568518,0.0,0.0
8797,3886.14467568518,0.0,0.0
8798,5715.9313860683105,0.0,18215.985188603692
8799,5715.9313860683105,0.0,18215.985188603692
8800,6940.97,0.0,0.0
8801,6940.97,0.0,0.0
8802,6940.97,0.0,39327.1911447271
8803,6940.97,0.0,39327.1911447271
8804,6940.97,0.0,14632.583152363857
8805,6940.97,0.0,14632.583152363857
8806,6940.97,0.0,0.0
8807,6940.97,0.0,0.0
8808,6940.97,0.0,0.0
8809,6940.97,0.0,0.0
8810,6940.97,0.0,0.0
8811,6940.97,0.0,0.0
8812,6940.97,0.0,0.0
8813,6940.97,0.0,0.0
8814,6940.97,0.0,0.0
8815,6940.97,0.0,0.0
8816,6940.97,0.0,10696.690325234591
8817,6940.97,0.0,10696.690325234591
8818,6940.97,0.0,4933.839693917242
8819,6940.97,0.0,4933.839693917242
8820,6940.97,0.0,4600.8094397121895
8821,6940.97,0.0,4600.8094397121895
8822,6940.97,0.0,30051.82061597446
8823,6940.97,0.0,30051.82061597446
8824,6940.97,0.0,58915.902516317554
8825,6940.97,0.0,58915.902516317554
8826,6940.97,0.0,60405.87834449364
8827,6940.97,0.0,60405.87834449364
8828,6940.97,0.0,30806.31544475878
8829,6940.97,0.0,30806.31544475878
8830,6940.97,0.0,0.0
8831,6940.97,0.0,0.0
8832,6940.97,0.0,0.0
8833,6940.97,0.0,0.0
8834,6940.97,0.0,0.0
8835,6940.97,0.0,0.0
8836,6940.97,0.0,0.0
8837,6940.97,0.0,0.0
8838,6940.97,0.0,8037.519191711841
8839,6940.97,0.0,8037.519191711841
8840,6940.97,0.0,28062.44620056628
8841,6940.97,0.0,28062.44620056628
8842,6940.97,0.0,32419.723699440416
8843,6940.97,0.0,32419.723699440416
8844,6940.97,0.0,40918.27970296296
8845,6940.97,0.0,40918.27970296296
8846,6940.97,0.0,64382.65810117002
8847,6940.97,0.0,64382.65810117002
8848,6940.97,0.0,70364.3
8849,6940.97,0.0,70364.3
8850,6940.97,0.0,0.0
8851,6940.97,0.0,0.0
8852,6940.97,0.0,53662.80422923549
8853,6940.97,0.0,53662.80422923549
8854,6940.97,0.0,28544.87311019089
8855,6940.97,0.0,28544.87311019089
8856,6940.97,0.0,0.0
8857,6940.97,0.0,0.0
8858,6940.97,0.0,0.0
8859,6940.97,0.0,0.0
8860,6940.97,0.0,0.0
8861,6940.97,0.0,0.0
8862,6940.97,0.0,2389.85842153088
8863,6940.97,0.0,2389.85842153088
8864,6940.97,0.0,17024.488237219175
8865,6940.97,0.0,17024.488237219175
8866,6940.97,0.0,14315.530447907904
8867,6940.97,0.0,14315.530447907904
8868,6940.97,0.0,17053.338886694015
8869,6940.97,0.0,17053.338886694015
8870,6940.97,0.0,49693.257002362894
8871,6940.97,0.0,49693.257002362894
8872,6940.97,0.0,70364.3
8873,6940.97,0.0,70364.3
8874,6940.97,0.0,70364.3
8875,6940.97,0.0,70364.3
8876,6940.97,0.0,70364.3
8877,6940.97,0.0,70364.3
8878,6940.97,0.0,0.0
8879,6940.97,0.0,0.0
8880,6940.97,0.0,39290.13539330367
8881,6940.97,0.0,39290.13539330367
8882,6940.97,0.0,0.0
8883,6940.97,0.0,0.0
8884,6940.97,0.0,62851.98474069634
8885,6940.97,0.0,62851.98474069634
8886,6940.97,0.0,70364.3
8887,6940.97,0.0,70364.3
8888,6940.97,0.0,70364.3
8889,6940.97,0.0,70364.3
8890,6940.97,0.0,70364.3
8891,6940.97,0.0,70364.3
8892,6940.97,0.0,70364.3
8893,6940.97,0.0,70364.3
8894,6940.97,0.0,70364.3
8895,6940.97,0.0,70364.3
8896,6940.97,0.0,70364.3
8897,6940.97,0.0,70364.3
8898,6940.97,0.0,70364.3
8899,6940.97,0.0,70364.3
8900,6940.97,0.0,70364.3
8901,6940.97,0.0,70364.3
8902,6940.97,0.0,70364.3
8903,6940.97,0.0,70364.3
8904,6940.97,0.0,0.0
8905,6940.97,0.0,0.0
8906,6940.97,0.0,0.0
8907,6940.97,0.0,0.0
8908,6940.97,0.0,0.0
8909,6940.97,0.0,0.0
8910,6940.97,0.0,0.0
8911,6940.97,0.0,0.0
8912,6940.97,0.0,0.0
8913,6940.97,0.0,0.0
8914,6940.97,0.0,0.0
8915,6940.97,0.0,0.0
8916,6940.97,0.0,0.0
8917,6940.97,0.0,0.0
8918,6940.97,0.0,0.0
8919,6940.97,0.0,0.0
8920,6940.97,7445.6137591375555,0.0
8921,6940.97,7445.6137591375555,0.0
8922,6940.97,3780.336739442051,0.0
8923,6940.97,3780.336739442051,0.0
8924,6940.97,0.0,0.0
8925,6940.97,0.0,0.0
8926,6940.97,0.0,0.0
8927,6940.97,0.0,0.0
8928,6940.97,0.0,0.0
8929,6940.97,0.0,0.0
8930,6940.97,0.0,0.0
8931,6940.97,0.0,0.0
8932,6940.97,0.0,0.0
8933,6940.97,0.0,0.0
8934,6940.97,0.0,0.0
8935,6940.97,0.0,0.0
8936,6940.97,3962.594709701327,0.0
8937,6940.97,3962.594709701327,0.0
8938,6940.97,0.0,0.0
8939,6940.97,0.0,0.0
8940,6940.97,0.0,0.0
8941,6940.97,0.0,0.0
8942,6940.97,7231.377321216887,0.0
8943,6940.97,7231.377321216887,0.0
8944,6940.97,8787.34,17194.74533658979
8945,6940.97,8787.34,17194.74533658979
8946,6940.97,0.0,2833.3877184277862
8947,6940.97,0.0,2833.3877184277862
8948,6940.97,0.0,0.0
8949,6940.97,0.0,0.0
8950,6940.97,0.0,0.0
8951,6940.97,0.0,0.0
8952,6940.97,0.0,0.0
8953,6940.97,0.0,0.0
8954,6940.97,0.0,0.0
8955,6940.97,0.0,0.0
8956,6940.97,0.0,0.0
8957,6940.97,0.0,0.0
8958,6940.97,0.0,0.0
8959,6940.97,0.0,0.0
8960,6940.97,0.0,0.0
8961,6940.97,0.0,0.0
8962,6940.97,0.0,0.0
8963,6940.97,0.0,0.0
8964,6940.97,0.0,0.0
8965,6940.97,0.0,0.0
8966,6940.97,0.0,0.0
8967,6940.97,0.0,0.0
8968,6940.97,0.0,14943.759909719194
8969,6940.97,0.0,14943.759909719194
8970,6940.97,0.0,0.0
8971,6940.97,0.0,0.0
8972,6940.97,0.0,0.0
8973,6940.97,0.0,0.0
8974,6940.97,0.0,0.0
8975,6940.97,0.0,0.0
8976,6940.97,0.0,0.0
8977,6940.97,0.0,0.0
8978,6940.97,0.0,0.0
8979,6940.97,0.0,0.0
8980,6940.97,0.0,0.0
8981,6940.97,0.0,0.0
8982,6940.97,0.0,0.0
8983,6940.97,0.0,0.0
8984,6940.97,0.0,0.0
8985,6940.97,0.0,0.0
8986,6940.97,0.0,0.0
8987,6940.97,0.0,0.0
8988,6940.97,0.0,0.0
8989,6940.97,0.0,0.0
8990,6940.97,0.0,0.0
8991,6940.97,0.0,0.0
8992,6940.97,0.0,0.0
8993,6940.97,0.0,0.0
8994,6940.97,0.0,0.0
8995,6940.97,0.0,0.0
8996,6940.97,0.0,0.0
8997,6940.97,0.0,0.0
8998,6940.97,0.0,0.0
8999,6940.97,0.0,0.0
9000,6940.97,0.0,0.0
9001,6940.97,0.0,0.0
9002,6940.97,0.0,0.0
9003,6940.97,0.0,0.0
9004,6940.97,0.0,0.0
9005,6940.97,0.0,0.0
9006,6940.97,0.0,0.0
9007,6940.97,0.0,0.0
9008,6940.97,0.0,0.0
9009,6940.97,0.0,0.0
9010,6940.97,0.0,0.0
9011,6940.97,0.0,0.0
9012,6940.97,0.0,0.0
9013,6940.97,0.0,0.0
9014,6940.97,0.0,0.0
9015,6940.97,0.0,0.0
9016,6940.97,0.0,0.0
9017,6940.97,0.0,0.0
9018,6940.97,0.0,0.0
9019,6940.97,0.0,0.0
9020,6940.97,0.0,0.0
9021,6940.97,0.0,0.0
9022,6940.97,0.0,0.0
9023,6940.97,0.0,0.0
9024,6940.97,0.0,0.0
9025,6940.97,0.0,0.0
9026,6940.97,0.0,0.0
9027,6940.97,0.0,0.0
9028,6940.97,0.0,0.0
9029,6940.97,0.0,0.0
9030,6940.97,0.0,0.0
9031,6940.97,0.0,0.0
9032,6940.97,0.0,0.0
9033,6940.97,0.0,0.0
9034,6940.97,0.0,0.0
9035,6940.97,0.0,0.0
9036,2397.300806895604,0.0,0.0
9037,2397.300806895604,0.0,0.0
9038,5147.498010572246,0.0,0.0
9039,5147.498010572246,0.0,0.0
9040,6940.97,0.0,0.0
9041,6940.97,0.0,0.0
9042,6940.97,998.8327423202772,0.0
9043,6940.97,998.8327423202772,0.0
9044,6940.97,0.0,0.0
9045,6940.97,0.0,0.0
9046,6940.97,0.0,0.0
9047,6940.97,0.0,0.0
9048,6940.97,0.0,0.0
9049,6940.97,0.0,0.0
9050,6940.97,0.0,0.0
9051,6940.97,0.0,0.0
9052,6940.97,0.0,0.0
9053,6940.97,0.0,0.0
9054,6940.97,7024.578439715792,0.0
9055,6940.97,7024.578439715792,0.0
9056,6940.97,0.0,0.0
9057,6940.97,0.0,0.0
9058,6940.97,0.0,0.0
9059,6940.97,0.0,0.0
9060,6206.43338371014,0.0,0.0
9061,6206.43338371014,0.0,0.0
9062,6576.1075798203365,0.0,0.0
9063,6576.1075798203365,0.0,0.0
9064,6940.97,0.0,0.0
9065,6940.97,0.0,0.0
9066,6940.97,0.0,0.0
9067,6940.97,0.0,0.0
9068,6940.97,4562.349946385615,0.0
9069,6940.97,4562.349946385615,0.0
9070,6940.97,4381.594640797275,0.0
9071,6940.97,4381.594640797275,0.0
9072,6940.97,0.0,0.0
9073,6940.97,0.0,0.0
9074,6940.97,0.0,0.0
9075,6940.97,0.0,0.0
9076,6940.97,0.0,24584.480608208236
9077,6940.97,0.0,24584.480608208236
9078,6940.97,1218.0605733089615,70364.3
9079,6940.97,1218.0605733089615,70364.3
9080,6940.97,962.5716618325896,70364.3
9081,6940.97,962.5716618325896,70364.3
9082,6940.97,0.0,54317.93747247345
9083,6940.97,0.0,54317.93747247345
9084,626.6000317089129,0.0,63556.436668067094
9085,626.6000317089129,0.0,63556.436668067094
9086,2246.5029822736633,0.0,70364.3
9087,2246.5029822736633,0.0,70364.3
9088,6940.97,6564.9492550817995,70364.3
9089,6940.97,6564.9492550817995,70364.3
9090,6940.97,8787.34,70364.3
9091,6940.97,8787.34,70364.3
9092,6940.97,6675.348451693937,70364.3
9093,6940.97,6675.348451693937,70364.3
9094,6940.97,0.0,48493.12958008198
9095,6940.97,0.0,48493.12958008198
9096,6940.97,0.0,22188.803991821704
9097,6940.97,0.0,22188.803991821704
9098,6940.97,0.0,19548.533672785474
9099,6940.97,0.0,19548.533672785474
9100,6940.97,0.0,50090.70084509625
9101,6940.97,0.0,50090.70084509625
9102,6940.97,8787.34,70364.3
9103,6940.97,8787.34,70364.3
9104,6940.97,8787.34,70364.3
9105,6940.97,8787.34,70364.3
9106,6940.97,6596.943883818214,70364.3
9107,6940.97,6596.943883818214,70364.3
9108,6940.97,0.0,70364.3
9109,6940.97,0.0,70364.3
9110,6940.97,2884.946785674738,70364.3
9111,6940.97,2884.946785674738,70364.3
9112,6940.97,8787.34,70364.3
9113,6940.97,8787.34,70364.3
9114,6940.97,8787.34,70364.3
9115,6940.97,8787.34,70364.3
9116,6940.97,5841.0078328727195,70364.3
9117,6940.97,5841.0078328727195,70364.3
9118,6940.97,0.0,43920.34172545069
9119,6940.97,0.0,43920.34172545069
9120,6940.97,0.0,14701.304987750715
9121,6940.97,0.0,14701.304987750715
9122,6940.97,0.0,6888.01213037406
9123,6940.97,0.0,6888.01213037406
9124,6004.435098545117,0.0,29223.522809181857
9125,6004.435098545117,0.0,29223.522809181857
9126,6940.97,1225.4357938061548,70364.3
9127,6940.97,1225.4357938061548,70364.3
9128,6940.97,1128.5337125942115,70364.3
9129,6940.97,1128.5337125942115,70364.3
9130,6940.97,0.0,63187.33123108571
9131,6940.97,0.0,63187.33123108571
9132,6940.97,0.0,58025.02578634498
9133,6940.97,0.0,58025.02578634498
9134,6940.97,0.0,70364.3
9135,6940.97,0.0,70364.3
9136,6940.97,7746.958196331055,70364.3
9137,6940.97,7746.958196331055,70364.3
9138,6940.97,8787.34,70364.3
9139,6940.97,8787.34,70364.3
9140,6940.97,0.0,56646.793061671226
9141,6940.97,0.0,56646.793061671226
9142,6940.97,0.0,18797.32644986078
9143,6940.97,0.0,18797.32644986078
9144,6940.97,0.0,0.0
9145,6940.97,0.0,0.0
9146,6940.97,0.0,0.0
9147,6940.97,0.0,0.0
9148,6940.97,0.0,40010.56240881209
9149,6940.97,0.0,40010.56240881209
9150,6940.97,8787.34,70364.3
9151,6940.97,8787.34,70364.3
9152,6940.97,8787.34,70364.3
9153,6940.97,8787.34,70364.3
9154,6940.97,8787.34,70364.3
9155,6940.97,8787.34,70364.3
9156,4934.432568040756,8787.34,70364.3
9157,4934.432568040756,8787.34,70364.3
9158,5001.001452164637,8787.34,70364.3
9159,5001.001452164637,8787.34,70364.3
9160,6940.97,8787.34,70364.3
9161,6940.97,8787.34,70364.3
9162,6940.97,8787.34,70364.3
9163,6940.97,8787.34,70364.3
9164,6940.97,8787.34,70364.3
9165,6940.97,8787.34,70364.3
9166,6940.97,8787.34,70364.3
9167,6940.97,8787.34,70364.3
9168,6940.97,0.0,62181.4299339133
9169,6940.97,0.0,62181.4299339133
9170,6940.97,0.0,47262.79110524461
9171,6940.97,0.0,47262.79110524461
9172,6940.97,0.0,50329.245577624184
9173,6940.97,0.0,50329.245577624184
9174,6940.97,8787.34,70364.3
9175,6940.97,8787.34,70364.3
9176,6940.97,8787.34,70364.3
9177,6940.97,8787.34,70364.3
9178,6940.97,8581.737586541976,70364.3
9179,6940.97,8581.737586541976,70364.3
9180,6940.97,0.0,69549.83206384296
9181,6940.97,0.0,69549.83206384296
9182,6940.97,3665.8368325328574,70364.3
9183,6940.97,3665.8368325328574,70364.3
9184,6940.97,8787.34,70364.3
9185,6940.97,8787.34,70364.3
9186,6940.97,8787.34,70364.3
9187,6940.97,8787.34,70364.3
9188,6940.97,8787.34,70364.3
9189,6940.97,8787.34,70364.3
9190,6940.97,8787.34,70364.3
9191,6940.97,8787.34,70364.3
9192,6940.97,0.0,59072.52479507336
9193,6940.97,0.0,59072.52479507336
9194,6940.97,0.0,44641.99793691757
9195,6940.97,0.0,44641.99793691757
9196,6940.97,0.0,52969.04941192911
9197,6940.97,0.0,52969.04941192911
9198,6940.97,0.0,66028.01925329164
9199,6940.97,0.0,66028.01925329164
9200,6940.97,8787.34,70364.3
9201,6940.97,8787.34,70364.3
9202,6940.97,8787.34,70364.3
9203,6940.97,8787.34,70364.3
9204,6940.97,8787.34,70364.3
9205,6940.97,8787.34,70364.3
9206,6940.97,8787.34,70364.3
9207,6940.97,8787.34,70364.3
9208,6940.97,8787.34,70364.3
9209,6940.97,8787.34,70364.3
9210,6940.97,8787.34,70364.3
9211,6940.97,8787.34,70364.3
9212,6940.97,8787.34,70364.3
9213,6940.97,8787.34,70364.3
9214,6940.97,8787.34,70364.3
9215,6940.97,8787.34,70364.3
9216,6940.97,8787.34,70364.3
9217,6940.97,8787.34,70364.3
9218,6940.97,7400.463026557489,70364.3
9219,6940.97,7400.463026557489,70364.3
9220,6389.277315009446,8787.34,70364.3
9221,6389.277315009446,8787.34,70364.3
9222,909.3238104055872,8787.34,70364.3
9223,909.3238104055872,8787.34,70364.3
9224,2900.69986985269,8787.34,70364.3
9225,2900.69986985269,8787.34,70364.3
9226,0.0,8787.34,70364.3
9227,0.0,8787.34,70364.3
9228,0.0,8787.34,70364.3
9229,0.0,8787.34,70364.3
9230,0.0,8787.34,70364.3
9231,0.0,8787.34,70364.3
9232,3399.8169615424085,8787.34,70364.3
9233,3399.8169615424085,8787.34,70364.3
9234,6940.97,8787.34,70364.3
9235,6940.97,8787.34,70364.3
9236,6940.97,8787.34,70364.3
9237,6940.97,8787.34,70364.3
9238,6940.97,8787.34,70364.3
9239,6940.97,8787.34,70364.3
9240,6940.97,0.0,0.0
9241,6940.97,0.0,0.0
9242,6940.97,0.0,70364.3
9243,6940.97,0.0,70364.3
9244,6940.97,0.0,34401.24494036168
9245,6940.97,0.0,34401.24494036168
9246,6940.97,0.0,70364.3
9247,6940.97,0.0,70364.3
9248,6940.97,0.0,70364.3
9249,6940.97,0.0,70364.3
9250,6940.97,0.0,52569.4711588725
9251,6940.97,0.0,52569.4711588725
9252,6940.97,0.0,41134.46349500551
9253,6940.97,0.0,41134.46349500551
9254,6940.97,0.0,68510.07990385169
9255,6940.97,0.0,68510.07990385169
9256,6940.97,8787.34,70364.3
9257,6940.97,8787.34,70364.3
9258,6940.97,0.0,69990.99903026794
9259,6940.97,0.0,69990.99903026794
9260,6940.97,0.0,70364.3
9261,6940.97,0.0,70364.3
9262,6940.97,0.0,0.0
9263,6940.97,0.0,0.0
9264,6940.97,0.0,0.0
9265,6940.97,0.0,0.0
9266,6940.97,0.0,0.0
9267,6940.97,0.0,0.0
9268,6940.97,0.0,0.0
9269,6940.97,0.0,0.0
9270,6940.97,0.0,70364.3
9271,6940.97,0.0,70364.3
9272,6940.97,0.0,49740.13701994905
9273,6940.97,0.0,49740.13701994905
9274,6940.97,0.0,30390.197074449738
9275,6940.97,0.0,30390.197074449738
9276,4301.516062728075,0.0,59181.399405601216
9277,4301.516062728075,0.0,59181.399405601216
9278,6940.97,0.0,70364.3
9279,6940.97,0.0,70364.3
9280,6940.97,8787.34,70364.3
9281,6940.97,8787.34,70364.3
9282,6940.97,0.0,70364.3
9283,6940.97,0.0,70364.3
9284,6940.97,0.0,35673.2025
9285,6940.97,0.0,35673.2025
9286,6940.97,0.0,29579.090000000004
9287,6940.97,0.0,29579.090000000004
9288,6940.97,0.0,0.0
9289,6940.97,0.0,0.0
9290,6940.97,0.0,0.0
9291,6940.97,0.0,0.0
9292,6940.97,0.0,0.0
9293,6940.97,0.0,0.0
9294,6940.97,0.0,62110.26147094931
9295,6940.97,0.0,62110.26147094931
9296,6940.97,0.0,58452.2193084122
9297,6940.97,0.0,58452.2193084122
9298,6940.97,0.0,37300.88298255368
9299,6940.97,0.0,37300.88298255368
9300,3080.8515886712703,0.0,41623.8233139827
9301,3080.8515886712703,0.0,41623.8233139827
9302,4882.963322456213,0.0,62358.54842410212
9303,4882.963322456213,0.0,62358.54842410212
9304,5915.4699953276395,8787.34,70364.3
9305,5915.4699953276395,8787.34,70364.3
9306,6940.97,2006.081434285827,70364.3
9307,6940.97,2006.081434285827,70364.3
9308,6940.97,0.0,37058.9375
9309,6940.97,0.0,37058.9375
9310,6940.97,0.0,0.0
9311,6940.97,0.0,0.0
9312,6940.97,0.0,0.0
9313,6940.97,0.0,0.0
9314,6940.97,0.0,0.0
9315,6940.97,0.0,0.0
9316,6940.97,0.0,0.0
9317,6940.97,0.0,0.0
9318,6940.97,0.0,48452.594750786295
9319,6940.97,0.0,48452.594750786295
9320,6940.97,0.0,52941.842404793366
9321,6940.97,0.0,52941.842404793366
9322,6940.97,0.0,70364.3
9323,6940.97,0.0,70364.3
9324,2365.3290061882617,0.0,45187.80034442031
9325,2365.3290061882617,0.0,45187.80034442031
9326,4274.294225485315,0.0,70364.3
9327,4274.294225485315,0.0,70364.3
9328,6940.97,0.0,70364.3
9329,6940.97,0.0,70364.3
9330,6940.97,0.0,70364.3
9331,6940.97,0.0,70364.3
9332,6940.97,0.0,32967.205
9333,6940.97,0.0,32967.205
9334,6940.97,0.0,26080.055
9335,6940.97,0.0,26080.055
9336,6940.97,0.0,21392.405000000002
9337,6940.97,0.0,21392.405000000002
9338,6940.97,0.0,20196.0175
9339,6940.97,0.0,20196.0175
9340,6940.97,0.0,21725.2
9341,6940.97,0.0,21725.2
9342,6940.97,0.0,26821.550000000003
9343,6940.97,0.0,26821.550000000003
9344,6940.97,0.0,0.0
9345,6940.97,0.0,0.0
9346,1958.9792460036078,0.0,0.0
9347,1958.9792460036078,0.0,0.0
9348,2991.596043754984,0.0,0.0
9349,2991.596043754984,0.0,0.0
9350,2937.901473925561,0.0,0.0
9351,2937.901473925561,0.0,0.0
9352,6039.255734418402,0.0,0.0
9353,6039.255734418402,0.0,0.0
9354,6940.97,0.0,0.0
9355,6940.97,0.0,0.0
9356,6940.97,0.0,0.0
9357,6940.97,0.0,0.0
9358,6940.97,0.0,70364.3
9359,6940.97,0.0,70364.3
9360,6940.97,0.0,65349.4797718568
9361,6940.97,0.0,65349.4797718568
9362,4715.353911946923,0.0,0.0
9363,4715.353911946923,0.0,0.0
9364,2050.284726800353,0.0,56416.794530598534
9365,2050.284726800353,0.0,56416.794530598534
9366,6940.97,0.0,70364.3
9367,6940.97,0.0,70364.3
9368,6322.770101702869,0.0,18317.03319754469
9369,6322.770101702869,0.0,18317.03319754469
9370,6940.97,0.0,0.0
9371,6940.97,0.0,0.0
9372,457.5821926884637,0.0,70364.3
9373,457.5821926884637,0.0,70364.3
9374,1491.8294350361684,0.0,70364.3
9375,1491.8294350361684,0.0,70364.3
9376,1440.0250254202792,0.0,70364.3
9377,1440.0250254202792,0.0,70364.3
9378,6940.97,0.0,70364.3
9379,6940.97,0.0,70364.3
9380,6940.97,0.0,31116.17
9381,6940.97,0.0,31116.17
9382,6940.97,0.0,23817.7275
9383,6940.97,0.0,23817.7275
9384,6940.97,0.0,20123.785
9385,6940.97,0.0,20123.785
9386,6940.97,0.0,19803.3925
9387,6940.97,0.0,19803.3925
9388,6940.97,0.0,27078.309999999998
9389,6940.97,0.0,27078.309999999998
9390,6940.97,0.0,39345.57849999999
9391,6940.97,0.0,39345.57849999999
9392,6940.97,0.0,40311.43
9393,6940.97,0.0,40311.43
9394,6551.030767333514,0.0,12012.01264796823
9395,6551.030767333514,0.0,12012.01264796823
9396,0.0,0.0,0.0
9397,0.0,0.0,0.0
9398,3643.0722284889525,0.0,5450.495852031743
9399,3643.0722284889525,0.0,5450.495852031743
9400,6940.97,0.0,70364.3
9401,6940.97,0.0,70364.3
9402,6940.97,0.0,70364.3
9403,6940.97,0.0,70364.3
9404,6940.97,0.0,70364.3
9405,6940.97,0.0,70364.3
9406,6940.97,0.0,22296.485
9407,6940.97,0.0,22296.485
9408,6940.97,8787.34,19161.652499999997
9409,6940.97,8787.34,19161.652499999997
9410,6940.97,0.0,0.0
9411,6940.97,0.0,0.0
9412,6118.808800967319,0.0,47329.4375
9413,6118.808800967319,0.0,47329.4375
9414,6940.97,0.0,40056.50749999999
9415,6940.97,0.0,40056.50749999999
9416,6940.97,0.0,41306.28999999999
9417,6940.97,0.0,41306.28999999999
9418,0.0,0.0,39775.44249999999
9419,0.0,0.0,39775.44249999999
9420,0.0,0.0,38418.853
9421,0.0,0.0,38418.853
9422,0.0,0.0,40892.368
9423,0.0,0.0,40892.368
9424,5922.486066119705,5171.84798725138,44328.5805
9425,5922.486066119705,5171.84798725138,44328.5805
9426,6940.97,2854.455688795073,40281.0905
9427,6940.97,2854.455688795073,40281.0905
9428,6940.97,0.0,31888.152499999997
9429,6940.97,0.0,31888.152499999997
9430,6940.97,0.0,23736.765
9431,6940.97,0.0,23736.765
9432,6940.97,0.0,19922.437500000004
9433,6940.97,0.0,19922.437500000004
9434,6940.97,0.0,18824.79
9435,6940.97,0.0,18824.79
9436,6940.97,0.0,25807.0275
9437,6940.97,0.0,25807.0275
9438,6940.97,0.0,37201.950000000004
9439,6940.97,0.0,37201.950000000004
9440,6940.97,0.0,36552.4155
9441,6940.97,0.0,36552.4155
9442,5386.927627688347,0.0,34032.83
9443,5386.927627688347,0.0,34032.83
9444,955.4895964847383,0.0,31864.025
9445,955.4895964847383,0.0,31864.025
9446,0.0,0.0,33789.978
9447,0.0,0.0,33789.978
9448,6940.97,0.0,0.0
9449,6940.97,0.0,0.0
9450,6940.97,0.0,70364.3
9451,6940.97,0.0,70364.3
9452,6940.97,0.0,25843.500499999995
9453,6940.97,0.0,25843.500499999995
9454,6940.97,0.0,18989.5275
9455,6940.97,0.0,18989.5275
9456,6940.97,0.0,0.0
9457,6940.97,0.0,0.0
9458,6940.97,0.0,0.0
9459,6940.97,0.0,0.0
9460,4404.759866775746,0.0,30355.563125695277
9461,4404.759866775746,0.0,30355.563125695277
9462,5291.636548506523,0.0,66748.36737430474
9463,5291.636548506523,0.0,66748.36737430474
9464,6940.97,0.0,38582.6875
9465,6940.97,0.0,38582.6875
9466,1166.086728821338,0.0,35997.62249999999
9467,1166.086728821338,0.0,35997.62249999999
9468,0.0,0.0,34864.057499999995
9469,0.0,0.0,34864.057499999995
9470,0.0,0.0,37413.9075
9471,0.0,0.0,37413.9075
9472,0.0,0.0,12971.24110621529
9473,0.0,0.0,12971.24110621529
9474,6298.833439442582,0.0,4375.913893784673
9475,6298.833439442582,0.0,4375.913893784673
9476,0.0,0.0,0.0
9477,0.0,0.0,0.0
9478,2939.5042462233323,0.0,70364.3
9479,2939.5042462233323,0.0,70364.3
9480,0.0,0.0,0.0
9481,0.0,0.0,0.0
9482,0.0,0.0,0.0
9483,0.0,0.0,0.0
9484,0.0,0.0,0.0
9485,0.0,0.0,0.0
9486,0.0,0.0,70364.3
9487,0.0,0.0,70364.3
9488,0.0,0.0,70364.3
9489,0.0,0.0,70364.3
9490,0.0,0.0,70364.3
9491,0.0,0.0,70364.3
9492,0.0,0.0,70364.3
9493,0.0,0.0,70364.3
9494,0.0,0.0,39790.2775
9495,0.0,0.0,39790.2775
9496,0.0,0.0,43256.6425
9497,0.0,0.0,43256.6425
9498,0.0,0.0,37310.845
9499,0.0,0.0,37310.845
9500,6940.97,0.0,31109.182500000003
9501,6940.97,0.0,31109.182500000003
9502,0.0,0.0,24715.0075
9503,0.0,0.0,24715.0075
9504,0.0,0.0,0.0
9505,0.0,0.0,0.0
9506,0.0,0.0,0.0
9507,0.0,0.0,0.0
9508,0.0,0.0,0.0
9509,0.0,0.0,0.0
9510,0.0,0.0,0.0
9511,0.0,0.0,0.0
9512,0.0,0.0,0.0
9513,0.0,0.0,0.0
9514,0.0,0.0,0.0
9515,0.0,0.0,0.0
9516,0.0,0.0,0.0
9517,0.0,0.0,0.0
9518,0.0,0.0,0.0
9519,0.0,0.0,0.0
9520,0.0,0.0,0.0
9521,0.0,0.0,0.0
9522,0.0,0.0,0.0
9523,0.0,0.0,0.0
9524,134.1087556264829,0.0,0.0
9525,134.1087556264829,0.0,0.0
9526,0.0,0.0,0.0
9527,0.0,0.0,0.0
9528,0.0,0.0,0.0
9529,0.0,0.0,0.0
9530,0.0,0.0,0.0
9531,0.0,0.0,0.0
9532,0.0,0.0,0.0
9533,0.0,0.0,0.0
9534,0.0,0.0,0.0
9535,0.0,0.0,0.0
9536,0.0,0.0,0.0
9537,0.0,0.0,0.0
9538,0.0,0.0,0.0
9539,0.0,0.0,0.0
9540,0.0,0.0,0.0
9541,0.0,0.0,0.0
9542,0.0,0.0,0.0
9543,0.0,0.0,0.0
9544,0.0,0.0,0.0
9545,0.0,0.0,0.0
9546,4566.547690844106,0.0,0.0
9547,4566.547690844106,0.0,0.0
9548,6940.97,0.0,0.0
9549,6940.97,0.0,0.0
9550,6000.57477789061,0.0,0.0
9551,6000.57477789061,0.0,0.0
9552,2098.5668643433655,0.0,0.0
9553,2098.5668643433655,0.0,0.0
9554,5879.378630510608,0.0,0.0
9555,5879.378630510608,0.0,0.0
9556,0.0,0.0,0.0
9557,0.0,0.0,0.0
9558,3181.224030285858,6400.445795432432,13001.3112101804
9559,3181.224030285858,6400.445795432432,13001.3112101804
9560,5604.0168658310595,8787.34,8842.038624532635
9561,5604.0168658310595,8787.34,8842.038624532635
9562,1661.1070412734089,8787.34,0.0
9563,1661.1070412734089,8787.34,0.0
9564,0.0,8787.34,5.054943496217675
9565,0.0,8787.34,5.054943496217675
9566,0.0,8787.34,23114.657588153408
9567,0.0,8787.34,23114.657588153408
9568,0.0,8787.34,47430.005945253724
9569,0.0,8787.34,47430.005945253724
9570,284.8728031463461,8787.34,45310.846433849
9571,284.8728031463461,8787.34,45310.846433849
9572,2194.3743265153516,8787.34,9983.085522319883
9573,2194.3743265153516,8787.34,9983.085522319883
9574,1183.9723144899535,8787.34,0.0
9575,1183.9723144899535,8787.34,0.0
9576,4713.417561213713,0.0,0.0
9577,4713.417561213713,0.0,0.0
9578,772.9518344313315,8579.837557458668,0.0
9579,772.9518344313315,8579.837557458668,0.0
9580,6940.97,0.0,0.0
9581,6940.97,0.0,0.0
9582,5097.1356654921,8787.34,0.0
9583,5097.1356654921,8787.34,0.0
9584,6940.97,8787.34,0.0
9585,6940.97,8787.34,0.0
9586,0.0,8787.34,0.0
9587,0.0,8787.34,0.0
9588,0.0,8787.34,0.0
9589,0.0,8787.34,0.0
9590,0.0,8787.34,0.0
9591,0.0,8787.34,0.0
9592,0.0,8787.34,939.8280486507338
9593,0.0,8787.34,939.8280486507338
9594,6940.97,8787.34,0.0
9595,6940.97,8787.34,0.0
9596,6940.97,8787.34,0.0
9597,6940.97,8787.34,0.0
9598,6940.97,0.0,0.0
9599,6940.97,0.0,0.0
9600,6940.97,0.0,0.0
9601,6940.97,0.0,0.0
9602,705.048628231963,0.0,0.0
9603,705.048628231963,0.0,0.0
9604,6940.97,0.0,0.0
9605,6940.97,0.0,0.0
9606,0.0,8787.34,0.0
9607,0.0,8787.34,0.0
9608,2627.539205456802,8787.34,0.0
9609,2627.539205456802,8787.34,0.0
9610,0.0,2049.3332648350915,0.0
9611,0.0,2049.3332648350915,0.0
9612,0.0,3910.6647742786918,0.0
9613,0.0,3910.6647742786918,0.0
9614,0.0,8787.34,0.0
9615,0.0,8787.34,0.0
9616,0.0,8787.34,10144.886428090358
9617,0.0,8787.34,10144.886428090358
9618,6940.97,8787.34,6137.634801770671
9619,6940.97,8787.34,6137.634801770671
9620,6940.97,7634.1562044030525,0.0
9621,6940.97,7634.1562044030525,0.0
9622,6940.97,8787.34,0.0
9623,6940.97,8787.34,0.0
9624,1983.2526259834394,8787.34,0.0
9625,1983.2526259834394,8787.34,0.0
9626,0.0,8787.34,0.0
9627,0.0,8787.34,0.0
9628,0.0,8787.34,0.0
9629,0.0,8787.34,0.0
9630,0.0,8787.34,0.0
9631,0.0,8787.34,0.0
9632,2360.498568343111,8787.34,0.0
9633,2360.498568343111,8787.34,0.0
9634,0.0,581.1532792961661,0.0
9635,0.0,581.1532792961661,0.0
9636,0.0,1874.6397049910593,0.0
9637,0.0,1874.6397049910593,0.0
9638,0.0,3101.907807094449,0.0
9639,0.0,3101.907807094449,0.0
9640,0.0,8787.34,0.0
9641,0.0,8787.34,0.0
9642,6940.97,8787.34,0.0
9643,6940.97,8787.34,0.0
9644,6940.97,2448.966363230187,0.0
9645,6940.97,2448.966363230187,0.0
9646,6940.97,0.0,0.0
9647,6940.97,0.0,0.0
9648,6940.97,8787.34,0.0
9649,6940.97,8787.34,0.0
9650,5769.642235776113,0.0,0.0
9651,5769.642235776113,0.0,0.0
9652,3784.2280855891345,8787.34,0.0
9653,3784.2280855891345,8787.34,0.0
9654,5752.344637731905,8787.34,0.0
9655,5752.344637731905,8787.34,0.0
9656,6940.97,0.0,0.0
9657,6940.97,0.0,0.0
9658,0.0,8787.34,0.0
9659,0.0,8787.34,0.0
9660,0.0,0.0,0.0
9661,0.0,0.0,0.0
9662,0.0,0.0,0.0
9663,0.0,0.0,0.0
9664,4553.046607946231,8787.34,0.0
9665,4553.046607946231,8787.34,0.0
9666,6940.97,8787.34,0.0
9667,6940.97,8787.34,0.0
9668,6940.97,4803.929656664703,0.0
9669,6940.97,4803.929656664703,0.0
9670,6940.97,8787.34,0.0
9671,6940.97,8787.34,0.0
9672,6940.97,0.0,0.0
9673,6940.97,0.0,0.0
9674,6940.97,0.0,0.0
9675,6940.97,0.0,0.0
9676,6940.97,0.0,0.0
9677,6940.97,0.0,0.0
9678,6940.97,0.0,0.0
9679,6940.97,0.0,0.0
9680,6940.97,0.0,0.0
9681,6940.97,0.0,0.0
9682,6940.97,0.0,0.0
9683,6940.97,0.0,0.0
9684,4464.495774742844,0.0,0.0
9685,4464.495774742844,0.0,0.0
9686,6940.97,0.0,0.0
9687,6940.97,0.0,0.0
9688,6940.97,0.0,0.0
9689,6940.97,0.0,0.0
9690,6940.97,0.0,0.0
9691,6940.97,0.0,0.0
9692,6940.97,0.0,0.0
9693,6940.97,0.0,0.0
9694,6940.97,0.0,0.0
9695,6940.97,0.0,0.0
9696,6940.97,0.0,0.0
9697,6940.97,0.0,0.0
9698,6940.97,0.0,0.0
9699,6940.97,0.0,0.0
9700,6940.97,0.0,0.0
9701,6940.97,0.0,0.0
9702,6940.97,0.0,0.0
9703,6940.97,0.0,0.0
9704,6940.97,0.0,0.0
9705,6940.97,0.0,0.0
9706,0.0,0.0,0.0
9707,0.0,0.0,0.0
9708,0.0,0.0,0.0
9709,0.0,0.0,0.0
9710,0.0,0.0,0.0
9711,0.0,0.0,0.0
9712,0.0,0.0,0.0
9713,0.0,0.0,0.0
9714,6940.97,0.0,0.0
9715,6940.97,0.0,0.0
9716,6940.97,0.0,0.0
9717,6940.97,0.0,0.0
9718,6940.97,0.0,0.0
9719,6940.97,0.0,0.0
9720,6940.97,0.0,0.0
9721,6940.97,0.0,0.0
9722,3969.3732953318595,0.0,0.0
9723,3969.3732953318595,0.0,0.0
9724,1496.1813197148076,0.0,0.0
9725,1496.1813197148076,0.0,0.0
9726,1792.6765559949981,0.0,0.0
9727,1792.6765559949981,0.0,0.0
9728,6940.97,0.0,0.0
9729,6940.97,0.0,0.0
9730,0.0,0.0,0.0
9731,0.0,0.0,0.0
9732,0.0,0.0,0.0
9733,0.0,0.0,0.0
9734,0.0,0.0,0.0
9735,0.0,0.0,0.0
9736,1976.5998632181836,8787.34,0.0
9737,1976.5998632181836,8787.34,0.0
9738,6940.97,8787.34,0.0
9739,6940.97,8787.34,0.0
9740,6940.97,0.0,0.0
9741,6940.97,0.0,0.0
9742,6940.97,0.0,0.0
9743,6940.97,0.0,0.0
9744,6940.97,8787.34,0.0
9745,6940.97,8787.34,0.0
9746,6940.97,8787.34,0.0
9747,6940.97,8787.34,0.0
9748,6940.97,8787.34,0.0
9749,6940.97,8787.34,0.0
9750,6940.97,8787.34,0.0
9751,6940.97,8787.34,0.0
9752,6940.97,8787.34,0.0
9753,6940.97,8787.34,0.0
9754,6940.97,8787.34,0.0
9755,6940.97,8787.34,0.0
9756,6940.97,8787.34,0.0
9757,6940.97,8787.34,0.0
9758,6940.97,8787.34,0.0
9759,6940.97,8787.34,0.0
9760,6940.97,8787.34,0.0
9761,6940.97,8787.34,0.0
9762,6940.97,8787.34,0.0
9763,6940.97,8787.34,0.0
9764,6940.97,8787.34,0.0
9765,6940.97,8787.34,0.0
9766,6940.97,8787.34,0.0
9767,6940.97,8787.34,0.0
9768,6940.97,8787.34,0.0
9769,6940.97,8787.34,0.0
9770,6940.97,8787.34,0.0
9771,6940.97,8787.34,0.0
9772,6940.97,8787.34,0.0
9773,6940.97,8787.34,0.0
9774,6940.97,8787.34,0.0
9775,6940.97,8787.34,0.0
9776,6940.97,8787.34,0.0
9777,6940.97,8787.34,0.0
9778,6940.97,8787.34,0.0
9779,6940.97,8787.34,0.0
9780,6940.97,8787.34,0.0
9781,6940.97,8787.34,0.0
9782,6940.97,8787.34,0.0
9783,6940.97,8787.34,0.0
9784,6940.97,8787.34,65393.33398660752
9785,6940.97,8787.34,65393.33398660752
9786,6940.97,8787.34,60037.228088023054
9787,6940.97,8787.34,60037.228088023054
9788,6940.97,8787.34,18481.388333392504
9789,6940.97,8787.34,18481.388333392504
9790,6940.97,8787.34,0.0
9791,6940.97,8787.34,0.0
9792,6940.97,8787.34,0.0
9793,6940.97,8787.34,0.0
9794,6940.97,8787.34,0.0
9795,6940.97,8787.34,0.0
9796,6940.97,8787.34,0.0
9797,6940.97,8787.34,0.0
9798,6940.97,8787.34,0.0
9799,6940.97,8787.34,0.0
9800,6940.97,8787.34,0.0
9801,6940.97,8787.34,0.0
9802,6940.97,8787.34,0.0
9803,6940.97,8787.34,0.0
9804,6940.97,8787.34,0.0
9805,6940.97,8787.34,0.0
9806,6940.97,8787.34,0.0
9807,6940.97,8787.34,0.0
9808,6940.97,8787.34,55840.148784119636
9809,6940.97,8787.34,55840.148784119636
9810,6940.97,8787.34,0.0
9811,6940.97,8787.34,0.0
9812,6940.97,8787.34,0.0
9813,6940.97,8787.34,0.0
9814,6940.97,8787.34,0.0
9815,6940.97,8787.34,0.0
9816,6940.97,8787.34,0.0
9817,6940.97,8787.34,0.0
9818,6940.97,8787.34,0.0
9819,6940.97,8787.34,0.0
9820,6940.97,8787.34,0.0
9821,6940.97,8787.34,0.0
9822,6940.97,8787.34,0.0
9823,6940.97,8787.34,0.0
9824,6940.97,8787.34,0.0
9825,6940.97,8787.34,0.0
9826,6940.97,7145.923474099185,0.0
9827,6940.97,7145.923474099185,0.0
9828,5583.172368536652,3474.185347103932,0.0
9829,5583.172368536652,3474.185347103932,0.0
9830,6940.97,2579.475492596628,0.0
9831,6940.97,2579.475492596628,0.0
9832,6940.97,5268.083436795328,0.0
9833,6940.97,5268.083436795328,0.0
9834,6940.97,8787.34,0.0
9835,6940.97,8787.34,0.0
9836,6940.97,8787.34,0.0
9837,6940.97,8787.34,0.0
9838,6940.97,8787.34,0.0
9839,6940.97,8787.34,0.0
9840,6940.97,6769.253216405329,0.0
9841,6940.97,6769.253216405329,0.0
9842,6940.97,0.0,0.0
9843,6940.97,0.0,0.0
9844,6940.97,0.0,0.0
9845,6940.97,0.0,0.0
9846,6940.97,2880.8255605966187,0.0
9847,6940.97,2880.8255605966187,0.0
9848,6940.97,7763.895624483804,0.0
9849,6940.97,7763.895624483804,0.0
9850,6940.97,5854.788909667464,0.0
9851,6940.97,5854.788909667464,0.0
9852,6144.52194729005,5003.185843393048,0.0
9853,6144.52194729005,5003.185843393048,0.0
9854,6940.97,4857.150883582879,0.0
9855,6940.97,4857.150883582879,0.0
9856,6940.97,8002.762505569719,0.0
9857,6940.97,8002.762505569719,0.0
9858,6940.97,8787.34,0.0
9859,6940.97,8787.34,0.0
9860,6940.97,8787.34,0.0
9861,6940.97,8787.34,0.0
9862,6940.97,8787.34,0.0
9863,6940.97,8787.34,0.0
9864,6940.97,8787.34,0.0
9865,6940.97,8787.34,0.0
9866,6940.97,5319.157726459618,0.0
9867,6940.97,5319.157726459618,0.0
9868,6940.97,4545.707760974339,0.0
9869,6940.97,4545.707760974339,0.0
9870,6940.97,5590.4279456196,0.0
9871,6940.97,5590.4279456196,0.0
9872,6940.97,8787.34,0.0
9873,6940.97,8787.34,0.0
9874,6940.97,7218.015689330379,0.0
9875,6940.97,7218.015689330379,0.0
9876,6940.97,3997.7534118470594,0.0
9877,6940.97,3997.7534118470594,0.0
9878,6940.97,3205.2067458923393,0.0
9879,6940.97,3205.2067458923393,0.0
9880,6940.97,8787.34,0.0
9881,6940.97,8787.34,0.0
9882,6940.97,8787.34,0.0
9883,6940.97,8787.34,0.0
9884,6940.97,8787.34,0.0
9885,6940.97,8787.34,0.0
9886,6940.97,8787.34,0.0
9887,6940.97,8787.34,0.0
9888,6940.97,8787.34,0.0
9889,6940.97,8787.34,0.0
9890,6940.97,8787.34,0.0
9891,6940.97,8787.34,0.0
9892,6940.97,8787.34,0.0
9893,6940.97,8787.34,0.0
9894,6940.97,8787.34,0.0
9895,6940.97,8787.34,0.0
9896,6940.97,8787.34,0.0
9897,6940.97,8787.34,0.0
9898,6940.97,8787.34,0.0
9899,6940.97,8787.34,0.0
9900,6626.672067502226,8787.34,0.0
9901,6626.672067502226,8787.34,0.0
9902,6138.435196232465,8787.34,0.0
9903,6138.435196232465,8787.34,0.0
9904,6940.97,8787.34,0.0
9905,6940.97,8787.34,0.0
9906,6940.97,8787.34,0.0
9907,6940.97,8787.34,0.0
9908,6940.97,8787.34,0.0
9909,6940.97,8787.34,0.0
9910,6940.97,8787.34,0.0
9911,6940.97,8787.34,0.0
9912,6940.97,8787.34,0.0
9913,6940.97,8787.34,0.0
9914,6940.97,5956.418095458377,0.0
9915,6940.97,5956.418095458377,0.0
9916,5869.630377671878,8787.34,0.0
9917,5869.630377671878,8787.34,0.0
9918,3787.9556517196024,8787.34,0.0
9919,3787.9556517196024,8787.34,0.0
9920,1834.1310962249463,8787.34,0.0
9921,1834.1310962249463,8787.34,0.0
9922,0.0,8787.34,0.0
9923,0.0,8787.34,0.0
9924,0.0,8787.34,0.0
9925,0.0,8787.34,0.0
9926,0.0,8787.34,0.0
9927,0.0,8787.34,0.0
9928,1412.3703382634012,8787.34,17104.092085779237
9929,1412.3703382634012,8787.34,17104.092085779237
9930,6940.97,8787.34,13300.919955097794
9931,6940.97,8787.34,13300.919955097794
9932,6940.97,8787.34,0.0
9933,6940.97,8787.34,0.0
9934,6940.97,8787.34,0.0
9935,6940.97,8787.34,0.0
9936,6940.97,8787.34,0.0
9937,6940.97,8787.34,0.0
9938,6940.97,8787.34,0.0
9939,6940.97,8787.34,0.0
9940,6940.97,8787.34,0.0
9941,6940.97,8787.34,0.0
9942,6940.97,8787.34,0.0
9943,6940.97,8787.34,0.0
9944,6940.97,8787.34,0.0
9945,6940.97,8787.34,0.0
9946,6940.97,8787.34,0.0
9947,6940.97,8787.34,0.0
9948,6136.097356693568,8787.34,0.0
9949,6136.097356693568,8787.34,0.0
9950,6940.97,8787.34,0.0
9951,6940.97,8787.34,0.0
9952,6940.97,8787.34,0.0
9953,6940.97,8787.34,0.0
9954,6940.97,8787.34,0.0
9955,6940.97,8787.34,0.0
9956,6940.97,8787.34,0.0
9957,6940.97,8787.34,0.0
9958,6940.97,8787.34,0.0
9959,6940.97,8787.34,0.0
9960,6940.97,8787.34,0.0
9961,6940.97,8787.34,0.0
9962,6940.97,8787.34,0.0
9963,6940.97,8787.34,0.0
9964,6940.97,8787.34,0.0
9965,6940.97,8787.34,0.0
9966,6940.97,8787.34,0.0
9967,6940.97,8787.34,0.0
9968,6940.97,8787.34,0.0
9969,6940.97,8787.34,0.0
9970,6940.97,7248.694190404734,0.0
9971,6940.97,7248.694190404734,0.0
9972,6940.97,2787.4413268598546,0.0
9973,6940.97,2787.4413268598546,0.0
9974,6940.97,2853.026089809073,0.0
9975,6940.97,2853.026089809073,0.0
9976,6940.97,8787.34,0.0
9977,6940.97,8787.34,0.0
9978,6940.97,8787.34,0.0
9979,6940.97,8787.34,0.0
9980,6940.97,8787.34,0.0
9981,6940.97,8787.34,0.0
9982,6940.97,8787.34,0.0
9983,6940.97,8787.34,0.0
9984,6940.97,8787.34,0.0
9985,6940.97,8787.34,0.0
9986,6940.97,1284.7655779478373,0.0
9987,6940.97,1284.7655779478373,0.0
9988,6940.97,0.0,0.0
9989,6940.97,0.0,0.0
9990,6940.97,8787.34,0.0
9991,6940.97,8787.34,0.0
9992,6940.97,6564.688883533796,0.0
9993,6940.97,6564.688883533796,0.0
9994,6940.97,0.0,0.0
9995,6940.97,0.0,0.0
9996,6940.97,0.0,0.0
9997,6940.97,0.0,0.0
9998,6940.97,0.0,0.0
9999,6940.97,0.0,0.0
10000,6940.97,3746.322936373612,8039.262944824222
10001,6940.97,3746.322936373612,8039.262944824222
10002,6940.97,0.0,9369.110381566585
10003,6940.97,0.0,9369.110381566585
10004,6940.97,8076.654371925017,0.0
10005,6940.97,8076.654371925017,0.0
10006,6940.97,0.0,0.0
10007,6940.97,0.0,0.0
10008,6940.97,0.0,0.0
10009,6940.97,0.0,0.0
10010,6940.97,0.0,0.0
10011,6940.97,0.0,0.0
10012,5895.199024084608,2358.0148569962166,0.0
10013,5895.199024084608,2358.0148569962166,0.0
10014,6165.916088331782,6430.625557843277,0.0
10015,6165.916088331782,6430.625557843277,0.0
10016,6940.97,8787.34,0.0
10017,6940.97,8787.34,0.0
10018,1054.4697008372386,7609.162582564992,0.0
10019,1054.4697008372386,7609.162582564992,0.0
10020,0.0,4720.313938455472,0.0
10021,0.0,4720.313938455472,0.0
10022,0.0,3224.9175327298362,0.0
10023,0.0,3224.9175327298362,0.0
10024,0.0,7981.296159517156,0.0
10025,0.0,7981.296159517156,0.0
10026,6588.6281313371455,8787.34,0.0
10027,6588.6281313371455,8787.34,0.0
10028,3958.7851641161833,8753.988515250892,0.0
10029,3958.7851641161833,8753.988515250892,0.0
10030,6940.97,8787.34,0.0
10031,6940.97,8787.34,0.0
10032,6070.405350558017,7983.279178376517,0.0
10033,6070.405350558017,7983.279178376517,0.0
10034,3454.562051305582,5002.137589904118,0.0
10035,3454.562051305582,5002.137589904118,0.0
10036,1420.3553576896402,6606.823111212578,0.0
10037,1420.3553576896402,6606.823111212578,0.0
10038,0.0,7866.067101193097,0.0
10039,0.0,7866.067101193097,0.0
10040,3466.482109299871,5167.295566029057,0.0
10041,3466.482109299871,5167.295566029057,0.0
10042,0.0,0.0,0.0
10043,0.0,0.0,0.0
10044,0.0,0.0,0.0
10045,0.0,0.0,0.0
10046,0.0,0.0,0.0
10047,0.0,0.0,0.0
10048,0.0,0.0,0.0
10049,0.0,0.0,0.0
10050,6940.97,3607.56352913131,0.0
10051,6940.97,3607.56352913131,0.0
10052,6940.97,0.0,0.0
10053,6940.97,0.0,0.0
10054,6940.97,465.54719551993367,0.0
10055,6940.97,465.54719551993367,0.0
10056,6940.97,0.0,0.0
10057,6940.97,0.0,0.0
10058,2677.8363781817543,0.0,0.0
10059,2677.8363781817543,0.0,0.0
10060,135.6877529839776,378.39446548585875,0.0
10061,135.6877529839776,378.39446548585875,0.0
10062,0.0,8787.34,0.0
10063,0.0,8787.34,0.0
10064,608.6249416864366,8413.736351488453,0.0
10065,608.6249416864366,8413.736351488453,0.0
10066,0.0,3677.2259993853913,0.0
10067,0.0,3677.2259993853913,0.0
10068,0.0,273.4805690863104,0.0
10069,0.0,273.4805690863104,0.0
10070,0.0,0.0,0.0
10071,0.0,0.0,0.0
10072,0.0,4832.908794347673,0.0
10073,0.0,4832.908794347673,0.0
10074,0.0,8787.34,0.0
10075,0.0,8787.34,0.0
10076,0.0,5063.699727055731,0.0
10077,0.0,5063.699727055731,0.0
10078,0.0,4986.248275600034,0.0
10079,0.0,4986.248275600034,0.0
10080,2825.581970260565,2921.0752336608584,0.0
10081,2825.581970260565,2921.0752336608584,0.0
10082,0.0,0.0,0.0
10083,0.0,0.0,0.0
10084,0.0,4263.646142219766,0.0
10085,0.0,4263.646142219766,0.0
10086,0.0,8787.34,0.0
10087,0.0,8787.34,0.0
10088,0.0,8787.34,0.0
10089,0.0,8787.34,0.0
10090,0.0,4490.630250189231,0.0
10091,0.0,4490.630250189231,0.0
10092,0.0,2964.519477549289,0.0
10093,0.0,2964.519477549289,0.0
10094,0.0,3119.445615322684,0.0
10095,0.0,3119.445615322684,0.0
10096,0.0,7994.136402547327,0.0
10097,0.0,7994.136402547327,0.0
10098,3212.5685583961867,8787.34,0.0
10099,3212.5685583961867,8787.34,0.0
10100,6940.97,7862.512466471748,0.0
10101,6940.97,7862.512466471748,0.0
10102,6940.97,8787.34,0.0
10103,6940.97,8787.34,0.0
10104,6940.97,7092.66599897396,0.0
10105,6940.97,7092.66599897396,0.0
10106,3707.166725861422,4255.255974548558,0.0
10107,3707.166725861422,4255.255974548558,0.0
10108,872.7639621926596,8787.34,0.0
10109,872.7639621926596,8787.34,0.0
10110,2499.0798674664757,8787.34,0.0
10111,2499.0798674664757,8787.34,0.0
10112,3693.1577501222846,8787.34,0.0
10113,3693.1577501222846,8787.34,0.0
10114,0.0,8787.34,0.0
10115,0.0,8787.34,0.0
10116,0.0,8787.34,0.0
10117,0.0,8787.34,0.0
10118,0.0,8787.34,9526.498566138252
10119,0.0,8787.34,9526.498566138252
10120,0.0,8787.34,37414.12986078085
10121,0.0,8787.34,37414.12986078085
10122,6940.97,8787.34,34055.21147697762
10123,6940.97,8787.34,34055.21147697762
10124,6940.97,8787.34,0.0
10125,6940.97,8787.34,0.0
10126,6940.97,8787.34,0.0
10127,6940.97,8787.34,0.0
10128,6940.97,8787.34,0.0
10129,6940.97,8787.34,0.0
10130,5593.45690846663,4965.257313734617,0.0
10131,5593.45690846663,4965.257313734617,0.0
10132,3624.2145880651333,8123.0544893385195,0.0
10133,3624.2145880651333,8123.0544893385195,0.0
10134,5765.658234150208,8787.34,0.0
10135,5765.658234150208,8787.34,0.0
10136,6940.97,8787.34,0.0
10137,6940.97,8787.34,0.0
10138,0.0,8787.34,0.0
10139,0.0,8787.34,0.0
10140,0.0,8787.34,0.0
10141,0.0,8787.34,0.0
10142,0.0,7590.136200407125,0.0
10143,0.0,7590.136200407125,0.0
10144,3957.6318862012104,8787.34,0.0
10145,3957.6318862012104,8787.34,0.0
10146,6940.97,8787.34,0.0
10147,6940.97,8787.34,0.0
10148,6940.97,5849.292362738985,0.0
10149,6940.97,5849.292362738985,0.0
10150,6940.97,5537.711376548419,0.0
10151,6940.97,5537.711376548419,0.0
10152,6940.97,863.7682489104354,0.0
10153,6940.97,863.7682489104354,0.0
10154,5623.861650989217,0.0,0.0
10155,5623.861650989217,0.0,0.0
10156,2260.1850908184715,903.6282927159573,0.0
10157,2260.1850908184715,903.6282927159573,0.0
10158,3079.34575313178,8787.34,0.0
10159,3079.34575313178,8787.34,0.0
10160,5448.009651396194,6597.266915111009,0.0
10161,5448.009651396194,6597.266915111009,0.0
10162,0.0,4407.018530912024,0.0
10163,0.0,4407.018530912024,0.0
10164,0.0,3636.6328071533244,0.0
10165,0.0,3636.6328071533244,0.0
10166,0.0,3594.851233602707,0.0
10167,0.0,3594.851233602707,0.0
10168,0.0,8787.34,17938.092625520214
10169,0.0,8787.34,17938.092625520214
10170,6940.97,8787.34,15128.889318412388
10171,6940.97,8787.34,15128.889318412388
10172,6940.97,8787.34,0.0
10173,6940.97,8787.34,0.0
10174,6940.97,8787.34,0.0
10175,6940.97,8787.34,0.0
10176,6940.97,7381.431626319039,0.0
10177,6940.97,7381.431626319039,0.0
10178,6940.97,2878.4348548459584,0.0
10179,6940.97,2878.4348548459584,0.0
10180,6940.97,3333.424889796179,0.0
10181,6940.97,3333.424889796179,0.0
10182,6940.97,4103.1872243440175,0.0
10183,6940.97,4103.1872243440175,0.0
10184,6940.97,3534.4014425622026,0.0
10185,6940.97,3534.4014425622026,0.0
10186,3606.748828356838,0.0,0.0
10187,3606.748828356838,0.0,0.0
10188,0.0,0.0,0.0
10189,0.0,0.0,0.0
10190,0.0,0.0,0.0
10191,0.0,0.0,0.0
10192,6909.780755373856,0.0,0.0
10193,6909.780755373856,0.0,0.0
10194,6940.97,0.0,0.0
10195,6940.97,0.0,0.0
10196,6940.97,0.0,0.0
10197,6940.97,0.0,0.0
10198,6940.97,0.0,0.0
10199,6940.97,0.0,0.0
10200,6940.97,0.0,0.0
10201,6940.97,0.0,0.0
10202,4541.974255001713,0.0,0.0
10203,4541.974255001713,0.0,0.0
10204,2322.261986137326,0.0,0.0
10205,2322.261986137326,0.0,0.0
10206,6463.071093335653,0.0,0.0
10207,6463.071093335653,0.0,0.0
10208,6940.97,0.0,0.0
10209,6940.97,0.0,0.0
10210,4530.729339874901,0.0,0.0
10211,4530.729339874901,0.0,0.0
10212,0.0,0.0,0.0
10213,0.0,0.0,0.0
10214,0.0,0.0,0.0
10215,0.0,0.0,0.0
10216,1879.9519044942635,0.0,0.0
10217,1879.9519044942635,0.0,0.0
10218,6940.97,0.0,0.0
10219,6940.97,0.0,0.0
10220,6940.97,0.0,0.0
10221,6940.97,0.0,0.0
10222,6940.97,0.0,0.0
10223,6940.97,0.0,0.0
10224,4866.927677647761,0.0,0.0
10225,4866.927677647761,0.0,0.0
10226,666.643299980004,0.0,0.0
10227,666.643299980004,0.0,0.0
10228,4997.185818330481,0.0,0.0
10229,4997.185818330481,0.0,0.0
10230,5666.2281495131565,0.0,0.0
10231,5666.2281495131565,0.0,0.0
10232,6940.97,0.0,0.0
10233,6940.97,0.0,0.0
10234,1069.7978103058272,0.0,0.0
10235,1069.7978103058272,0.0,0.0
10236,0.0,0.0,0.0
10237,0.0,0.0,0.0
10238,0.0,0.0,0.0
10239,0.0,0.0,0.0
10240,3295.8364702423087,0.0,0.0
10241,3295.8364702423087,0.0,0.0
10242,6940.97,1421.4072273391466,0.0
10243,6940.97,1421.4072273391466,0.0
10244,6940.97,0.0,0.0
10245,6940.97,0.0,0.0
10246,6940.97,0.0,0.0
10247,6940.97,0.0,0.0
10248,6940.97,6647.33041395452,0.0
10249,6940.97,6647.33041395452,0.0
10250,6940.97,3620.767450381738,0.0
10251,6940.97,3620.767450381738,0.0
10252,6940.97,5169.2224575579785,0.0
10253,6940.97,5169.2224575579785,0.0
10254,6940.97,8787.34,0.0
10255,6940.97,8787.34,0.0
10256,6940.97,5637.590069497228,0.0
10257,6940.97,5637.590069497228,0.0
10258,6940.97,0.0,0.0
10259,6940.97,0.0,0.0
10260,4582.168800173731,0.0,0.0
10261,4582.168800173731,0.0,0.0
10262,3688.3099191860856,0.0,0.0
10263,3688.3099191860856,0.0,0.0
10264,6940.97,2687.0200025555987,0.0
10265,6940.97,2687.0200025555987,0.0
10266,6940.97,8787.34,0.0
10267,6940.97,8787.34,0.0
10268,6940.97,8247.93615733701,0.0
10269,6940.97,8247.93615733701,0.0
10270,6940.97,8787.34,0.0
10271,6940.97,8787.34,0.0
10272,6940.97,2166.4253906265385,0.0
10273,6940.97,2166.4253906265385,0.0
10274,6940.97,0.0,0.0
10275,6940.97,0.0,0.0
10276,6940.97,4864.238075979318,0.0
10277,6940.97,4864.238075979318,0.0
10278,6940.97,8787.34,0.0
10279,6940.97,8787.34,0.0
10280,6940.97,7663.303423804227,0.0
10281,6940.97,7663.303423804227,0.0
10282,3539.676986304965,2057.685937253471,0.0
10283,3539.676986304965,2057.685937253471,0.0
10284,0.0,539.8042373088447,0.0
10285,0.0,539.8042373088447,0.0
10286,0.0,0.0,0.0
10287,0.0,0.0,0.0
10288,2585.4826414028093,4994.3852904193245,0.0
10289,2585.4826414028093,4994.3852904193245,0.0
10290,6940.97,8787.34,0.0
10291,6940.97,8787.34,0.0
10292,6940.97,3845.7879082121053,0.0
10293,6940.97,3845.7879082121053,0.0
10294,6940.97,5093.720825678867,0.0
10295,6940.97,5093.720825678867,0.0
10296,6940.97,4967.145346100757,0.0
10297,6940.97,4967.145346100757,0.0
10298,6940.97,3968.8931210380597,0.0
10299,6940.97,3968.8931210380597,0.0
10300,6940.97,8787.34,0.0
10301,6940.97,8787.34,0.0
10302,6940.97,8787.34,0.0
10303,6940.97,8787.34,0.0
10304,4842.897640883509,8787.34,0.0
10305,4842.897640883509,8787.34,0.0
10306,0.0,2341.088225095027,0.0
10307,0.0,2341.088225095027,0.0
10308,0.0,0.0,0.0
10309,0.0,0.0,0.0
10310,0.0,0.0,0.0
10311,0.0,0.0,0.0
10312,2053.877500677485,6478.580494272939,0.0
10313,2053.877500677485,6478.580494272939,0.0
10314,6940.97,8787.34,0.0
10315,6940.97,8787.34,0.0
10316,6940.97,8787.34,0.0
10317,6940.97,8787.34,0.0
10318,6940.97,8787.34,0.0
10319,6940.97,8787.34,0.0
10320,6940.97,8787.34,0.0
10321,6940.97,8787.34,0.0
10322,6940.97,7603.88334507242,0.0
10323,6940.97,7603.88334507242,0.0
10324,6940.97,8787.34,0.0
10325,6940.97,8787.34,0.0
10326,6940.97,8787.34,0.0
10327,6940.97,8787.34,0.0
10328,6940.97,8787.34,0.0
10329,6940.97,8787.34,0.0
10330,6940.97,3796.8058792599295,0.0
10331,6940.97,3796.8058792599295,0.0
10332,6905.823576760133,83.78278163385585,0.0
10333,6905.823576760133,83.78278163385585,0.0
10334,6940.97,0.0,0.0
10335,6940.97,0.0,0.0
10336,6940.97,6461.063988187119,0.0
10337,6940.97,6461.063988187119,0.0
10338,6940.97,8787.34,0.0
10339,6940.97,8787.34,0.0
10340,6940.97,8787.34,0.0
10341,6940.97,8787.34,0.0
10342,6940.97,8787.34,0.0
10343,6940.97,8787.34,0.0
10344,6940.97,3720.844305686418,0.0
10345,6940.97,3720.844305686418,0.0
10346,6940.97,0.0,0.0
10347,6940.97,0.0,0.0
10348,6940.97,822.0451620209587,0.0
10349,6940.97,822.0451620209587,0.0
10350,6940.97,2826.1714797260993,0.0
10351,6940.97,2826.1714797260993,0.0
10352,6940.97,1410.1977990012,0.0
10353,6940.97,1410.1977990012,0.0
10354,6940.97,0.0,0.0
10355,6940.97,0.0,0.0
10356,6940.97,0.0,0.0
10357,6940.97,0.0,0.0
10358,6940.97,0.0,0.0
10359,6940.97,0.0,0.0
10360,6940.97,0.0,0.0
10361,6940.97,0.0,0.0
10362,6940.97,6769.088098870612,0.0
10363,6940.97,6769.088098870612,0.0
10364,6940.97,6619.662991878443,0.0
10365,6940.97,6619.662991878443,0.0
10366,6940.97,8787.34,0.0
10367,6940.97,8787.34,0.0
10368,6940.97,1778.7512509867393,0.0
10369,6940.97,1778.7512509867393,0.0
10370,6940.97,0.0,0.0
10371,6940.97,0.0,0.0
10372,6940.97,0.0,0.0
10373,6940.97,0.0,0.0
10374,6940.97,0.0,0.0
10375,6940.97,0.0,0.0
10376,6940.97,0.0,0.0
10377,6940.97,0.0,0.0
10378,6940.97,0.0,0.0
10379,6940.97,0.0,0.0
10380,2108.8791507012793,0.0,0.0
10381,2108.8791507012793,0.0,0.0
10382,639.5713566919326,0.0,0.0
10383,639.5713566919326,0.0,0.0
10384,6940.97,0.0,0.0
10385,6940.97,0.0,0.0
10386,6940.97,3899.5473295574193,0.0
10387,6940.97,3899.5473295574193,0.0
10388,6940.97,1104.0470022131976,0.0
10389,6940.97,1104.0470022131976,0.0
10390,6940.97,1562.096535485758,0.0
10391,6940.97,1562.096535485758,0.0
10392,6940.97,0.0,0.0
10393,6940.97,0.0,0.0
10394,6940.97,0.0,0.0
10395,6940.97,0.0,0.0
10396,6940.97,4371.3756927860795,0.0
10397,6940.97,4371.3756927860795,0.0
10398,6940.97,8787.34,0.0
10399,6940.97,8787.34,0.0
10400,6940.97,8334.141084071327,0.0
10401,6940.97,8334.141084071327,0.0
10402,6940.97,4433.419128350337,0.0
10403,6940.97,4433.419128350337,0.0
10404,5201.768049089504,2229.4360198016784,0.0
10405,5201.768049089504,2229.4360198016784,0.0
10406,5674.497915166976,1801.0707422002797,0.0
10407,5674.497915166976,1801.0707422002797,0.0
10408,6940.97,6105.044522803359,0.0
10409,6940.97,6105.044522803359,0.0
10410,6940.97,8787.34,0.0
10411,6940.97,8787.34,0.0
10412,6940.97,7702.064643265321,0.0
10413,6940.97,7702.064643265321,0.0
10414,6940.97,6921.240763772197,0.0
10415,6940.97,6921.240763772197,0.0
10416,6940.97,8747.914569040297,0.0
10417,6940.97,8747.914569040297,0.0
10418,6940.97,5826.897904982236,0.0
10419,6940.97,5826.897904982236,0.0
10420,6940.97,8641.588004634163,0.0
10421,6940.97,8641.588004634163,0.0
10422,6940.97,8787.34,0.0
10423,6940.97,8787.34,0.0
10424,6940.97,8226.10957995803,0.0
10425,6940.97,8226.10957995803,0.0
10426,6940.97,4483.1244941015775,0.0
10427,6940.97,4483.1244941015775,0.0
10428,3380.047148419868,2575.3455633015164,0.0
10429,3380.047148419868,2575.3455633015164,0.0
10430,4445.756251282837,1978.4820807942178,0.0
10431,4445.756251282837,1978.4820807942178,0.0
10432,6940.97,4758.809568945098,7755.317415417943
10433,6940.97,4758.809568945098,7755.317415417943
10434,6940.97,8787.34,14886.77555793045
10435,6940.97,8787.34,14886.77555793045
10436,6940.97,7433.232348598916,0.0
10437,6940.97,7433.232348598916,0.0
10438,6940.97,2278.0038575653034,0.0
10439,6940.97,2278.0038575653034,0.0
10440,6940.97,3932.346700391936,0.0
10441,6940.97,3932.346700391936,0.0
10442,6940.97,1436.1327696469762,0.0
10443,6940.97,1436.1327696469762,0.0
10444,6940.97,3500.0938011866147,0.0
10445,6940.97,3500.0938011866147,0.0
10446,6940.97,8787.34,0.0
10447,6940.97,8787.34,0.0
10448,6940.97,8787.34,0.0
10449,6940.97,8787.34,0.0
10450,6940.97,0.0,0.0
10451,6940.97,0.0,0.0
10452,6940.97,0.0,0.0
10453,6940.97,0.0,0.0
10454,6940.97,0.0,0.0
10455,6940.97,0.0,0.0
10456,6940.97,2337.257794005118,8978.48471922394
10457,6940.97,2337.257794005118,8978.48471922394
10458,6940.97,8787.34,24948.704192184014
10459,6940.97,8787.34,24948.704192184014
10460,6940.97,6753.766784915659,0.0
10461,6940.97,6753.766784915659,0.0
10462,6940.97,7556.174789852415,0.0
10463,6940.97,7556.174789852415,0.0
10464,6940.97,4552.991178027376,0.0
10465,6940.97,4552.991178027376,0.0
10466,6940.97,1155.8430865007376,0.0
10467,6940.97,1155.8430865007376,0.0
10468,6940.97,5940.4255408945955,0.0
10469,6940.97,5940.4255408945955,0.0
10470,6940.97,8787.34,0.0
10471,6940.97,8787.34,0.0
10472,6940.97,4102.0,0.0
10473,6940.97,4102.0,0.0
10474,6940.97,0.0,0.0
10475,6940.97,0.0,0.0
10476,6940.97,0.0,0.0
10477,6940.97,0.0,0.0
10478,6921.563038851957,0.0,0.0
10479,6921.563038851957,0.0,0.0
10480,6940.97,0.0,0.0
10481,6940.97,0.0,0.0
10482,6940.97,3781.050002847538,5555.32574262032
10483,6940.97,3781.050002847538,5555.32574262032
10484,6940.97,1900.087309154619,0.0
10485,6940.97,1900.087309154619,0.0
10486,6940.97,0.0,0.0
10487,6940.97,0.0,0.0
10488,6940.97,2698.546847476866,0.0
10489,6940.97,2698.546847476866,0.0
10490,6940.97,0.0,0.0
10491,6940.97,0.0,0.0
10492,6940.97,910.0634313026185,0.0
10493,6940.97,910.0634313026185,0.0
10494,6940.97,6693.734438435016,0.0
10495,6940.97,6693.734438435016,0.0
10496,6940.97,3699.2349131199717,0.0
10497,6940.97,3699.2349131199717,0.0
10498,6045.964843460303,0.0,0.0
10499,6045.964843460303,0.0,0.0
10500,2292.9920107792677,0.0,0.0
10501,2292.9920107792677,0.0,0.0
10502,5124.0556333474415,0.0,0.0
10503,5124.0556333474415,0.0,0.0
10504,6940.97,2067.338070702257,0.0
10505,6940.97,2067.338070702257,0.0
10506,6940.97,5203.436574821737,4240.255970991639
10507,6940.97,5203.436574821737,4240.255970991639
10508,6940.97,1646.7975500565772,0.0
10509,6940.97,1646.7975500565772,0.0
10510,6940.97,2833.951771234497,0.0
10511,6940.97,2833.951771234497,0.0
10512,6940.97,0.0,0.0
10513,6940.97,0.0,0.0
10514,6940.97,0.0,0.0
10515,6940.97,0.0,0.0
10516,6940.97,0.0,0.0
10517,6940.97,0.0,0.0
10518,6940.97,0.0,0.0
10519,6940.97,0.0,0.0
10520,6940.97,0.0,0.0
10521,6940.97,0.0,0.0
10522,4826.507056561481,0.0,0.0
10523,4826.507056561481,0.0,0.0
10524,0.0,0.0,0.0
10525,0.0,0.0,0.0
10526,0.0,0.0,0.0
10527,0.0,0.0,0.0
10528,6838.377452303615,0.0,0.0
10529,6838.377452303615,0.0,0.0
10530,6940.97,2004.1373145987764,0.0
10531,6940.97,2004.1373145987764,0.0
10532,6940.97,0.0,0.0
10533,6940.97,0.0,0.0
10534,6940.97,3743.7751752197564,0.0
10535,6940.97,3743.7751752197564,0.0
10536,6940.97,1610.9225533654171,0.0
10537,6940.97,1610.9225533654171,0.0
10538,6940.97,0.0,0.0
10539,6940.97,0.0,0.0
10540,6940.97,0.0,0.0
10541,6940.97,0.0,0.0
10542,6940.97,0.0,0.0
10543,6940.97,0.0,0.0
10544,6940.97,0.0,0.0
10545,6940.97,0.0,0.0
10546,6940.97,0.0,0.0
10547,6940.97,0.0,0.0
10548,6623.204472475794,0.0,0.0
10549,6623.204472475794,0.0,0.0
10550,6940.97,0.0,0.0
10551,6940.97,0.0,0.0
10552,6940.97,1312.496951017276,0.0
10553,6940.97,1312.496951017276,0.0
10554,6940.97,5491.779586146717,0.0
10555,6940.97,5491.779586146717,0.0
10556,6940.97,4435.300604595444,0.0
10557,6940.97,4435.300604595444,0.0
10558,6940.97,6881.748859366445,0.0
10559,6940.97,6881.748859366445,0.0
10560,6940.97,3849.194072812117,0.0
10561,6940.97,3849.194072812117,0.0
10562,6940.97,1565.2859608739582,0.0
10563,6940.97,1565.2859608739582,0.0
10564,6940.97,7744.092388303718,0.0
10565,6940.97,7744.092388303718,0.0
10566,6940.97,8787.34,0.0
10567,6940.97,8787.34,0.0
10568,6940.97,8787.34,0.0
10569,6940.97,8787.34,0.0
10570,6940.97,6158.157380960814,0.0
10571,6940.97,6158.157380960814,0.0
10572,4867.349990148523,5212.798682019815,0.0
10573,4867.349990148523,5212.798682019815,0.0
10574,5538.756899765078,4977.503418204196,0.0
10575,5538.756899765078,4977.503418204196,0.0
10576,6940.97,8787.34,0.0
10577,6940.97,8787.34,0.0
10578,6940.97,8436.97040712011,0.0
10579,6940.97,8436.97040712011,0.0
10580,6940.97,8787.34,0.0
10581,6940.97,8787.34,0.0
10582,6940.97,6292.735736243738,0.0
10583,6940.97,6292.735736243738,0.0
10584,6940.97,261.76627180254627,0.0
10585,6940.97,261.76627180254627,0.0
10586,6940.97,0.0,0.0
10587,6940.97,0.0,0.0
10588,6940.97,1863.1219269989829,0.0
10589,6940.97,1863.1219269989829,0.0
10590,5257.021701568626,7817.611801198471,0.0
10591,5257.021701568626,7817.611801198471,0.0
10592,6940.97,3749.0,0.0
10593,6940.97,3749.0,0.0
10594,2807.6148300480727,0.0,0.0
10595,2807.6148300480727,0.0,0.0
10596,0.0,0.0,0.0
10597,0.0,0.0,0.0
10598,307.16152848341244,0.0,0.0
10599,307.16152848341244,0.0,0.0
10600,6940.97,4126.048561965063,0.0
10601,6940.97,4126.048561965063,0.0
10602,6940.97,4859.512336749938,9756.708325294006
10603,6940.97,4859.512336749938,9756.708325294006
10604,6940.97,0.0,0.0
10605,6940.97,0.0,0.0
10606,6940.97,2592.7183038034564,0.0
10607,6940.97,2592.7183038034564,0.0
10608,6940.97,1210.0301859216397,0.0
10609,6940.97,1210.0301859216397,0.0
10610,6940.97,0.0,0.0
10611,6940.97,0.0,0.0
10612,5890.399254800419,3535.562258032978,0.0
10613,5890.399254800419,3535.562258032978,0.0
10614,6940.97,8758.591704485758,0.0
10615,6940.97,8758.591704485758,0.0
10616,6940.97,4685.036649041167,0.0
10617,6940.97,4685.036649041167,0.0
10618,4971.9994062144715,0.0,0.0
10619,4971.9994062144715,0.0,0.0
10620,6940.97,0.0,0.0
10621,6940.97,0.0,0.0
10622,6940.97,0.0,0.0
10623,6940.97,0.0,0.0
10624,6225.969236175659,0.0,9996.265879702456
10625,6225.969236175659,0.0,9996.265879702456
10626,6940.97,2818.1350944773385,19700.409732420645
10627,6940.97,2818.1350944773385,19700.409732420645
10628,6940.97,0.0,0.0
10629,6940.97,0.0,0.0
10630,6940.97,267.57478211669877,0.0
10631,6940.97,267.57478211669877,0.0
10632,6940.97,0.0,0.0
10633,6940.97,0.0,0.0
10634,6940.97,0.0,0.0
10635,6940.97,0.0,0.0
10636,4682.637861194749,0.0,0.0
10637,4682.637861194749,0.0,0.0
10638,4627.131217163886,6328.254325202099,0.0
10639,4627.131217163886,6328.254325202099,0.0
10640,4614.448867373787,0.0,0.0
10641,4614.448867373787,0.0,0.0
10642,0.0,0.0,0.0
10643,0.0,0.0,0.0
10644,4169.11767226106,0.0,0.0
10645,4169.11767226106,0.0,0.0
10646,5692.685495538765,0.0,0.0
10647,5692.685495538765,0.0,0.0
10648,6940.97,0.0,17432.869702816388
10649,6940.97,0.0,17432.869702816388
10650,6940.97,8311.050899142405,29070.091150505017
10651,6940.97,8311.050899142405,29070.091150505017
10652,6940.97,3521.429384923218,108.06324688276072
10653,6940.97,3521.429384923218,108.06324688276072
10654,6940.97,4285.5283748653,0.0
10655,6940.97,4285.5283748653,0.0
10656,4848.552270261961,934.3372061728987,0.0
10657,4848.552270261961,934.3372061728987,0.0
10658,1691.0769952296905,0.0,0.0
10659,1691.0769952296905,0.0,0.0
10660,0.0,2307.2520023875786,0.0
10661,0.0,2307.2520023875786,0.0
10662,0.0,3433.8606661490194,0.0
10663,0.0,3433.8606661490194,0.0
10664,68.93673740366557,8204.436836929543,0.0
10665,68.93673740366557,8204.436836929543,0.0
10666,0.0,6301.464880146867,0.0
10667,0.0,6301.464880146867,0.0
10668,482.7554456847056,3528.925416411146,0.0
10669,482.7554456847056,3528.925416411146,0.0
10670,84.54464171745076,2508.096342031158,0.0
10671,84.54464171745076,2508.096342031158,0.0
10672,2367.409650764682,5431.008638305439,5491.42083034807
10673,2367.409650764682,5431.008638305439,5491.42083034807
10674,6940.97,8542.176016738025,14269.608396040516
10675,6940.97,8542.176016738025,14269.608396040516
10676,6940.97,4683.80162968542,0.0
10677,6940.97,4683.80162968542,0.0
10678,6940.97,4485.048605479156,0.0
10679,6940.97,4485.048605479156,0.0
10680,6940.97,2522.6188988366794,0.0
10681,6940.97,2522.6188988366794,0.0
10682,4497.57353612567,0.0,0.0
10683,4497.57353612567,0.0,0.0
10684,2323.2894976735415,0.0,0.0
10685,2323.2894976735415,0.0,0.0
10686,3642.3905210347866,29.286862008179014,0.0
10687,3642.3905210347866,29.286862008179014,0.0
10688,5990.059712042633,0.0,0.0
10689,5990.059712042633,0.0,0.0
10690,2855.5486355428516,0.0,0.0
10691,2855.5486355428516,0.0,0.0
10692,98.61562791918186,0.0,0.0
10693,98.61562791918186,0.0,0.0
10694,0.0,0.0,0.0
10695,0.0,0.0,0.0
10696,5055.556944584107,0.0,0.0
10697,5055.556944584107,0.0,0.0
10698,6940.97,579.5855885236178,0.0
10699,6940.97,579.5855885236178,0.0
10700,6940.97,0.0,0.0
10701,6940.97,0.0,0.0
10702,6940.97,682.4102107171002,0.0
10703,6940.97,682.4102107171002,0.0
10704,6940.97,0.0,0.0
10705,6940.97,0.0,0.0
10706,6909.4223047122105,0.0,0.0
10707,6909.4223047122105,0.0,0.0
10708,3823.2649217344656,0.0,0.0
10709,3823.2649217344656,0.0,0.0
10710,3177.5989904844805,0.0,0.0
10711,3177.5989904844805,0.0,0.0
10712,953.9408581672369,0.0,0.0
10713,953.9408581672369,0.0,0.0
10714,0.0,0.0,0.0
10715,0.0,0.0,0.0
10716,0.0,0.0,0.0
10717,0.0,0.0,0.0
10718,58.7029319133253,0.0,0.0
10719,58.7029319133253,0.0,0.0
10720,6940.97,0.0,0.0
10721,6940.97,0.0,0.0
10722,6940.97,3047.271506093579,0.0
10723,6940.97,3047.271506093579,0.0
10724,6940.97,1898.1229931985981,0.0
10725,6940.97,1898.1229931985981,0.0
10726,6940.97,4562.932621621179,0.0
10727,6940.97,4562.932621621179,0.0
10728,6940.97,4046.83654340706,0.0
10729,6940.97,4046.83654340706,0.0
10730,6940.97,2333.906302834279,0.0
10731,6940.97,2333.906302834279,0.0
10732,6940.97,8787.34,0.0
10733,6940.97,8787.34,0.0
10734,6940.97,8787.34,0.0
10735,6940.97,8787.34,0.0
10736,6173.797398079159,8787.34,0.0
10737,6173.797398079159,8787.34,0.0
10738,1067.0507610916611,0.0,0.0
10739,1067.0507610916611,0.0,0.0
10740,0.0,0.0,0.0
10741,0.0,0.0,0.0
10742,0.0,0.0,0.0
10743,0.0,0.0,0.0
10744,0.0,0.0,1670.327083388096
10745,0.0,0.0,1670.327083388096
10746,2701.3570755151713,8787.34,16603.785984237184
10747,2701.3570755151713,8787.34,16603.785984237184
10748,6141.088603347991,5332.829366456319,0.0
10749,6141.088603347991,5332.829366456319,0.0
10750,3674.269757410263,6318.95800514009,0.0
10751,3674.269757410263,6318.95800514009,0.0
10752,1163.1430165405118,0.0,0.0
10753,1163.1430165405118,0.0,0.0
10754,0.0,0.0,0.0
10755,0.0,0.0,0.0
10756,0.0,0.0,0.0
10757,0.0,0.0,0.0
10758,0.0,5390.0,0.0
10759,0.0,5390.0,0.0
10760,0.0,1000.2437118560501,0.0
10761,0.0,1000.2437118560501,0.0
10762,0.0,0.0,0.0
10763,0.0,0.0,0.0
10764,0.0,2399.362717942573,0.0
10765,0.0,2399.362717942573,0.0
10766,0.0,7323.893570201377,0.0
10767,0.0,7323.893570201377,0.0
10768,0.0,3222.0,15396.922973235196
10769,0.0,3222.0,15396.922973235196
10770,0.0,4511.0,28266.316222347727
10771,0.0,4511.0,28266.316222347727
10772,5273.552688511435,2038.5,0.0
10773,5273.552688511435,2038.5,0.0
10774,0.0,272.9727261622229,0.0
10775,0.0,272.9727261622229,0.0
10776,0.0,2197.027273837777,0.0
10777,0.0,2197.027273837777,0.0
10778,0.0,0.0,0.0
10779,0.0,0.0,0.0
10780,0.0,1842.0,0.0
10781,0.0,1842.0,0.0
10782,0.0,3788.5,0.0
10783,0.0,3788.5,0.0
10784,0.0,4297.5,0.0
10785,0.0,4297.5,0.0
10786,0.0,2869.5,0.0
10787,0.0,2869.5,0.0
10788,0.0,0.0,0.0
10789,0.0,0.0,0.0
10790,0.0,0.0,0.0
10791,0.0,0.0,0.0
10792,0.0,0.0,0.0
10793,0.0,0.0,0.0
10794,0.0,1836.226912329863,0.0
10795,0.0,1836.226912329863,0.0
10796,4676.145598227757,3461.933087670137,0.0
10797,4676.145598227757,3461.933087670137,0.0
10798,3359.211166410423,8787.34,0.0
10799,3359.211166410423,8787.34,0.0
10800,0.0,1619.5,0.0
10801,0.0,1619.5,0.0
10802,4349.035616942498,0.0,0.0
10803,4349.035616942498,0.0,0.0
10804,0.0,2771.0,0.0
10805,0.0,2771.0,0.0
10806,0.0,2698.0,0.0
10807,0.0,2698.0,0.0
10808,0.0,2911.5,0.0
10809,0.0,2911.5,0.0
10810,0.0,0.0,0.0
10811,0.0,0.0,0.0
10812,0.0,0.0,0.0
10813,0.0,0.0,0.0
10814,0.0,0.0,0.0
10815,0.0,0.0,0.0
10816,0.0,3000.8208208522756,0.0
10817,0.0,3000.8208208522756,0.0
10818,0.0,6522.164315496588,0.0
10819,0.0,6522.164315496588,0.0
10820,4067.448596661292,2732.707692513375,0.0
10821,4067.448596661292,2732.707692513375,0.0
10822,0.0,3405.5412803044364,0.0
10823,0.0,3405.5412803044364,0.0
10824,5929.593352674244,432.42589083332496,0.0
10825,5929.593352674244,432.42589083332496,0.0
10826,0.0,0.0,0.0
10827,0.0,0.0,0.0
10828,0.0,0.0,0.0
10829,0.0,0.0,0.0
10830,0.0,8787.34,0.0
10831,0.0,8787.34,0.0
10832,0.0,2991.5,0.0
10833,0.0,2991.5,0.0
10834,0.0,0.0,0.0
10835,0.0,0.0,0.0
10836,0.0,0.0,0.0
10837,0.0,0.0,0.0
10838,0.0,0.0,0.0
10839,0.0,0.0,0.0
10840,377.4785000163952,0.0,0.0
10841,377.4785000163952,0.0,0.0
10842,1826.2479235408455,7265.4525887857035,2586.1157598914433
10843,1826.2479235408455,7265.4525887857035,2586.1157598914433
10844,6241.863033889403,4585.5474112142965,0.0
10845,6241.863033889403,4585.5474112142965,0.0
10846,5379.758125487968,2762.5,0.0
10847,5379.758125487968,2762.5,0.0
10848,6940.97,1019.0,0.0
10849,6940.97,1019.0,0.0
10850,872.7360803669449,0.0,0.0
10851,872.7360803669449,0.0,0.0
10852,0.0,1204.5,0.0
10853,0.0,1204.5,0.0
10854,0.0,1326.5,0.0
10855,0.0,1326.5,0.0
10856,0.0,92.94932067031732,0.0
10857,0.0,92.94932067031732,0.0
10858,0.0,0.0,0.0
10859,0.0,0.0,0.0
10860,0.0,0.0,0.0
10861,0.0,0.0,0.0
10862,0.0,0.0,0.0
10863,0.0,0.0,0.0
10864,0.0,0.0,0.0
10865,0.0,0.0,0.0
10866,0.0,0.0,0.0
10867,0.0,0.0,0.0
10868,1310.8720142838383,0.0,0.0
10869,1310.8720142838383,0.0,0.0
10870,404.04929737041175,0.0,0.0
10871,404.04929737041175,0.0,0.0
10872,0.0,0.0,0.0
10873,0.0,0.0,0.0
10874,0.0,0.0,0.0
10875,0.0,0.0,0.0
10876,0.0,0.0,0.0
10877,0.0,0.0,0.0
10878,0.0,0.0,0.0
10879,0.0,0.0,0.0
10880,0.0,0.0,0.0
10881,0.0,0.0,0.0
10882,0.0,0.0,0.0
10883,0.0,0.0,0.0
10884,0.0,0.0,0.0
10885,0.0,0.0,0.0
10886,0.0,0.0,0.0
10887,0.0,0.0,0.0
10888,0.0,0.0,0.0
10889,0.0,0.0,0.0
10890,0.0,0.0,0.0
10891,0.0,0.0,0.0
10892,663.5991017870601,0.0,0.0
10893,663.5991017870601,0.0,0.0
10894,0.0,0.0,0.0
10895,0.0,0.0,0.0
10896,0.0,0.0,0.0
10897,0.0,0.0,0.0
10898,0.0,0.0,0.0
10899,0.0,0.0,0.0
10900,0.0,0.0,0.0
10901,0.0,0.0,0.0
10902,0.0,0.0,0.0
10903,0.0,0.0,0.0
10904,0.0,0.0,0.0
10905,0.0,0.0,0.0
10906,0.0,0.0,0.0
10907,0.0,0.0,0.0
10908,0.0,0.0,0.0
10909,0.0,0.0,0.0
10910,0.0,0.0,0.0
10911,0.0,0.0,0.0
10912,0.0,0.0,0.0
10913,0.0,0.0,0.0
10914,0.0,0.0,0.0
10915,0.0,0.0,0.0
10916,0.0,0.0,0.0
10917,0.0,0.0,0.0
10918,0.0,0.0,0.0
10919,0.0,0.0,0.0
10920,4827.883177938014,0.0,0.0
10921,4827.883177938014,0.0,0.0
10922,0.0,0.0,0.0
10923,0.0,0.0,0.0
10924,100.98220038543423,0.0,0.0
10925,100.98220038543423,0.0,0.0
10926,0.0,0.0,0.0
10927,0.0,0.0,0.0
10928,0.0,0.0,0.0
10929,0.0,0.0,0.0
10930,0.0,0.0,0.0
10931,0.0,0.0,0.0
10932,0.0,0.0,0.0
10933,0.0,0.0,0.0
10934,0.0,0.0,0.0
10935,0.0,0.0,0.0
10936,0.0,0.0,0.0
10937,0.0,0.0,0.0
10938,0.0,0.0,0.0
10939,0.0,0.0,0.0
10940,0.0,0.0,0.0
10941,0.0,0.0,0.0
10942,3772.979388901421,0.0,0.0
10943,3772.979388901421,0.0,0.0
10944,1034.9121733039242,0.0,0.0
10945,1034.9121733039242,0.0,0.0
10946,0.0,0.0,0.0
10947,0.0,0.0,0.0
10948,0.0,0.0,0.0
10949,0.0,0.0,0.0
10950,0.0,466.4301876761783,0.0
10951,0.0,466.4301876761783,0.0
10952,0.0,0.0,0.0
10953,0.0,0.0,0.0
10954,0.0,0.0,0.0
10955,0.0,0.0,0.0
10956,0.0,0.0,0.0
10957,0.0,0.0,0.0
10958,0.0,0.0,0.0
10959,0.0,0.0,0.0
10960,0.0,0.0,0.0
10961,0.0,0.0,0.0
10962,0.0,0.0,0.0
10963,0.0,0.0,0.0
10964,0.0,0.0,0.0
10965,0.0,0.0,0.0
10966,0.0,0.0,0.0
10967,0.0,0.0,0.0
10968,816.1960158702445,0.0,0.0
10969,816.1960158702445,0.0,0.0
10970,0.0,0.0,0.0
10971,0.0,0.0,0.0
10972,0.0,0.0,0.0
10973,0.0,0.0,0.0
10974,0.0,6361.301391993926,0.0
10975,0.0,6361.301391993926,0.0
10976,0.0,0.0,0.0
10977,0.0,0.0,0.0
10978,0.0,0.0,0.0
10979,0.0,0.0,0.0
10980,0.0,0.0,0.0
10981,0.0,0.0,0.0
10982,0.0,0.0,0.0
10983,0.0,0.0,0.0
10984,0.0,4702.401649879289,0.0
10985,0.0,4702.401649879289,0.0
10986,0.0,8787.34,0.0
10987,0.0,8787.34,0.0
10988,0.0,8787.34,0.0
10989,0.0,8787.34,0.0
10990,69.18955804048892,8274.38139989618,0.0
10991,69.18955804048892,8274.38139989618,0.0
10992,0.0,0.0,0.0
10993,0.0,0.0,0.0
10994,0.0,0.0,0.0
10995,0.0,0.0,0.0
10996,0.0,5469.653185795938,0.0
10997,0.0,5469.653185795938,0.0
10998,0.0,8787.34,0.0
10999,0.0,8787.34,0.0
11000,0.0,5209.976772582126,0.0
11001,0.0,5209.976772582126,0.0
11002,0.0,1997.4423528796578,0.0
11003,0.0,1997.4423528796578,0.0
11004,0.0,1565.531542714325,0.0
11005,0.0,1565.531542714325,0.0
11006,0.0,1927.711750513824,0.0
11007,0.0,1927.711750513824,0.0
11008,857.36498538468,3319.3405866595203,0.0
11009,857.36498538468,3319.3405866595203,0.0
11010,5386.134283704086,8787.34,0.0
11011,5386.134283704086,8787.34,0.0
11012,1056.1545423469893,4768.283944521558,0.0
11013,1056.1545423469893,4768.283944521558,0.0
11014,190.6593499041105,1019.2711148042199,0.0
11015,190.6593499041105,1019.2711148042199,0.0
11016,4368.977788824371,0.0,0.0
11017,4368.977788824371,0.0,0.0
11018,799.3891884437555,0.0,0.0
11019,799.3891884437555,0.0,0.0
11020,0.0,0.0,0.0
11021,0.0,0.0,0.0
11022,0.0,174.8185936227601,0.0
11023,0.0,174.8185936227601,0.0
11024,0.0,0.0,0.0
11025,0.0,0.0,0.0
11026,0.0,0.0,0.0
11027,0.0,0.0,0.0
11028,0.0,0.0,0.0
11029,0.0,0.0,0.0
11030,0.0,0.0,0.0
11031,0.0,0.0,0.0
11032,0.0,0.0,0.0
11033,0.0,0.0,0.0
11034,0.0,0.0,0.0
11035,0.0,0.0,0.0
11036,0.0,0.0,0.0
11037,0.0,0.0,0.0
11038,0.0,0.0,0.0
11039,0.0,0.0,0.0
11040,0.0,0.0,0.0
11041,0.0,0.0,0.0
11042,0.0,0.0,0.0
11043,0.0,0.0,0.0
11044,0.0,0.0,0.0
11045,0.0,0.0,0.0
11046,0.0,0.0,0.0
11047,0.0,0.0,0.0
11048,0.0,0.0,0.0
11049,0.0,0.0,0.0
11050,0.0,0.0,0.0
11051,0.0,0.0,0.0
11052,0.0,0.0,0.0
11053,0.0,0.0,0.0
11054,0.0,0.0,0.0
11055,0.0,0.0,0.0
11056,0.0,0.0,0.0
11057,0.0,0.0,0.0
11058,0.0,0.0,0.0
11059,0.0,0.0,0.0
11060,0.0,0.0,0.0
11061,0.0,0.0,0.0
11062,0.0,0.0,0.0
11063,0.0,0.0,0.0
11064,0.0,0.0,0.0
11065,0.0,0.0,0.0
11066,0.0,0.0,0.0
11067,0.0,0.0,0.0
11068,0.0,0.0,0.0
11069,0.0,0.0,0.0
11070,0.0,0.0,0.0
11071,0.0,0.0,0.0
11072,0.0,0.0,0.0
11073,0.0,0.0,0.0
11074,0.0,0.0,0.0
11075,0.0,0.0,0.0
11076,0.0,0.0,0.0
11077,0.0,0.0,0.0
11078,0.0,0.0,0.0
11079,0.0,0.0,0.0
11080,0.0,0.0,0.0
11081,0.0,0.0,0.0
11082,0.0,0.0,0.0
11083,0.0,0.0,0.0
11084,0.0,0.0,0.0
11085,0.0,0.0,0.0
11086,0.0,980.3764650686389,0.0
11087,0.0,980.3764650686389,0.0
11088,2884.7207862292653,0.0,11830.94754003419
11089,2884.7207862292653,0.0,11830.94754003419
11090,0.0,331.2153914581395,0.0
11091,0.0,331.2153914581395,0.0
11092,0.0,6987.3241213026595,70364.3
11093,0.0,6987.3241213026595,70364.3
11094,0.0,8740.909140443306,0.0
11095,0.0,8740.909140443306,0.0
11096,0.0,0.0,0.0
11097,0.0,0.0,0.0
11098,0.0,0.0,0.0
11099,0.0,0.0,0.0
11100,0.0,0.0,0.0
11101,0.0,0.0,0.0
11102,0.0,0.0,0.0
11103,0.0,0.0,0.0
11104,0.0,0.0,0.0
11105,0.0,0.0,0.0
11106,0.0,2751.9593008337333,0.0
11107,0.0,2751.9593008337333,0.0
11108,0.0,7193.913291868839,0.0
11109,0.0,7193.913291868839,0.0
11110,130.49675992816537,4354.6675281791195,0.0
11111,130.49675992816537,4354.6675281791195,0.0
11112,0.0,1215.6764869697927,0.0
11113,0.0,1215.6764869697927,0.0
11114,0.0,90.32759068069299,0.0
11115,0.0,90.32759068069299,0.0
11116,0.0,5927.145219002225,0.0
11117,0.0,5927.145219002225,0.0
11118,0.0,8787.34,0.0
11119,0.0,8787.34,0.0
11120,0.0,2997.215505728672,0.0
11121,0.0,2997.215505728672,0.0
11122,0.0,0.0,0.0
11123,0.0,0.0,0.0
11124,0.0,0.0,0.0
11125,0.0,0.0,0.0
11126,0.0,0.0,0.0
11127,0.0,0.0,0.0
11128,0.0,1203.1810050981521,0.0
11129,0.0,1203.1810050981521,0.0
11130,3910.2856147278744,4138.509071848359,0.0
11131,3910.2856147278744,4138.509071848359,0.0
11132,0.0,4068.8742917950804,0.0
11133,0.0,4068.8742917950804,0.0
11134,0.0,1559.746360683739,0.0
11135,0.0,1559.746360683739,0.0
11136,6940.97,0.0,0.0
11137,6940.97,0.0,0.0
11138,5003.542782626208,0.0,0.0
11139,5003.542782626208,0.0,0.0
11140,3037.171412641831,2908.6697657639597,0.0
11141,3037.171412641831,2908.6697657639597,0.0
11142,4762.7555101663365,4579.802191533439,0.0
11143,4762.7555101663365,4579.802191533439,0.0
11144,5132.5422446754155,3641.4902128347603,0.0
11145,5132.5422446754155,3641.4902128347603,0.0
11146,0.0,0.0,0.0
11147,0.0,0.0,0.0
11148,0.0,0.0,0.0
11149,0.0,0.0,0.0
11150,0.0,0.0,0.0
11151,0.0,0.0,0.0
11152,0.0,2745.5023996865602,0.0
11153,0.0,2745.5023996865602,0.0
11154,6940.97,5430.75521150414,0.0
11155,6940.97,5430.75521150414,0.0
11156,0.0,5904.943227743619,0.0
11157,0.0,5904.943227743619,0.0
11158,6940.97,2554.3757836719597,0.0
11159,6940.97,2554.3757836719597,0.0
11160,6872.685081912113,0.0,0.0
11161,6872.685081912113,0.0,0.0
11162,4387.3769190101175,0.0,0.0
11163,4387.3769190101175,0.0,0.0
11164,2456.8348651610577,0.0,0.0
11165,2456.8348651610577,0.0,0.0
11166,4390.535200307986,1946.19920352812,0.0
11167,4390.535200307986,1946.19920352812,0.0
11168,3678.838953585317,0.0,0.0
11169,3678.838953585317,0.0,0.0
11170,0.0,0.0,0.0
11171,0.0,0.0,0.0
11172,0.0,0.0,0.0
11173,0.0,0.0,0.0
11174,0.0,0.0,0.0
11175,0.0,0.0,0.0
11176,3098.3750418868763,0.0,0.0
11177,3098.3750418868763,0.0,0.0
11178,6940.97,0.0,0.0
11179,6940.97,0.0,0.0
11180,6940.97,0.0,0.0
11181,6940.97,0.0,0.0
11182,6940.97,0.0,0.0
11183,6940.97,0.0,0.0
11184,6940.97,0.0,0.0
11185,6940.97,0.0,0.0
11186,6940.97,0.0,0.0
11187,6940.97,0.0,0.0
11188,6940.97,0.0,0.0
11189,6940.97,0.0,0.0
11190,6940.97,0.0,0.0
11191,6940.97,0.0,0.0
11192,6113.735799144255,0.0,0.0
11193,6113.735799144255,0.0,0.0
11194,607.7698179644849,0.0,0.0
11195,607.7698179644849,0.0,0.0
11196,0.0,0.0,0.0
11197,0.0,0.0,0.0
11198,0.0,0.0,0.0
11199,0.0,0.0,0.0
11200,2870.2721866282604,0.0,0.0
11201,2870.2721866282604,0.0,0.0
11202,6940.97,0.0,0.0
11203,6940.97,0.0,0.0
11204,6940.97,0.0,0.0
11205,6940.97,0.0,0.0
11206,6940.97,0.0,0.0
11207,6940.97,0.0,0.0
11208,6940.97,0.0,0.0
11209,6940.97,0.0,0.0
11210,5118.943850513197,0.0,0.0
11211,5118.943850513197,0.0,0.0
11212,2362.3837877478136,0.0,0.0
11213,2362.3837877478136,0.0,0.0
11214,2775.222851654202,0.0,0.0
11215,2775.222851654202,0.0,0.0
11216,0.0,0.0,0.0
11217,0.0,0.0,0.0
11218,0.0,0.0,0.0
11219,0.0,0.0,0.0
11220,0.0,0.0,0.0
11221,0.0,0.0,0.0
11222,0.0,0.0,0.0
11223,0.0,0.0,0.0
11224,0.0,0.0,0.0
11225,0.0,0.0,0.0
11226,0.0,0.0,0.0
11227,0.0,0.0,0.0
11228,0.0,0.0,0.0
11229,0.0,0.0,0.0
11230,0.0,0.0,0.0
11231,0.0,0.0,0.0
11232,0.0,0.0,0.0
11233,0.0,0.0,0.0
11234,0.0,0.0,0.0
11235,0.0,0.0,0.0
11236,0.0,0.0,0.0
11237,0.0,0.0,0.0
11238,0.0,432.47629440471974,0.0
11239,0.0,432.47629440471974,0.0
11240,0.0,0.0,0.0
11241,0.0,0.0,0.0
11242,0.0,0.0,0.0
11243,0.0,0.0,0.0
11244,0.0,0.0,0.0
11245,0.0,0.0,0.0
11246,0.0,0.0,0.0
11247,0.0,0.0,0.0
11248,0.0,0.0,0.0
11249,0.0,0.0,0.0
11250,0.0,0.0,0.0
11251,0.0,0.0,0.0
11252,0.0,0.0,0.0
11253,0.0,0.0,0.0
11254,0.0,0.0,7047.155323825777
11255,0.0,0.0,7047.155323825777
11256,1709.1545304670644,0.0,0.0
11257,1709.1545304670644,0.0,0.0
11258,0.0,0.0,0.0
11259,0.0,0.0,0.0
11260,0.0,0.0,0.0
11261,0.0,0.0,0.0
11262,0.0,0.0,0.0
11263,0.0,0.0,0.0
11264,0.0,0.0,0.0
11265,0.0,0.0,0.0
11266,0.0,0.0,0.0
11267,0.0,0.0,0.0
11268,0.0,0.0,0.0
11269,0.0,0.0,0.0
11270,0.0,0.0,0.0
11271,0.0,0.0,0.0
11272,0.0,0.0,0.0
11273,0.0,0.0,0.0
11274,0.0,0.0,0.0
11275,0.0,0.0,0.0
11276,2369.9832612104847,0.0,0.0
11277,2369.9832612104847,0.0,0.0
11278,3343.4243302828827,0.0,0.0
11279,3343.4243302828827,0.0,0.0
11280,0.0,0.0,0.0
11281,0.0,0.0,0.0
11282,282.03900803380793,0.0,0.0
11283,282.03900803380793,0.0,0.0
11284,0.0,0.0,0.0
11285,0.0,0.0,0.0
11286,893.8152507080335,0.0,0.0
11287,893.8152507080335,0.0,0.0
11288,3672.0705952451844,0.0,0.0
11289,3672.0705952451844,0.0,0.0
11290,0.0,0.0,0.0
11291,0.0,0.0,0.0
11292,0.0,0.0,0.0
11293,0.0,0.0,0.0
11294,0.0,0.0,0.0
11295,0.0,0.0,0.0
11296,0.0,0.0,0.0
11297,0.0,0.0,0.0
11298,0.0,0.0,0.0
11299,0.0,0.0,0.0
11300,3257.813454009458,0.0,0.0
11301,3257.813454009458,0.0,0.0
11302,6162.544662729989,0.0,0.0
11303,6162.544662729989,0.0,0.0
11304,6940.97,0.0,0.0
11305,6940.97,0.0,0.0
11306,6940.97,0.0,0.0
11307,6940.97,0.0,0.0
11308,2767.9875780185666,0.0,0.0
11309,2767.9875780185666,0.0,0.0
11310,5671.582598835339,0.0,0.0
11311,5671.582598835339,0.0,0.0
11312,2559.4505683778043,0.0,0.0
11313,2559.4505683778043,0.0,0.0
11314,0.0,0.0,0.0
11315,0.0,0.0,0.0
11316,0.0,0.0,0.0
11317,0.0,0.0,0.0
11318,0.0,0.0,0.0
11319,0.0,0.0,0.0
11320,0.0,0.0,0.0
11321,0.0,0.0,0.0
11322,6940.97,0.0,0.0
11323,6940.97,0.0,0.0
11324,6940.97,0.0,0.0
11325,6940.97,0.0,0.0
11326,4868.327489300893,0.0,0.0
11327,4868.327489300893,0.0,0.0
11328,0.0,0.0,0.0
11329,0.0,0.0,0.0
11330,0.0,0.0,0.0
11331,0.0,0.0,0.0
11332,5278.3521682274,0.0,0.0
11333,5278.3521682274,0.0,0.0
11334,6534.878244795578,0.0,0.0
11335,6534.878244795578,0.0,0.0
11336,4628.516632223864,0.0,0.0
11337,4628.516632223864,0.0,0.0
11338,0.0,0.0,0.0
11339,0.0,0.0,0.0
11340,0.0,0.0,0.0
11341,0.0,0.0,0.0
11342,0.0,0.0,0.0
11343,0.0,0.0,0.0
11344,2570.045893174164,0.0,0.0
11345,2570.045893174164,0.0,0.0
11346,6940.97,0.0,0.0
11347,6940.97,0.0,0.0
11348,6940.97,0.0,0.0
11349,6940.97,0.0,0.0
11350,6940.97,0.0,0.0
11351,6940.97,0.0,0.0
11352,6940.97,0.0,0.0
11353,6940.97,0.0,0.0
11354,6144.42491241356,0.0,0.0
11355,6144.42491241356,0.0,0.0
11356,3629.355795865633,0.0,0.0
11357,3629.355795865633,0.0,0.0
11358,2304.1682441778403,0.0,0.0
11359,2304.1682441778403,0.0,0.0
11360,0.0,0.0,0.0
11361,0.0,0.0,0.0
11362,0.0,0.0,0.0
11363,0.0,0.0,0.0
11364,0.0,0.0,0.0
11365,0.0,0.0,0.0
11366,0.0,0.0,0.0
11367,0.0,0.0,0.0
11368,0.0,0.0,0.0
11369,0.0,0.0,0.0
11370,2810.274906946912,0.0,0.0
11371,2810.274906946912,0.0,0.0
11372,1095.0313096575019,0.0,0.0
11373,1095.0313096575019,0.0,0.0
11374,1605.401552181262,0.0,0.0
11375,1605.401552181262,0.0,0.0
11376,6242.434868801394,0.0,0.0
11377,6242.434868801394,0.0,0.0
11378,0.0,0.0,0.0
11379,0.0,0.0,0.0
11380,0.0,0.0,0.0
11381,0.0,0.0,0.0
11382,0.0,0.0,0.0
11383,0.0,0.0,0.0
11384,0.0,0.0,0.0
11385,0.0,0.0,0.0
11386,0.0,0.0,0.0
11387,0.0,0.0,0.0
11388,0.0,0.0,0.0
11389,0.0,0.0,0.0
11390,0.0,0.0,0.0
11391,0.0,0.0,0.0
11392,0.0,0.0,0.0
11393,0.0,0.0,0.0
11394,0.0,0.0,0.0
11395,0.0,0.0,0.0
11396,0.0,0.0,0.0
11397,0.0,0.0,0.0
11398,4415.142590095048,0.0,0.0
11399,4415.142590095048,0.0,0.0
11400,4538.595773952617,0.0,0.0
11401,4538.595773952617,0.0,0.0
11402,2111.891202157596,0.0,0.0
11403,2111.891202157596,0.0,0.0
11404,0.0,0.0,0.0
11405,0.0,0.0,0.0
11406,0.0,0.0,0.0
11407,0.0,0.0,0.0
11408,0.0,0.0,0.0
11409,0.0,0.0,0.0
11410,0.0,0.0,0.0
11411,0.0,0.0,0.0
11412,0.0,0.0,0.0
11413,0.0,0.0,0.0
11414,0.0,0.0,0.0
11415,0.0,0.0,0.0
11416,0.0,0.0,62565.09885375947
11417,0.0,0.0,62565.09885375947
11418,0.0,0.0,0.0
11419,0.0,0.0,0.0
11420,0.0,0.0,0.0
11421,0.0,0.0,0.0
11422,0.0,0.0,0.0
11423,0.0,0.0,0.0
11424,5568.922665347282,0.0,33091.370865389326
11425,5568.922665347282,0.0,33091.370865389326
11426,3041.34150940764,0.0,0.0
11427,3041.34150940764,0.0,0.0
11428,541.9118279739155,0.0,0.0
11429,541.9118279739155,0.0,0.0
11430,0.0,1638.677062221479,0.0
11431,0.0,1638.677062221479,0.0
11432,0.0,0.0,0.0
11433,0.0,0.0,0.0
11434,0.0,0.0,0.0
11435,0.0,0.0,0.0
11436,0.0,0.0,0.0
11437,0.0,0.0,0.0
11438,0.0,0.0,0.0
11439,0.0,0.0,0.0
11440,0.0,0.0,0.0
11441,0.0,0.0,0.0
11442,0.0,0.0,0.0
11443,0.0,0.0,0.0
11444,0.0,0.0,0.0
11445,0.0,0.0,0.0
11446,0.0,0.0,0.0
11447,0.0,0.0,0.0
11448,0.0,0.0,0.0
11449,0.0,0.0,0.0
11450,0.0,0.0,0.0
11451,0.0,0.0,0.0
11452,0.0,0.0,0.0
11453,0.0,0.0,0.0
11454,0.0,0.0,0.0
11455,0.0,0.0,0.0
11456,0.0,0.0,0.0
11457,0.0,0.0,0.0
11458,0.0,0.0,0.0
11459,0.0,0.0,0.0
11460,0.0,0.0,0.0
11461,0.0,0.0,0.0
11462,0.0,0.0,0.0
11463,0.0,0.0,0.0
11464,0.0,0.0,0.0
11465,0.0,0.0,0.0
11466,6081.092567630025,0.0,0.0
11467,6081.092567630025,0.0,0.0
11468,6940.97,0.0,0.0
11469,6940.97,0.0,0.0
11470,6940.97,0.0,0.0
11471,6940.97,0.0,0.0
11472,5107.192677024414,0.0,0.0
11473,5107.192677024414,0.0,0.0
11474,2123.7294492488495,0.0,0.0
11475,2123.7294492488495,0.0,0.0
11476,6940.97,0.0,0.0
11477,6940.97,0.0,0.0
11478,0.0,3409.5007495049613,0.0
11479,0.0,3409.5007495049613,0.0
11480,5809.982668143176,15.393275970040122,0.0
11481,5809.982668143176,15.393275970040122,0.0
11482,0.0,0.0,0.0
11483,0.0,0.0,0.0
11484,0.0,0.0,0.0
11485,0.0,0.0,0.0
11486,0.0,0.0,0.0
11487,0.0,0.0,0.0
11488,0.0,66.28686242587901,0.0
11489,0.0,66.28686242587901,0.0
11490,6940.97,1374.8272128403587,0.0
11491,6940.97,1374.8272128403587,0.0
11492,6940.97,3566.1257054830785,0.0
11493,6940.97,3566.1257054830785,0.0
11494,6940.97,704.6903741482383,0.0
11495,6940.97,704.6903741482383,0.0
11496,5790.776955564362,0.0,0.0
11497,5790.776955564362,0.0,0.0
11498,6940.97,0.0,0.0
11499,6940.97,0.0,0.0
11500,6940.97,0.0,0.0
11501,6940.97,0.0,0.0
11502,6940.97,2182.239323776561,0.0
11503,6940.97,2182.239323776561,0.0
11504,6940.97,0.0,0.0
11505,6940.97,0.0,0.0
11506,0.0,0.0,0.0
11507,0.0,0.0,0.0
11508,0.0,0.0,0.0
11509,0.0,0.0,0.0
11510,0.0,0.0,0.0
11511,0.0,0.0,0.0
11512,3851.913528531876,0.0,0.0
11513,3851.913528531876,0.0,0.0
11514,6940.97,994.0510415233402,0.0
11515,6940.97,994.0510415233402,0.0
11516,6940.97,3367.4124266220388,0.0
11517,6940.97,3367.4124266220388,0.0
11518,6940.97,0.0,0.0
11519,6940.97,0.0,0.0
11520,5450.459510133527,0.0,0.0
11521,5450.459510133527,0.0,0.0
11522,2000.396308796383,0.0,0.0
11523,2000.396308796383,0.0,0.0
11524,0.0,0.0,0.0
11525,0.0,0.0,0.0
11526,0.0,0.0,0.0
11527,0.0,0.0,0.0
11528,0.0,0.0,0.0
11529,0.0,0.0,0.0
11530,0.0,0.0,0.0
11531,0.0,0.0,0.0
11532,0.0,0.0,0.0
11533,0.0,0.0,0.0
11534,0.0,0.0,0.0
11535,0.0,0.0,0.0
11536,0.0,0.0,0.0
11537,0.0,0.0,0.0
11538,0.0,0.0,0.0
11539,0.0,0.0,0.0
11540,0.0,0.0,0.0
11541,0.0,0.0,0.0
11542,0.0,0.0,0.0
11543,0.0,0.0,0.0
11544,0.0,0.0,0.0
11545,0.0,0.0,0.0
11546,0.0,0.0,0.0
11547,0.0,0.0,0.0
11548,0.0,0.0,0.0
11549,0.0,0.0,0.0
11550,0.0,0.0,0.0
11551,0.0,0.0,0.0
11552,0.0,0.0,0.0
11553,0.0,0.0,0.0
11554,0.0,0.0,0.0
11555,0.0,0.0,0.0
11556,0.0,0.0,0.0
11557,0.0,0.0,0.0
11558,0.0,0.0,0.0
11559,0.0,0.0,0.0
11560,0.0,0.0,0.0
11561,0.0,0.0,0.0
11562,0.0,0.0,0.0
11563,0.0,0.0,0.0
11564,0.0,0.0,0.0
11565,0.0,0.0,0.0
11566,0.0,0.0,0.0
11567,0.0,0.0,0.0
11568,0.0,0.0,0.0
11569,0.0,0.0,0.0
11570,0.0,0.0,0.0
11571,0.0,0.0,0.0
11572,0.0,0.0,0.0
11573,0.0,0.0,0.0
11574,0.0,0.0,0.0
11575,0.0,0.0,0.0
11576,0.0,0.0,0.0
11577,0.0,0.0,0.0
11578,0.0,0.0,0.0
11579,0.0,0.0,0.0
11580,0.0,0.0,0.0
11581,0.0,0.0,0.0
11582,0.0,0.0,0.0
11583,0.0,0.0,0.0
11584,0.0,0.0,0.0
11585,0.0,0.0,0.0
11586,0.0,0.0,0.0
11587,0.0,0.0,0.0
11588,0.0,0.0,0.0
11589,0.0,0.0,0.0
11590,0.0,0.0,638.3687607869506
11591,0.0,0.0,638.3687607869506
11592,3679.154024076668,0.0,0.0
11593,3679.154024076668,0.0,0.0
11594,0.0,0.0,0.0
11595,0.0,0.0,0.0
11596,0.0,0.0,0.0
11597,0.0,0.0,0.0
11598,0.0,1262.9148781633194,0.0
11599,0.0,1262.9148781633194,0.0
11600,0.0,0.0,0.0
11601,0.0,0.0,0.0
11602,0.0,0.0,0.0
11603,0.0,0.0,0.0
11604,0.0,0.0,0.0
11605,0.0,0.0,0.0
11606,0.0,0.0,0.0
11607,0.0,0.0,0.0
11608,0.0,0.0,0.0
11609,0.0,0.0,0.0
11610,0.0,2190.7043217949795,0.0
11611,0.0,2190.7043217949795,0.0
11612,0.0,5325.929647646779,0.0
11613,0.0,5325.929647646779,0.0
11614,0.0,2434.333679051979,0.0
11615,0.0,2434.333679051979,0.0
11616,2441.68771156143,0.0,0.0
11617,2441.68771156143,0.0,0.0
11618,5652.587986072391,0.0,0.0
11619,5652.587986072391,0.0,0.0
11620,3162.12914570168,2544.180061191759,0.0
11621,3162.12914570168,2544.180061191759,0.0
11622,6462.0411619042825,5682.842642444019,0.0
11623,6462.0411619042825,5682.842642444019,0.0
11624,0.0,364.18398860245725,0.0
11625,0.0,364.18398860245725,0.0
11626,0.0,0.0,0.0
11627,0.0,0.0,0.0
11628,0.0,0.0,0.0
11629,0.0,0.0,0.0
11630,0.0,0.0,0.0
11631,0.0,0.0,0.0
11632,0.0,0.0,0.0
11633,0.0,0.0,0.0
11634,0.0,126.0699879128806,0.0
11635,0.0,126.0699879128806,0.0
11636,3958.9367690897684,891.3816502913178,0.0
11637,3958.9367690897684,891.3816502913178,0.0
11638,2388.305102441251,0.0,0.0
11639,2388.305102441251,0.0,0.0
11640,0.0,0.0,0.0
11641,0.0,0.0,0.0
11642,515.9396866719526,0.0,0.0
11643,515.9396866719526,0.0,0.0
11644,1784.7296165212697,414.9930339017792,0.0
11645,1784.7296165212697,414.9930339017792,0.0
11646,4602.163215914212,3834.3446475823985,0.0
11647,4602.163215914212,3834.3446475823985,0.0
11648,0.0,0.0,0.0
11649,0.0,0.0,0.0
11650,0.0,0.0,0.0
11651,0.0,0.0,0.0
11652,0.0,0.0,0.0
11653,0.0,0.0,0.0
11654,0.0,0.0,0.0
11655,0.0,0.0,0.0
11656,0.0,595.5678718263807,0.0
11657,0.0,595.5678718263807,0.0
11658,0.0,2321.5655946338593,0.0
11659,0.0,2321.5655946338593,0.0
11660,0.0,3349.047110031639,0.0
11661,0.0,3349.047110031639,0.0
11662,0.0,0.0,0.0
11663,0.0,0.0,0.0
11664,0.0,0.0,0.0
11665,0.0,0.0,0.0
11666,0.0,0.0,0.0
11667,0.0,0.0,0.0
11668,0.0,0.0,0.0
11669,0.0,0.0,0.0
11670,0.0,0.0,0.0
11671,0.0,0.0,0.0
11672,0.0,0.0,0.0
11673,0.0,0.0,0.0
11674,0.0,0.0,0.0
11675,0.0,0.0,0.0
11676,0.0,0.0,0.0
11677,0.0,0.0,0.0
11678,0.0,0.0,0.0
11679,0.0,0.0,0.0
11680,0.0,0.0,0.0
11681,0.0,0.0,0.0
11682,0.0,0.0,0.0
11683,0.0,0.0,0.0
11684,0.0,0.0,0.0
11685,0.0,0.0,0.0
11686,0.0,0.0,0.0
11687,0.0,0.0,0.0
11688,0.0,0.0,0.0
11689,0.0,0.0,0.0
11690,0.0,0.0,0.0
11691,0.0,0.0,0.0
11692,0.0,0.0,0.0
11693,0.0,0.0,0.0
11694,0.0,0.0,0.0
11695,0.0,0.0,0.0
11696,0.0,0.0,0.0
11697,0.0,0.0,0.0
11698,0.0,0.0,0.0
11699,0.0,0.0,0.0
11700,0.0,0.0,0.0
11701,0.0,0.0,0.0
11702,0.0,0.0,0.0
11703,0.0,0.0,0.0
11704,0.0,0.0,0.0
11705,0.0,0.0,0.0
11706,0.0,0.0,0.0
11707,0.0,0.0,0.0
11708,0.0,0.0,0.0
11709,0.0,0.0,0.0
11710,0.0,0.0,0.0
11711,0.0,0.0,0.0
11712,0.0,0.0,0.0
11713,0.0,0.0,0.0
11714,0.0,0.0,0.0
11715,0.0,0.0,0.0
11716,0.0,0.0,0.0
11717,0.0,0.0,0.0
11718,0.0,0.0,0.0
11719,0.0,0.0,0.0
11720,0.0,0.0,0.0
11721,0.0,0.0,0.0
11722,0.0,0.0,0.0
11723,0.0,0.0,0.0
11724,0.0,0.0,0.0
11725,0.0,0.0,0.0
11726,0.0,0.0,0.0
11727,0.0,0.0,0.0
11728,0.0,0.0,0.0
11729,0.0,0.0,0.0
11730,0.0,0.0,0.0
11731,0.0,0.0,0.0
11732,2645.772112146658,0.0,0.0
11733,2645.772112146658,0.0,0.0
11734,3518.039445693409,0.0,0.0
11735,3518.039445693409,0.0,0.0
11736,0.0,0.0,0.0
11737,0.0,0.0,0.0
11738,0.0,0.0,0.0
11739,0.0,0.0,0.0
11740,0.0,0.0,0.0
11741,0.0,0.0,0.0
11742,0.0,1761.2048970114392,0.0
11743,0.0,1761.2048970114392,0.0
11744,0.0,0.0,0.0
11745,0.0,0.0,0.0
11746,0.0,0.0,0.0
11747,0.0,0.0,0.0
11748,0.0,0.0,0.0
11749,0.0,0.0,0.0
11750,0.0,0.0,0.0
11751,0.0,0.0,0.0
11752,0.0,0.0,0.0
11753,0.0,0.0,0.0
11754,0.0,0.0,0.0
11755,0.0,0.0,0.0
11756,0.0,0.0,0.0
11757,0.0,0.0,0.0
11758,0.0,0.0,0.0
11759,0.0,0.0,0.0
11760,0.0,0.0,0.0
11761,0.0,0.0,0.0
11762,0.0,0.0,0.0
11763,0.0,0.0,0.0
11764,0.0,0.0,0.0
11765,0.0,0.0,0.0
11766,0.0,0.0,0.0
11767,0.0,0.0,0.0
11768,0.0,0.0,0.0
11769,0.0,0.0,0.0
11770,0.0,0.0,0.0
11771,0.0,0.0,0.0
11772,0.0,0.0,0.0
11773,0.0,0.0,0.0
11774,0.0,0.0,0.0
11775,0.0,0.0,0.0
11776,0.0,0.0,0.0
11777,0.0,0.0,0.0
11778,0.0,0.0,0.0
11779,0.0,0.0,0.0
11780,5162.173707326228,0.0,0.0
11781,5162.173707326228,0.0,0.0
11782,6940.97,0.0,0.0
11783,6940.97,0.0,0.0
11784,5439.45772717535,0.0,0.0
11785,5439.45772717535,0.0,0.0
11786,0.0,0.0,0.0
11787,0.0,0.0,0.0
11788,0.0,0.0,0.0
11789,0.0,0.0,0.0
11790,0.0,0.0,0.0
11791,0.0,0.0,0.0
11792,137.32000433005578,0.0,0.0
11793,137.32000433005578,0.0,0.0
11794,0.0,0.0,0.0
11795,0.0,0.0,0.0
11796,0.0,0.0,0.0
11797,0.0,0.0,0.0
11798,0.0,0.0,0.0
11799,0.0,0.0,0.0
11800,1207.2795293480558,0.0,0.0
11801,1207.2795293480558,0.0,0.0
11802,2819.2477994407063,0.0,0.0
11803,2819.2477994407063,0.0,0.0
11804,6940.97,0.0,0.0
11805,6940.97,0.0,0.0
11806,6940.97,0.0,0.0
11807,6940.97,0.0,0.0
11808,2557.6498598418234,0.0,0.0
11809,2557.6498598418234,0.0,0.0
11810,2344.066113209571,0.0,0.0
11811,2344.066113209571,0.0,0.0
11812,0.0,0.0,0.0
11813,0.0,0.0,0.0
11814,0.0,523.8558448447584,0.0
11815,0.0,523.8558448447584,0.0
11816,0.0,0.0,0.0
11817,0.0,0.0,0.0
11818,0.0,0.0,0.0
11819,0.0,0.0,0.0
11820,0.0,0.0,0.0
11821,0.0,0.0,0.0
11822,0.0,0.0,0.0
11823,0.0,0.0,0.0
11824,0.0,0.0,0.0
11825,0.0,0.0,0.0
11826,35.170207235545604,0.0,0.0
11827,35.170207235545604,0.0,0.0
11828,5763.017017842172,172.71588151596006,0.0
11829,5763.017017842172,172.71588151596006,0.0
11830,0.0,0.0,0.0
11831,0.0,0.0,0.0
11832,0.0,0.0,0.0
11833,0.0,0.0,0.0
11834,0.0,0.0,0.0
11835,0.0,0.0,0.0
11836,0.0,0.0,0.0
11837,0.0,0.0,0.0
11838,0.0,0.0,0.0
11839,0.0,0.0,0.0
11840,0.0,0.0,0.0
11841,0.0,0.0,0.0
11842,0.0,0.0,0.0
11843,0.0,0.0,0.0
11844,0.0,0.0,0.0
11845,0.0,0.0,0.0
11846,0.0,0.0,0.0
11847,0.0,0.0,0.0
11848,0.0,0.0,0.0
11849,0.0,0.0,0.0
11850,1001.1065301162253,0.0,0.0
11851,1001.1065301162253,0.0,0.0
11852,0.0,0.0,0.0
11853,0.0,0.0,0.0
11854,990.0945593611891,0.0,0.0
11855,990.0945593611891,0.0,0.0
11856,0.0,0.0,0.0
11857,0.0,0.0,0.0
11858,0.0,0.0,0.0
11859,0.0,0.0,0.0
11860,6085.450333440152,0.0,0.0
11861,6085.450333440152,0.0,0.0
11862,0.0,0.0,0.0
11863,0.0,0.0,0.0
11864,0.0,0.0,0.0
11865,0.0,0.0,0.0
11866,0.0,0.0,0.0
11867,0.0,0.0,0.0
11868,0.0,0.0,0.0
11869,0.0,0.0,0.0
11870,0.0,0.0,0.0
11871,0.0,0.0,0.0
11872,0.0,0.0,0.0
11873,0.0,0.0,0.0
11874,0.0,0.0,0.0
11875,0.0,0.0,0.0
11876,2833.1478052955476,0.0,0.0
11877,2833.1478052955476,0.0,0.0
11878,3620.1797609012274,0.0,0.0
11879,3620.1797609012274,0.0,0.0
11880,0.0,0.0,0.0
11881,0.0,0.0,0.0
11882,0.0,0.0,0.0
11883,0.0,0.0,0.0
11884,4047.253968627769,0.0,0.0
11885,4047.253968627769,0.0,0.0
11886,0.0,0.0,0.0
11887,0.0,0.0,0.0
11888,0.0,0.0,0.0
11889,0.0,0.0,0.0
11890,0.0,0.0,0.0
11891,0.0,0.0,0.0
11892,0.0,0.0,0.0
11893,0.0,0.0,0.0
11894,0.0,0.0,0.0
11895,0.0,0.0,0.0
11896,0.0,0.0,0.0
11897,0.0,0.0,0.0
11898,4431.633066489036,0.0,0.0
11899,4431.633066489036,0.0,0.0
11900,1723.017858015679,0.0,0.0
11901,1723.017858015679,0.0,0.0
11902,0.0,0.0,0.0
11903,0.0,0.0,0.0
11904,4381.654285668186,0.0,0.0
11905,4381.654285668186,0.0,0.0
11906,0.0,0.0,0.0
11907,0.0,0.0,0.0
11908,3724.5361112384926,0.0,0.0
11909,3724.5361112384926,0.0,0.0
11910,2536.7233741907544,0.0,0.0
11911,2536.7233741907544,0.0,0.0
11912,0.0,0.0,0.0
11913,0.0,0.0,0.0
11914,0.0,0.0,0.0
11915,0.0,0.0,0.0
11916,0.0,0.0,0.0
11917,0.0,0.0,0.0
11918,0.0,0.0,0.0
11919,0.0,0.0,0.0
11920,0.0,0.0,0.0
11921,0.0,0.0,0.0
11922,0.0,0.0,0.0
11923,0.0,0.0,0.0
11924,0.0,0.0,0.0
11925,0.0,0.0,0.0
11926,156.26461335611202,0.0,0.0
11927,156.26461335611202,0.0,0.0
11928,2477.7699043471785,0.0,0.0
11929,2477.7699043471785,0.0,0.0
11930,485.38522433397475,0.0,0.0
11931,485.38522433397475,0.0,0.0
11932,0.0,0.0,0.0
11933,0.0,0.0,0.0
11934,0.0,0.0,0.0
11935,0.0,0.0,0.0
11936,0.0,0.0,0.0
11937,0.0,0.0,0.0
11938,0.0,0.0,0.0
11939,0.0,0.0,0.0
11940,0.0,0.0,0.0
11941,0.0,0.0,0.0
11942,0.0,0.0,0.0
11943,0.0,0.0,0.0
11944,0.0,0.0,0.0
11945,0.0,0.0,0.0
11946,0.0,0.0,0.0
11947,0.0,0.0,0.0
11948,0.0,0.0,0.0
11949,0.0,0.0,0.0
11950,0.0,0.0,0.0
11951,0.0,0.0,0.0
11952,0.0,0.0,0.0
11953,0.0,0.0,0.0
11954,0.0,0.0,0.0
11955,0.0,0.0,0.0
11956,0.0,0.0,0.0
11957,0.0,0.0,0.0
11958,0.0,0.0,0.0
11959,0.0,0.0,0.0
11960,0.0,0.0,0.0
11961,0.0,0.0,0.0
11962,0.0,0.0,0.0
11963,0.0,0.0,0.0
11964,0.0,0.0,0.0
11965,0.0,0.0,0.0
11966,0.0,0.0,0.0
11967,0.0,0.0,0.0
11968,0.0,0.0,0.0
11969,0.0,0.0,0.0
11970,0.0,0.0,0.0
11971,0.0,0.0,0.0
11972,0.0,0.0,0.0
11973,0.0,0.0,0.0
11974,0.0,0.0,0.0
11975,0.0,0.0,0.0
11976,0.0,0.0,0.0
11977,0.0,0.0,0.0
11978,0.0,0.0,0.0
11979,0.0,0.0,0.0
11980,0.0,0.0,0.0
11981,0.0,0.0,0.0
11982,0.0,0.0,0.0
11983,0.0,0.0,0.0
11984,0.0,0.0,0.0
11985,0.0,0.0,0.0
11986,0.0,0.0,0.0
11987,0.0,0.0,0.0
11988,0.0,0.0,0.0
11989,0.0,0.0,0.0
11990,0.0,0.0,0.0
11991,0.0,0.0,0.0
11992,0.0,0.0,0.0
11993,0.0,0.0,0.0
11994,0.0,0.0,0.0
11995,0.0,0.0,0.0
11996,0.0,0.0,0.0
11997,0.0,0.0,0.0
11998,0.0,0.0,0.0
11999,0.0,0.0,0.0
12000,0.0,0.0,0.0
12001,0.0,0.0,0.0
12002,0.0,0.0,0.0
12003,0.0,0.0,0.0
12004,0.0,0.0,0.0
12005,0.0,0.0,0.0
12006,0.0,0.0,0.0
12007,0.0,0.0,0.0
12008,0.0,0.0,0.0
12009,0.0,0.0,0.0
12010,0.0,0.0,0.0
12011,0.0,0.0,0.0
12012,0.0,0.0,0.0
12013,0.0,0.0,0.0
12014,0.0,0.0,0.0
12015,0.0,0.0,0.0
12016,0.0,0.0,0.0
12017,0.0,0.0,0.0
12018,0.0,0.0,0.0
12019,0.0,0.0,0.0
12020,0.0,0.0,0.0
12021,0.0,0.0,0.0
12022,0.0,0.0,0.0
12023,0.0,0.0,0.0
12024,0.0,0.0,0.0
12025,0.0,0.0,0.0
12026,0.0,0.0,0.0
12027,0.0,0.0,0.0
12028,0.0,0.0,0.0
12029,0.0,0.0,0.0
12030,0.0,0.0,0.0
12031,0.0,0.0,0.0
12032,0.0,0.0,0.0
12033,0.0,0.0,0.0
12034,0.0,0.0,0.0
12035,0.0,0.0,0.0
12036,0.0,0.0,0.0
12037,0.0,0.0,0.0
12038,0.0,0.0,0.0
12039,0.0,0.0,0.0
12040,0.0,0.0,0.0
12041,0.0,0.0,0.0
12042,0.0,0.0,0.0
12043,0.0,0.0,0.0
12044,0.0,0.0,0.0
12045,0.0,0.0,0.0
12046,0.0,0.0,0.0
12047,0.0,0.0,0.0
12048,0.0,0.0,0.0
12049,0.0,0.0,0.0
12050,0.0,0.0,0.0
12051,0.0,0.0,0.0
12052,0.0,0.0,0.0
12053,0.0,0.0,0.0
12054,0.0,0.0,0.0
12055,0.0,0.0,0.0
12056,0.0,0.0,0.0
12057,0.0,0.0,0.0
12058,0.0,0.0,0.0
12059,0.0,0.0,0.0
12060,0.0,0.0,0.0
12061,0.0,0.0,0.0
12062,0.0,0.0,0.0
12063,0.0,0.0,0.0
12064,0.0,0.0,0.0
12065,0.0,0.0,0.0
12066,0.0,0.0,0.0
12067,0.0,0.0,0.0
12068,0.0,0.0,0.0
12069,0.0,0.0,0.0
12070,0.0,0.0,0.0
12071,0.0,0.0,0.0
12072,0.0,0.0,0.0
12073,0.0,0.0,0.0
12074,0.0,0.0,0.0
12075,0.0,0.0,0.0
12076,0.0,0.0,0.0
12077,0.0,0.0,0.0
12078,0.0,0.0,0.0
12079,0.0,0.0,0.0
12080,0.0,0.0,0.0
12081,0.0,0.0,0.0
12082,0.0,0.0,0.0
12083,0.0,0.0,0.0
12084,0.0,0.0,0.0
12085,0.0,0.0,0.0
12086,0.0,0.0,0.0
12087,0.0,0.0,0.0
12088,0.0,0.0,0.0
12089,0.0,0.0,0.0
12090,0.0,0.0,0.0
12091,0.0,0.0,0.0
12092,0.0,0.0,0.0
12093,0.0,0.0,0.0
12094,0.0,0.0,0.0
12095,0.0,0.0,0.0
12096,181.60677994072273,0.0,0.0
12097,181.60677994072273,0.0,0.0
12098,0.0,0.0,0.0
12099,0.0,0.0,0.0
12100,0.0,0.0,0.0
12101,0.0,0.0,0.0
12102,0.0,0.0,0.0
12103,0.0,0.0,0.0
12104,0.0,0.0,0.0
12105,0.0,0.0,0.0
12106,0.0,0.0,0.0
12107,0.0,0.0,0.0
12108,0.0,0.0,0.0
12109,0.0,0.0,0.0
12110,0.0,0.0,0.0
12111,0.0,0.0,0.0
12112,0.0,0.0,0.0
12113,0.0,0.0,0.0
12114,0.0,0.0,0.0
12115,0.0,0.0,0.0
12116,0.0,0.0,0.0
12117,0.0,0.0,0.0
12118,0.0,0.0,0.0
12119,0.0,0.0,0.0
12120,0.0,0.0,0.0
12121,0.0,0.0,0.0
12122,0.0,0.0,0.0
12123,0.0,0.0,0.0
12124,0.0,0.0,0.0
12125,0.0,0.0,0.0
12126,0.0,359.62844998041146,0.0
12127,0.0,359.62844998041146,0.0
12128,0.0,0.0,0.0
12129,0.0,0.0,0.0
12130,0.0,0.0,0.0
12131,0.0,0.0,0.0
12132,0.0,0.0,0.0
12133,0.0,0.0,0.0
12134,0.0,0.0,0.0
12135,0.0,0.0,0.0
12136,0.0,0.0,0.0
12137,0.0,0.0,0.0
12138,0.0,0.0,0.0
12139,0.0,0.0,0.0
12140,0.0,0.0,0.0
12141,0.0,0.0,0.0
12142,0.0,0.0,0.0
12143,0.0,0.0,0.0
12144,0.0,0.0,0.0
12145,0.0,0.0,0.0
12146,0.0,0.0,0.0
12147,0.0,0.0,0.0
12148,0.0,449.90487324281094,0.0
12149,0.0,449.90487324281094,0.0
12150,0.0,150.08485679866317,0.0
12151,0.0,150.08485679866317,0.0
12152,0.0,0.0,0.0
12153,0.0,0.0,0.0
12154,0.0,0.0,0.0
12155,0.0,0.0,0.0
12156,0.0,0.0,0.0
12157,0.0,0.0,0.0
12158,0.0,0.0,0.0
12159,0.0,0.0,0.0
12160,0.0,0.0,0.0
12161,0.0,0.0,0.0
12162,0.0,0.0,0.0
12163,0.0,0.0,0.0
12164,0.0,290.6727879598384,0.0
12165,0.0,290.6727879598384,0.0
12166,0.0,0.0,0.0
12167,0.0,0.0,0.0
12168,0.0,0.0,0.0
12169,0.0,0.0,0.0
12170,0.0,0.0,0.0
12171,0.0,0.0,0.0
12172,0.0,0.0,0.0
12173,0.0,0.0,0.0
12174,0.0,1731.6754305344402,0.0
12175,0.0,1731.6754305344402,0.0
12176,0.0,0.0,0.0
12177,0.0,0.0,0.0
12178,0.0,0.0,0.0
12179,0.0,0.0,0.0
12180,0.0,0.0,0.0
12181,0.0,0.0,0.0
12182,0.0,0.0,0.0
12183,0.0,0.0,0.0
12184,0.0,0.0,0.0
12185,0.0,0.0,0.0
12186,0.0,0.0,0.0
12187,0.0,0.0,0.0
12188,0.0,0.0,0.0
12189,0.0,0.0,0.0
12190,0.0,0.0,0.0
12191,0.0,0.0,0.0
12192,0.0,0.0,0.0
12193,0.0,0.0,0.0
12194,0.0,0.0,0.0
12195,0.0,0.0,0.0
12196,0.0,0.0,0.0
12197,0.0,0.0,0.0
12198,0.0,0.0,0.0
12199,0.0,0.0,0.0
12200,0.0,0.0,0.0
12201,0.0,0.0,0.0
12202,0.0,0.0,0.0
12203,0.0,0.0,0.0
12204,0.0,0.0,0.0
12205,0.0,0.0,0.0
12206,0.0,0.0,0.0
12207,0.0,0.0,0.0
12208,0.0,0.0,37276.302648715675
12209,0.0,0.0,37276.302648715675
12210,0.0,0.0,53247.20931001003
12211,0.0,0.0,53247.20931001003
12212,0.0,0.0,40150.82539428258
12213,0.0,0.0,40150.82539428258
12214,0.0,0.0,0.0
12215,0.0,0.0,0.0
12216,0.0,0.0,4663.698978901579
12217,0.0,0.0,4663.698978901579
12218,0.0,0.0,2218.8822111319023
12219,0.0,0.0,2218.8822111319023
12220,0.0,0.0,0.0
12221,0.0,0.0,0.0
12222,0.0,0.0,0.0
12223,0.0,0.0,0.0
12224,0.0,0.0,0.0
12225,0.0,0.0,0.0
12226,0.0,0.0,0.0
12227,0.0,0.0,0.0
12228,0.0,0.0,0.0
12229,0.0,0.0,0.0
12230,0.0,0.0,0.0
12231,0.0,0.0,0.0
12232,0.0,0.0,0.0
12233,0.0,0.0,0.0
12234,0.0,0.0,0.0
12235,0.0,0.0,0.0
12236,0.0,0.0,0.0
12237,0.0,0.0,0.0
12238,0.0,0.0,0.0
12239,0.0,0.0,0.0
12240,0.0,0.0,0.0
12241,0.0,0.0,0.0
12242,0.0,0.0,0.0
12243,0.0,0.0,0.0
12244,0.0,0.0,0.0
12245,0.0,0.0,0.0
12246,0.0,0.0,0.0
12247,0.0,0.0,0.0
12248,0.0,0.0,0.0
12249,0.0,0.0,0.0
12250,0.0,0.0,0.0
12251,0.0,0.0,0.0
12252,0.0,0.0,0.0
12253,0.0,0.0,0.0
12254,0.0,0.0,0.0
12255,0.0,0.0,0.0
12256,0.0,0.0,0.0
12257,0.0,0.0,0.0
12258,0.0,0.0,70364.3
12259,0.0,0.0,70364.3
12260,0.0,0.0,0.0
12261,0.0,0.0,0.0
12262,0.0,0.0,35306.21051292852
12263,0.0,0.0,35306.21051292852
12264,2640.9429986092036,0.0,0.0
12265,2640.9429986092036,0.0,0.0
12266,811.0765192664089,0.0,0.0
12267,811.0765192664089,0.0,0.0
12268,0.0,0.0,0.0
12269,0.0,0.0,0.0
12270,0.0,0.0,0.0
12271,0.0,0.0,0.0
12272,0.0,0.0,0.0
12273,0.0,0.0,0.0
12274,0.0,0.0,0.0
12275,0.0,0.0,0.0
12276,0.0,0.0,0.0
12277,0.0,0.0,0.0
12278,0.0,0.0,0.0
12279,0.0,0.0,0.0
12280,0.0,0.0,0.0
12281,0.0,0.0,0.0
12282,0.0,0.0,0.0
12283,0.0,0.0,0.0
12284,1769.8212632654713,0.0,0.0
12285,1769.8212632654713,0.0,0.0
12286,3473.7138738731765,0.0,0.0
12287,3473.7138738731765,0.0,0.0
12288,907.8275548546308,0.0,0.0
12289,907.8275548546308,0.0,0.0
12290,0.0,0.0,0.0
12291,0.0,0.0,0.0
12292,0.0,0.0,0.0
12293,0.0,0.0,0.0
12294,737.4817078278902,1475.1732713469391,0.0
12295,737.4817078278902,1475.1732713469391,0.0
12296,0.0,0.0,0.0
12297,0.0,0.0,0.0
12298,0.0,0.0,0.0
12299,0.0,0.0,0.0
12300,0.0,0.0,0.0
12301,0.0,0.0,0.0
12302,0.0,0.0,0.0
12303,0.0,0.0,0.0
12304,0.0,0.0,0.0
12305,0.0,0.0,0.0
12306,6869.834292422242,0.0,0.0
12307,6869.834292422242,0.0,0.0
12308,6940.97,1651.579735840358,0.0
12309,6940.97,1651.579735840358,0.0
12310,6940.97,0.0,0.0
12311,6940.97,0.0,0.0
12312,6940.97,0.0,0.0
12313,6940.97,0.0,0.0
12314,6789.810424386115,0.0,0.0
12315,6789.810424386115,0.0,0.0
12316,5222.248849625882,0.0,0.0
12317,5222.248849625882,0.0,0.0
12318,6916.160379335557,21.062145588099156,0.0
12319,6916.160379335557,21.062145588099156,0.0
12320,4352.374581308095,0.0,0.0
12321,4352.374581308095,0.0,0.0
12322,0.0,0.0,0.0
12323,0.0,0.0,0.0
12324,0.0,0.0,0.0
12325,0.0,0.0,0.0
12326,0.0,0.0,0.0
12327,0.0,0.0,0.0
12328,2636.8509271423172,0.0,0.0
12329,2636.8509271423172,0.0,0.0
12330,6940.97,0.0,0.0
12331,6940.97,0.0,0.0
12332,6940.97,1365.7506877216001,0.0
12333,6940.97,1365.7506877216001,0.0
12334,6940.97,0.0,0.0
12335,6940.97,0.0,0.0
12336,6940.97,0.0,0.0
12337,6940.97,0.0,0.0
12338,6940.97,0.0,0.0
12339,6940.97,0.0,0.0
12340,6385.9159738965445,0.0,0.0
12341,6385.9159738965445,0.0,0.0
12342,6940.97,1131.9425286202186,0.0
12343,6940.97,1131.9425286202186,0.0
12344,6758.801569977564,0.0,0.0
12345,6758.801569977564,0.0,0.0
12346,601.2630100964407,0.0,0.0
12347,601.2630100964407,0.0,0.0
12348,0.0,0.0,0.0
12349,0.0,0.0,0.0
12350,0.0,0.0,0.0
12351,0.0,0.0,0.0
12352,1089.4410305225683,0.0,0.0
12353,1089.4410305225683,0.0,0.0
12354,6940.97,0.0,0.0
12355,6940.97,0.0,0.0
12356,6940.97,0.0,0.0
12357,6940.97,0.0,0.0
12358,6940.97,0.0,0.0
12359,6940.97,0.0,0.0
12360,6732.129758425697,0.0,0.0
12361,6732.129758425697,0.0,0.0
12362,6940.97,0.0,0.0
12363,6940.97,0.0,0.0
12364,6940.97,0.0,0.0
12365,6940.97,0.0,0.0
12366,6940.97,0.0,0.0
12367,6940.97,0.0,0.0
12368,5200.462462568774,0.0,0.0
12369,5200.462462568774,0.0,0.0
12370,0.0,0.0,0.0
12371,0.0,0.0,0.0
12372,0.0,0.0,0.0
12373,0.0,0.0,0.0
12374,0.0,0.0,0.0
12375,0.0,0.0,0.0
12376,348.9756209264083,0.0,0.0
12377,348.9756209264083,0.0,0.0
12378,6940.97,0.0,0.0
12379,6940.97,0.0,0.0
12380,4258.136724714217,0.0,0.0
12381,4258.136724714217,0.0,0.0
12382,6347.218294066181,0.0,0.0
12383,6347.218294066181,0.0,0.0
12384,6940.97,0.0,0.0
12385,6940.97,0.0,0.0
12386,6940.97,0.0,0.0
12387,6940.97,0.0,0.0
12388,6940.97,0.0,0.0
12389,6940.97,0.0,0.0
12390,6940.97,0.0,0.0
12391,6940.97,0.0,0.0
12392,4540.111227778527,0.0,0.0
12393,4540.111227778527,0.0,0.0
12394,0.0,0.0,0.0
12395,0.0,0.0,0.0
12396,0.0,0.0,0.0
12397,0.0,0.0,0.0
12398,0.0,0.0,0.0
12399,0.0,0.0,0.0
12400,2465.5315243327072,0.0,0.0
12401,2465.5315243327072,0.0,0.0
12402,6940.97,0.0,0.0
12403,6940.97,0.0,0.0
12404,6940.97,0.0,4877.175851024687
12405,6940.97,0.0,4877.175851024687
12406,6940.97,0.0,0.0
12407,6940.97,0.0,0.0
12408,6940.97,0.0,0.0
12409,6940.97,0.0,0.0
12410,6940.97,0.0,0.0
12411,6940.97,0.0,0.0
12412,6940.97,0.0,0.0
12413,6940.97,0.0,0.0
12414,6940.97,3023.1059840153193,0.0
12415,6940.97,3023.1059840153193,0.0
12416,3210.8503076341644,359.50296077220264,0.0
12417,3210.8503076341644,359.50296077220264,0.0
12418,0.0,0.0,0.0
12419,0.0,0.0,0.0
12420,0.0,0.0,0.0
12421,0.0,0.0,0.0
12422,0.0,0.0,0.0
12423,0.0,0.0,0.0
12424,0.0,0.0,45558.58768416468
12425,0.0,0.0,45558.58768416468
12426,6940.97,0.0,57400.47600917608
12427,6940.97,0.0,57400.47600917608
12428,6645.356704213626,0.0,32156.88287579779
12429,6645.356704213626,0.0,32156.88287579779
12430,6122.084711425883,0.0,0.0
12431,6122.084711425883,0.0,0.0
12432,6940.97,0.0,0.0
12433,6940.97,0.0,0.0
12434,6940.97,0.0,0.0
12435,6940.97,0.0,0.0
12436,6277.61424960139,0.0,0.0
12437,6277.61424960139,0.0,0.0
12438,6898.1273818012,0.0,0.0
12439,6898.1273818012,0.0,0.0
12440,0.0,0.0,0.0
12441,0.0,0.0,0.0
12442,0.0,0.0,0.0
12443,0.0,0.0,0.0
12444,0.0,0.0,0.0
12445,0.0,0.0,0.0
12446,0.0,0.0,0.0
12447,0.0,0.0,0.0
12448,0.0,0.0,0.0
12449,0.0,0.0,0.0
12450,0.0,0.0,0.0
12451,0.0,0.0,0.0
12452,6940.97,0.0,0.0
12453,6940.97,0.0,0.0
12454,6940.97,0.0,0.0
12455,6940.97,0.0,0.0
12456,6940.97,0.0,0.0
12457,6940.97,0.0,0.0
12458,6940.97,0.0,0.0
12459,6940.97,0.0,0.0
12460,0.0,0.0,0.0
12461,0.0,0.0,0.0
12462,6940.97,0.0,0.0
12463,6940.97,0.0,0.0
12464,2830.6661090423268,0.0,0.0
12465,2830.6661090423268,0.0,0.0
12466,0.0,0.0,0.0
12467,0.0,0.0,0.0
12468,0.0,0.0,0.0
12469,0.0,0.0,0.0
12470,0.0,0.0,0.0
12471,0.0,0.0,0.0
12472,123.43555478263806,1106.089657418741,0.0
12473,123.43555478263806,1106.089657418741,0.0
12474,6940.97,0.0,0.0
12475,6940.97,0.0,0.0
12476,6940.97,119.31135476309828,0.0
12477,6940.97,119.31135476309828,0.0
12478,6940.97,0.0,0.0
12479,6940.97,0.0,0.0
12480,6940.97,0.0,0.0
12481,6940.97,0.0,0.0
12482,6940.97,0.0,0.0
12483,6940.97,0.0,0.0
12484,6940.97,0.0,0.0
12485,6940.97,0.0,0.0
12486,6940.97,1697.5831002703599,0.0
12487,6940.97,1697.5831002703599,0.0
12488,2664.224998535301,0.0,0.0
12489,2664.224998535301,0.0,0.0
12490,0.0,0.0,0.0
12491,0.0,0.0,0.0
12492,0.0,0.0,0.0
12493,0.0,0.0,0.0
12494,0.0,0.0,0.0
12495,0.0,0.0,0.0
12496,0.0,1832.526714592599,0.0
12497,0.0,1832.526714592599,0.0
12498,6940.97,610.8034033964395,0.0
12499,6940.97,610.8034033964395,0.0
12500,6940.97,1926.4463721331194,0.0
12501,6940.97,1926.4463721331194,0.0
12502,6940.97,0.0,0.0
12503,6940.97,0.0,0.0
12504,6940.97,0.0,0.0
12505,6940.97,0.0,0.0
12506,6940.97,0.0,0.0
12507,6940.97,0.0,0.0
12508,6940.97,0.0,0.0
12509,6940.97,0.0,0.0
12510,6940.97,1010.4175910954,0.0
12511,6940.97,1010.4175910954,0.0
12512,2596.597724202078,0.0,0.0
12513,2596.597724202078,0.0,0.0
12514,0.0,0.0,0.0
12515,0.0,0.0,0.0
12516,0.0,0.0,0.0
12517,0.0,0.0,0.0
12518,0.0,0.0,0.0
12519,0.0,0.0,0.0
12520,0.0,0.0,0.0
12521,0.0,0.0,0.0
12522,6940.97,0.0,0.0
12523,6940.97,0.0,0.0
12524,6940.97,0.0,0.0
12525,6940.97,0.0,0.0
12526,25.918020518769026,0.0,0.0
12527,25.918020518769026,0.0,0.0
12528,6940.97,0.0,0.0
12529,6940.97,0.0,0.0
12530,6283.168218853069,0.0,0.0
12531,6283.168218853069,0.0,0.0
12532,4311.392323707929,0.0,0.0
12533,4311.392323707929,0.0,0.0
12534,4766.291621713213,0.0,0.0
12535,4766.291621713213,0.0,0.0
12536,2280.3729461655057,0.0,0.0
12537,2280.3729461655057,0.0,0.0
12538,0.0,0.0,0.0
12539,0.0,0.0,0.0
12540,0.0,0.0,0.0
12541,0.0,0.0,0.0
12542,0.0,0.0,0.0
12543,0.0,0.0,0.0
12544,0.0,0.0,0.0
12545,0.0,0.0,0.0
12546,6925.283179200107,0.0,0.0
12547,6925.283179200107,0.0,0.0
12548,0.0,0.0,0.0
12549,0.0,0.0,0.0
12550,2674.544509307055,0.0,0.0
12551,2674.544509307055,0.0,0.0
12552,6940.97,0.0,0.0
12553,6940.97,0.0,0.0
12554,5867.648386299931,0.0,0.0
12555,5867.648386299931,0.0,0.0
12556,4491.862338023832,0.0,0.0
12557,4491.862338023832,0.0,0.0
12558,5241.13204710637,0.0,0.0
12559,5241.13204710637,0.0,0.0
12560,0.0,0.0,0.0
12561,0.0,0.0,0.0
12562,0.0,0.0,0.0
12563,0.0,0.0,0.0
12564,0.0,0.0,0.0
12565,0.0,0.0,0.0
12566,0.0,0.0,0.0
12567,0.0,0.0,0.0
12568,0.0,0.0,0.0
12569,0.0,0.0,0.0
12570,6940.97,0.0,0.0
12571,6940.97,0.0,0.0
12572,0.0,0.0,0.0
12573,0.0,0.0,0.0
12574,6940.97,0.0,0.0
12575,6940.97,0.0,0.0
12576,6940.97,0.0,0.0
12577,6940.97,0.0,0.0
12578,6940.97,0.0,0.0
12579,6940.97,0.0,0.0
12580,5798.305040268693,0.0,0.0
12581,5798.305040268693,0.0,0.0
12582,0.0,0.0,0.0
12583,0.0,0.0,0.0
12584,0.0,0.0,0.0
12585,0.0,0.0,0.0
12586,0.0,0.0,0.0
12587,0.0,0.0,0.0
12588,0.0,0.0,0.0
12589,0.0,0.0,0.0
12590,0.0,0.0,0.0
12591,0.0,0.0,0.0
12592,0.0,0.0,0.0
12593,0.0,0.0,0.0
12594,0.0,0.0,0.0
12595,0.0,0.0,0.0
12596,0.0,0.0,0.0
12597,0.0,0.0,0.0
12598,0.0,0.0,0.0
12599,0.0,0.0,0.0
12600,4717.293540792494,0.0,26273.599642107583
12601,4717.293540792494,0.0,26273.599642107583
12602,2195.869382214023,0.0,34219.23375228373
12603,2195.869382214023,0.0,34219.23375228373
12604,957.6743978168297,0.0,65033.5382531216
12605,957.6743978168297,0.0,65033.5382531216
12606,478.4806610155965,0.0,65891.60436453352
12607,478.4806610155965,0.0,65891.60436453352
12608,0.0,0.0,42038.06503572114
12609,0.0,0.0,42038.06503572114
12610,0.0,0.0,30659.226434368407
12611,0.0,0.0,30659.226434368407
12612,0.0,0.0,0.0
12613,0.0,0.0,0.0
12614,0.0,0.0,0.0
12615,0.0,0.0,0.0
12616,0.0,0.0,0.0
12617,0.0,0.0,0.0
12618,2289.494276389536,0.0,0.0
12619,2289.494276389536,0.0,0.0
12620,6940.97,0.0,0.0
12621,6940.97,0.0,0.0
12622,2077.0433576311625,0.0,0.0
12623,2077.0433576311625,0.0,0.0
12624,513.9778407269387,0.0,0.0
12625,513.9778407269387,0.0,0.0
12626,0.0,0.0,0.0
12627,0.0,0.0,0.0
12628,3523.5083277945987,0.0,0.0
12629,3523.5083277945987,0.0,0.0
12630,3079.0749726510653,0.0,0.0
12631,3079.0749726510653,0.0,0.0
12632,0.0,0.0,0.0
12633,0.0,0.0,0.0
12634,0.0,0.0,0.0
12635,0.0,0.0,0.0
12636,0.0,0.0,0.0
12637,0.0,0.0,0.0
12638,0.0,0.0,0.0
12639,0.0,0.0,0.0
12640,0.0,0.0,0.0
12641,0.0,0.0,0.0
12642,2759.2133412222192,0.0,0.0
12643,2759.2133412222192,0.0,0.0
12644,6940.97,0.0,0.0
12645,6940.97,0.0,0.0
12646,6940.97,0.0,0.0
12647,6940.97,0.0,0.0
12648,6940.97,0.0,0.0
12649,6940.97,0.0,0.0
12650,5786.202946188946,0.0,0.0
12651,5786.202946188946,0.0,0.0
12652,4485.556880026124,0.0,0.0
12653,4485.556880026124,0.0,0.0
12654,5524.3710175992455,0.0,0.0
12655,5524.3710175992455,0.0,0.0
12656,0.0,0.0,0.0
12657,0.0,0.0,0.0
12658,0.0,0.0,0.0
12659,0.0,0.0,0.0
12660,0.0,0.0,0.0
12661,0.0,0.0,0.0
12662,0.0,0.0,0.0
12663,0.0,0.0,0.0
12664,749.3156394575426,527.8867225833601,0.0
12665,749.3156394575426,527.8867225833601,0.0
12666,709.1476123224102,0.0,0.0
12667,709.1476123224102,0.0,0.0
12668,5363.183985204581,0.0,0.0
12669,5363.183985204581,0.0,0.0
12670,6940.97,0.0,0.0
12671,6940.97,0.0,0.0
12672,6940.97,0.0,0.0
12673,6940.97,0.0,0.0
12674,670.751628880083,0.0,0.0
12675,670.751628880083,0.0,0.0
12676,6775.161430705358,0.0,0.0
12677,6775.161430705358,0.0,0.0
12678,6325.505354659189,0.0,0.0
12679,6325.505354659189,0.0,0.0
12680,3696.3568929737976,0.0,0.0
12681,3696.3568929737976,0.0,0.0
12682,0.0,0.0,0.0
12683,0.0,0.0,0.0
12684,0.0,0.0,0.0
12685,0.0,0.0,0.0
12686,0.0,0.0,28017.872249253094
12687,0.0,0.0,28017.872249253094
12688,0.0,0.0,0.0
12689,0.0,0.0,0.0
12690,6940.97,0.0,0.0
12691,6940.97,0.0,0.0
12692,6940.97,0.0,0.0
12693,6940.97,0.0,0.0
12694,6940.97,0.0,0.0
12695,6940.97,0.0,0.0
12696,6940.97,0.0,0.0
12697,6940.97,0.0,0.0
12698,6940.97,0.0,0.0
12699,6940.97,0.0,0.0
12700,6940.97,0.0,0.0
12701,6940.97,0.0,0.0
12702,5703.721612781346,0.0,0.0
12703,5703.721612781346,0.0,0.0
12704,2078.2663453215337,0.0,0.0
12705,2078.2663453215337,0.0,0.0
12706,0.0,0.0,0.0
12707,0.0,0.0,0.0
12708,0.0,0.0,0.0
12709,0.0,0.0,0.0
12710,0.0,0.0,0.0
12711,0.0,0.0,0.0
12712,0.0,0.0,0.0
12713,0.0,0.0,0.0
12714,6940.97,0.0,0.0
12715,6940.97,0.0,0.0
12716,6940.97,0.0,0.0
12717,6940.97,0.0,0.0
12718,6940.97,0.0,0.0
12719,6940.97,0.0,0.0
12720,6940.97,0.0,0.0
12721,6940.97,0.0,0.0
12722,6430.567618532548,0.0,0.0
12723,6430.567618532548,0.0,0.0
12724,4997.85926541024,0.0,0.0
12725,4997.85926541024,0.0,0.0
12726,5108.104217740465,0.0,0.0
12727,5108.104217740465,0.0,0.0
12728,3260.2917538531747,0.0,0.0
12729,3260.2917538531747,0.0,0.0
12730,1251.2168290815707,0.0,0.0
12731,1251.2168290815707,0.0,0.0
12732,0.0,0.0,0.0
12733,0.0,0.0,0.0
12734,0.0,0.0,0.0
12735,0.0,0.0,0.0
12736,954.1855562114897,0.0,0.0
12737,954.1855562114897,0.0,0.0
12738,6940.97,0.0,0.0
12739,6940.97,0.0,0.0
12740,6940.97,0.0,0.0
12741,6940.97,0.0,0.0
12742,6940.97,0.0,17467.56726239703
12743,6940.97,0.0,17467.56726239703
12744,6940.97,0.0,7006.19015337462
12745,6940.97,0.0,7006.19015337462
12746,1019.2851930542001,0.0,15088.510440219594
12747,1019.2851930542001,0.0,15088.510440219594
12748,4700.812416721155,0.0,48042.68479782075
12749,4700.812416721155,0.0,48042.68479782075
12750,1861.1691827850054,0.0,59015.63896512962
12751,1861.1691827850054,0.0,59015.63896512962
12752,0.0,0.0,42602.50055463801
12753,0.0,0.0,42602.50055463801
12754,0.0,0.0,28444.900441390433
12755,0.0,0.0,28444.900441390433
12756,0.0,0.0,30471.116518174327
12757,0.0,0.0,30471.116518174327
12758,0.0,0.0,47598.914861139536
12759,0.0,0.0,47598.914861139536
12760,0.0,0.0,70364.3
12761,0.0,0.0,70364.3
12762,0.0,0.0,70364.3
12763,0.0,0.0,70364.3
12764,0.0,0.0,68053.91284371544
12765,0.0,0.0,68053.91284371544
12766,0.0,0.0,40910.596941066426
12767,0.0,0.0,40910.596941066426
12768,5386.601569329729,8787.34,0.0
12769,5386.601569329729,8787.34,0.0
12770,2446.009246832155,8787.34,0.0
12771,2446.009246832155,8787.34,0.0
12772,131.9340611413736,8787.34,0.0
12773,131.9340611413736,8787.34,0.0
12774,0.0,8787.34,0.0
12775,0.0,8787.34,0.0
12776,0.0,8787.34,0.0
12777,0.0,8787.34,0.0
12778,0.0,8787.34,0.0
12779,0.0,8787.34,0.0
12780,0.0,8787.34,0.0
12781,0.0,8787.34,0.0
12782,0.0,8787.34,0.0
12783,0.0,8787.34,0.0
12784,0.0,0.0,0.0
12785,0.0,0.0,0.0
12786,0.0,0.0,0.0
12787,0.0,0.0,0.0
12788,0.0,0.0,0.0
12789,0.0,0.0,0.0
12790,5529.016534348599,0.0,0.0
12791,5529.016534348599,0.0,0.0
12792,0.0,0.0,0.0
12793,0.0,0.0,0.0
12794,0.0,0.0,0.0
12795,0.0,0.0,0.0
12796,0.0,0.0,0.0
12797,0.0,0.0,0.0
12798,0.0,0.0,0.0
12799,0.0,0.0,0.0
12800,0.0,0.0,0.0
12801,0.0,0.0,0.0
12802,0.0,0.0,0.0
12803,0.0,0.0,0.0
12804,0.0,0.0,0.0
12805,0.0,0.0,0.0
12806,0.0,0.0,0.0
12807,0.0,0.0,0.0
12808,0.0,0.0,0.0
12809,0.0,0.0,0.0
12810,0.0,0.0,0.0
12811,0.0,0.0,0.0
12812,0.0,0.0,0.0
12813,0.0,0.0,0.0
12814,0.0,0.0,0.0
12815,0.0,0.0,0.0
12816,0.0,0.0,0.0
12817,0.0,0.0,0.0
12818,0.0,0.0,0.0
12819,0.0,0.0,0.0
12820,0.0,0.0,0.0
12821,0.0,0.0,0.0
12822,0.0,0.0,0.0
12823,0.0,0.0,0.0
12824,0.0,0.0,0.0
12825,0.0,0.0,0.0
12826,0.0,0.0,0.0
12827,0.0,0.0,0.0
12828,0.0,0.0,0.0
12829,0.0,0.0,0.0
12830,0.0,0.0,0.0
12831,0.0,0.0,0.0
12832,0.0,0.0,0.0
12833,0.0,0.0,0.0
12834,5392.579537208227,0.0,0.0
12835,5392.579537208227,0.0,0.0
12836,6458.64981689599,0.0,0.0
12837,6458.64981689599,0.0,0.0
12838,0.0,0.0,0.0
12839,0.0,0.0,0.0
12840,4056.134844150686,0.0,0.0
12841,4056.134844150686,0.0,0.0
12842,2136.602584940813,0.0,0.0
12843,2136.602584940813,0.0,0.0
12844,0.0,0.0,0.0
12845,0.0,0.0,0.0
12846,2077.8524064311537,0.0,0.0
12847,2077.8524064311537,0.0,0.0
12848,0.0,0.0,0.0
12849,0.0,0.0,0.0
12850,0.0,0.0,0.0
12851,0.0,0.0,0.0
12852,0.0,0.0,0.0
12853,0.0,0.0,0.0
12854,0.0,0.0,0.0
12855,0.0,0.0,0.0
12856,0.0,0.0,0.0
12857,0.0,0.0,0.0
12858,4291.634205641414,0.0,0.0
12859,4291.634205641414,0.0,0.0
12860,5738.044334382113,0.0,0.0
12861,5738.044334382113,0.0,0.0
12862,0.0,0.0,0.0
12863,0.0,0.0,0.0
12864,0.0,0.0,0.0
12865,0.0,0.0,0.0
12866,0.0,0.0,0.0
12867,0.0,0.0,0.0
12868,0.0,0.0,0.0
12869,0.0,0.0,0.0
12870,600.1179988813942,0.0,0.0
12871,600.1179988813942,0.0,0.0
12872,0.0,0.0,0.0
12873,0.0,0.0,0.0
12874,0.0,0.0,0.0
12875,0.0,0.0,0.0
12876,0.0,0.0,0.0
12877,0.0,0.0,0.0
12878,0.0,0.0,0.0
12879,0.0,0.0,0.0
12880,0.0,0.0,0.0
12881,0.0,0.0,0.0
12882,3846.5910542651964,0.0,0.0
12883,3846.5910542651964,0.0,0.0
12884,6088.503889150366,0.0,0.0
12885,6088.503889150366,0.0,0.0
12886,6940.97,0.0,0.0
12887,6940.97,0.0,0.0
12888,6801.4602783855335,0.0,0.0
12889,6801.4602783855335,0.0,0.0
12890,0.0,0.0,0.0
12891,0.0,0.0,0.0
12892,0.0,0.0,0.0
12893,0.0,0.0,0.0
12894,0.0,0.0,0.0
12895,0.0,0.0,0.0
12896,3750.6993139382676,0.0,0.0
12897,3750.6993139382676,0.0,0.0
12898,0.0,0.0,0.0
12899,0.0,0.0,0.0
12900,0.0,0.0,0.0
12901,0.0,0.0,0.0
12902,0.0,0.0,0.0
12903,0.0,0.0,0.0
12904,0.0,0.0,0.0
12905,0.0,0.0,0.0
12906,263.1256122828622,0.0,0.0
12907,263.1256122828622,0.0,0.0
12908,5579.900467497782,0.0,0.0
12909,5579.900467497782,0.0,0.0
12910,4921.0019505788705,0.0,0.0
12911,4921.0019505788705,0.0,0.0
12912,3792.1599903128213,0.0,0.0
12913,3792.1599903128213,0.0,0.0
12914,2222.291068718767,0.0,0.0
12915,2222.291068718767,0.0,0.0
12916,6940.97,0.0,0.0
12917,6940.97,0.0,0.0
12918,6651.297641104224,0.0,0.0
12919,6651.297641104224,0.0,0.0
12920,0.0,0.0,0.0
12921,0.0,0.0,0.0
12922,0.0,0.0,49620.354184181924
12923,0.0,0.0,49620.354184181924
12924,0.0,0.0,0.0
12925,0.0,0.0,0.0
12926,0.0,0.0,0.0
12927,0.0,0.0,0.0
12928,0.0,0.0,0.0
12929,0.0,0.0,0.0
12930,0.0,0.0,0.0
12931,0.0,0.0,0.0
12932,1736.182959250552,0.0,0.0
12933,1736.182959250552,0.0,0.0
12934,3827.1910768567795,8787.34,0.0
12935,3827.1910768567795,8787.34,0.0
12936,6940.97,8787.34,0.0
12937,6940.97,8787.34,0.0
12938,6940.97,8787.34,0.0
12939,6940.97,8787.34,0.0
12940,6940.97,8787.34,0.0
12941,6940.97,8787.34,0.0
12942,6940.97,0.0,0.0
12943,6940.97,0.0,0.0
12944,4444.290724168415,8787.34,0.0
12945,4444.290724168415,8787.34,0.0
12946,0.0,8787.34,0.0
12947,0.0,8787.34,0.0
12948,0.0,8787.34,0.0
12949,0.0,8787.34,0.0
12950,0.0,0.0,0.0
12951,0.0,0.0,0.0
12952,0.0,0.0,0.0
12953,0.0,0.0,0.0
12954,6940.97,0.0,0.0
12955,6940.97,0.0,0.0
12956,6940.97,8787.34,0.0
12957,6940.97,8787.34,0.0
12958,6940.97,8787.34,0.0
12959,6940.97,8787.34,0.0
12960,6940.97,8787.34,0.0
12961,6940.97,8787.34,0.0
12962,6940.97,8787.34,0.0
12963,6940.97,8787.34,0.0
12964,6011.493302400315,8787.34,0.0
12965,6011.493302400315,8787.34,0.0
12966,6940.97,8787.34,0.0
12967,6940.97,8787.34,0.0
12968,4637.795640919914,8787.34,0.0
12969,4637.795640919914,8787.34,0.0
12970,6940.97,8787.34,0.0
12971,6940.97,8787.34,0.0
12972,0.0,8787.34,0.0
12973,0.0,8787.34,0.0
12974,0.0,0.0,38861.54332529225
12975,0.0,0.0,38861.54332529225
12976,3743.190398866326,8787.34,0.0
12977,3743.190398866326,8787.34,0.0
12978,6940.97,8787.34,0.0
12979,6940.97,8787.34,0.0
12980,6940.97,8787.34,67419.32926946218
12981,6940.97,8787.34,67419.32926946218
12982,6940.97,0.0,34852.18519727043
12983,6940.97,0.0,34852.18519727043
12984,6940.97,0.0,19068.685264459375
12985,6940.97,0.0,19068.685264459375
12986,6940.97,0.0,0.0
12987,6940.97,0.0,0.0
12988,6940.97,0.0,0.0
12989,6940.97,0.0,0.0
12990,6940.97,8787.34,0.0
12991,6940.97,8787.34,0.0
12992,6048.378549623851,8787.34,38368.21880408283
12993,6048.378549623851,8787.34,38368.21880408283
12994,922.1491447956532,0.0,0.0
12995,922.1491447956532,0.0,0.0
12996,6384.851395511436,8787.34,0.0
12997,6384.851395511436,8787.34,0.0
12998,6940.97,0.0,0.0
12999,6940.97,0.0,0.0
13000,5514.870456622513,8787.34,70364.3
13001,5514.870456622513,8787.34,70364.3
13002,6940.97,8787.34,70364.3
13003,6940.97,8787.34,70364.3
13004,6940.97,4639.003934570577,12021.72489567101
13005,6940.97,4639.003934570577,12021.72489567101
13006,6940.97,0.0,0.0
13007,6940.97,0.0,0.0
13008,6940.97,0.0,0.0
13009,6940.97,0.0,0.0
13010,6940.97,0.0,0.0
13011,6940.97,0.0,0.0
13012,6940.97,0.0,0.0
13013,6940.97,0.0,0.0
13014,6940.97,8787.34,0.0
13015,6940.97,8787.34,0.0
13016,6940.97,345.29361928327853,0.0
13017,6940.97,345.29361928327853,0.0
13018,6940.97,0.0,0.0
13019,6940.97,0.0,0.0
13020,4091.0290036264814,0.0,0.0
13021,4091.0290036264814,0.0,0.0
13022,0.0,0.0,0.0
13023,0.0,0.0,0.0
13024,2023.7240052193338,0.0,70364.3
13025,2023.7240052193338,0.0,70364.3
13026,6940.97,8787.34,0.0
13027,6940.97,8787.34,0.0
13028,6940.97,8787.34,0.0
13029,6940.97,8787.34,0.0
13030,6940.97,8787.34,0.0
13031,6940.97,8787.34,0.0
13032,6940.97,0.0,0.0
13033,6940.97,0.0,0.0
13034,6940.97,8787.34,0.0
13035,6940.97,8787.34,0.0
13036,6940.97,8787.34,24295.56918628431
13037,6940.97,8787.34,24295.56918628431
13038,6940.97,8787.34,30482.36215343952
13039,6940.97,8787.34,30482.36215343952
13040,4850.757655418927,8787.34,19927.142345020577
13041,4850.757655418927,8787.34,19927.142345020577
13042,6940.97,8787.34,0.0
13043,6940.97,8787.34,0.0
13044,3808.474389287877,8787.34,0.0
13045,3808.474389287877,8787.34,0.0
13046,4048.309944702657,8787.34,3147.7953040392604
13047,4048.309944702657,8787.34,3147.7953040392604
13048,2553.696728205774,8787.34,37804.37685006732
13049,2553.696728205774,8787.34,37804.37685006732
13050,6940.97,8787.34,54006.75266137882
13051,6940.97,8787.34,54006.75266137882
13052,6940.97,8787.34,42612.68178151172
13053,6940.97,8787.34,42612.68178151172
13054,6940.97,8787.34,17869.61087029976
13055,6940.97,8787.34,17869.61087029976
13056,6940.97,0.0,0.0
13057,6940.97,0.0,0.0
13058,6940.97,8787.34,0.0
13059,6940.97,8787.34,0.0
13060,6940.97,8787.34,0.0
13061,6940.97,8787.34,0.0
13062,6940.97,0.0,0.0
13063,6940.97,0.0,0.0
13064,5449.438478690376,8787.34,0.0
13065,5449.438478690376,8787.34,0.0
13066,230.41284324019125,0.0,0.0
13067,230.41284324019125,0.0,0.0
13068,0.0,8787.34,0.0
13069,0.0,8787.34,0.0
13070,0.0,8787.34,0.0
13071,0.0,8787.34,0.0
13072,185.98553749826806,8787.34,0.0
13073,185.98553749826806,8787.34,0.0
13074,6940.97,8787.34,0.0
13075,6940.97,8787.34,0.0
13076,6940.97,3599.91688966495,0.0
13077,6940.97,3599.91688966495,0.0
13078,6940.97,0.0,0.0
13079,6940.97,0.0,0.0
13080,6940.97,0.0,0.0
13081,6940.97,0.0,0.0
13082,6940.97,0.0,0.0
13083,6940.97,0.0,0.0
13084,5701.937100642078,0.0,0.0
13085,5701.937100642078,0.0,0.0
13086,4959.445787085648,2132.0618479576788,0.0
13087,4959.445787085648,2132.0618479576788,0.0
13088,0.0,1014.4601234325783,0.0
13089,0.0,1014.4601234325783,0.0
13090,0.0,0.0,0.0
13091,0.0,0.0,0.0
13092,0.0,0.0,39516.43695212979
13093,0.0,0.0,39516.43695212979
13094,0.0,278.17188352931953,65913.81999645675
13095,0.0,278.17188352931953,65913.81999645675
13096,0.0,4081.39600221358,0.0
13097,0.0,4081.39600221358,0.0
13098,0.0,2594.5293288248995,0.0
13099,0.0,2594.5293288248995,0.0
13100,0.0,2705.669113038439,0.0
13101,0.0,2705.669113038439,0.0
13102,760.8045101593734,0.0,50931.8502895692
13103,760.8045101593734,0.0,50931.8502895692
13104,760.8045101593734,0.0,50931.8502895692
