Timestep,Hydro|Reservoir_FR_0,Hydro|Reservoir_ES_0,Hydro|Pumped Storage_ES_0,Hydro|Pumped Storage_FR_0,Battery|Lithium-Ion_FR_0,Battery|Lithium-Ion_PT_0
0,2.3400000000000005e6,4.922711064e6,0.0,0.0,0.0,0.0
1,2.33460166e6,4.917648230328329e6,0.0,0.0,0.0,0.0
2,2.3292033200000003e6,4.9125853966566585e6,0.0,0.0,0.0,0.0
3,2.3216839800000004e6,4.906573884020859e6,0.0,0.0,0.0,0.0
4,2.31416464e6,4.900562371385061e6,0.0,0.0,0.0,0.0
5,2.3112595290279053e6,4.894607903497432e6,0.0,0.0,0.0,0.0
6,2.3083544180558105e6,4.888653435609804e6,0.0,0.0,0.0,0.0
7,2.3052345882678637e6,4.882969310224371e6,0.0,0.0,0.0,0.0
8,2.3021147584799174e6,4.877285184838938e6,0.0,0.0,0.0,0.0
9,2.3029257584799174e6,4.872312258650796e6,0.0,0.0,0.0,0.0
10,2.3037367584799174e6,4.8673393324626535e6,0.0,0.0,0.0,0.0
11,2.3051337584799174e6,4.862084902843325e6,0.0,0.0,0.0,0.0
12,2.3065307584799174e6,4.856830473223997e6,0.0,0.0,0.0,0.0
13,2.3073157584799174e6,4.854378507923494e6,0.0,0.0,0.0,0.0
14,2.3081007584799174e6,4.851926542622991e6,0.0,0.0,0.0,0.0
15,2.304550105316209e6,4.847641070302442e6,0.0,0.0,0.0,0.0
16,2.300999452152501e6,4.843355597981892e6,0.0,0.0,0.0,0.0
17,2.296587112152501e6,4.839408857209194e6,0.0,0.0,0.0,0.0
18,2.2921747721525007e6,4.835462116436498e6,0.0,0.0,0.0,0.0
19,2.2892684321525004e6,4.83566166078349e6,0.0,0.0,0.0,0.0
20,2.2863620921525005e6,4.835861205130483e6,0.0,0.0,0.0,0.0
21,2.2814277521525007e6,4.8361066332966555e6,0.0,0.0,0.0,0.0
22,2.2764934121525004e6,4.836352061462828e6,0.0,0.0,0.0,0.0
23,2.2789004121525004e6,4.833081176945621e6,0.0,0.0,0.0,0.0
24,2.2813074121525004e6,4.829810292428414e6,0.0,0.0,0.0,0.0
25,2.2823449121525004e6,4.824076562914139e6,0.0,0.0,0.0,0.0
26,2.2833824121525004e6,4.818342833399862e6,0.0,0.0,0.0,0.0
27,2.2838639121525004e6,4.81210934228749e6,0.0,0.0,0.0,0.0
28,2.2843454121525004e6,4.805875851175117e6,0.0,0.0,0.0,0.0
29,2.2848784121525004e6,4.799835816165233e6,0.0,0.0,0.0,0.0
30,2.2854114121525004e6,4.79379578115535e6,0.0,0.0,0.0,0.0
31,2.2876439121525004e6,4.789584898396563e6,0.0,0.0,0.0,0.0
32,2.2898764121525004e6,4.785374015637776e6,0.0,0.0,0.0,0.0
33,2.2852485721525e6,4.784410343163393e6,0.0,0.0,0.0,0.0
34,2.2806207321525e6,4.78344667068901e6,0.0,0.0,0.0,0.0
35,2.280655892458583e6,4.782565465078829e6,0.0,0.0,0.0,0.0
36,2.280691052764666e6,4.781684259468649e6,0.0,0.0,0.0,0.0
37,2.2796962433249536e6,4.780253688131528e6,0.0,0.0,0.0,0.0
38,2.2787014338852414e6,4.778823116794408e6,0.0,0.0,0.0,0.0
39,2.273098593885241e6,4.776058814443014e6,0.0,0.0,0.0,0.0
40,2.267495753885241e6,4.773294512091619e6,0.0,0.0,0.0,0.0
41,2.2647804138852414e6,4.773094123149812e6,0.0,0.0,0.0,0.0
42,2.262065073885241e6,4.7728937342080055e6,0.0,0.0,0.0,0.0
43,2.2595642338852407e6,4.774679990626372e6,0.0,0.0,0.0,0.0
44,2.257063393885241e6,4.77646624704474e6,0.0,0.0,0.0,0.0
45,2.252036553885241e6,4.778849613164059e6,0.0,0.0,0.0,0.0
46,2.2470097138852407e6,4.7812329792833775e6,0.0,0.0,0.0,0.0
47,2.2504457138852407e6,4.780547089930518e6,0.0,0.0,0.0,0.0
48,2.2538817138852407e6,4.779861200577657e6,0.0,0.0,0.0,0.0
49,2.2553017138852407e6,4.775488484348519e6,0.0,0.0,0.0,0.0
50,2.2567217138852407e6,4.77111576811938e6,0.0,0.0,0.0,0.0
51,2.2574457138852407e6,4.765239426734678e6,0.0,0.0,0.0,0.0
52,2.2581697138852407e6,4.759363085349978e6,0.0,0.0,0.0,0.0
53,2.2588977138852407e6,4.753326770649757e6,0.0,0.0,0.0,0.0
54,2.2596257138852407e6,4.747290455949537e6,0.0,0.0,0.0,0.0
55,2.253968966170405e6,4.741800406718204e6,0.0,0.0,0.0,0.0
56,2.2483122184555694e6,4.73631035748687e6,0.0,0.0,0.0,0.0
57,2.241114378455569e6,4.7326320990615375e6,0.0,0.0,0.0,0.0
58,2.233916538455569e6,4.728953840636206e6,0.0,0.0,0.0,0.0
59,2.2343155987274908e6,4.725548404919512e6,0.0,0.0,0.0,0.0
60,2.234714658999413e6,4.722142969202817e6,0.0,0.0,0.0,0.0
61,2.236484658999413e6,4.717508591194031e6,0.0,0.0,0.0,0.0
62,2.238254658999413e6,4.712874213185244e6,0.0,0.0,0.0,0.0
63,2.239270158999413e6,4.70819705161533e6,0.0,0.0,0.0,0.0
64,2.240285658999413e6,4.703519890045417e6,0.0,0.0,0.0,0.0
65,2.242909158999413e6,4.700622896649366e6,0.0,0.0,0.0,0.0
66,2.245532658999413e6,4.697725903253316e6,0.0,0.0,0.0,0.0
67,2.2437261752286116e6,4.697478390389108e6,0.0,0.0,0.0,0.0
68,2.241919691457811e6,4.6972308775249e6,0.0,0.0,0.0,0.0
69,2.2391799056222253e6,4.696823391345173e6,0.0,0.0,0.0,0.0
70,2.236440119786639e6,4.696415905165446e6,0.0,0.0,0.0,0.0
71,2.229155626139975e6,4.692827554223642e6,0.0,0.0,0.0,0.0
72,2.2218711324933115e6,4.689239203281838e6,0.0,0.0,0.0,0.0
73,2.2192295978142656e6,4.683453389432277e6,0.0,0.0,0.0,0.0
74,2.2165880631352193e6,4.677667575582715e6,0.0,0.0,0.0,0.0
75,2.2167510631352193e6,4.671381380083446e6,0.0,0.0,0.0,0.0
76,2.2169140631352193e6,4.665095184584178e6,0.0,0.0,0.0,0.0
77,2.2170765631352193e6,4.65895780147144e6,0.0,0.0,0.0,0.0
78,2.2172390631352193e6,4.652820418358701e6,0.0,0.0,0.0,0.0
79,2.2153238080714727e6,4.646782243503649e6,0.0,0.0,0.0,0.0
80,2.2134085530077256e6,4.640744068648597e6,0.0,0.0,0.0,0.0
81,2.2074462162431665e6,4.6353147844750965e6,0.0,0.0,0.0,0.0
82,2.201483879478607e6,4.629885500301596e6,0.0,0.0,0.0,0.0
83,2.197711178068338e6,4.624342746683367e6,0.0,0.0,0.0,0.0
84,2.1939384766580695e6,4.6187999930651365e6,0.0,0.0,0.0,0.0
85,2.192269552473829e6,4.613283901666161e6,0.0,0.0,0.0,0.0
86,2.190600628289589e6,4.607767810267184e6,0.0,0.0,0.0,0.0
87,2.1890367065379363e6,4.602376349241926e6,0.0,0.0,0.0,0.0
88,2.1874727847862835e6,4.596984888216669e6,0.0,0.0,0.0,0.0
89,2.181849444786283e6,4.593676800602829e6,0.0,0.0,0.0,0.0
90,2.1762261047862833e6,4.59036871298899e6,0.0,0.0,0.0,0.0
91,2.1718607647862835e6,4.590371080923831e6,0.0,0.0,0.0,0.0
92,2.167495424786283e6,4.590373448858671e6,0.0,0.0,0.0,0.0
93,2.160850584786283e6,4.591364179060714e6,0.0,0.0,0.0,0.0
94,2.154205744786283e6,4.592354909262757e6,0.0,0.0,0.0,0.0
95,2.146897904786283e6,4.591136395576442e6,0.0,0.0,0.0,0.0
96,2.139590064786283e6,4.5899178818901265e6,0.0,0.0,0.0,0.0
97,2.1314717247862825e6,4.585276063262014e6,0.0,0.0,0.0,0.0
98,2.1233533847862827e6,4.5806342446339e6,0.0,0.0,0.0,0.0
99,2.115064044786283e6,4.574899275016403e6,0.0,0.0,0.0,0.0
100,2.1067747047862825e6,4.569164305398906e6,0.0,0.0,0.0,0.0
101,2.0992468647862826e6,4.563517383110105e6,0.0,0.0,0.0,0.0
102,2.0917190247862826e6,4.5578704608213045e6,0.0,0.0,0.0,0.0
103,2.0865956847862825e6,4.554408600408051e6,0.0,0.0,0.0,0.0
104,2.0814723447862826e6,4.550946739994798e6,0.0,0.0,0.0,0.0
105,2.0756910047862828e6,4.550929886329711e6,0.0,0.0,0.0,0.0
106,2.0699096647862827e6,4.550913032664625e6,0.0,0.0,0.0,0.0
107,2.0640178247862826e6,4.55017567902809e6,0.0,0.0,0.0,0.0
108,2.0581259847862828e6,4.549438325391554e6,0.0,0.0,0.0,0.0
109,2.051886144786283e6,4.547111779477201e6,0.0,0.0,0.0,0.0
110,2.0456463047862828e6,4.544785233562849e6,0.0,0.0,0.0,0.0
111,2.0387934647862827e6,4.54121238391131e6,0.0,0.0,0.0,0.0
112,2.031940624786283e6,4.537639534259769e6,0.0,0.0,0.0,0.0
113,2.029830284786283e6,4.53511085152038e6,0.0,0.0,0.0,0.0
114,2.027719944786283e6,4.532582168780992e6,0.0,0.0,0.0,0.0
115,2.0247986047862829e6,4.531454802681426e6,0.0,0.0,0.0,0.0
116,2.021877264786283e6,4.53032743658186e6,0.0,0.0,0.0,0.0
117,2.0156169247862832e6,4.529454911694227e6,0.0,0.0,0.0,0.0
118,2.009356584786283e6,4.528582386806594e6,0.0,0.0,0.0,0.0
119,2.002962744786283e6,4.5257641399650825e6,0.0,0.0,0.0,0.0
120,1.9965689047862832e6,4.522945893123571e6,0.0,0.0,0.0,0.0
121,1.9887570647862833e6,4.517211543557684e6,0.0,0.0,0.0,0.0
122,1.9809452247862832e6,4.511477193991797e6,0.0,0.0,0.0,0.0
123,1.9727993847862831e6,4.505466921459219e6,0.0,0.0,0.0,0.0
124,1.9646535447862833e6,4.499456648926642e6,0.0,0.0,0.0,0.0
125,1.9575042047862834e6,4.493564186200067e6,0.0,0.0,0.0,0.0
126,1.9503548647862833e6,4.487671723473492e6,0.0,0.0,0.0,0.0
127,1.9462525247862833e6,4.482277782241792e6,0.0,0.0,0.0,0.0
128,1.9421501847862834e6,4.476883841010093e6,0.0,0.0,0.0,0.0
129,1.9387593447862836e6,4.4726134332966935e6,0.0,0.0,0.0,0.0
130,1.9353685047862835e6,4.468343025583294e6,0.0,0.0,0.0,0.0
131,1.9309091647862834e6,4.464481231881242e6,0.0,0.0,0.0,0.0
132,1.9264498247862835e6,4.460619438179189e6,0.0,0.0,0.0,0.0
133,1.9205964847862837e6,4.456484821768499e6,0.0,0.0,0.0,0.0
134,1.9147431447862836e6,4.452350205357809e6,0.0,0.0,0.0,0.0
135,1.9087838047862835e6,4.447611658678452e6,0.0,0.0,0.0,0.0
136,1.9028244647862837e6,4.442873111999094e6,0.0,0.0,0.0,0.0
137,1.8998906247862838e6,4.4403500097242e6,0.0,0.0,0.0,0.0
138,1.8969567847862837e6,4.437826907449306e6,0.0,0.0,0.0,0.0
139,1.8938104447862837e6,4.437240846405743e6,0.0,0.0,0.0,0.0
140,1.8906641047862838e6,4.436654785362179e6,0.0,0.0,0.0,0.0
141,1.883914764786284e6,4.437570489319347e6,0.0,0.0,0.0,0.0
142,1.8771654247862839e6,4.438486193276514e6,0.0,0.0,0.0,0.0
143,1.8699655847862838e6,4.435842800989175e6,0.0,0.0,0.0,0.0
144,1.862765744786284e6,4.433199408701836e6,0.0,0.0,0.0,0.0
145,1.854882904786284e6,4.427381972220137e6,0.0,0.0,0.0,0.0
146,1.847000064786284e6,4.421564535738437e6,0.0,0.0,0.0,0.0
147,1.838961724786284e6,4.415571624650955e6,0.0,0.0,0.0,0.0
148,1.830923384786284e6,4.409578713563472e6,0.0,0.0,0.0,0.0
149,1.8240290447862842e6,4.404155009854466e6,0.0,0.0,0.0,0.0
150,1.8171347047862841e6,4.39873130614546e6,0.0,0.0,0.0,0.0
151,1.814397364786284e6,4.396415921160098e6,0.0,0.0,0.0,0.0
152,1.8116600247862842e6,4.394100536174735e6,0.0,0.0,0.0,0.0
153,1.8084891847862843e6,4.395977320128242e6,0.0,0.0,0.0,0.0
154,1.8053183447862843e6,4.397854104081748e6,0.0,0.0,0.0,0.0
155,1.8012575047862842e6,4.398863435832107e6,0.0,0.0,0.0,0.0
156,1.7971966647862843e6,4.399872767582467e6,0.0,0.0,0.0,0.0
157,1.7917438247862845e6,4.399439859286707e6,0.0,0.0,0.0,0.0
158,1.7862909847862844e6,4.399006950990948e6,0.0,0.0,0.0,0.0
159,1.7800571447862843e6,4.398213172657853e6,0.0,0.0,0.0,0.0
160,1.7738233047862845e6,4.397419394324759e6,0.0,0.0,0.0,0.0
161,1.7704569647862846e6,4.3981664442438595e6,0.0,0.0,0.0,0.0
162,1.7670906247862845e6,4.39891349416296e6,0.0,0.0,0.0,0.0
163,1.7616732847862844e6,4.402234378317418e6,0.0,0.0,0.0,0.0
164,1.7562559447862846e6,4.405555262471874e6,0.0,0.0,0.0,0.0
165,1.7495091047862847e6,4.408354683221865e6,0.0,0.0,0.0,0.0
166,1.7427622647862846e6,4.411154103971858e6,0.0,0.0,0.0,0.0
167,1.7357284247862846e6,4.410802422437079e6,0.0,0.0,0.0,0.0
168,1.7286945847862847e6,4.4104507409023e6,0.0,0.0,0.0,0.0
169,1.7209557447862849e6,4.405762418403396e6,0.0,0.0,0.0,0.0
170,1.7132169047862848e6,4.401074095904493e6,0.0,0.0,0.0,0.0
171,1.7082514922541208e6,4.395008018726966e6,0.0,0.0,0.0,0.0
172,1.703286079721957e6,4.38894194154944e6,0.0,0.0,0.0,0.0
173,1.6954812397219571e6,4.383693092394607e6,0.0,0.0,0.0,0.0
174,1.687676399721957e6,4.378444243239773e6,0.0,0.0,0.0,0.0
175,1.683044059721957e6,4.377277193837133e6,0.0,0.0,0.0,0.0
176,1.678411719721957e6,4.376110144434493e6,0.0,0.0,0.0,0.0
177,1.6734158797219573e6,4.376960122920943e6,0.0,0.0,0.0,0.0
178,1.6684200397219572e6,4.377810101407394e6,0.0,0.0,0.0,0.0
179,1.663034699721957e6,4.37804870900585e6,0.0,0.0,0.0,0.0
180,1.6576493597219572e6,4.378287316604307e6,0.0,0.0,0.0,0.0
181,1.6567629219854206e6,4.376350163101375e6,0.0,0.0,0.0,0.0
182,1.655876484248884e6,4.374413009598442e6,0.0,0.0,0.0,0.0
183,1.654310521247793e6,4.37154825888614e6,0.0,0.0,0.0,0.0
184,1.652744558246702e6,4.368683508173838e6,0.0,0.0,0.0,0.0
185,1.648398718246702e6,4.368074505220685e6,0.0,0.0,0.0,0.0
186,1.644052878246702e6,4.367465502267532e6,0.0,0.0,0.0,0.0
187,1.638824038246702e6,4.368099082741903e6,0.0,0.0,0.0,0.0
188,1.633595198246702e6,4.368732663216275e6,0.0,0.0,0.0,0.0
189,1.6263753582467022e6,4.367879979980179e6,0.0,0.0,0.0,0.0
190,1.6191555182467022e6,4.367027296744083e6,0.0,0.0,0.0,0.0
191,1.612346178246702e6,4.362872218630245e6,0.0,0.0,0.0,0.0
192,1.6055368382467022e6,4.358717140516406e6,0.0,0.0,0.0,0.0
193,1.6029576566230333e6,4.352603319364868e6,0.0,0.0,0.0,0.0
194,1.6003784749993645e6,4.34648949821333e6,0.0,0.0,0.0,0.0
195,1.6012089749993645e6,4.3403242127781175e6,0.0,0.0,0.0,0.0
196,1.6020394749993645e6,4.334158927342905e6,0.0,0.0,0.0,0.0
197,1.6019305729783305e6,4.328350171583753e6,0.0,0.0,0.0,0.0
198,1.6018216709572966e6,4.322541415824601e6,0.0,0.0,0.0,0.0
199,1.5981933309572968e6,4.319912284724304e6,0.0,0.0,0.0,0.0
200,1.5945649909572967e6,4.317283153624008e6,0.0,0.0,0.0,0.0
201,1.5917029832877934e6,4.316726855057752e6,0.0,0.0,0.0,0.0
202,1.58884097561829e6,4.316170556491494e6,0.0,0.0,0.0,0.0
203,1.5910516125931474e6,4.314684800561035e6,0.0,0.0,0.0,0.0
204,1.593262249568005e6,4.313199044630577e6,0.0,0.0,0.0,0.0
205,1.596097749568005e6,4.310253687208904e6,0.0,0.0,0.0,0.0
206,1.598933249568005e6,4.307308329787232e6,0.0,0.0,0.0,0.0
207,1.600651249568005e6,4.30329896380187e6,0.0,0.0,0.0,0.0
208,1.602369249568005e6,4.299289597816509e6,0.0,0.0,0.0,0.0
209,1.5999390232898386e6,4.297851585860062e6,0.0,0.0,0.0,0.0
210,1.597508797011672e6,4.296413573903616e6,0.0,0.0,0.0,0.0
211,1.5965897632446298e6,4.296715426766347e6,0.0,0.0,0.0,0.0
212,1.5956707294775876e6,4.29701727962908e6,0.0,0.0,0.0,0.0
213,1.5967407294775876e6,4.295848370071608e6,0.0,0.0,0.0,0.0
214,1.5978107294775876e6,4.294679460514136e6,0.0,0.0,0.0,0.0
215,1.5986977294775876e6,4.292088152562082e6,0.0,0.0,0.0,0.0
216,1.5995847294775876e6,4.289496844610029e6,0.0,0.0,0.0,0.0
217,1.6000567294775876e6,4.283560358219106e6,0.0,0.0,0.0,0.0
218,1.6005287294775876e6,4.277623871828183e6,0.0,0.0,0.0,0.0
219,1.6008287294775876e6,4.271361238290114e6,0.0,0.0,0.0,0.0
220,1.6011287294775876e6,4.265098604752047e6,0.0,0.0,0.0,0.0
221,1.6015532294775876e6,4.258746683782062e6,0.0,0.0,0.0,0.0
222,1.6019777294775876e6,4.252394762812075e6,0.0,0.0,0.0,0.0
223,1.6025462294775876e6,4.246629410665661e6,0.0,0.0,0.0,0.0
224,1.6031147294775876e6,4.240864058519247e6,0.0,0.0,0.0,0.0
225,1.6040072294775876e6,4.237165338390768e6,0.0,0.0,0.0,0.0
226,1.6048997294775876e6,4.233466618262287e6,0.0,0.0,0.0,0.0
227,1.6061847294775876e6,4.230391050002402e6,0.0,0.0,0.0,0.0
228,1.6074697294775876e6,4.227315481742515e6,0.0,0.0,0.0,0.0
229,1.6083032294775876e6,4.224270296011546e6,0.0,0.0,0.0,0.0
230,1.6091367294775876e6,4.221225110280576e6,0.0,0.0,0.0,0.0
231,1.6097227294775876e6,4.217027868657221e6,0.0,0.0,0.0,0.0
232,1.6103087294775876e6,4.212830627033866e6,0.0,0.0,0.0,0.0
233,1.6113845389169743e6,4.209804042851212e6,0.0,0.0,0.0,0.0
234,1.6124603483563613e6,4.206777458668559e6,0.0,0.0,0.0,0.0
235,1.6096575545124398e6,4.206337109753473e6,0.0,0.0,0.0,0.0
236,1.6068547606685183e6,4.205896760838387e6,0.0,0.0,0.0,0.0
237,1.604443250954335e6,4.204566017810564e6,0.0,0.0,0.0,0.0
238,1.6020317412401517e6,4.2032352747827405e6,0.0,0.0,0.0,0.0
239,1.6043367412401517e6,4.198659801676955e6,0.0,0.0,0.0,0.0
240,1.6066417412401517e6,4.19408432857117e6,0.0,0.0,0.0,0.0
241,1.6072837412401517e6,4.188039333148402e6,0.0,0.0,0.0,0.0
242,1.6079257412401517e6,4.181994337725634e6,0.0,0.0,0.0,0.0
243,1.6083277412401517e6,4.1756920208844915e6,0.0,0.0,0.0,0.0
244,1.6087297412401517e6,4.1693897040433493e6,0.0,0.0,0.0,0.0
245,1.6091372412401517e6,4.1630712658603326e6,0.0,0.0,0.0,0.0
246,1.6095447412401517e6,4.156752827677316e6,0.0,0.0,0.0,0.0
247,1.6100247412401517e6,4.150404006965383e6,0.0,0.0,0.0,0.0
248,1.6105047412401517e6,4.14405518625345e6,0.0,0.0,0.0,0.0
249,1.6111027412401517e6,4.138281153384488e6,0.0,0.0,0.0,0.0
250,1.6117007412401517e6,4.1325071205155267e6,0.0,0.0,0.0,0.0
251,1.6130502412401517e6,4.12673866811106e6,0.0,0.0,0.0,0.0
252,1.6143997412401517e6,4.1209702157065934e6,0.0,0.0,0.0,0.0
253,1.6150072412401517e6,4.1196462242375445e6,0.0,0.0,0.0,0.0
254,1.6156147412401517e6,4.1183222327684956e6,0.0,0.0,0.0,0.0
255,1.6160957412401517e6,4.113170078259557e6,0.0,0.0,0.0,0.0
256,1.6165767412401517e6,4.1080179237506185e6,0.0,0.0,0.0,0.0
257,1.6169718274970627e6,4.103604284115184e6,0.0,0.0,0.0,0.0
258,1.6173669137539736e6,4.09919064447975e6,0.0,0.0,0.0,0.0
259,1.6152970810116534e6,4.0989958360024383e6,0.0,0.0,0.0,0.0
260,1.613227248269333e6,4.098801027525127e6,0.0,0.0,0.0,0.0
261,1.6114002678761978e6,4.098967709136761e6,0.0,0.0,0.0,0.0
262,1.6095732874830626e6,4.0991343907483947e6,0.0,0.0,0.0,0.0
263,1.6114502874830626e6,4.0954883750068108e6,0.0,0.0,0.0,0.0
264,1.6133272874830626e6,4.0918423592652264e6,0.0,0.0,0.0,0.0
265,1.6139047874830626e6,4.0857595406942153e6,0.0,0.0,0.0,0.0
266,1.6144822874830626e6,4.0796767221232043e6,0.0,0.0,0.0,0.0
267,1.6149557874830626e6,4.073327901411271e6,0.0,0.0,0.0,0.0
268,1.6154292874830626e6,4.066979080699338e6,0.0,0.0,0.0,0.0
269,1.6149117224701233e6,4.061015312037551e6,0.0,0.0,0.0,0.0
270,1.6143941574571838e6,4.055051543375764e6,0.0,0.0,0.0,0.0
271,1.6113613174571837e6,4.0520677427542377e6,0.0,0.0,0.0,0.0
272,1.6083284774571839e6,4.049083942132712e6,0.0,0.0,0.0,0.0
273,1.6057121894875201e6,4.047775520962868e6,0.0,0.0,0.0,0.0
274,1.6030959015178562e6,4.0464670997930244e6,0.0,0.0,0.0,0.0
275,1.6076164015178562e6,4.0444964635031223e6,0.0,0.0,0.0,0.0
276,1.6121369015178562e6,4.0425258272132208e6,0.0,0.0,0.0,0.0
277,1.6150784015178562e6,4.039209058876834e6,0.0,0.0,0.0,0.0
278,1.6180199015178562e6,4.0358922905404475e6,0.0,0.0,0.0,0.0
279,1.6198744015178562e6,4.032031116890006e6,0.0,0.0,0.0,0.0
280,1.6217289015178562e6,4.0281699432395636e6,0.0,0.0,0.0,0.0
281,1.621512057516004e6,4.0264305862003937e6,0.0,0.0,0.0,0.0
282,1.6212952135141515e6,4.024691229161224e6,0.0,0.0,0.0,0.0
283,1.6172543735141517e6,4.0244666582066063e6,0.0,0.0,0.0,0.0
284,1.6132135335141516e6,4.0242420872519887e6,0.0,0.0,0.0,0.0
285,1.610726683567766e6,4.022444445361428e6,0.0,0.0,0.0,0.0
286,1.6082398336213804e6,4.020646803470867e6,0.0,0.0,0.0,0.0
287,1.6056687389805831e6,4.0154190360707925e6,0.0,0.0,0.0,0.0
288,1.603097644339786e6,4.0101912686707177e6,0.0,0.0,0.0,0.0
289,1.604075144339786e6,4.004025363183894e6,0.0,0.0,0.0,0.0
290,1.605052644339786e6,3.9978594576970707e6,0.0,0.0,0.0,0.0
291,1.605749144339786e6,3.9915862832816234e6,0.0,0.0,0.0,0.0
292,1.606445644339786e6,3.9853131088661766e6,0.0,0.0,0.0,0.0
293,1.607670144339786e6,3.9792265699855024e6,0.0,0.0,0.0,0.0
294,1.608894644339786e6,3.973140031104828e6,0.0,0.0,0.0,0.0
295,1.6094908341944944e6,3.969519437479276e6,0.0,0.0,0.0,0.0
296,1.6100870240492027e6,3.9658988438537247e6,0.0,0.0,0.0,0.0
297,1.6141042012154518e6,3.964055318143984e6,0.0,0.0,0.0,0.0
298,1.618121378381701e6,3.962211792434243e6,0.0,0.0,0.0,0.0
299,1.623055878381701e6,3.960083042983653e6,0.0,0.0,0.0,0.0
300,1.627990378381701e6,3.9579542935330635e6,0.0,0.0,0.0,0.0
301,1.631468878381701e6,3.958225815045232e6,0.0,0.0,0.0,0.0
302,1.634947378381701e6,3.9584973365574e6,0.0,0.0,0.0,0.0
303,1.636921378381701e6,3.9566358023624583e6,0.0,0.0,0.0,0.0
304,1.638895378381701e6,3.9547742681675167e6,0.0,0.0,0.0,0.0
305,1.638812894190846e6,3.9523001499698553e6,0.0,0.0,0.0,0.0
306,1.638730409999991e6,3.9498260317721944e6,0.0,0.0,0.0,0.0
307,1.633716569999991e6,3.9501849293830963e6,0.0,0.0,0.0,0.0
308,1.6287027299999911e6,3.9505438269939977e6,0.0,0.0,0.0,0.0
309,1.6235123815482971e6,3.9485105654914314e6,0.0,0.0,0.0,0.0
310,1.6183220330966034e6,3.946477303988865e6,0.0,0.0,0.0,0.0
311,1.6136470924600195e6,3.9415037577491123e6,0.0,0.0,0.0,0.0
312,1.608972151823436e6,3.9365302115093595e6,0.0,0.0,0.0,0.0
313,1.6096696662533144e6,3.9302440160100907e6,0.0,0.0,0.0,0.0
314,1.610367180683193e6,3.9239578205108223e6,0.0,0.0,0.0,0.0
315,1.610917680683193e6,3.9177627725983034e6,0.0,0.0,0.0,0.0
316,1.611468180683193e6,3.9115677246857844e6,0.0,0.0,0.0,0.0
317,1.6116889460264104e6,3.9058860795067935e6,0.0,0.0,0.0,0.0
318,1.6119097113696279e6,3.9002044343278026e6,0.0,0.0,0.0,0.0
319,1.6065483713696278e6,3.898842068667842e6,0.0,0.0,0.0,0.0
320,1.601187031369628e6,3.897479703007881e6,0.0,0.0,0.0,0.0
321,1.596017191369628e6,3.8973710817044345e6,0.0,0.0,0.0,0.0
322,1.590847351369628e6,3.897262460400988e6,0.0,0.0,0.0,0.0
323,1.5887974074858096e6,3.896743984982974e6,0.0,0.0,0.0,0.0
324,1.5867474636019915e6,3.8962255095649594e6,0.0,0.0,0.0,0.0
325,1.5895319636019915e6,3.8936187003226425e6,0.0,0.0,0.0,0.0
326,1.5923164636019915e6,3.8910118910803255e6,0.0,0.0,0.0,0.0
327,1.5919790168163166e6,3.887248685584349e6,0.0,0.0,0.0,0.0
328,1.591641570030642e6,3.8834854800883727e6,0.0,0.0,0.0,0.0
329,1.589333230030642e6,3.881888114868017e6,0.0,0.0,0.0,0.0
330,1.587024890030642e6,3.880290749647661e6,0.0,0.0,0.0,0.0
331,1.5824675500306422e6,3.8800345560609056e6,0.0,0.0,0.0,0.0
332,1.577910210030642e6,3.8797783624741505e6,0.0,0.0,0.0,0.0
333,1.574092731244986e6,3.876952675013312e6,0.0,0.0,0.0,0.0
334,1.5702752524593298e6,3.8741269875524743e6,0.0,0.0,0.0,0.0
335,1.5679403997086182e6,3.868640658630804e6,0.0,0.0,0.0,0.0
336,1.5656055469579066e6,3.8631543297091336e6,0.0,0.0,0.0,0.0
337,1.5663180469579066e6,3.8572593867761167e6,0.0,0.0,0.0,0.0
338,1.5670305469579066e6,3.8513644438430998e6,0.0,0.0,0.0,0.0
339,1.5676160469579066e6,3.845142113659717e6,0.0,0.0,0.0,0.0
340,1.5682015469579066e6,3.838919783476334e6,0.0,0.0,0.0,0.0
341,1.5695160469579066e6,3.8327538779895105e6,0.0,0.0,0.0,0.0
342,1.5708305469579066e6,3.826587972502687e6,0.0,0.0,0.0,0.0
343,1.5747266111641005e6,3.822052802751587e6,0.0,0.0,0.0,0.0
344,1.5786226753702944e6,3.8175176330004865e6,0.0,0.0,0.0,0.0
345,1.5832942855380876e6,3.8145995578496777e6,0.0,0.0,0.0,0.0
346,1.5879658957058808e6,3.811681482698869e6,0.0,0.0,0.0,0.0
347,1.5933373957058808e6,3.807425956224123e6,0.0,0.0,0.0,0.0
348,1.5987088957058808e6,3.803170429749377e6,0.0,0.0,0.0,0.0
349,1.6023163957058808e6,3.798062332310137e6,0.0,0.0,0.0,0.0
350,1.6059238957058808e6,3.7929542348708967e6,0.0,0.0,0.0,0.0
351,1.6084598957058808e6,3.7877109661805583e6,0.0,0.0,0.0,0.0
352,1.6109958957058808e6,3.7824676974902204e6,0.0,0.0,0.0,0.0
353,1.610182626706526e6,3.779003976922136e6,0.0,0.0,0.0,0.0
354,1.609369357707171e6,3.7755402563540507e6,0.0,0.0,0.0,0.0
355,1.60694817472999e6,3.7738126802954813e6,0.0,0.0,0.0,0.0
356,1.6045269917528091e6,3.7720851042369115e6,0.0,0.0,0.0,0.0
357,1.6016821657527734e6,3.7682121496058693e6,0.0,0.0,0.0,0.0
358,1.5988373397527377e6,3.764339194974827e6,0.0,0.0,0.0,0.0
359,1.5947965319261071e6,3.7590940661296574e6,0.0,0.0,0.0,0.0
360,1.5907557240994766e6,3.7538489372844873e6,0.0,0.0,0.0,0.0
361,1.5918932240994766e6,3.7477958811907824e6,0.0,0.0,0.0,0.0
362,1.5930307240994766e6,3.7417428250970775e6,0.0,0.0,0.0,0.0
363,1.5938757240994766e6,3.735529795687853e6,0.0,0.0,0.0,0.0
364,1.5947207240994766e6,3.7293167662786283e6,0.0,0.0,0.0,0.0
365,1.589967849428719e6,3.723331295810472e6,0.0,0.0,0.0,0.0
366,1.585214974757961e6,3.717345825342316e6,0.0,0.0,0.0,0.0
367,1.5816991347579611e6,3.7126302205725485e6,0.0,0.0,0.0,0.0
368,1.578183294757961e6,3.7079146158027807e6,0.0,0.0,0.0,0.0
369,1.574345954757961e6,3.7054820410630256e6,0.0,0.0,0.0,0.0
370,1.5705086147579611e6,3.703049466323271e6,0.0,0.0,0.0,0.0
371,1.5665872747579613e6,3.699559083535933e6,0.0,0.0,0.0,0.0
372,1.5626659347579612e6,3.6960687007485945e6,0.0,0.0,0.0,0.0
373,1.557817094757961e6,3.6929305576962912e6,0.0,0.0,0.0,0.0
374,1.5529682547579613e6,3.6897924146439885e6,0.0,0.0,0.0,0.0
375,1.5479219147579614e6,3.6863440224246187e6,0.0,0.0,0.0,0.0
376,1.5428755747579613e6,3.6828956302052494e6,0.0,0.0,0.0,0.0
377,1.5396877347579612e6,3.678885024116667e6,0.0,0.0,0.0,0.0
378,1.5364998947579614e6,3.674874418028085e6,0.0,0.0,0.0,0.0
379,1.5316850547579615e6,3.6733074353366457e6,0.0,0.0,0.0,0.0
380,1.5268702147579615e6,3.6717404526452064e6,0.0,0.0,0.0,0.0
381,1.5206223747579614e6,3.6689023641521577e6,0.0,0.0,0.0,0.0
382,1.5143745347579615e6,3.6660642756591085e6,0.0,0.0,0.0,0.0
383,1.5092661947579617e6,3.6606300310727237e6,0.0,0.0,0.0,0.0
384,1.5041578547579616e6,3.655195786486339e6,0.0,0.0,0.0,0.0
385,1.4998065089424988e6,3.6491997751408033e6,0.0,0.0,0.0,0.0
386,1.4954551631270358e6,3.6432037637952683e6,0.0,0.0,0.0,0.0
387,1.4938656097846245e6,3.637099863469499e6,0.0,0.0,0.0,0.0
388,1.492276056442213e6,3.6309959631437296e6,0.0,0.0,0.0,0.0
389,1.488711110744633e6,3.6249757697853833e6,0.0,0.0,0.0,0.0
390,1.485146165047053e6,3.618955576427037e6,0.0,0.0,0.0,0.0
391,1.479115825047053e6,3.613528152408368e6,0.0,0.0,0.0,0.0
392,1.473085485047053e6,3.608100728389699e6,0.0,0.0,0.0,0.0
393,1.4691471450470532e6,3.605408972076738e6,0.0,0.0,0.0,0.0
394,1.4652088050470531e6,3.6027172157637766e6,0.0,0.0,0.0,0.0
395,1.460183465047053e6,3.5999640743413717e6,0.0,0.0,0.0,0.0
396,1.4551581250470532e6,3.597210932918967e6,0.0,0.0,0.0,0.0
397,1.4523408508983555e6,3.592683823838804e6,0.0,0.0,0.0,0.0
398,1.4495235767496577e6,3.588156714758641e6,0.0,0.0,0.0,0.0
399,1.4477842399171249e6,3.5825500958245257e6,0.0,0.0,0.0,0.0
400,1.446044903084592e6,3.5769434768904103e6,0.0,0.0,0.0,0.0
401,1.441587063084592e6,3.573830085482281e6,0.0,0.0,0.0,0.0
402,1.437129223084592e6,3.570716694074152e6,0.0,0.0,0.0,0.0
403,1.431770383084592e6,3.5706241941125793e6,0.0,0.0,0.0,0.0
404,1.426411543084592e6,3.570531694151007e6,0.0,0.0,0.0,0.0
405,1.4204341201444138e6,3.569523377960665e6,0.0,0.0,0.0,0.0
406,1.4144566972042355e6,3.5685150617703237e6,0.0,0.0,0.0,0.0
407,1.4075513572042356e6,3.563728151065344e6,0.0,0.0,0.0,0.0
408,1.4006460172042355e6,3.558941240360364e6,0.0,0.0,0.0,0.0
409,1.3951606324927486e6,3.552955149840597e6,0.0,0.0,0.0,0.0
410,1.3896752477812616e6,3.5469690593208307e6,0.0,0.0,0.0,0.0
411,1.3884274605710926e6,3.540811834556555e6,0.0,0.0,0.0,0.0
412,1.3871796733609233e6,3.534654609792279e6,0.0,0.0,0.0,0.0
413,1.385642406845453e6,3.528496144924782e6,0.0,0.0,0.0,0.0
414,1.3841051403299826e6,3.522337680057285e6,0.0,0.0,0.0,0.0
415,1.3805433853748916e6,3.516358410105234e6,0.0,0.0,0.0,0.0
416,1.3769816304198005e6,3.5103791401531836e6,0.0,0.0,0.0,0.0
417,1.3722048383718026e6,3.504964737218336e6,0.0,0.0,0.0,0.0
418,1.3674280463238049e6,3.4995503342834883e6,0.0,0.0,0.0,0.0
419,1.3645677304848228e6,3.4961176162959305e6,0.0,0.0,0.0,0.0
420,1.3617074146458406e6,3.4926848983083726e6,0.0,0.0,0.0,0.0
421,1.3596256029614727e6,3.4912065829972406e6,0.0,0.0,0.0,0.0
422,1.3575437912771045e6,3.4897282676861086e6,0.0,0.0,0.0,0.0
423,1.3547577703153505e6,3.485970642654627e6,0.0,0.0,0.0,0.0
424,1.3519717493535967e6,3.4822130176231456e6,0.0,0.0,0.0,0.0
425,1.3463209093535966e6,3.47790106645184e6,0.0,0.0,0.0,0.0
426,1.3406700693535968e6,3.473589115280535e6,0.0,0.0,0.0,0.0
427,1.336755229353597e6,3.4723104565879973e6,0.0,0.0,0.0,0.0
428,1.3328403893535968e6,3.4710317978954595e6,0.0,0.0,0.0,0.0
429,1.3266770493535968e6,3.4700048801568015e6,0.0,0.0,0.0,0.0
430,1.320513709353597e6,3.4689779624181436e6,0.0,0.0,0.0,0.0
431,1.313940369353597e6,3.4647435176981557e6,0.0,0.0,0.0,0.0
432,1.307367029353597e6,3.4605090729781683e6,0.0,0.0,0.0,0.0
433,1.299777189353597e6,3.454524222561623e6,0.0,0.0,0.0,0.0
434,1.292187349353597e6,3.448539372145077e6,0.0,0.0,0.0,0.0
435,1.2868271154660822e6,3.4421614090074487e6,0.0,0.0,0.0,0.0
436,1.2814668815785674e6,3.43578344586982e6,0.0,0.0,0.0,0.0
437,1.2740790415785676e6,3.4297303897761153e6,0.0,0.0,0.0,0.0
438,1.2666912015785675e6,3.4236773336824104e6,0.0,0.0,0.0,0.0
439,1.2630088615785674e6,3.418936926848221e6,0.0,0.0,0.0,0.0
440,1.2593265215785676e6,3.414196520014032e6,0.0,0.0,0.0,0.0
441,1.2556251815785677e6,3.411235041250485e6,0.0,0.0,0.0,0.0
442,1.2519238415785676e6,3.4082735624869387e6,0.0,0.0,0.0,0.0
443,1.2491375015785675e6,3.4047943406285904e6,0.0,0.0,0.0,0.0
444,1.2463511615785677e6,3.4013151187702417e6,0.0,0.0,0.0,0.0
445,1.2427453215785678e6,3.402887424200558e6,0.0,0.0,0.0,0.0
446,1.2391394815785678e6,3.4044597296308745e6,0.0,0.0,0.0,0.0
447,1.2351386415785677e6,3.4041570603414634e6,0.0,0.0,0.0,0.0
448,1.2311378015785678e6,3.4038543910520524e6,0.0,0.0,0.0,0.0
449,1.228017961578568e6,3.402018926013249e6,0.0,0.0,0.0,0.0
450,1.224898121578568e6,3.400183460974445e6,0.0,0.0,0.0,0.0
451,1.2211797815785678e6,3.399637703285567e6,0.0,0.0,0.0,0.0
452,1.217461441578568e6,3.399091945596689e6,0.0,0.0,0.0,0.0
453,1.211678101578568e6,3.399227004576185e6,0.0,0.0,0.0,0.0
454,1.205894761578568e6,3.399362063555681e6,0.0,0.0,0.0,0.0
455,1.200795421578568e6,3.3955244518664395e6,0.0,0.0,0.0,0.0
456,1.195696081578568e6,3.3916868401771984e6,0.0,0.0,0.0,0.0
457,1.1900037415785682e6,3.3855717789224396e6,0.0,0.0,0.0,0.0
458,1.1843114015785682e6,3.3794567176676802e6,0.0,0.0,0.0,0.0
459,1.177884061578568e6,3.373278411148646e6,0.0,0.0,0.0,0.0
460,1.1714567215785682e6,3.3671001046296116e6,0.0,0.0,0.0,0.0
461,1.1659968815785684e6,3.3613118105736077e6,0.0,0.0,0.0,0.0
462,1.1605370415785683e6,3.355523516517604e6,0.0,0.0,0.0,0.0
463,1.1582232015785682e6,3.3534697933118893e6,0.0,0.0,0.0,0.0
464,1.1559093615785684e6,3.3514160701061753e6,0.0,0.0,0.0,0.0
465,1.1541095215785685e6,3.352476246088599e6,0.0,0.0,0.0,0.0
466,1.1523096815785684e6,3.3535364220710224e6,0.0,0.0,0.0,0.0
467,1.1501263415785683e6,3.353534449644589e6,0.0,0.0,0.0,0.0
468,1.1479430015785685e6,3.3535324772181557e6,0.0,0.0,0.0,0.0
469,1.1445981615785686e6,3.3523071429641247e6,0.0,0.0,0.0,0.0
470,1.1412533215785685e6,3.351081808710093e6,0.0,0.0,0.0,0.0
471,1.1376279815785685e6,3.348905935337102e6,0.0,0.0,0.0,0.0
472,1.1340026415785686e6,3.3467300619641114e6,0.0,0.0,0.0,0.0
473,1.1311658015785688e6,3.3463318765585423e6,0.0,0.0,0.0,0.0
474,1.1283289615785687e6,3.345933691152973e6,0.0,0.0,0.0,0.0
475,1.1252911215785686e6,3.3477044462810773e6,0.0,0.0,0.0,0.0
476,1.1222532815785687e6,3.349475201409181e6,0.0,0.0,0.0,0.0
477,1.116164941578569e6,3.350077159251415e6,0.0,0.0,0.0,0.0
478,1.1100766015785688e6,3.3506791170936488e6,0.0,0.0,0.0,0.0
479,1.1032262615785687e6,3.3467584184885947e6,0.0,0.0,0.0,0.0
480,1.0963759215785689e6,3.342837719883541e6,0.0,0.0,0.0,0.0
481,1.089304581578569e6,3.3368206267832476e6,0.0,0.0,0.0,0.0
482,1.082233241578569e6,3.330803533682954e6,0.0,0.0,0.0,0.0
483,1.0750849015785689e6,3.32456880246736e6,0.0,0.0,0.0,0.0
484,1.067936561578569e6,3.3183340712517668e6,0.0,0.0,0.0,0.0
485,1.0614082215785692e6,3.3123287591320733e6,0.0,0.0,0.0,0.0
486,1.054879881578569e6,3.30632344701238e6,0.0,0.0,0.0,0.0
487,1.051081541578569e6,3.302546600380972e6,0.0,0.0,0.0,0.0
488,1.047283201578569e6,3.298769753749564e6,0.0,0.0,0.0,0.0
489,1.044710361578569e6,3.297481794282868e6,0.0,0.0,0.0,0.0
490,1.042137521578569e6,3.2961938348161723e6,0.0,0.0,0.0,0.0
491,1.0397936815785689e6,3.2938666688502096e6,0.0,0.0,0.0,0.0
492,1.0374498415785689e6,3.2915395028842464e6,0.0,0.0,0.0,0.0
493,1.033700001578569e6,3.290995499581398e6,0.0,0.0,0.0,0.0
494,1.0299501615785689e6,3.2904514962785495e6,0.0,0.0,0.0,0.0
495,1.0251738215785688e6,3.286738514963027e6,0.0,0.0,0.0,0.0
496,1.0203974815785688e6,3.2830255336475046e6,0.0,0.0,0.0,0.0
497,1.0170486415785688e6,3.2802816929992577e6,0.0,0.0,0.0,0.0
498,1.0136998015785688e6,3.2775378523510112e6,0.0,0.0,0.0,0.0
499,1.0099804615785687e6,3.2756837857638914e6,0.0,0.0,0.0,0.0
500,1.0062611215785687e6,3.273829719176771e6,0.0,0.0,0.0,0.0
501,1.0001747815785687e6,3.272367525207513e6,0.0,0.0,0.0,0.0
502,994088.4415785687,3.2709053312382554e6,0.0,0.0,0.0,0.0
503,988068.1015785686,3.266106019501065e6,0.0,0.0,0.0,0.0
504,982047.7615785686,3.261306707763874e6,0.0,0.0,0.0,0.0
505,975546.4215785686,3.255063295825733e6,0.0,0.0,0.0,0.0
506,969045.0815785686,3.248819883887592e6,0.0,0.0,0.0,0.0
507,961693.7415785685,3.24255290998825e6,0.0,0.0,0.0,0.0
508,954342.4015785685,3.2362859360889085e6,0.0,0.0,0.0,0.0
509,947924.0615785685,3.230214898498498e6,0.0,0.0,0.0,0.0
510,941505.7215785685,3.224143860908087e6,0.0,0.0,0.0,0.0
511,938487.3815785684,3.2193166468484215e6,0.0,0.0,0.0,0.0
512,935469.0415785684,3.2144894327887567e6,0.0,0.0,0.0,0.0
513,933101.7015785684,3.211297914877699e6,0.0,0.0,0.0,0.0
514,930734.3615785684,3.208106396966642e6,0.0,0.0,0.0,0.0
515,927632.0215785683,3.2041999595486308e6,0.0,0.0,0.0,0.0
516,924529.6815785683,3.2002935221306193e6,0.0,0.0,0.0,0.0
517,920418.8415785683,3.199421294378696e6,0.0,0.0,0.0,0.0
518,916308.0015785682,3.1985490666267723e6,0.0,0.0,0.0,0.0
519,911436.6615785682,3.1955715219035093e6,0.0,0.0,0.0,0.0
520,906565.3215785682,3.1925939771802463e6,0.0,0.0,0.0,0.0
521,904505.4815785682,3.1894619842238007e6,0.0,0.0,0.0,0.0
522,902445.6415785681,3.1863299912673556e6,0.0,0.0,0.0,0.0
523,899674.8015785681,3.184690462537483e6,0.0,0.0,0.0,0.0
524,896903.9615785681,3.18305093380761e6,0.0,0.0,0.0,0.0
525,891317.1215785681,3.1807274881513105e6,0.0,0.0,0.0,0.0
526,885730.281578568,3.178404042495011e6,0.0,0.0,0.0,0.0
527,879802.441578568,3.173064665805039e6,0.0,0.0,0.0,0.0
528,873874.601578568,3.1677252891150666e6,0.0,0.0,0.0,0.0
529,867463.261578568,3.161726177511479e6,0.0,0.0,0.0,0.0
530,861051.9215785679,3.155727065907891e6,0.0,0.0,0.0,0.0
531,853724.0815785679,3.149622545530511e6,0.0,0.0,0.0,0.0
532,846396.2415785679,3.143518025153131e6,0.0,0.0,0.0,0.0
533,839996.9015785679,3.1376385835103774e6,0.0,0.0,0.0,0.0
534,833597.5615785678,3.131759141867624e6,0.0,0.0,0.0,0.0
535,831658.7215785678,3.127423008683508e6,0.0,0.0,0.0,0.0
536,829719.8815785678,3.1230868754993915e6,0.0,0.0,0.0,0.0
537,828255.5415785678,3.1206797228756687e6,0.0,0.0,0.0,0.0
538,826791.2015785677,3.118272570251946e6,0.0,0.0,0.0,0.0
539,824194.8615785677,3.1146718182779313e6,0.0,0.0,0.0,0.0
540,821598.5215785677,3.1110710663039167e6,0.0,0.0,0.0,0.0
541,817175.6815785677,3.1110185298050474e6,0.0,0.0,0.0,0.0
542,812752.8415785676,3.1109659933061777e6,0.0,0.0,0.0,0.0
543,807440.0015785675,3.1082486486747614e6,0.0,0.0,0.0,0.0
544,802127.1615785676,3.105531304043345e6,0.0,0.0,0.0,0.0
545,799178.8215785676,3.1018995494888034e6,0.0,0.0,0.0,0.0
546,796230.4815785675,3.098267794934262e6,0.0,0.0,0.0,0.0
547,792365.6415785674,3.096312659934624e6,0.0,0.0,0.0,0.0
548,788500.8015785675,3.0943575249349857e6,0.0,0.0,0.0,0.0
549,782462.4615785675,3.0914580513324933e6,0.0,0.0,0.0,0.0
550,776424.1215785674,3.088558577730001e6,0.0,0.0,0.0,0.0
551,770228.2815785673,3.083698500934977e6,0.0,0.0,0.0,0.0
552,764032.4415785674,3.0788384241399537e6,0.0,0.0,0.0,0.0
553,757219.6015785674,3.073032148587244e6,0.0,0.0,0.0,0.0
554,750406.7615785673,3.0672258730345345e6,0.0,0.0,0.0,0.0
555,742499.9215785672,3.0612360622051046e6,0.0,0.0,0.0,0.0
556,734593.0815785673,3.0552462513756747e6,0.0,0.0,0.0,0.0
557,727751.5064615821,3.049133050275747e6,0.0,0.0,0.0,0.0
558,720909.9313445969,3.0430198491758197e6,0.0,0.0,0.0,0.0
559,714382.0913445968,3.03730534126147e6,0.0,0.0,0.0,0.0
560,707854.2513445969,3.031590833347121e6,0.0,0.0,0.0,0.0
561,702763.9113445969,3.0274568369880407e6,0.0,0.0,0.0,0.0
562,697673.5713445968,3.0233228406289606e6,0.0,0.0,0.0,0.0
563,692787.9196528541,3.019078475083204e6,0.0,0.0,0.0,0.0
564,687902.2679611113,3.014834109537448e6,0.0,0.0,0.0,0.0
565,684917.0654417258,3.013826058595814e6,0.0,0.0,0.0,0.0
566,681931.8629223403,3.0128180076541803e6,0.0,0.0,0.0,0.0
567,679767.6914558617,3.010453126080679e6,0.0,0.0,0.0,0.0
568,677603.519989383,3.0080882445071773e6,0.0,0.0,0.0,0.0
569,672358.1799893831,3.004067097541216e6,0.0,0.0,0.0,0.0
570,667112.839989383,3.0000459505752544e6,0.0,0.0,0.0,0.0
571,662321.9999893829,2.9993637815320576e6,0.0,0.0,0.0,0.0
572,657531.159989383,2.9986816124888603e6,0.0,0.0,0.0,0.0
573,651378.319989383,2.996572084638197e6,0.0,0.0,0.0,0.0
574,645225.4799893829,2.994462556787534e6,0.0,0.0,0.0,0.0
575,639331.1399893828,2.9900985212809434e6,0.0,0.0,0.0,0.0
576,633436.7999893829,2.9857344857743527e6,0.0,0.0,0.0,0.0
577,626276.9599893829,2.9798724055766943e6,0.0,0.0,0.0,0.0
578,619117.1199893828,2.974010325379036e6,0.0,0.0,0.0,0.0
579,611275.2799893827,2.96773839106681e6,0.0,0.0,0.0,0.0
580,603433.4399893828,2.961466456754584e6,0.0,0.0,0.0,0.0
581,595446.5999893828,2.9552924905968234e6,0.0,0.0,0.0,0.0
582,587459.7599893827,2.949118524439063e6,0.0,0.0,0.0,0.0
583,579999.9199893826,2.9429941624101456e6,0.0,0.0,0.0,0.0
584,572540.0799893826,2.9368698003812283e6,0.0,0.0,0.0,0.0
585,565807.7399893827,2.931326426711388e6,0.0,0.0,0.0,0.0
586,559075.3999893826,2.925783053041548e6,0.0,0.0,0.0,0.0
587,552946.0599893825,2.9201727137977695e6,0.0,0.0,0.0,0.0
588,546816.7199893825,2.914562374553991e6,0.0,0.0,0.0,0.0
589,540660.1075385879,2.9152518878408037e6,0.0,0.0,0.0,0.0
590,534503.4950877933,2.9159414011276164e6,0.0,0.0,0.0,0.0
591,528691.365687336,2.9156493715589773e6,0.0,0.0,0.0,0.0
592,522879.2362868786,2.9153573419903386e6,0.0,0.0,0.0,0.0
593,516584.8962868786,2.9104588219954614e6,0.0,0.0,0.0,0.0
594,510290.5562868786,2.905560302000584e6,0.0,0.0,0.0,0.0
595,505233.71628687857,2.9035022384335957e6,0.0,0.0,0.0,0.0
596,500176.8762868786,2.901444174866608e6,0.0,0.0,0.0,0.0
597,493264.03628687863,2.9004891831147727e6,0.0,0.0,0.0,0.0
598,486351.1962868786,2.8995341913629374e6,0.0,0.0,0.0,0.0
599,479393.3562868786,2.8952210000884114e6,0.0,0.0,0.0,0.0
600,472435.5162868786,2.890907808813885e6,0.0,0.0,0.0,0.0
601,464696.17628687865,2.884818169675158e6,0.0,0.0,0.0,0.0
602,456956.8362868786,2.878728530536431e6,0.0,0.0,0.0,0.0
603,450620.3031897617,2.8724423350371625e6,0.0,0.0,0.0,0.0
604,444283.7700926447,2.8661561395378937e6,0.0,0.0,0.0,0.0
605,436722.93009264476,2.8600782813797668e6,0.0,0.0,0.0,0.0
606,429162.09009264474,2.8540004232216403e6,0.0,0.0,0.0,0.0
607,424388.7500926447,2.8504765576473325e6,0.0,0.0,0.0,0.0
608,419615.41009264474,2.8469526920730253e6,0.0,0.0,0.0,0.0
609,415736.5700926448,2.8454942184134303e6,0.0,0.0,0.0,0.0
610,411857.73009264475,2.8440357447538357e6,0.0,0.0,0.0,0.0
611,408311.8900926447,2.8422567044115914e6,0.0,0.0,0.0,0.0
612,404766.05009264476,2.8404776640693466e6,0.0,0.0,0.0,0.0
613,401229.2100926448,2.8415378528272114e6,0.0,0.0,0.0,0.0
614,397692.37009264476,2.842598041585076e6,0.0,0.0,0.0,0.0
615,392945.53009264474,2.8422555040794984e6,0.0,0.0,0.0,0.0
616,388198.69009264477,2.84191296657392e6,0.0,0.0,0.0,0.0
617,384488.3500926448,2.840491075959347e6,0.0,0.0,0.0,0.0
618,380778.0100926448,2.8390691853447747e6,0.0,0.0,0.0,0.0
619,376291.67009264475,2.8399278445537724e6,0.0,0.0,0.0,0.0
620,371805.3300926448,2.8407865037627704e6,0.0,0.0,0.0,0.0
621,365269.4900926448,2.840553252085605e6,0.0,0.0,0.0,0.0
622,358733.6500926448,2.84032000040844e6,0.0,0.0,0.0,0.0
623,352048.31009264477,2.8357705694702975e6,0.0,0.0,0.0,0.0
624,345362.9700926448,2.8312211385321547e6,0.0,0.0,0.0,0.0
625,338304.63009264483,2.825057093200163e6,0.0,0.0,0.0,0.0
626,331246.2900926448,2.818893047868171e6,0.0,0.0,0.0,0.0
627,325193.1346572093,2.812551667775564e6,0.0,0.0,0.0,0.0
628,319139.9792217738,2.8062102876829575e6,0.0,0.0,0.0,0.0
629,312233.63922177383,2.800144830557042e6,0.0,0.0,0.0,0.0
630,305327.2992217738,2.7940793734311257e6,0.0,0.0,0.0,0.0
631,301971.9592217738,2.790957301300449e6,0.0,0.0,0.0,0.0
632,298616.6192217738,2.787835229169772e6,0.0,0.0,0.0,0.0
633,295305.27922177385,2.7865974938835297e6,0.0,0.0,0.0,0.0
634,291993.9392217738,2.785359758597288e6,0.0,0.0,0.0,0.0
635,287817.5992217738,2.783896900060337e6,0.0,0.0,0.0,0.0
636,283641.2592217738,2.7824340415233863e6,0.0,0.0,0.0,0.0
637,279243.41922177386,2.7849892742104265e6,0.0,0.0,0.0,0.0
638,274845.57922177383,2.7875445068974667e6,0.0,0.0,0.0,0.0
639,269379.2392217738,2.7894201630193535e6,0.0,0.0,0.0,0.0
640,263912.89922177384,2.791295819141241e6,0.0,0.0,0.0,0.0
641,260215.55922177384,2.78861496289503e6,0.0,0.0,0.0,0.0
642,256518.21922177385,2.78593410664882e6,0.0,0.0,0.0,0.0
643,252629.37922177385,2.785157689760821e6,0.0,0.0,0.0,0.0
644,248740.53922177386,2.7843812728728214e6,0.0,0.0,0.0,0.0
645,242149.69922177386,2.7815692265474154e6,0.0,0.0,0.0,0.0
646,235558.85922177386,2.7787571802220093e6,0.0,0.0,0.0,0.0
647,228706.51922177387,2.773301853880866e6,0.0,0.0,0.0,0.0
648,221854.17922177387,2.7678465275397226e6,0.0,0.0,0.0,0.0
649,214209.83922177387,2.761867257587672e6,0.0,0.0,0.0,0.0
650,206565.49922177388,2.7558879876356213e6,0.0,0.0,0.0,0.0
651,200291.59693057407,2.7497685860195886e6,0.0,0.0,0.0,0.0
652,194017.69463937427,2.7436491844035555e6,0.0,0.0,0.0,0.0
653,186452.85463937427,2.7378422887992356e6,0.0,0.0,0.0,0.0
654,178888.01463937428,2.7320353931949153e6,0.0,0.0,0.0,0.0
655,173522.67463937428,2.7294620667395676e6,0.0,0.0,0.0,0.0
656,168157.33463937428,2.72688874028422e6,0.0,0.0,0.0,0.0
657,162943.4946393743,2.725649144843146e6,0.0,0.0,0.0,0.0
658,157729.6546393743,2.7244095494020726e6,0.0,0.0,0.0,0.0
659,152105.3146393743,2.7221146261198577e6,0.0,0.0,0.0,0.0
660,146480.9746393743,2.719819702837643e6,0.0,0.0,0.0,0.0
661,142235.03769372535,2.7160027662568996e6,0.0,0.0,0.0,0.0
662,137989.1007480764,2.712185829676156e6,0.0,0.0,0.0,0.0
663,134955.71562013918,2.7074184354669442e6,0.0,0.0,0.0,0.0
664,131922.33049220196,2.7026510412577325e6,0.0,0.0,0.0,0.0
665,126513.99049220196,2.6993671356567047e6,0.0,0.0,0.0,0.0
666,121105.65049220197,2.696083230055677e6,0.0,0.0,0.0,0.0
667,115836.81049220197,2.6949130803949838e6,0.0,0.0,0.0,0.0
668,110567.97049220197,2.6937429307342907e6,0.0,0.0,0.0,0.0
669,103666.13049220198,2.691649524225502e6,0.0,0.0,0.0,0.0
670,96764.29049220198,2.689556117716713e6,0.0,0.0,0.0,0.0
671,89680.45049220198,2.685160459577984e6,0.0,0.0,0.0,0.0
672,82596.61049220199,2.680764801439256e6,0.0,0.0,0.0,0.0
673,83257.11049220199,2.6751557022986985e6,0.0,0.0,0.0,0.0
674,83917.61049220199,2.669546603158141e6,0.0,0.0,0.0,0.0
675,84536.61049220199,2.6667035763333286e6,0.0,0.0,0.0,0.0
676,85155.61049220199,2.663860549508516e6,0.0,0.0,0.0,0.0
677,86261.61049220199,2.663259051608142e6,0.0,0.0,0.0,0.0
678,87367.61049220199,2.6626575537077677e6,0.0,0.0,0.0,0.0
679,89919.61049220199,2.6659316192339286e6,0.0,0.0,0.0,0.0
680,92471.61049220199,2.669205684760089e6,0.0,0.0,0.0,0.0
681,92661.04524610093,2.667424784263013e6,0.0,0.0,0.0,0.0
682,92850.47999999986,2.665643883765937e6,0.0,0.0,0.0,0.0
683,88509.13999999987,2.669532227415641e6,0.0,0.0,0.0,0.0
684,84167.79999999987,2.6734205710653444e6,0.0,0.0,0.0,0.0
685,79001.95999999988,2.6752131402714187e6,0.0,0.0,0.0,0.0
686,73836.11999999988,2.6770057094774935e6,0.0,0.0,0.0,0.0
687,68180.27999999988,2.678776576877199e6,0.0,0.0,0.0,0.0
688,62524.439999999886,2.6805474442769047e6,0.0,0.0,0.0,0.0
689,67470.93999999989,2.6828484558036234e6,0.0,0.0,0.0,0.0
690,72417.43999999989,2.6851494673303417e6,0.0,0.0,0.0,0.0
691,76624.93999999989,2.689026650051056e6,0.0,0.0,0.0,0.0
692,80832.43999999989,2.69290383277177e6,0.0,0.0,0.0,0.0
693,83534.43999999989,2.6963482194683263e6,0.0,0.0,0.0,0.0
694,86236.43999999989,2.699792606164883e6,0.0,0.0,0.0,0.0
695,88256.93999999989,2.7018852803504597e6,0.0,0.0,0.0,0.0
696,90277.43999999989,2.703977954536036e6,0.0,0.0,0.0,0.0
697,91431.93999999989,2.705830048696723e6,0.0,0.0,0.0,0.0
698,92586.43999999989,2.707682142857409e6,0.0,0.0,0.0,0.0
699,93357.93999999989,2.709332100193059e6,0.0,0.0,0.0,0.0
700,94129.43999999989,2.7109820575287095e6,0.0,0.0,0.0,0.0
701,95532.93999999989,2.7128539933409337e6,0.0,0.0,0.0,0.0
702,96936.43999999989,2.7147259291531574e6,0.0,0.0,0.0,0.0
703,93624.09999999989,2.718009102430973e6,0.0,0.0,0.0,0.0
704,90311.7599999999,2.7212922757087885e6,0.0,0.0,0.0,0.0
705,87970.9199999999,2.725698362453294e6,0.0,0.0,0.0,0.0
706,85630.0799999999,2.7301044491978e6,0.0,0.0,0.0,0.0
707,81655.7399999999,2.734707712354458e6,0.0,0.0,0.0,0.0
708,77681.3999999999,2.7393109755111155e6,0.0,0.0,0.0,0.0
709,80784.8999999999,2.7444276414013016e6,0.0,0.0,0.0,0.0
710,83888.3999999999,2.7495443072914877e6,0.0,0.0,0.0,0.0
711,77875.55999999991,2.7544898389371643e6,0.0,0.0,0.0,0.0
712,71862.71999999991,2.759435370582841e6,0.0,0.0,0.0,0.0
713,77194.71999999991,2.765204950818927e6,0.0,0.0,0.0,0.0
714,82526.71999999991,2.7709745310550127e6,0.0,0.0,0.0,0.0
715,88533.21999999991,2.778341364239853e6,0.0,0.0,0.0,0.0
716,94539.71999999991,2.7857081974246926e6,0.0,0.0,0.0,0.0
717,97963.71999999991,2.7935121669949642e6,0.0,0.0,0.0,0.0
718,101387.71999999991,2.801316136565236e6,0.0,0.0,0.0,0.0
719,105317.21999999991,2.80731265569078e6,0.0,0.0,0.0,0.0
720,109246.71999999991,2.813309174816324e6,0.0,0.0,0.0,0.0
721,111506.21999999991,2.818625497325104e6,0.0,0.0,0.0,0.0
722,113765.71999999991,2.8239418198338845e6,0.0,0.0,0.0,0.0
723,114888.71999999991,2.827598264181246e6,0.0,0.0,0.0,0.0
724,116011.71999999991,2.8312547085286076e6,0.0,0.0,0.0,0.0
725,117422.21999999991,2.8344876576259695e6,0.0,0.0,0.0,0.0
726,118832.71999999991,2.8377206067233314e6,0.0,0.0,0.0,0.0
727,112900.87999999992,2.8413181461676913e6,0.0,0.0,0.0,0.0
728,106969.03999999992,2.8449156856120513e6,0.0,0.0,0.0,0.0
729,103129.19999999992,2.849900280509192e6,0.0,0.0,0.0,0.0
730,99289.35999999993,2.854884875406333e6,0.0,0.0,0.0,0.0
731,103932.35999999993,2.85928104132507e6,0.0,0.0,0.0,0.0
732,108575.35999999993,2.863677207243807e6,0.0,0.0,0.0,0.0
733,111643.85999999993,2.867980985472574e6,0.0,0.0,0.0,0.0
734,114712.35999999993,2.87228476370134e6,0.0,0.0,0.0,0.0
735,117085.35999999993,2.876620164562244e6,0.0,0.0,0.0,0.0
736,119458.35999999993,2.880955565423148e6,0.0,0.0,0.0,0.0
737,124121.85999999993,2.885330029535516e6,0.0,0.0,0.0,0.0
738,128785.35999999993,2.8897044936478846e6,0.0,0.0,0.0,0.0
739,125301.51999999993,2.89680284448536e6,0.0,0.0,0.0,0.0
740,121817.67999999993,2.903901195322836e6,0.0,0.0,0.0,0.0
741,124898.17999999993,2.910638498515227e6,0.0,0.0,0.0,0.0
742,127978.67999999993,2.917375801707618e6,0.0,0.0,0.0,0.0
743,131464.67999999993,2.9226605015842607e6,0.0,0.0,0.0,0.0
744,134950.67999999993,2.9279452014609035e6,0.0,0.0,0.0,0.0
745,136525.67999999993,2.931403229292892e6,0.0,0.0,0.0,0.0
746,138100.67999999993,2.93486125712488e6,0.0,0.0,0.0,0.0
747,138747.67999999993,2.9383205250600893e6,0.0,0.0,0.0,0.0
748,139394.67999999993,2.9417797929952987e6,0.0,0.0,0.0,0.0
749,139959.67999999993,2.944996000699176e6,0.0,0.0,0.0,0.0
750,140524.67999999993,2.948212208403053e6,0.0,0.0,0.0,0.0
751,141446.17999999993,2.95180602753775e6,0.0,0.0,0.0,0.0
752,142367.67999999993,2.955399846672447e6,0.0,0.0,0.0,0.0
753,145207.17999999993,2.960278412744185e6,0.0,0.0,0.0,0.0
754,148046.67999999993,2.9651569788159234e6,0.0,0.0,0.0,0.0
755,151556.67999999993,2.970087009171337e6,0.0,0.0,0.0,0.0
756,155066.67999999993,2.97501703952675e6,0.0,0.0,0.0,0.0
757,156185.17999999993,2.9792823745556627e6,0.0,0.0,0.0,0.0
758,157303.67999999993,2.9835477095845756e6,0.0,0.0,0.0,0.0
759,158031.67999999993,2.9873225837895507e6,0.0,0.0,0.0,0.0
760,158759.67999999993,2.9910974579945253e6,0.0,0.0,0.0,0.0
761,161116.17999999993,2.995430378648987e6,0.0,0.0,0.0,0.0
762,163472.67999999993,2.999763299303449e6,0.0,0.0,0.0,0.0
763,168473.17999999993,3.002114667431413e6,0.0,0.0,0.0,0.0
764,173473.67999999993,3.0044660355593776e6,0.0,0.0,0.0,0.0
765,177290.67999999993,3.007736343688166e6,0.0,0.0,0.0,0.0
766,181107.67999999993,3.011006651816954e6,0.0,0.0,0.0,0.0
767,184156.17999999993,3.014978056166438e6,0.0,0.0,0.0,0.0
768,187204.67999999993,3.018949460515922e6,0.0,0.0,0.0,0.0
769,188516.67999999993,3.015664314811673e6,0.0,0.0,0.0,0.0
770,189828.67999999993,3.0123791691074236e6,0.0,0.0,0.0,0.0
771,190483.17999999993,3.015650561404639e6,0.0,0.0,0.0,0.0
772,191137.67999999993,3.018921953701854e6,0.0,0.0,0.0,0.0
773,184484.83999999994,3.022574677739552e6,0.0,0.0,0.0,0.0
774,177831.99999999994,3.0262274017772507e6,0.0,0.0,0.0,0.0
775,174525.65999999995,3.033592374807259e6,0.0,0.0,0.0,0.0
776,171219.31999999995,3.0409573478372674e6,0.0,0.0,0.0,0.0
777,168771.97999999995,3.0492536383863087e6,0.0,0.0,0.0,0.0
778,166324.63999999996,3.05754992893535e6,0.0,0.0,0.0,0.0
779,161783.79999999996,3.064984967797349e6,0.0,0.0,0.0,0.0
780,157242.95999999996,3.072420006659349e6,0.0,0.0,0.0,0.0
781,151614.11999999997,3.07821810926952e6,0.0,0.0,0.0,0.0
782,145985.27999999997,3.0840162118796906e6,0.0,0.0,0.0,0.0
783,140226.93999999997,3.088615134675075e6,0.0,0.0,0.0,0.0
784,134468.59999999998,3.093214057470459e6,0.0,0.0,0.0,0.0
785,130837.75999999998,3.099468518065988e6,0.0,0.0,0.0,0.0
786,127206.91999999998,3.105722978661517e6,0.0,0.0,0.0,0.0
787,125052.07999999999,3.1064427463097535e6,0.0,0.0,0.0,0.0
788,122897.23999999999,3.1071625139579903e6,0.0,0.0,0.0,0.0
789,118184.9,3.1108908726153644e6,0.0,0.0,0.0,0.0
790,113472.56,3.114619231272739e6,0.0,0.0,0.0,0.0
791,108214.72,3.1115052198129995e6,0.0,0.0,0.0,0.0
792,102956.88,3.1083912083532596e6,0.0,0.0,0.0,0.0
793,96609.54000000001,3.1118008721596254e6,0.0,0.0,0.0,0.0
794,90262.20000000001,3.1152105359659917e6,0.0,0.0,0.0,0.0
795,83005.36000000002,3.118317614586414e6,0.0,0.0,0.0,0.0
796,75748.52,3.1214246932068355e6,0.0,0.0,0.0,0.0
797,69829.18000000001,3.1244697666662033e6,0.0,0.0,0.0,0.0
798,63909.840000000004,3.127514840125571e6,0.0,0.0,0.0,0.0
799,61630.0,3.1321639871014087e6,0.0,0.0,0.0,0.0
800,59350.16,3.1368131340772468e6,0.0,0.0,0.0,0.0
801,57551.82000000001,3.1423185723272422e6,0.0,0.0,0.0,0.0
802,55753.48,3.1478240105772372e6,0.0,0.0,0.0,0.0
803,53883.64,3.1531936575245243e6,0.0,0.0,0.0,0.0
804,52013.8,3.158563304471811e6,0.0,0.0,0.0,0.0
805,47829.46000000001,3.1626655659271516e6,0.0,0.0,0.0,0.0
806,43645.12,3.166767827382492e6,0.0,0.0,0.0,0.0
807,38328.78,3.171019521275973e6,0.0,0.0,0.0,0.0
808,33012.44,3.175271215169454e6,0.0,0.0,0.0,0.0
809,29575.100000000002,3.1801559817572976e6,0.0,0.0,0.0,0.0
810,26137.760000000002,3.1850407483451413e6,0.0,0.0,0.0,0.0
811,24709.920000000002,3.193043134430786e6,0.0,0.0,0.0,0.0
812,23282.08,3.201045520516431e6,0.0,0.0,0.0,0.0
813,18714.74,3.206025992226688e6,0.0,0.0,0.0,0.0
814,14147.400000000001,3.211006463936946e6,0.0,0.0,0.0,0.0
815,17890.4,3.2157468593436773e6,0.0,0.0,0.0,0.0
816,21633.4,3.2204872547504087e6,0.0,0.0,0.0,0.0
817,24532.9,3.2242807305036997e6,0.0,0.0,0.0,0.0
818,27432.4,3.228074206256991e6,0.0,0.0,0.0,0.0
819,20567.06,3.231591759043591e6,0.0,0.0,0.0,0.0
820,13701.720000000001,3.2351093118301914e6,0.0,0.0,0.0,0.0
821,17194.22,3.238700650758446e6,0.0,0.0,0.0,0.0
822,20686.72,3.2422919896867005e6,0.0,0.0,0.0,0.0
823,18986.88,3.247210859113124e6,0.0,0.0,0.0,0.0
824,17287.04,3.2521297285395474e6,0.0,0.0,0.0,0.0
825,16108.7,3.2584207721800986e6,0.0,0.0,0.0,0.0
826,14930.36,3.2647118158206497e6,0.0,0.0,0.0,0.0
827,12456.52,3.2704714752309667e6,0.0,0.0,0.0,0.0
828,9982.68,3.276231134641284e6,0.0,0.0,0.0,0.0
829,4991.34,3.2809174847137546e6,0.0,0.0,0.0,0.0
830,0.0,3.285603834786225e6,0.0,0.0,0.0,0.0
831,3209.0,3.2897104366028393e6,0.0,0.0,0.0,0.0
832,6418.0,3.293817038419454e6,0.0,0.0,0.0,0.0
833,11239.267736579499,3.298650960775233e6,0.0,0.0,0.0,0.0
834,16060.535473158998,3.3034848831310123e6,0.0,0.0,0.0,0.0
835,14020.695473158998,3.3093263893539207e6,0.0,0.0,0.0,0.0
836,11980.855473158997,3.3151678955768296e6,0.0,0.0,0.0,0.0
837,9446.524594108587,3.3207942438908806e6,0.0,0.0,0.0,0.0
838,6912.193715058176,3.326420592204931e6,0.0,0.0,0.0,0.0
839,3456.096857529088,3.330491231028134e6,0.0,0.0,0.0,0.0
840,0.0,3.3345618698513373e6,0.0,0.0,0.0,0.0
841,3838.0,3.331099389386473e6,0.0,0.0,0.0,0.0
842,7676.0,3.3276369089216096e6,0.0,0.0,0.0,0.0
843,10425.5,3.3241713281986928e6,0.0,0.0,0.0,0.0
844,13175.0,3.3207057474757764e6,0.0,0.0,0.0,0.0
845,16553.5,3.3177608007963365e6,0.0,0.0,0.0,0.0
846,19932.0,3.314815854116896e6,0.0,0.0,0.0,0.0
847,27134.0,3.313553936817843e6,0.0,0.0,0.0,0.0
848,34336.0,3.31229201951879e6,0.0,0.0,0.0,0.0
849,42677.5,3.31182438833284e6,0.0,0.0,0.0,0.0
850,51019.0,3.3113567571468903e6,0.0,0.0,0.0,0.0
851,58016.5,3.3162720267158356e6,0.0,0.0,0.0,0.0
852,65014.0,3.3211872962847813e6,0.0,0.0,0.0,0.0
853,70568.5,3.3259511528085694e6,0.0,0.0,0.0,0.0
854,76123.0,3.3307150093323574e6,0.0,0.0,0.0,0.0
855,80210.5,3.3347081417042427e6,0.0,0.0,0.0,0.0
856,84298.0,3.338701274076128e6,0.0,0.0,0.0,0.0
857,90722.5,3.337557043697126e6,0.0,0.0,0.0,0.0
858,97147.0,3.336412813318125e6,0.0,0.0,0.0,0.0
859,103887.5,3.3367258271098463e6,0.0,0.0,0.0,0.0
860,110628.0,3.337038840901568e6,0.0,0.0,0.0,0.0
861,115201.0,3.3365116847610064e6,0.0,0.0,0.0,0.0
862,119774.0,3.3359845286204447e6,0.0,0.0,0.0,0.0
863,124043.5,3.334288575194013e6,0.0,0.0,0.0,0.0
864,128313.0,3.332592621767581e6,0.0,0.0,0.0,0.0
865,131201.0,3.3289769885549136e6,0.0,0.0,0.0,0.0
866,134089.0,3.325361355342246e6,0.0,0.0,0.0,0.0
867,136223.5,3.321390432556738e6,0.0,0.0,0.0,0.0
868,138358.0,3.3174195097712306e6,0.0,0.0,0.0,0.0
869,141306.5,3.313929747035503e6,0.0,0.0,0.0,0.0
870,144255.0,3.310439984299775e6,0.0,0.0,0.0,0.0
871,151511.5,3.3110946465289053e6,0.0,0.0,0.0,0.0
872,158768.0,3.311749308758035e6,0.0,0.0,0.0,0.0
873,166786.5,3.313030843165422e6,0.0,0.0,0.0,0.0
874,174805.0,3.3143123775728084e6,0.0,0.0,0.0,0.0
875,181815.5,3.3145747554258616e6,0.0,0.0,0.0,0.0
876,188826.0,3.3148371332789147e6,0.0,0.0,0.0,0.0
877,193975.5,3.32019313909077e6,0.0,0.0,0.0,0.0
878,199125.0,3.3255491449026247e6,0.0,0.0,0.0,0.0
879,202564.0,3.328281896396512e6,0.0,0.0,0.0,0.0
880,206003.0,3.331014647890399e6,0.0,0.0,0.0,0.0
881,211110.5,3.3303051965763383e6,0.0,0.0,0.0,0.0
882,216218.0,3.3295957452622773e6,0.0,0.0,0.0,0.0
883,223046.0,3.331050274069005e6,0.0,0.0,0.0,0.0
884,229874.0,3.332504802875733e6,0.0,0.0,0.0,0.0
885,234322.5,3.332999491789343e6,0.0,0.0,0.0,0.0
886,238771.0,3.333494180702953e6,0.0,0.0,0.0,0.0
887,243655.0,3.3332863511418197e6,0.0,0.0,0.0,0.0
888,248539.0,3.333078521580687e6,0.0,0.0,0.0,0.0
889,251609.5,3.331005576775046e6,0.0,0.0,0.0,0.0
890,254680.0,3.328932631969405e6,0.0,0.0,0.0,0.0
891,256647.5,3.3254509299046146e6,0.0,0.0,0.0,0.0
892,258615.0,3.321969227839824e6,0.0,0.0,0.0,0.0
893,261053.0,3.3183430537497774e6,0.0,0.0,0.0,0.0
894,263491.0,3.3147168796597305e6,0.0,0.0,0.0,0.0
895,267145.0,3.311940176276125e6,0.0,0.0,0.0,0.0
896,270799.0,3.30916347289252e6,0.0,0.0,0.0,0.0
897,276202.0,3.3107351914536403e6,0.0,0.0,0.0,0.0
898,281605.0,3.31230691001476e6,0.0,0.0,0.0,0.0
899,285909.5,3.3142351582519417e6,0.0,0.0,0.0,0.0
900,290214.0,3.316163406489123e6,0.0,0.0,0.0,0.0
901,293410.0,3.3173345717098336e6,0.0,0.0,0.0,0.0
902,296606.0,3.318505736930544e6,0.0,0.0,0.0,0.0
903,298689.5,3.3182786857694844e6,0.0,0.0,0.0,0.0
904,300773.0,3.3180516346084243e6,0.0,0.0,0.0,0.0
905,304799.0,3.3182040550330156e6,0.0,0.0,0.0,0.0
906,308825.0,3.318356475457607e6,0.0,0.0,0.0,0.0
907,313805.5,3.3198699091673363e6,0.0,0.0,0.0,0.0
908,318786.0,3.3213833428770653e6,0.0,0.0,0.0,0.0
909,322747.0,3.3214867792244237e6,0.0,0.0,0.0,0.0
910,326708.0,3.3215902155717826e6,0.0,0.0,0.0,0.0
911,331085.0,3.3200728370091864e6,0.0,0.0,0.0,0.0
912,335462.0,3.31855545844659e6,0.0,0.0,0.0,0.0
913,338308.5,3.314927424201712e6,0.0,0.0,0.0,0.0
914,341155.0,3.3112993899568333e6,0.0,0.0,0.0,0.0
915,343150.0,3.3069985997145176e6,0.0,0.0,0.0,0.0
916,345145.0,3.3026978094722023e6,0.0,0.0,0.0,0.0
917,347266.5,3.29857311388728e6,0.0,0.0,0.0,0.0
918,349388.0,3.2944484183023586e6,0.0,0.0,0.0,0.0
919,351409.0,3.2905159387167045e6,0.0,0.0,0.0,0.0
920,353430.0,3.2865834591310504e6,0.0,0.0,0.0,0.0
921,356667.0,3.2835723762386604e6,0.0,0.0,0.0,0.0
922,359904.0,3.2805612933462705e6,0.0,0.0,0.0,0.0
923,363464.5,3.2776438382470724e6,0.0,0.0,0.0,0.0
924,367025.0,3.2747263831478744e6,0.0,0.0,0.0,0.0
925,369308.5,3.2775106543565216e6,0.0,0.0,0.0,0.0
926,371592.0,3.2802949255651683e6,0.0,0.0,0.0,0.0
927,373461.5,3.282742946908294e6,0.0,0.0,0.0,0.0
928,375331.0,3.2851909682514207e6,0.0,0.0,0.0,0.0
929,378474.5,3.2821408221075665e6,0.0,0.0,0.0,0.0
930,381618.0,3.279090675963713e6,0.0,0.0,0.0,0.0
931,387108.0,3.2774164243436498e6,0.0,0.0,0.0,0.0
932,392598.0,3.2757421727235867e6,0.0,0.0,0.0,0.0
933,396809.5,3.2736989903952517e6,0.0,0.0,0.0,0.0
934,401021.0,3.2716558080669167e6,0.0,0.0,0.0,0.0
935,404666.5,3.2683018366338974e6,0.0,0.0,0.0,0.0
936,408312.0,3.2649478652008786e6,0.0,0.0,0.0,0.0
937,410928.0,3.260697299139017e6,0.0,0.0,0.0,0.0
938,413544.0,3.256446733077155e6,0.0,0.0,0.0,0.0
939,415695.0,3.252106259531765e6,0.0,0.0,0.0,0.0
940,417846.0,3.2477657859863746e6,0.0,0.0,0.0,0.0
941,420988.0,3.243498478531028e6,0.0,0.0,0.0,0.0
942,424130.0,3.239231171075682e6,0.0,0.0,0.0,0.0
943,430923.0,3.2362858136540097e6,0.0,0.0,0.0,0.0
944,437716.0,3.2333404562323373e6,0.0,0.0,0.0,0.0
945,443712.0,3.2321014808428744e6,0.0,0.0,0.0,0.0
946,449708.0,3.230862505453411e6,0.0,0.0,0.0,0.0
947,454913.0,3.23089373658597e6,0.0,0.0,0.0,0.0
948,460118.0,3.230924967718529e6,0.0,0.0,0.0,0.0
949,464778.5,3.2359238238027124e6,0.0,0.0,0.0,0.0
950,469439.0,3.240922679886895e6,0.0,0.0,0.0,0.0
951,472519.0,3.2432065411780113e6,0.0,0.0,0.0,0.0
952,475599.0,3.245490402469128e6,0.0,0.0,0.0,0.0
953,480271.5,3.243597272630544e6,0.0,0.0,0.0,0.0
954,484944.0,3.24170414279196e6,0.0,0.0,0.0,0.0
955,491632.5,3.244267943929946e6,0.0,0.0,0.0,0.0
956,498321.0,3.246831745067932e6,0.0,0.0,0.0,0.0
957,501993.0,3.2462525045920853e6,0.0,0.0,0.0,0.0
958,505665.0,3.245673264116238e6,0.0,0.0,0.0,0.0
959,509676.0,3.242887880010085e6,0.0,0.0,0.0,0.0
960,513687.0,3.240102495903932e6,0.0,0.0,0.0,0.0
961,516163.5,3.236155135079625e6,0.0,0.0,0.0,0.0
962,518640.0,3.232207774255318e6,0.0,0.0,0.0,0.0
963,520528.5,3.228111601044481e6,0.0,0.0,0.0,0.0
964,522417.0,3.224015427833644e6,0.0,0.0,0.0,0.0
965,525479.5,3.219903133280933e6,0.0,0.0,0.0,0.0
966,528542.0,3.215790838728222e6,0.0,0.0,0.0,0.0
967,534886.0,3.2145940268482757e6,0.0,0.0,0.0,0.0
968,541230.0,3.2133972149683293e6,0.0,0.0,0.0,0.0
969,548196.0,3.214257114280548e6,0.0,0.0,0.0,0.0
970,555162.0,3.215117013592767e6,0.0,0.0,0.0,0.0
971,561469.5,3.214038011518824e6,0.0,0.0,0.0,0.0
972,567777.0,3.2129590094448803e6,0.0,0.0,0.0,0.0
973,572182.0,3.212056722079941e6,0.0,0.0,0.0,0.0
974,576587.0,3.211154434715002e6,0.0,0.0,0.0,0.0
975,579954.0,3.2101051951183644e6,0.0,0.0,0.0,0.0
976,583321.0,3.209055955521727e6,0.0,0.0,0.0,0.0
977,588388.0,3.208817743431677e6,0.0,0.0,0.0,0.0
978,593455.0,3.2085795313416277e6,0.0,0.0,0.0,0.0
979,600280.0,3.210159310573685e6,0.0,0.0,0.0,0.0
980,607105.0,3.2117390898057423e6,0.0,0.0,0.0,0.0
981,610626.0,3.21208248612638e6,0.0,0.0,0.0,0.0
982,614147.0,3.2124258824470183e6,0.0,0.0,0.0,0.0
983,617178.5,3.210176222932373e6,0.0,0.0,0.0,0.0
984,620210.0,3.2079265634177276e6,0.0,0.0,0.0,0.0
985,623112.0,3.204434940527168e6,0.0,0.0,0.0,0.0
986,626014.0,3.200943317636609e6,0.0,0.0,0.0,0.0
987,628355.5,3.197429992939681e6,0.0,0.0,0.0,0.0
988,630697.0,3.1939166682427526e6,0.0,0.0,0.0,0.0
989,634558.0,3.1908913241633205e6,0.0,0.0,0.0,0.0
990,638419.0,3.187865980083888e6,0.0,0.0,0.0,0.0
991,645252.0,3.187075302008846e6,0.0,0.0,0.0,0.0
992,652085.0,3.186284623933804e6,0.0,0.0,0.0,0.0
993,658267.0,3.1875196544704004e6,0.0,0.0,0.0,0.0
994,664449.0,3.1887546850069966e6,0.0,0.0,0.0,0.0
995,669422.5,3.1899475520340763e6,0.0,0.0,0.0,0.0
996,674396.0,3.1911404190611555e6,0.0,0.0,0.0,0.0
997,677821.0,3.1909970748675186e6,0.0,0.0,0.0,0.0
998,681246.0,3.1908537306738817e6,0.0,0.0,0.0,0.0
999,683974.5,3.189880757425341e6,0.0,0.0,0.0,0.0
1000,686703.0,3.1889077841768e6,0.0,0.0,0.0,0.0
1001,682319.1599999999,3.1885784245000007e6,0.0,0.0,0.0,0.0
1002,677935.32,3.188249064823202e6,0.0,0.0,0.0,0.0
1003,675499.48,3.1892918793605305e6,0.0,0.0,0.0,0.0
1004,673063.6399999999,3.1903346938978587e6,0.0,0.0,0.0,0.0
1005,676243.1399999999,3.1910929047459485e6,0.0,0.0,0.0,0.0
1006,679422.6399999999,3.1918511155940387e6,0.0,0.0,0.0,0.0
1007,682723.6399999999,3.1906468630947657e6,0.0,0.0,0.0,0.0
1008,686024.6399999999,3.189442610595493e6,0.0,0.0,0.0,0.0
1009,680299.2999999998,3.186345340529238e6,0.0,0.0,0.0,0.0
1010,674573.9599999998,3.183248070462983e6,0.0,0.0,0.0,0.0
1011,667206.6199999999,3.179929441971765e6,0.0,0.0,0.0,0.0
1012,659839.2799999998,3.1766108134805467e6,0.0,0.0,0.0,0.0
1013,653405.9399999997,3.173932078251407e6,0.0,0.0,0.0,0.0
1014,646972.5999999997,3.1712533430222673e6,0.0,0.0,0.0,0.0
1015,644739.7599999998,3.1708588779263613e6,0.0,0.0,0.0,0.0
1016,642506.9199999997,3.170464412830455e6,0.0,0.0,0.0,0.0
1017,640250.5799999996,3.1708381916800095e6,0.0,0.0,0.0,0.0
1018,637994.2399999996,3.171211970529564e6,0.0,0.0,0.0,0.0
1019,634882.8999999997,3.1725201671562046e6,0.0,0.0,0.0,0.0
1020,631771.5599999996,3.1738283637828445e6,0.0,0.0,0.0,0.0
1021,626466.7199999995,3.173403516158022e6,0.0,0.0,0.0,0.0
1022,621161.8799999995,3.1729786685331995e6,0.0,0.0,0.0,0.0
1023,615509.5399999996,3.1720813415811444e6,0.0,0.0,0.0,0.0
1024,609857.1999999995,3.1711840146290897e6,0.0,0.0,0.0,0.0
1025,605401.8599999994,3.171340775414955e6,0.0,0.0,0.0,0.0
1026,600946.5199999994,3.17149753620082e6,0.0,0.0,0.0,0.0
1027,597986.6799999995,3.1725521317187487e6,0.0,0.0,0.0,0.0
1028,595026.8399999994,3.1736067272366774e6,0.0,0.0,0.0,0.0
1029,588935.9999999993,3.174468486703728e6,0.0,0.0,0.0,0.0
1030,582845.1599999993,3.1753302461707783e6,0.0,0.0,0.0,0.0
1031,577421.3199999994,3.173584688615503e6,0.0,0.0,0.0,0.0
1032,571997.4799999993,3.1718391310602278e6,0.0,0.0,0.0,0.0
1033,565673.6399999992,3.169014063651e6,0.0,0.0,0.0,0.0
1034,559349.7999999992,3.1661889962417725e6,0.0,0.0,0.0,0.0
1035,561059.7999999992,3.1628133230023845e6,0.0,0.0,0.0,0.0
1036,562769.7999999992,3.1594376497629965e6,0.0,0.0,0.0,0.0
1037,555948.4599999993,3.156293875825951e6,0.0,0.0,0.0,0.0
1038,549127.1199999992,3.1531501018889053e6,0.0,0.0,0.0,0.0
1039,546146.2799999991,3.1523699646912427e6,0.0,0.0,0.0,0.0
1040,543165.4399999991,3.15158982749358e6,0.0,0.0,0.0,0.0
1041,540642.0999999992,3.1511947423460633e6,0.0,0.0,0.0,0.0
1042,538118.7599999991,3.150799657198547e6,0.0,0.0,0.0,0.0
1043,542306.2599999991,3.1492723578101825e6,0.0,0.0,0.0,0.0
1044,546493.7599999991,3.1477450584218176e6,0.0,0.0,0.0,0.0
1045,549033.2599999991,3.1465530915591335e6,0.0,0.0,0.0,0.0
1046,551572.7599999991,3.14536112469645e6,0.0,0.0,0.0,0.0
1047,552988.7599999991,3.1423345405137967e6,0.0,0.0,0.0,0.0
1048,554404.7599999991,3.139307956331143e6,0.0,0.0,0.0,0.0
1049,557992.7599999991,3.1370855790873617e6,0.0,0.0,0.0,0.0
1050,561580.7599999991,3.13486320184358e6,0.0,0.0,0.0,0.0
1051,565279.2599999991,3.1341587109424034e6,0.0,0.0,0.0,0.0
1052,568977.7599999991,3.133454220041227e6,0.0,0.0,0.0,0.0
1053,570801.7599999991,3.1320602317491286e6,0.0,0.0,0.0,0.0
1054,572625.7599999991,3.13066624345703e6,0.0,0.0,0.0,0.0
1055,575050.2599999991,3.128203906239969e6,0.0,0.0,0.0,0.0
1056,577474.7599999991,3.1257415690229083e6,0.0,0.0,0.0,0.0
1057,578939.7599999991,3.122736686646624e6,0.0,0.0,0.0,0.0
1058,580404.7599999991,3.1197318042703397e6,0.0,0.0,0.0,0.0
1059,581242.7599999991,3.11526608029962e6,0.0,0.0,0.0,0.0
1060,582080.7599999991,3.1108003563289004e6,0.0,0.0,0.0,0.0
1061,582873.7599999991,3.106420199480436e6,0.0,0.0,0.0,0.0
1062,583666.7599999991,3.1020400426319707e6,0.0,0.0,0.0,0.0
1063,585437.2599999991,3.098863405959566e6,0.0,0.0,0.0,0.0
1064,587207.7599999991,3.095686769287162e6,0.0,0.0,0.0,0.0
1065,590369.7599999991,3.093743415268124e6,0.0,0.0,0.0,0.0
1066,593531.7599999991,3.091800061249086e6,0.0,0.0,0.0,0.0
1067,597071.7599999991,3.089666351385612e6,0.0,0.0,0.0,0.0
1068,600611.7599999991,3.087532641522138e6,0.0,0.0,0.0,0.0
1069,603531.2599999991,3.085213838011887e6,0.0,0.0,0.0,0.0
1070,606450.7599999991,3.0828950345016364e6,0.0,0.0,0.0,0.0
1071,608781.2599999991,3.078764138400609e6,0.0,0.0,0.0,0.0
1072,611111.7599999991,3.074633242299582e6,0.0,0.0,0.0,0.0
1073,608028.8009944294,3.071300972672932e6,0.0,0.0,0.0,0.0
1074,604945.8419888597,3.0679687030462814e6,0.0,0.0,0.0,0.0
1075,600461.5019888596,3.067094938055427e6,0.0,0.0,0.0,0.0
1076,595977.1619888596,3.0662211730645727e6,0.0,0.0,0.0,0.0
1077,590895.6758473847,3.0639969356659595e6,0.0,0.0,0.0,0.0
1078,585814.1897059098,3.0617726982673467e6,0.0,0.0,0.0,0.0
1079,580111.8497059098,3.0583592018797155e6,0.0,0.0,0.0,0.0
1080,574409.5097059098,3.0549457054920844e6,0.0,0.0,0.0,0.0
1081,576104.5097059098,3.0505841501919357e6,0.0,0.0,0.0,0.0
1082,577799.5097059098,3.046222594891787e6,0.0,0.0,0.0,0.0
1083,578792.0097059098,3.0420396144554745e6,0.0,0.0,0.0,0.0
1084,579784.5097059098,3.0378566340191616e6,0.0,0.0,0.0,0.0
1085,580782.0097059098,3.033547783105909e6,0.0,0.0,0.0,0.0
1086,581779.5097059098,3.029238932192656e6,0.0,0.0,0.0,0.0
1087,582962.0097059098,3.025095635059418e6,0.0,0.0,0.0,0.0
1088,584144.5097059098,3.02095233792618e6,0.0,0.0,0.0,0.0
1089,586100.5097059098,3.0174073905971143e6,0.0,0.0,0.0,0.0
1090,588056.5097059098,3.0138624432680486e6,0.0,0.0,0.0,0.0
1091,590360.5097059098,3.0110100935879573e6,0.0,0.0,0.0,0.0
1092,592664.5097059098,3.008157743907866e6,0.0,0.0,0.0,0.0
1093,594172.5097059098,3.005190684679825e6,0.0,0.0,0.0,0.0
1094,595680.5097059098,3.002223625451783e6,0.0,0.0,0.0,0.0
1095,596701.5097059098,2.998435617891385e6,0.0,0.0,0.0,0.0
1096,597722.5097059098,2.9946476103309873e6,0.0,0.0,0.0,0.0
1097,592299.1245094412,2.9917971208057273e6,0.0,0.0,0.0,0.0
1098,586875.7393129728,2.988946631280468e6,0.0,0.0,0.0,0.0
1099,581715.8993129728,2.988697878313039e6,0.0,0.0,0.0,0.0
1100,576556.0593129727,2.98844912534561e6,0.0,0.0,0.0,0.0
1101,570252.2193129726,2.9887274162471415e6,0.0,0.0,0.0,0.0
1102,563948.3793129727,2.9890057071486725e6,0.0,0.0,0.0,0.0
1103,566684.8793129727,2.9874802679151394e6,0.0,0.0,0.0,0.0
1104,569421.3793129727,2.9859548286816063e6,0.0,0.0,0.0,0.0
1105,571518.8793129727,2.9823050926303593e6,0.0,0.0,0.0,0.0
1106,573616.3793129727,2.978655356579112e6,0.0,0.0,0.0,0.0
1107,575281.3793129727,2.9748406867994606e6,0.0,0.0,0.0,0.0
1108,576946.3793129727,2.971026017019809e6,0.0,0.0,0.0,0.0
1109,570383.0393129727,2.9675164126325445e6,0.0,0.0,0.0,0.0
1110,563819.6993129726,2.9640068082452794e6,0.0,0.0,0.0,0.0
1111,559314.8593129725,2.962954468390589e6,0.0,0.0,0.0,0.0
1112,554810.0193129726,2.961902128535899e6,0.0,0.0,0.0,0.0
1113,551374.6793129726,2.9612577826409447e6,0.0,0.0,0.0,0.0
1114,547939.3393129725,2.9606134367459905e6,0.0,0.0,0.0,0.0
1115,549874.2791565475,2.9641093844519635e6,0.0,0.0,0.0,0.0
1116,551809.2190001224,2.9676053321579364e6,0.0,0.0,0.0,0.0
1117,547350.9005319407,2.968634129081131e6,0.0,0.0,0.0,0.0
1118,542892.5820637591,2.969662926004325e6,0.0,0.0,0.0,0.0
1119,537462.7420637591,2.970142397961007e6,0.0,0.0,0.0,0.0
1120,532032.902063759,2.970621869917689e6,0.0,0.0,0.0,0.0
1121,528132.5620637591,2.9742547173777483e6,0.0,0.0,0.0,0.0
1122,524232.22206375905,2.9778875648378083e6,0.0,0.0,0.0,0.0
1123,520673.882063759,2.978680498576089e6,0.0,0.0,0.0,0.0
1124,517115.54206375906,2.979473432314369e6,0.0,0.0,0.0,0.0
1125,520237.54206375906,2.978203454344379e6,0.0,0.0,0.0,0.0
1126,523359.54206375906,2.9769334763743887e6,0.0,0.0,0.0,0.0
1127,525780.542063759,2.9734672755998615e6,0.0,0.0,0.0,0.0
1128,528201.542063759,2.9700010748253344e6,0.0,0.0,0.0,0.0
1129,529807.042063759,2.9657622897440726e6,0.0,0.0,0.0,0.0
1130,531412.542063759,2.9615235046628113e6,0.0,0.0,0.0,0.0
1131,532649.542063759,2.96405393528543e6,0.0,0.0,0.0,0.0
1132,533886.542063759,2.9665843659080486e6,0.0,0.0,0.0,0.0
1133,526794.7020637591,2.9692474875753233e6,0.0,0.0,0.0,0.0
1134,519702.86206375906,2.9719106092425976e6,0.0,0.0,0.0,0.0
1135,523829.362063759,2.9762869335097973e6,0.0,0.0,0.0,0.0
1136,527955.862063759,2.980663257776997e6,0.0,0.0,0.0,0.0
1137,533000.362063759,2.9857848840800673e6,0.0,0.0,0.0,0.0
1138,538044.862063759,2.9909065103831375e6,0.0,0.0,0.0,0.0
1139,543033.862063759,2.995641844532841e6,0.0,0.0,0.0,0.0
1140,548022.862063759,3.000377178682544e6,0.0,0.0,0.0,0.0
1141,552608.862063759,3.0048378299687775e6,0.0,0.0,0.0,0.0
1142,557194.862063759,3.0092984812550107e6,0.0,0.0,0.0,0.0
1143,561101.362063759,3.012981587821625e6,0.0,0.0,0.0,0.0
1144,565007.862063759,3.01666469438824e6,0.0,0.0,0.0,0.0
1145,560926.5220637589,3.0210707811327456e6,0.0,0.0,0.0,0.0
1146,556845.182063759,3.0254768678772515e6,0.0,0.0,0.0,0.0
1147,553737.342063759,3.0297134115572786e6,0.0,0.0,0.0,0.0
1148,550629.5020637589,3.033949955237306e6,0.0,0.0,0.0,0.0
1149,554396.5020637589,3.0390844972508065e6,0.0,0.0,0.0,0.0
1150,558163.5020637589,3.044219039264307e6,0.0,0.0,0.0,0.0
1151,561665.5020637589,3.0413412674681833e6,0.0,0.0,0.0,0.0
1152,565167.5020637589,3.0384634956720597e6,0.0,0.0,0.0,0.0
1153,568100.5020637589,3.0356430963987745e6,0.0,0.0,0.0,0.0
1154,571033.5020637589,3.0328226971254894e6,0.0,0.0,0.0,0.0
1155,573157.0020637589,3.035490779205648e6,0.0,0.0,0.0,0.0
1156,575280.5020637589,3.038158861285807e6,0.0,0.0,0.0,0.0
1157,578226.0020637589,3.038734085115767e6,0.0,0.0,0.0,0.0
1158,581171.5020637589,3.0393093089457266e6,0.0,0.0,0.0,0.0
1159,586076.0020637589,3.0391527501773695e6,0.0,0.0,0.0,0.0
1160,590980.5020637589,3.0389961914090123e6,0.0,0.0,0.0,0.0
1161,595800.5020637589,3.0451105184440827e6,0.0,0.0,0.0,0.0
1162,600620.5020637589,3.051224845479153e6,0.0,0.0,0.0,0.0
1163,604480.0020637589,3.0581229196464242e6,0.0,0.0,0.0,0.0
1164,608339.5020637589,3.065020993813695e6,0.0,0.0,0.0,0.0
1165,611260.0020637589,3.0710237134553446e6,0.0,0.0,0.0,0.0
1166,614180.5020637589,3.0770264330969937e6,0.0,0.0,0.0,0.0
1167,616881.0020637589,3.0802562086211597e6,0.0,0.0,0.0,0.0
1168,619581.5020637589,3.0834859841453256e6,0.0,0.0,0.0,0.0
1169,623695.5020637589,3.0829383663016157e6,0.0,0.0,0.0,0.0
1170,627809.5020637589,3.0823907484579063e6,0.0,0.0,0.0,0.0
1171,633732.5020637589,3.083526570736816e6,0.0,0.0,0.0,0.0
1172,639655.5020637589,3.0846623930157255e6,0.0,0.0,0.0,0.0
1173,643689.0020637589,3.08551671186345e6,0.0,0.0,0.0,0.0
1174,647722.5020637589,3.0863710307111735e6,0.0,0.0,0.0,0.0
1175,651381.5020637589,3.0846856181621207e6,0.0,0.0,0.0,0.0
1176,655040.5020637589,3.083000205613068e6,0.0,0.0,0.0,0.0
1177,648661.1620637588,3.08031216960977e6,0.0,0.0,0.0,0.0
1178,642281.8220637589,3.077624133606472e6,0.0,0.0,0.0,0.0
1179,635347.4820637589,3.075119012828284e6,0.0,0.0,0.0,0.0
1180,628413.1420637588,3.0726138920500954e6,0.0,0.0,0.0,0.0
1181,622238.3020637587,3.0703679528451134e6,0.0,0.0,0.0,0.0
1182,616063.4620637588,3.0681220136401313e6,0.0,0.0,0.0,0.0
1183,612036.6220637588,3.068608021831194e6,0.0,0.0,0.0,0.0
1184,608009.7820637587,3.0690940300222565e6,0.0,0.0,0.0,0.0
1185,604414.4420637586,3.0697734943158077e6,0.0,0.0,0.0,0.0
1186,600819.1020637586,3.0704529586093593e6,0.0,0.0,0.0,0.0
1187,596487.104373354,3.0709612886584015e6,0.0,0.0,0.0,0.0
1188,592155.1066829492,3.0714696187074436e6,0.0,0.0,0.0,0.0
1189,591123.3618560894,3.071654281815783e6,0.0,0.0,0.0,0.0
1190,590091.6170292295,3.0718389449241227e6,0.0,0.0,0.0,0.0
1191,588868.7874394205,3.0713651132220672e6,0.0,0.0,0.0,0.0
1192,587645.9578496114,3.0708912815200123e6,0.0,0.0,0.0,0.0
1193,582517.1178496114,3.0717586214515576e6,0.0,0.0,0.0,0.0
1194,577388.2778496114,3.072625961383103e6,0.0,0.0,0.0,0.0
1195,573930.9378496113,3.075899101563548e6,0.0,0.0,0.0,0.0
1196,570473.5978496113,3.0791722417439935e6,0.0,0.0,0.0,0.0
1197,565440.6218445473,3.081565528689081e6,0.0,0.0,0.0,0.0
1198,560407.6458394832,3.083958815634168e6,0.0,0.0,0.0,0.0
1199,555378.134849444,3.0837553264343087e6,0.0,0.0,0.0,0.0
1200,550348.6238594049,3.0835518372344496e6,0.0,0.0,0.0,0.0
1201,546145.2906175883,3.081003932895134e6,0.0,0.0,0.0,0.0
1202,541941.9573757717,3.0784560285558184e6,0.0,0.0,0.0,0.0
1203,540207.4846014864,3.075745670694541e6,0.0,0.0,0.0,0.0
1204,538473.011827201,3.0730353128332635e6,0.0,0.0,0.0,0.0
1205,532383.1928262332,3.0709400461696433e6,0.0,0.0,0.0,0.0
1206,526293.3738252654,3.0688447795060226e6,0.0,0.0,0.0,0.0
1207,522160.0338252655,3.0698857338885195e6,0.0,0.0,0.0,0.0
1208,518026.69382526545,3.0709266882710163e6,0.0,0.0,0.0,0.0
1209,514985.3538252654,3.072828894340555e6,0.0,0.0,0.0,0.0
1210,511944.01382526546,3.0747311004100936e6,0.0,0.0,0.0,0.0
1211,511702.2635078746,3.0752146283947136e6,0.0,0.0,0.0,0.0
1212,511460.5131904838,3.075698156379334e6,0.0,0.0,0.0,0.0
1213,513284.70423607714,3.074689220137382e6,0.0,0.0,0.0,0.0
1214,515108.89528167044,3.0736802838954297e6,0.0,0.0,0.0,0.0
1215,517240.7907791339,3.072538036557211e6,0.0,0.0,0.0,0.0
1216,519372.68627659744,3.0713957892189925e6,0.0,0.0,0.0,0.0
1217,518181.55984022387,3.071281587451051e6,0.0,0.0,0.0,0.0
1218,516990.43340385024,3.0711673856831095e6,0.0,0.0,0.0,0.0
1219,513827.69722573366,3.072845753121243e6,0.0,0.0,0.0,0.0
1220,510664.961047617,3.074524120559376e6,0.0,0.0,0.0,0.0
1221,508806.55564177653,3.075999111069252e6,0.0,0.0,0.0,0.0
1222,506948.150235936,3.077474101579128e6,0.0,0.0,0.0,0.0
1223,504355.73326846847,3.0772476704696785e6,0.0,0.0,0.0,0.0
1224,501763.31630100094,3.077021239360229e6,0.0,0.0,0.0,0.0
1225,500378.9278321549,3.075332106501513e6,0.0,0.0,0.0,0.0
1226,498994.5393633088,3.073642973642797e6,0.0,0.0,0.0,0.0
1227,499161.02809109597,3.0711006497679763e6,0.0,0.0,0.0,0.0
1228,499327.5168188831,3.0685583258931558e6,0.0,0.0,0.0,0.0
1229,497144.69846188684,3.0672795200649714e6,0.0,0.0,0.0,0.0
1230,494961.8801048906,3.066000714236787e6,0.0,0.0,0.0,0.0
1231,489300.95104704733,3.066357750075167e6,0.0,0.0,0.0,0.0
1232,483640.02198920405,3.066714785913547e6,0.0,0.0,0.0,0.0
1233,477762.181989204,3.067285741175254e6,0.0,0.0,0.0,0.0
1234,471884.34198920405,3.0678566964369603e6,0.0,0.0,0.0,0.0
1235,466737.0019892041,3.073381594375576e6,0.0,0.0,0.0,0.0
1236,461589.66198920406,3.078906492314191e6,0.0,0.0,0.0,0.0
1237,458271.0445507486,3.0838117206051825e6,0.0,0.0,0.0,0.0
1238,454952.42711229314,3.088716948896174e6,0.0,0.0,0.0,0.0
1239,451972.7060795633,3.0922190003925106e6,0.0,0.0,0.0,0.0
1240,448992.98504683346,3.0957210518888473e6,0.0,0.0,0.0,0.0
1241,442905.14504683344,3.099804091744261e6,0.0,0.0,0.0,0.0
1242,436817.30504683347,3.103887131599675e6,0.0,0.0,0.0,0.0
1243,432188.4650468335,3.1072642166301184e6,0.0,0.0,0.0,0.0
1244,427559.6250468335,3.110641301660562e6,0.0,0.0,0.0,0.0
1245,421465.78504683345,3.110758999194963e6,0.0,0.0,0.0,0.0
1246,415371.9450468335,3.110876696729364e6,0.0,0.0,0.0,0.0
1247,410516.6050468335,3.109034411122844e6,0.0,0.0,0.0,0.0
1248,405661.2650468335,3.1071921255163243e6,0.0,0.0,0.0,0.0
1249,399066.42504683346,3.1052233615694963e6,0.0,0.0,0.0,0.0
1250,392471.5850468335,3.1032545976226684e6,0.0,0.0,0.0,0.0
1251,387546.6439569294,3.1035904700362207e6,0.0,0.0,0.0,0.0
1252,382621.7028670253,3.1039263424497736e6,0.0,0.0,0.0,0.0
1253,376085.07625581266,3.1065456823043795e6,0.0,0.0,0.0,0.0
1254,369548.4496446001,3.1091650221589855e6,0.0,0.0,0.0,0.0
1255,363103.6096446001,3.1098888493042374e6,0.0,0.0,0.0,0.0
1256,356658.7696446001,3.110612676449489e6,0.0,0.0,0.0,0.0
1257,352545.17057857104,3.115410015760246e6,0.0,0.0,0.0,0.0
1258,348431.57151254197,3.1202073550710035e6,0.0,0.0,0.0,0.0
1259,348388.7528024253,3.1255912632053327e6,0.0,0.0,0.0,0.0
1260,348345.93409230857,3.1309751713396623e6,0.0,0.0,0.0,0.0
1261,349266.93409230857,3.135204543375164e6,0.0,0.0,0.0,0.0
1262,350187.93409230857,3.1394339154106653e6,0.0,0.0,0.0,0.0
1263,351060.43409230857,3.1431573253319655e6,0.0,0.0,0.0,0.0
1264,351932.93409230857,3.146880735253265e6,0.0,0.0,0.0,0.0
1265,353662.43409230857,3.1513953310296154e6,0.0,0.0,0.0,0.0
1266,355391.93409230857,3.155909926805966e6,0.0,0.0,0.0,0.0
1267,354076.56706317724,3.159849282536446e6,0.0,0.0,0.0,0.0
1268,352761.20003404596,3.1637886382669257e6,0.0,0.0,0.0,0.0
1269,353445.2360917524,3.1640483276201407e6,0.0,0.0,0.0,0.0
1270,354129.27214945894,3.164308016973356e6,0.0,0.0,0.0,0.0
1271,354639.421453939,3.16429105348101e6,0.0,0.0,0.0,0.0
1272,355149.57075841905,3.1642740899886643e6,0.0,0.0,0.0,0.0
1273,356328.57075841905,3.167519087425285e6,0.0,0.0,0.0,0.0
1274,357507.57075841905,3.1707640848619053e6,0.0,0.0,0.0,0.0
1275,358405.07075841905,3.1737359922312293e6,0.0,0.0,0.0,0.0
1276,359302.57075841905,3.1767078996005533e6,0.0,0.0,0.0,0.0
1277,359723.8727929332,3.1799445690075783e6,0.0,0.0,0.0,0.0
1278,360145.17482744734,3.1831812384146033e6,0.0,0.0,0.0,0.0
1279,356139.8348274473,3.1889117553992253e6,0.0,0.0,0.0,0.0
1280,352134.49482744734,3.194642272383847e6,0.0,0.0,0.0,0.0
1281,349027.1548274474,3.201916097827106e6,0.0,0.0,0.0,0.0
1282,345919.81482744735,3.2091899232703643e6,0.0,0.0,0.0,0.0
1283,345363.28532806196,3.216075596405424e6,0.0,0.0,0.0,0.0
1284,344806.75582867657,3.2229612695404845e6,0.0,0.0,0.0,0.0
1285,346280.47175959026,3.2277765903479476e6,0.0,0.0,0.0,0.0
1286,347754.18769050395,3.2325919111554106e6,0.0,0.0,0.0,0.0
1287,348276.18079261295,3.2369248318098728e6,0.0,0.0,0.0,0.0
1288,348798.173894722,3.2412577524643345e6,0.0,0.0,0.0,0.0
1289,346199.9616003743,3.2459806855818266e6,0.0,0.0,0.0,0.0
1290,343601.7493060267,3.250703618699319e6,0.0,0.0,0.0,0.0
1291,339364.90930602665,3.2582701085027535e6,0.0,0.0,0.0,0.0
1292,335128.0693060267,3.265836598306188e6,0.0,0.0,0.0,0.0
1293,331612.06607897097,3.272544936680633e6,0.0,0.0,0.0,0.0
1294,328096.06285191525,3.2792532750550783e6,0.0,0.0,0.0,0.0
1295,324474.0110763152,3.2831385184467295e6,0.0,0.0,0.0,0.0
1296,320851.9593007152,3.2870237618383807e6,0.0,0.0,0.0,0.0
1297,319535.8840670543,3.2901258800459183e6,0.0,0.0,0.0,0.0
1298,318219.80883339344,3.293227998253456e6,0.0,0.0,0.0,0.0
1299,319120.80883339344,3.2964274645638485e6,0.0,0.0,0.0,0.0
1300,320021.80883339344,3.299626930874241e6,0.0,0.0,0.0,0.0
1301,317527.66269117367,3.3032058687702846e6,0.0,0.0,0.0,0.0
1302,315033.5165489539,3.3067848066663286e6,0.0,0.0,0.0,0.0
1303,310487.67654895387,3.313122974229281e6,0.0,0.0,0.0,0.0
1304,305941.8365489539,3.319461141792233e6,0.0,0.0,0.0,0.0
1305,301865.49654895393,3.3279068647794146e6,0.0,0.0,0.0,0.0
1306,297789.1565489539,3.3363525877665966e6,0.0,0.0,0.0,0.0
1307,296907.5262987647,3.3435774291326227e6,0.0,0.0,0.0,0.0
1308,296025.89604857547,3.3508022704986488e6,0.0,0.0,0.0,0.0
1309,295877.37657102617,3.356333750916287e6,0.0,0.0,0.0,0.0
1310,295728.85709347686,3.361865231333925e6,0.0,0.0,0.0,0.0
1311,294512.4114781542,3.366368666181286e6,0.0,0.0,0.0,0.0
1312,293295.9658628315,3.3708721010286463e6,0.0,0.0,0.0,0.0
1313,288704.3294602842,3.3764941089814235e6,0.0,0.0,0.0,0.0
1314,284112.69305773685,3.3821161169342007e6,0.0,0.0,0.0,0.0
1315,280327.3530577369,3.3910126174422456e6,0.0,0.0,0.0,0.0
1316,276542.01305773685,3.399909117950291e6,0.0,0.0,0.0,0.0
1317,272216.5005912651,3.4076107790048234e6,0.0,0.0,0.0,0.0
1318,267890.98812479334,3.4153124400593555e6,0.0,0.0,0.0,0.0
1319,262367.6481247933,3.420151322828019e6,0.0,0.0,0.0,0.0
1320,256844.30812479334,3.4249902055966826e6,0.0,0.0,0.0,0.0
1321,250865.1421258194,3.42855054194441e6,0.0,0.0,0.0,0.0
1322,244885.97612684543,3.4321108782921378e6,0.0,0.0,0.0,0.0
1323,241391.22015229688,3.4353078643960883e6,0.0,0.0,0.0,0.0
1324,237896.4641777483,3.438504850500039e6,0.0,0.0,0.0,0.0
1325,230733.6241777483,3.442174935982832e6,0.0,0.0,0.0,0.0
1326,223570.7841777483,3.4458450214656256e6,0.0,0.0,0.0,0.0
1327,218533.94417774832,3.4527585969231604e6,0.0,0.0,0.0,0.0
1328,213497.10417774832,3.4596721723806947e6,0.0,0.0,0.0,0.0
1329,208721.76417774832,3.4681892013030886e6,0.0,0.0,0.0,0.0
1330,203946.42417774833,3.4767062302254825e6,0.0,0.0,0.0,0.0
1331,198915.58417774833,3.4828366804989036e6,0.0,0.0,0.0,0.0
1332,193884.74417774833,3.4889671307723243e6,0.0,0.0,0.0,0.0
1333,188163.40417774834,3.4942313689458193e6,0.0,0.0,0.0,0.0
1334,182442.06417774834,3.499495607119314e6,0.0,0.0,0.0,0.0
1335,176166.22417774834,3.5039419972185045e6,0.0,0.0,0.0,0.0
1336,169890.38417774835,3.5083883873176957e6,0.0,0.0,0.0,0.0
1337,165418.54417774835,3.5136327838396532e6,0.0,0.0,0.0,0.0
1338,160946.70417774835,3.518877180361611e6,0.0,0.0,0.0,0.0
1339,157514.86417774836,3.5271995130782947e6,0.0,0.0,0.0,0.0
1340,154083.02417774836,3.535521845794979e6,0.0,0.0,0.0,0.0
1341,148016.18417774836,3.5435887172481203e6,0.0,0.0,0.0,0.0
1342,141949.34417774837,3.551655588701261e6,0.0,0.0,0.0,0.0
1343,136183.50417774837,3.5562104878322966e6,0.0,0.0,0.0,0.0
1344,130417.66417774837,3.5607653869633325e6,0.0,0.0,0.0,0.0
1345,124048.82417774838,3.5576201413108814e6,0.0,0.0,0.0,0.0
1346,117679.98417774838,3.55447489565843e6,0.0,0.0,0.0,0.0
1347,113955.72686401376,3.550949169929291e6,0.0,0.0,0.0,0.0
1348,110231.46955027914,3.547423444200152e6,0.0,0.0,0.0,0.0
1349,104241.91506094062,3.5497041046962715e6,0.0,0.0,0.0,0.0
1350,98252.3605716021,3.551984765192391e6,0.0,0.0,0.0,0.0
1351,93938.0205716021,3.5549507973348824e6,0.0,0.0,0.0,0.0
1352,89623.6805716021,3.5579168294773744e6,0.0,0.0,0.0,0.0
1353,85652.84057160211,3.5602796534174755e6,0.0,0.0,0.0,0.0
1354,81682.00057160211,3.562642477357576e6,0.0,0.0,0.0,0.0
1355,77992.66057160211,3.565022974531667e6,0.0,0.0,0.0,0.0
1356,74303.32057160212,3.5674034717057575e6,0.0,0.0,0.0,0.0
1357,70188.48057160212,3.573968069246161e6,0.0,0.0,0.0,0.0
1358,66073.64057160213,3.5805326667865645e6,0.0,0.0,0.0,0.0
1359,62065.004371195,3.5847953882262027e6,0.0,0.0,0.0,0.0
1360,58056.36817078787,3.589058109665841e6,0.0,0.0,0.0,0.0
1361,52751.028170787875,3.5889209659883096e6,0.0,0.0,0.0,0.0
1362,47445.68817078787,3.5887838223107783e6,0.0,0.0,0.0,0.0
1363,43594.34817078787,3.5904702504198486e6,0.0,0.0,0.0,0.0
1364,39743.00817078787,3.592156678528919e6,0.0,0.0,0.0,0.0
1365,36763.21580804889,3.5932441367822066e6,0.0,0.0,0.0,0.0
1366,33783.423445309905,3.594331595035494e6,0.0,0.0,0.0,0.0
1367,31106.712068761488,3.5925091510805115e6,0.0,0.0,0.0,0.0
1368,28430.000692213067,3.590686707125529e6,0.0,0.0,0.0,0.0
1369,30245.000692213067,3.587353197395658e6,0.0,0.0,0.0,0.0
1370,32060.000692213067,3.5840196876657866e6,0.0,0.0,0.0,0.0
1371,33405.50069221307,3.5844191309565953e6,0.0,0.0,0.0,0.0
1372,34751.00069221307,3.584818574247404e6,0.0,0.0,0.0,0.0
1373,36607.02922992557,3.588564306026683e6,0.0,0.0,0.0,0.0
1374,38463.057767638056,3.592310037805963e6,0.0,0.0,0.0,0.0
1375,34818.21776763805,3.5973051277222997e6,0.0,0.0,0.0,0.0
1376,31173.377767638056,3.602300217638636e6,0.0,0.0,0.0,0.0
1377,29559.110852527047,3.607211533841552e6,0.0,0.0,0.0,0.0
1378,27944.843937416037,3.612122850044469e6,0.0,0.0,0.0,0.0
1379,28054.825406504013,3.614771540072896e6,0.0,0.0,0.0,0.0
1380,28164.80687559199,3.617420230101323e6,0.0,0.0,0.0,0.0
1381,31573.80687559199,3.6233553641174235e6,0.0,0.0,0.0,0.0
1382,34982.80687559199,3.629290498133524e6,0.0,0.0,0.0,0.0
1383,36974.80687559199,3.63430423545636e6,0.0,0.0,0.0,0.0
1384,38966.80687559199,3.639317972779196e6,0.0,0.0,0.0,0.0
1385,37190.3975712582,3.6398130360600976e6,0.0,0.0,0.0,0.0
1386,35413.98826692442,3.6403080993409995e6,0.0,0.0,0.0,0.0
1387,31918.648266924418,3.6415815730774496e6,0.0,0.0,0.0,0.0
1388,28423.308266924418,3.642855046813899e6,0.0,0.0,0.0,0.0
1389,23571.468266924418,3.6443393380979327e6,0.0,0.0,0.0,0.0
1390,18719.628266924417,3.645823629381967e6,0.0,0.0,0.0,0.0
1391,16229.879603874431,3.6458464590199552e6,0.0,0.0,0.0,0.0
1392,13740.130940824445,3.6458692886579433e6,0.0,0.0,0.0,0.0
1393,9273.699314505406,3.643583046098276e6,0.0,0.0,0.0,0.0
1394,4807.267688186366,3.641296803538609e6,0.0,0.0,0.0,0.0
1395,4967.2459582333795,3.638231776156102e6,0.0,0.0,0.0,0.0
1396,5127.224228280393,3.635166748773595e6,0.0,0.0,0.0,0.0
1397,3744.299338484214,3.632663756070803e6,0.0,0.0,0.0,0.0
1398,2361.374448688035,3.630160763368011e6,0.0,0.0,0.0,0.0
1399,1180.6872243440175,3.6278614997245222e6,0.0,0.0,0.0,0.0
1400,0.0,3.625562236081034e6,0.0,0.0,0.0,0.0
1401,28.098557437797353,3.6248255024961093e6,0.0,0.0,0.0,0.0
1402,56.19711487559471,3.6240887689111843e6,0.0,0.0,0.0,0.0
1403,2875.1971148755947,3.6231678799979286e6,0.0,0.0,0.0,0.0
1404,5694.197114875595,3.6222469910846734e6,0.0,0.0,0.0,0.0
1405,7493.197114875595,3.6238931114218337e6,0.0,0.0,0.0,0.0
1406,9292.197114875595,3.6255392317589936e6,0.0,0.0,0.0,0.0
1407,10900.197114875595,3.6252010962854763e6,0.0,0.0,0.0,0.0
1408,12508.197114875595,3.624862960811959e6,0.0,0.0,0.0,0.0
1409,15625.197114875595,3.626201230177005e6,0.0,0.0,0.0,0.0
1410,18742.197114875595,3.627539499542051e6,0.0,0.0,0.0,0.0
1411,23013.197114875595,3.6283783170995116e6,0.0,0.0,0.0,0.0
1412,27284.197114875595,3.629217134656972e6,0.0,0.0,0.0,0.0
1413,30079.1971148756,3.6300181290661893e6,0.0,0.0,0.0,0.0
1414,32874.1971148756,3.630819123475407e6,0.0,0.0,0.0,0.0
1415,35778.6971148756,3.6290996080877744e6,0.0,0.0,0.0,0.0
1416,38683.1971148756,3.627380092700142e6,0.0,0.0,0.0,0.0
1417,35428.99554905787,3.6250938501404747e6,0.0,0.0,0.0,0.0
1418,32174.79398324014,3.6228076075808075e6,0.0,0.0,0.0,0.0
1419,31229.35912839418,3.6197425801983005e6,0.0,0.0,0.0,0.0
1420,30283.924273548222,3.6166775528157935e6,0.0,0.0,0.0,0.0
1421,32234.424273548226,3.6137185542586893e6,0.0,0.0,0.0,0.0
1422,34184.924273548226,3.6107595557015846e6,0.0,0.0,0.0,0.0
1423,37107.424273548226,3.6084602920580963e6,0.0,0.0,0.0,0.0
1424,40029.924273548226,3.6061610284146075e6,0.0,0.0,0.0,0.0
1425,40058.022830986025,3.6054242948296824e6,0.0,0.0,0.0,0.0
1426,40086.121388423824,3.604687561244758e6,0.0,0.0,0.0,0.0
1427,42905.121388423824,3.6037666723315027e6,0.0,0.0,0.0,0.0
1428,45724.121388423824,3.602845783418247e6,0.0,0.0,0.0,0.0
1429,47523.121388423824,3.604491903755407e6,0.0,0.0,0.0,0.0
1430,49322.121388423824,3.606138024092567e6,0.0,0.0,0.0,0.0
1431,50930.121388423824,3.60579988861905e6,0.0,0.0,0.0,0.0
1432,52538.121388423824,3.6054617531455327e6,0.0,0.0,0.0,0.0
1433,55655.121388423824,3.606800022510579e6,0.0,0.0,0.0,0.0
1434,58772.121388423824,3.6081382918756246e6,0.0,0.0,0.0,0.0
1435,63043.121388423824,3.6089771094330847e6,0.0,0.0,0.0,0.0
1436,67314.12138842382,3.6098159269905454e6,0.0,0.0,0.0,0.0
1437,70109.12138842382,3.610616921399763e6,0.0,0.0,0.0,0.0
1438,72904.12138842382,3.6114179158089804e6,0.0,0.0,0.0,0.0
1439,75808.62138842382,3.609698400421348e6,0.0,0.0,0.0,0.0
1440,78713.12138842382,3.6079788850337155e6,0.0,0.0,0.0,0.0
1441,80165.62138842382,3.605094292669876e6,0.0,0.0,0.0,0.0
1442,81618.12138842382,3.6022097003060365e6,0.0,0.0,0.0,0.0
1443,82470.62138842382,3.598207774940002e6,0.0,0.0,0.0,0.0
1444,83323.12138842382,3.594205849573967e6,0.0,0.0,0.0,0.0
1445,84099.62138842382,3.5973488911878e6,0.0,0.0,0.0,0.0
1446,84876.12138842382,3.6004919328016336e6,0.0,0.0,0.0,0.0
1447,85788.62138842382,3.5972055469941637e6,0.0,0.0,0.0,0.0
1448,86701.12138842382,3.5939191611866932e6,0.0,0.0,0.0,0.0
1449,88511.62138842382,3.5925933785717543e6,0.0,0.0,0.0,0.0
1450,90322.12138842382,3.5912675959568154e6,0.0,0.0,0.0,0.0
1451,92166.12138842382,3.595577397089849e6,0.0,0.0,0.0,0.0
1452,94010.12138842382,3.5998871982228835e6,0.0,0.0,0.0,0.0
1453,95425.62138842382,3.604533244940669e6,0.0,0.0,0.0,0.0
1454,96841.12138842382,3.609179291658454e6,0.0,0.0,0.0,0.0
1455,97687.62138842382,3.6136678452671617e6,0.0,0.0,0.0,0.0
1456,98534.12138842382,3.61815639887587e6,0.0,0.0,0.0,0.0
1457,99855.12138842382,3.6237790268802578e6,0.0,0.0,0.0,0.0
1458,101176.12138842382,3.6294016548846452e6,0.0,0.0,0.0,0.0
1459,104065.12138842382,3.629714668676367e6,0.0,0.0,0.0,0.0
1460,106954.12138842382,3.6300276824680883e6,0.0,0.0,0.0,0.0
1461,109094.62138842382,3.630219786195754e6,0.0,0.0,0.0,0.0
1462,111235.12138842382,3.6304118899234203e6,0.0,0.0,0.0,0.0
1463,112684.12138842382,3.6283401852210006e6,0.0,0.0,0.0,0.0
1464,114133.12138842382,3.6262684805185804e6,0.0,0.0,0.0,0.0
1465,115052.12138842382,3.628128134669276e6,0.0,0.0,0.0,0.0
1466,115971.12138842382,3.629987788819972e6,0.0,0.0,0.0,0.0
1467,116964.12138842382,3.6329319211180145e6,0.0,0.0,0.0,0.0
1468,117957.12138842382,3.635876053416057e6,0.0,0.0,0.0,0.0
1469,120037.62138842382,3.6330850888454095e6,0.0,0.0,0.0,0.0
1470,122118.12138842382,3.6302941242747614e6,0.0,0.0,0.0,0.0
1471,126558.62138842382,3.6295319685738045e6,0.0,0.0,0.0,0.0
1472,130999.12138842382,3.6287698128728475e6,0.0,0.0,0.0,0.0
1473,134931.12138842384,3.630269605447145e6,0.0,0.0,0.0,0.0
1474,138863.12138842384,3.6317693980214424e6,0.0,0.0,0.0,0.0
1475,141425.12138842384,3.633998729977235e6,0.0,0.0,0.0,0.0
1476,143987.12138842384,3.636228061933028e6,0.0,0.0,0.0,0.0
1477,146180.12138842384,3.643415080150811e6,0.0,0.0,0.0,0.0
1478,148373.12138842384,3.6506020983685944e6,0.0,0.0,0.0,0.0
1479,149975.62138842384,3.6569861497507268e6,0.0,0.0,0.0,0.0
1480,151578.12138842384,3.663370201132859e6,0.0,0.0,0.0,0.0
1481,154106.12138842384,3.6640335440845364e6,0.0,0.0,0.0,0.0
1482,156634.12138842384,3.6646968870362137e6,0.0,0.0,0.0,0.0
1483,160306.71416108467,3.668298034518635e6,0.0,0.0,0.0,0.0
1484,163979.30693374554,3.6718991820010566e6,0.0,0.0,0.0,0.0
1485,167555.80693374554,3.6746837215123954e6,0.0,0.0,0.0,0.0
1486,171132.30693374554,3.677468261023734e6,0.0,0.0,0.0,0.0
1487,173924.30693374554,3.677223228365969e6,0.0,0.0,0.0,0.0
1488,176716.30693374554,3.676978195708203e6,0.0,0.0,0.0,0.0
1489,178653.30693374554,3.675114828346925e6,0.0,0.0,0.0,0.0
1490,180590.30693374554,3.673251460985647e6,0.0,0.0,0.0,0.0
1491,182294.80693374554,3.670719057936595e6,0.0,0.0,0.0,0.0
1492,183999.30693374554,3.668186654887543e6,0.0,0.0,0.0,0.0
1493,186727.80693374554,3.666410714803351e6,0.0,0.0,0.0,0.0
1494,189456.30693374554,3.6646347747191596e6,0.0,0.0,0.0,0.0
1495,191129.1301324524,3.6662920604025344e6,0.0,0.0,0.0,0.0
1496,192801.95333115925,3.6679493460859093e6,0.0,0.0,0.0,0.0
1497,196843.45333115925,3.6705633714043493e6,0.0,0.0,0.0,0.0
1498,200884.95333115925,3.6731773967227894e6,0.0,0.0,0.0,0.0
1499,203565.45333115925,3.6799601205321923e6,0.0,0.0,0.0,0.0
1500,206245.95333115925,3.6867428443415957e6,0.0,0.0,0.0,0.0
1501,208483.95333115925,3.691740947528892e6,0.0,0.0,0.0,0.0
1502,210721.95333115925,3.6967390507161883e6,0.0,0.0,0.0,0.0
1503,212647.45333115925,3.7013830696725613e6,0.0,0.0,0.0,0.0
1504,214572.95333115925,3.7060270886289347e6,0.0,0.0,0.0,0.0
1505,217254.95333115925,3.7133314747141465e6,0.0,0.0,0.0,0.0
1506,219936.95333115925,3.720635860799358e6,0.0,0.0,0.0,0.0
1507,221327.3693950125,3.724128499249935e6,0.0,0.0,0.0,0.0
1508,222717.78545886572,3.727621137700512e6,0.0,0.0,0.0,0.0
1509,225824.78545886572,3.7302357830705624e6,0.0,0.0,0.0,0.0
1510,228931.78545886572,3.732850428440613e6,0.0,0.0,0.0,0.0
1511,231637.78545886572,3.732718245175966e6,0.0,0.0,0.0,0.0
1512,234343.78545886572,3.732586061911319e6,0.0,0.0,0.0,0.0
1513,233886.36006823918,3.730467233286498e6,0.0,0.0,0.0,0.0
1514,233428.93467761265,3.728348404661677e6,0.0,0.0,0.0,0.0
1515,234738.43467761265,3.7263157632107213e6,0.0,0.0,0.0,0.0
1516,236047.93467761265,3.7242831217597653e6,0.0,0.0,0.0,0.0
1517,233346.69660163333,3.7224774191982676e6,0.0,0.0,0.0,0.0
1518,230645.45852565402,3.72067171663677e6,0.0,0.0,0.0,0.0
1519,226347.61852565402,3.7213201783497944e6,0.0,0.0,0.0,0.0
1520,222049.77852565402,3.721968640062819e6,0.0,0.0,0.0,0.0
1521,219452.4751018498,3.7230095944453157e6,0.0,0.0,0.0,0.0
1522,216855.17167804556,3.7240505488278125e6,0.0,0.0,0.0,0.0
1523,218202.4857407921,3.728107803143478e6,0.0,0.0,0.0,0.0
1524,219549.79980353863,3.732165057459144e6,0.0,0.0,0.0,0.0
1525,222244.9955662298,3.737650654057602e6,0.0,0.0,0.0,0.0
1526,224940.19132892095,3.74313625065606e6,0.0,0.0,0.0,0.0
1527,227559.19132892095,3.7488543666084707e6,0.0,0.0,0.0,0.0
1528,230178.19132892095,3.754572482560882e6,0.0,0.0,0.0,0.0
1529,228082.8060385016,3.7584287750710114e6,0.0,0.0,0.0,0.0
1530,225987.4207480823,3.762285067581141e6,0.0,0.0,0.0,0.0
1531,222455.5807480823,3.763719134684721e6,0.0,0.0,0.0,0.0
1532,218923.74074808232,3.765153201788301e6,0.0,0.0,0.0,0.0
1533,219392.4528398702,3.765412271089906e6,0.0,0.0,0.0,0.0
1534,219861.1649316581,3.76567134039151e6,0.0,0.0,0.0,0.0
1535,218754.44410597923,3.763883619326718e6,0.0,0.0,0.0,0.0
1536,217647.72328030036,3.762095898261926e6,0.0,0.0,0.0,0.0
1537,215508.0779341996,3.75967324434794e6,0.0,0.0,0.0,0.0
1538,213368.43258809883,3.757250590433954e6,0.0,0.0,0.0,0.0
1539,211666.53946706076,3.755158424028386e6,0.0,0.0,0.0,0.0
1540,209964.64634602272,3.753066257622818e6,0.0,0.0,0.0,0.0
1541,204574.80634602273,3.7511749879390653e6,0.0,0.0,0.0,0.0
1542,199184.96634602273,3.749283718255313e6,0.0,0.0,0.0,0.0
1543,196126.62634602273,3.7486127101411056e6,0.0,0.0,0.0,0.0
1544,193068.28634602274,3.7479417020268985e6,0.0,0.0,0.0,0.0
1545,188970.44634602274,3.7499231513812514e6,0.0,0.0,0.0,0.0
1546,184872.60634602275,3.751904600735604e6,0.0,0.0,0.0,0.0
1547,185733.01812092774,3.757989787241455e6,0.0,0.0,0.0,0.0
1548,186593.4298958327,3.7640749737473065e6,0.0,0.0,0.0,0.0
1549,188824.9298958327,3.769948102602353e6,0.0,0.0,0.0,0.0
1550,191056.4298958327,3.775821231457399e6,0.0,0.0,0.0,0.0
1551,192665.9298958327,3.7818512333699125e6,0.0,0.0,0.0,0.0
1552,194275.4298958327,3.787881235282426e6,0.0,0.0,0.0,0.0
1553,190696.84940155974,3.793163867407291e6,0.0,0.0,0.0,0.0
1554,187118.2689072868,3.798446499532157e6,0.0,0.0,0.0,0.0
1555,183639.9289072868,3.8006903540391037e6,0.0,0.0,0.0,0.0
1556,180161.58890728682,3.802934208546051e6,0.0,0.0,0.0,0.0
1557,174399.74890728682,3.804886018744433e6,0.0,0.0,0.0,0.0
1558,168637.90890728682,3.806837828942815e6,0.0,0.0,0.0,0.0
1559,163168.06890728683,3.805939261887539e6,0.0,0.0,0.0,0.0
1560,157698.22890728683,3.805040694832263e6,0.0,0.0,0.0,0.0
1561,151817.38890728683,3.8031667865936058e6,0.0,0.0,0.0,0.0
1562,145936.54890728684,3.8012928783549485e6,0.0,0.0,0.0,0.0
1563,140872.16556221442,3.799428270890449e6,0.0,0.0,0.0,0.0
1564,135807.782217142,3.7975636634259503e6,0.0,0.0,0.0,0.0
1565,130652.442217142,3.79590367299293e6,0.0,0.0,0.0,0.0
1566,125497.102217142,3.7942436825599093e6,0.0,0.0,0.0,0.0
1567,122599.76221714201,3.794982051756462e6,0.0,0.0,0.0,0.0
1568,119702.42221714201,3.795720420953015e6,0.0,0.0,0.0,0.0
1569,115825.08221714201,3.797662310325628e6,0.0,0.0,0.0,0.0
1570,111947.74221714202,3.7996041996982414e6,0.0,0.0,0.0,0.0
1571,111453.43633788209,3.8010302061308846e6,0.0,0.0,0.0,0.0
1572,110959.13045862215,3.8024562125635273e6,0.0,0.0,0.0,0.0
1573,112916.8476769883,3.803753730763847e6,0.0,0.0,0.0,0.0
1574,114874.56489535444,3.8050512489641667e6,0.0,0.0,0.0,0.0
1575,117398.56489535444,3.805444249413648e6,0.0,0.0,0.0,0.0
1576,119922.56489535444,3.8058372498631296e6,0.0,0.0,0.0,0.0
1577,116715.50090716733,3.806739932736476e6,0.0,0.0,0.0,0.0
1578,113508.43691898021,3.807642615609822e6,0.0,0.0,0.0,0.0
1579,110105.09691898021,3.811348551814425e6,0.0,0.0,0.0,0.0
1580,106701.75691898022,3.8150544880190277e6,0.0,0.0,0.0,0.0
1581,102906.57588850398,3.8182674831932504e6,0.0,0.0,0.0,0.0
1582,99111.39485802774,3.821480478367473e6,0.0,0.0,0.0,0.0
1583,95090.7856500578,3.822277752467027e6,0.0,0.0,0.0,0.0
1584,91070.17644208786,3.8230750265665813e6,0.0,0.0,0.0,0.0
1585,90160.83213640144,3.822386657007279e6,0.0,0.0,0.0,0.0
1586,89251.48783071502,3.8216982874479764e6,0.0,0.0,0.0,0.0
1587,91133.48783071502,3.8202336132722762e6,0.0,0.0,0.0,0.0
1588,93015.48783071502,3.818768939096576e6,0.0,0.0,0.0,0.0
1589,94146.94266869407,3.817116389282882e6,0.0,0.0,0.0,0.0
1590,95278.3975066731,3.815463839469188e6,0.0,0.0,0.0,0.0
1591,95754.726026947,3.814252766402199e6,0.0,0.0,0.0,0.0
1592,96231.0545472209,3.8130416933352104e6,0.0,0.0,0.0,0.0
1593,98371.8567482197,3.812425869814341e6,0.0,0.0,0.0,0.0
1594,100512.6589492185,3.811810046293472e6,0.0,0.0,0.0,0.0
1595,102888.1589492185,3.810843893612647e6,0.0,0.0,0.0,0.0
1596,105263.6589492185,3.809877740931822e6,0.0,0.0,0.0,0.0
1597,107049.1589492185,3.809384965195951e6,0.0,0.0,0.0,0.0
1598,108834.6589492185,3.80889218946008e6,0.0,0.0,0.0,0.0
1599,110017.1589492185,3.807157172782184e6,0.0,0.0,0.0,0.0
1600,111199.6589492185,3.805422156104288e6,0.0,0.0,0.0,0.0
1601,113250.1589492185,3.8045049875006955e6,0.0,0.0,0.0,0.0
1602,115300.6589492185,3.8035878188971034e6,0.0,0.0,0.0,0.0
1603,114985.44366542916,3.805172558542045e6,0.0,0.0,0.0,0.0
1604,114670.22838163983,3.8067572981869867e6,0.0,0.0,0.0,0.0
1605,115575.31489553825,3.808520612695764e6,0.0,0.0,0.0,0.0
1606,116480.40140943667,3.8102839272045414e6,0.0,0.0,0.0,0.0
1607,115321.74120152168,3.809962008147069e6,0.0,0.0,0.0,0.0
1608,114163.08099360671,3.809640089089596e6,0.0,0.0,0.0,0.0
1609,114465.82974261997,3.808180995378391e6,0.0,0.0,0.0,0.0
1610,114768.57849163323,3.8067219016671856e6,0.0,0.0,0.0,0.0
1611,115894.57849163323,3.8050166474665953e6,0.0,0.0,0.0,0.0
1612,117020.57849163323,3.8033113932660054e6,0.0,0.0,0.0,0.0
1613,118178.07849163323,3.8016123395815208e6,0.0,0.0,0.0,0.0
1614,119335.57849163323,3.799913285897036e6,0.0,0.0,0.0,0.0
1615,120517.07849163323,3.798066039877632e6,0.0,0.0,0.0,0.0
1616,121698.57849163323,3.7962187938582283e6,0.0,0.0,0.0,0.0
1617,122945.57849163323,3.793837683402148e6,0.0,0.0,0.0,0.0
1618,124192.57849163323,3.7914565729460684e6,0.0,0.0,0.0,0.0
1619,125220.07849163323,3.788659407859315e6,0.0,0.0,0.0,0.0
1620,126247.57849163323,3.785862242772562e6,0.0,0.0,0.0,0.0
1621,126990.57849163323,3.789568597659558e6,0.0,0.0,0.0,0.0
1622,127733.57849163323,3.7932749525465546e6,0.0,0.0,0.0,0.0
1623,128600.07849163323,3.797205840580782e6,0.0,0.0,0.0,0.0
1624,129466.57849163323,3.8011367286150088e6,0.0,0.0,0.0,0.0
1625,130707.57849163323,3.799121448609148e6,0.0,0.0,0.0,0.0
1626,131948.57849163323,3.7971061686032875e6,0.0,0.0,0.0,0.0
1627,132309.53116207581,3.797817255528976e6,0.0,0.0,0.0,0.0
1628,132670.4838325184,3.7985283424546653e6,0.0,0.0,0.0,0.0
1629,134723.9368303052,3.7997813544879677e6,0.0,0.0,0.0,0.0
1630,136777.389828092,3.8010343665212695e6,0.0,0.0,0.0,0.0
1631,137110.79329260625,3.7999063803700935e6,0.0,0.0,0.0,0.0
1632,137444.1967571205,3.798778394218917e6,0.0,0.0,0.0,0.0
1633,138675.1967571205,3.796613681774916e6,0.0,0.0,0.0,0.0
1634,139906.1967571205,3.794448969330915e6,0.0,0.0,0.0,0.0
1635,140827.6967571205,3.7918030968371336e6,0.0,0.0,0.0,0.0
1636,141749.1967571205,3.7891572243433525e6,0.0,0.0,0.0,0.0
1637,139209.82106433442,3.7872275114597464e6,0.0,0.0,0.0,0.0
1638,136670.44537154833,3.7852977985761403e6,0.0,0.0,0.0,0.0
1639,131491.10537154833,3.786077091178989e6,0.0,0.0,0.0,0.0
1640,126311.76537154833,3.7868563837818373e6,0.0,0.0,0.0,0.0
1641,121857.624287477,3.788042430241201e6,0.0,0.0,0.0,0.0
1642,117403.48320340567,3.7892284767005644e6,0.0,0.0,0.0,0.0
1643,116131.56407505533,3.790121238748142e6,0.0,0.0,0.0,0.0
1644,114859.644946705,3.7910140007957197e6,0.0,0.0,0.0,0.0
1645,115415.70892690332,3.793207647275175e6,0.0,0.0,0.0,0.0
1646,115971.77290710164,3.79540129375463e6,0.0,0.0,0.0,0.0
1647,116463.20216490136,3.7967569999693986e6,0.0,0.0,0.0,0.0
1648,116954.63142270107,3.7981127061841674e6,0.0,0.0,0.0,0.0
1649,113768.08689989772,3.798513147252975e6,0.0,0.0,0.0,0.0
1650,110581.54237709436,3.798913588321783e6,0.0,0.0,0.0,0.0
1651,106126.20237709436,3.801739051239418e6,0.0,0.0,0.0,0.0
1652,101670.86237709437,3.804564514157052e6,0.0,0.0,0.0,0.0
1653,97985.70587717574,3.8065795696197096e6,0.0,0.0,0.0,0.0
1654,94300.54937725712,3.8085946250823666e6,0.0,0.0,0.0,0.0
1655,90262.53207923812,3.807748762413987e6,0.0,0.0,0.0,0.0
1656,86224.51478121913,3.806902899745607e6,0.0,0.0,0.0,0.0
1657,82976.79671217882,3.804564572850654e6,0.0,0.0,0.0,0.0
1658,79729.07864313853,3.8022262459557015e6,0.0,0.0,0.0,0.0
1659,79213.3772381563,3.7996138562488896e6,0.0,0.0,0.0,0.0
1660,78697.67583317406,3.7970014665420777e6,0.0,0.0,0.0,0.0
1661,74634.48301129334,3.795306753218867e6,0.0,0.0,0.0,0.0
1662,70571.29018941263,3.793612039895656e6,0.0,0.0,0.0,0.0
1663,66583.95018941263,3.7945376646785922e6,0.0,0.0,0.0,0.0
1664,62596.610189412626,3.7954632894615284e6,0.0,0.0,0.0,0.0
1665,58005.27018941262,3.796916578165035e6,0.0,0.0,0.0,0.0
1666,53413.930189412626,3.798369866868542e6,0.0,0.0,0.0,0.0
1667,50998.50219531104,3.799544352885872e6,0.0,0.0,0.0,0.0
1668,48583.074201209456,3.8007188389032027e6,0.0,0.0,0.0,0.0
1669,47415.925137907936,3.804942543624469e6,0.0,0.0,0.0,0.0
1670,46248.776074606416,3.809166248345736e6,0.0,0.0,0.0,0.0
1671,45013.4904938122,3.811590102857259e6,0.0,0.0,0.0,0.0
1672,43778.20491301798,3.814013957368782e6,0.0,0.0,0.0,0.0
1673,40672.59184407288,3.8143821557538416e6,0.0,0.0,0.0,0.0
1674,37566.978775127776,3.814750354138901e6,0.0,0.0,0.0,0.0
1675,33209.61795638343,3.817820117391089e6,0.0,0.0,0.0,0.0
1676,28852.257137639084,3.8208898806432765e6,0.0,0.0,0.0,0.0
1677,28857.221289040164,3.823237903820794e6,0.0,0.0,0.0,0.0
1678,28862.185440441248,3.825585926998312e6,0.0,0.0,0.0,0.0
1679,28655.166571244612,3.824591251943402e6,0.0,0.0,0.0,0.0
1680,28448.147702047972,3.8235965768884923e6,0.0,0.0,0.0,0.0
1681,29872.647702047972,3.8207361665374637e6,0.0,0.0,0.0,0.0
1682,31297.147702047972,3.8178757561864355e6,0.0,0.0,0.0,0.0
1683,32348.647702047972,3.81489257561652e6,0.0,0.0,0.0,0.0
1684,33400.14770204797,3.8119093950466043e6,0.0,0.0,0.0,0.0
1685,35790.64770204797,3.809781265647625e6,0.0,0.0,0.0,0.0
1686,38181.14770204797,3.807653136248646e6,0.0,0.0,0.0,0.0
1687,33645.80770204797,3.8076375226867804e6,0.0,0.0,0.0,0.0
1688,29110.467702047972,3.807621909124915e6,0.0,0.0,0.0,0.0
1689,32411.327043114135,3.808612639326958e6,0.0,0.0,0.0,0.0
1690,35712.1863841803,3.809603369529001e6,0.0,0.0,0.0,0.0
1691,37727.61016918064,3.8100118712687455e6,0.0,0.0,0.0,0.0
1692,39743.03395418098,3.8104203730084905e6,0.0,0.0,0.0,0.0
1693,41710.53395418098,3.810193427734307e6,0.0,0.0,0.0,0.0
1694,43678.03395418098,3.8099664824601235e6,0.0,0.0,0.0,0.0
1695,45358.53395418098,3.808712005780397e6,0.0,0.0,0.0,0.0
1696,47039.03395418098,3.80745752910067e6,0.0,0.0,0.0,0.0
1697,46177.97266017586,3.8073439473843393e6,0.0,0.0,0.0,0.0
1698,45316.91136617074,3.8072303656680086e6,0.0,0.0,0.0,0.0
1699,41963.82289245038,3.8096701564838868e6,0.0,0.0,0.0,0.0
1700,38610.734418730026,3.8121099472997645e6,0.0,0.0,0.0,0.0
1701,41134.734418730026,3.8138118766990984e6,0.0,0.0,0.0,0.0
1702,43658.734418730026,3.8155138060984323e6,0.0,0.0,0.0,0.0
1703,43406.256128877605,3.8141365591998184e6,0.0,0.0,0.0,0.0
1704,43153.77783902519,3.8127593123012045e6,0.0,0.0,0.0,0.0
1705,44608.483160997814,3.809649021151128e6,0.0,0.0,0.0,0.0
1706,46063.188482970436,3.8065387300010514e6,0.0,0.0,0.0,0.0
1707,47246.688482970436,3.8031723575358214e6,0.0,0.0,0.0,0.0
1708,48430.188482970436,3.7998059850705913e6,0.0,0.0,0.0,0.0
1709,49025.45944207584,3.796946814822784e6,0.0,0.0,0.0,0.0
1710,49620.73040118124,3.794087644574977e6,0.0,0.0,0.0,0.0
1711,47107.77702610263,3.794898559809963e6,0.0,0.0,0.0,0.0
1712,44594.823651024024,3.7957094750449494e6,0.0,0.0,0.0,0.0
1713,45787.204220331136,3.7972241488579e6,0.0,0.0,0.0,0.0
1714,46979.58478963825,3.7987388226708504e6,0.0,0.0,0.0,0.0
1715,49782.08478963825,3.7985855576514453e6,0.0,0.0,0.0,0.0
1716,52584.58478963825,3.7984322926320396e6,0.0,0.0,0.0,0.0
1717,54288.58478963825,3.798329350596116e6,0.0,0.0,0.0,0.0
1718,55992.58478963825,3.7982264085601927e6,0.0,0.0,0.0,0.0
1719,57541.58478963825,3.7966013853482036e6,0.0,0.0,0.0,0.0
1720,59090.58478963825,3.794976362136214e6,0.0,0.0,0.0,0.0
1721,61785.58478963825,3.793398218515785e6,0.0,0.0,0.0,0.0
1722,64480.58478963825,3.791820074895356e6,0.0,0.0,0.0,0.0
1723,63731.23128679071,3.791989236713432e6,0.0,0.0,0.0,0.0
1724,62981.87778394317,3.7921583985315077e6,0.0,0.0,0.0,0.0
1725,65205.87778394317,3.7907978930263785e6,0.0,0.0,0.0,0.0
1726,67429.87778394317,3.7894373875212492e6,0.0,0.0,0.0,0.0
1727,67495.59749505948,3.78711456191656e6,0.0,0.0,0.0,0.0
1728,67561.31720617581,3.784791736311871e6,0.0,0.0,0.0,0.0
1729,68984.16655166597,3.78217996665667e6,0.0,0.0,0.0,0.0
1730,70407.01589715613,3.7795681970014684e6,0.0,0.0,0.0,0.0
1731,71339.01589715613,3.7756679600995625e6,0.0,0.0,0.0,0.0
1732,72271.01589715613,3.7717677231976567e6,0.0,0.0,0.0,0.0
1733,73248.45246585351,3.7684025908356477e6,0.0,0.0,0.0,0.0
1734,74225.8890345509,3.765037458473639e6,0.0,0.0,0.0,0.0
1735,71965.65459611588,3.7632218350863727e6,0.0,0.0,0.0,0.0
1736,69705.42015768087,3.7614062116991063e6,0.0,0.0,0.0,0.0
1737,70218.6852445609,3.7607885280234055e6,0.0,0.0,0.0,0.0
1738,70731.95033144092,3.7601708443477047e6,0.0,0.0,0.0,0.0
1739,73580.45033144092,3.760930004899554e6,0.0,0.0,0.0,0.0
1740,76428.95033144092,3.761689165451403e6,0.0,0.0,0.0,0.0
1741,78877.95033144092,3.764799362144499e6,0.0,0.0,0.0,0.0
1742,81326.95033144092,3.767909558837596e6,0.0,0.0,0.0,0.0
1743,83342.45033144092,3.766782414855417e6,0.0,0.0,0.0,0.0
1744,85357.95033144092,3.765655270873238e6,0.0,0.0,0.0,0.0
1745,86458.11226073866,3.7634930386356786e6,0.0,0.0,0.0,0.0
1746,87558.2741900364,3.76133080639812e6,0.0,0.0,0.0,0.0
1747,87044.33761521467,3.7630066936298106e6,0.0,0.0,0.0,0.0
1748,86530.40104039293,3.764682580861502e6,0.0,0.0,0.0,0.0
1749,87528.60349033635,3.765352744380895e6,0.0,0.0,0.0,0.0
1750,88526.80594027977,3.7660229079002882e6,0.0,0.0,0.0,0.0
1751,88182.35416904527,3.7641942634292003e6,0.0,0.0,0.0,0.0
1752,87837.90239781077,3.762365618958113e6,0.0,0.0,0.0,0.0
1753,88970.90239781077,3.75970672538051e6,0.0,0.0,0.0,0.0
1754,90103.90239781077,3.757047831802908e6,0.0,0.0,0.0,0.0
1755,91108.40239781077,3.7530316452498306e6,0.0,0.0,0.0,0.0
1756,92112.90239781077,3.7490154586967537e6,0.0,0.0,0.0,0.0
1757,93247.90239781077,3.74484301913782e6,0.0,0.0,0.0,0.0
1758,94382.90239781077,3.7406705795788867e6,0.0,0.0,0.0,0.0
1759,96186.90239781077,3.736726939064243e6,0.0,0.0,0.0,0.0
1760,97990.90239781077,3.732783298549599e6,0.0,0.0,0.0,0.0
1761,101867.40239781077,3.7295595379547933e6,0.0,0.0,0.0,0.0
1762,105743.90239781077,3.726335777359988e6,0.0,0.0,0.0,0.0
1763,108544.90239781077,3.72590115483051e6,0.0,0.0,0.0,0.0
1764,111345.90239781077,3.725466532301031e6,0.0,0.0,0.0,0.0
1765,113628.90239781077,3.728502304986241e6,0.0,0.0,0.0,0.0
1766,115911.90239781077,3.7315380776714506e6,0.0,0.0,0.0,0.0
1767,117343.40239781077,3.7338093267208626e6,0.0,0.0,0.0,0.0
1768,118774.90239781077,3.736080575770275e6,0.0,0.0,0.0,0.0
1769,120776.40239781077,3.7326940846034745e6,0.0,0.0,0.0,0.0
1770,122777.90239781077,3.7293075934366733e6,0.0,0.0,0.0,0.0
1771,125651.265083212,3.729357085293915e6,0.0,0.0,0.0,0.0
1772,128524.62776861322,3.7294065771511565e6,0.0,0.0,0.0,0.0
1773,130281.11057105735,3.7299000259615453e6,0.0,0.0,0.0,0.0
1774,132037.59337350147,3.7303934747719346e6,0.0,0.0,0.0,0.0
1775,130360.01469828171,3.72894678209294e6,0.0,0.0,0.0,0.0
1776,128682.43602306195,3.7275000894139456e6,0.0,0.0,0.0,0.0
1777,128059.20996969653,3.723331990216286e6,0.0,0.0,0.0,0.0
1778,127435.98391633111,3.7191638910186263e6,0.0,0.0,0.0,0.0
1779,128629.98391633111,3.7143230358235296e6,0.0,0.0,0.0,0.0
1780,129823.98391633111,3.7094821806284324e6,0.0,0.0,0.0,0.0
1781,130739.48391633111,3.7047702961683283e6,0.0,0.0,0.0,0.0
1782,131654.9839163311,3.7000584117082236e6,0.0,0.0,0.0,0.0
1783,132286.0594727593,3.695890312510564e6,0.0,0.0,0.0,0.0
1784,132917.13502918748,3.6917222133129044e6,0.0,0.0,0.0,0.0
1785,133917.93553910853,3.6879732690039705e6,0.0,0.0,0.0,0.0
1786,134918.73604902954,3.6842243246950367e6,0.0,0.0,0.0,0.0
1787,137484.23604902954,3.680693018501403e6,0.0,0.0,0.0,0.0
1788,140049.73604902954,3.677161712307769e6,0.0,0.0,0.0,0.0
1789,141695.23604902954,3.674678031356886e6,0.0,0.0,0.0,0.0
1790,143340.73604902954,3.6721943504060027e6,0.0,0.0,0.0,0.0
1791,144247.23604902954,3.66797726713111e6,0.0,0.0,0.0,0.0
1792,145153.73604902954,3.6637601838562177e6,0.0,0.0,0.0,0.0
1793,145477.23909801227,3.6604818587196846e6,0.0,0.0,0.0,0.0
1794,145800.74214699498,3.6572035335831516e6,0.0,0.0,0.0,0.0
1795,143374.65906084827,3.658426783139148e6,0.0,0.0,0.0,0.0
1796,140948.57597470155,3.6596500326951435e6,0.0,0.0,0.0,0.0
1797,139301.26493769744,3.661463571384375e6,0.0,0.0,0.0,0.0
1798,137653.9539006933,3.663277110073606e6,0.0,0.0,0.0,0.0
1799,133076.1663227617,3.6621441635095454e6,0.0,0.0,0.0,0.0
1800,128498.37874483012,3.6610112169454847e6,0.0,0.0,0.0,0.0
1801,125882.18467201799,3.6569813892569756e6,0.0,0.0,0.0,0.0
1802,123265.99059920588,3.6529515615684665e6,0.0,0.0,0.0,0.0
1803,122672.20463833192,3.6487295178806894e6,0.0,0.0,0.0,0.0
1804,122078.41867745796,3.6445074741929127e6,0.0,0.0,0.0,0.0
1805,114768.07867745796,3.641379821597741e6,0.0,0.0,0.0,0.0
1806,107457.73867745796,3.6382521690025693e6,0.0,0.0,0.0,0.0
1807,102104.89867745797,3.6398920932408487e6,0.0,0.0,0.0,0.0
1808,96752.05867745797,3.6415320174791287e6,0.0,0.0,0.0,0.0
1809,93123.87336904497,3.644017072062576e6,0.0,0.0,0.0,0.0
1810,89495.68806063196,3.6465021266460232e6,0.0,0.0,0.0,0.0
1811,86637.03067967115,3.6485475646375967e6,0.0,0.0,0.0,0.0
1812,83778.37329871033,3.6505930026291707e6,0.0,0.0,0.0,0.0
1813,82349.07461669052,3.652991476380964e6,0.0,0.0,0.0,0.0
1814,80919.7759346707,3.655389950132757e6,0.0,0.0,0.0,0.0
1815,79001.2725164665,3.656044947740308e6,0.0,0.0,0.0,0.0
1816,77082.76909826232,3.6566999453478586e6,0.0,0.0,0.0,0.0
1817,71242.92909826232,3.6559055469631534e6,0.0,0.0,0.0,0.0
1818,65403.08909826232,3.6551111485784487e6,0.0,0.0,0.0,0.0
1819,61477.24909826231,3.6577053322453513e6,0.0,0.0,0.0,0.0
1820,57551.40909826232,3.660299515912254e6,0.0,0.0,0.0,0.0
1821,52300.54271191102,3.6616194935194943e6,0.0,0.0,0.0,0.0
1822,47049.67632555972,3.6629394711267347e6,0.0,0.0,0.0,0.0
1823,43537.44058931598,3.660545959638444e6,0.0,0.0,0.0,0.0
1824,40025.20485307224,3.6581524481501533e6,0.0,0.0,0.0,0.0
1825,38291.22517823642,3.654505192305348e6,0.0,0.0,0.0,0.0
1826,36557.2455034006,3.650857936460543e6,0.0,0.0,0.0,0.0
1827,35209.80569279556,3.6464802598185204e6,0.0,0.0,0.0,0.0
1828,33862.36588219052,3.642102583176498e6,0.0,0.0,0.0,0.0
1829,27901.044452787377,3.6386748256018246e6,0.0,0.0,0.0,0.0
1830,21939.72302338424,3.635247068027151e6,0.0,0.0,0.0,0.0
1831,17576.88302338424,3.635409409277511e6,0.0,0.0,0.0,0.0
1832,13214.043023384238,3.635571750527871e6,0.0,0.0,0.0,0.0
1833,9006.64754970063,3.6405788579646223e6,0.0,0.0,0.0,0.0
1834,4799.252076017023,3.645585965401374e6,0.0,0.0,0.0,0.0
1835,7022.519995887544,3.6532026793852616e6,0.0,0.0,0.0,0.0
1836,9245.787915758065,3.66081939336915e6,0.0,0.0,0.0,0.0
1837,11642.787915758065,3.6662808079547966e6,0.0,0.0,0.0,0.0
1838,14039.787915758065,3.6717422225404438e6,0.0,0.0,0.0,0.0
1839,14444.195570699283,3.6763684276066916e6,0.0,0.0,0.0,0.0
1840,14848.603225640501,3.6809946326729394e6,0.0,0.0,0.0,0.0
1841,12636.717469909663,3.6867891042081425e6,0.0,0.0,0.0,0.0
1842,10424.831714178825,3.6925835757433455e6,0.0,0.0,0.0,0.0
1843,6447.991714178825,3.6942241200332358e6,0.0,0.0,0.0,0.0
1844,2471.1517141788245,3.695864664323126e6,0.0,0.0,0.0,0.0
1845,2058.2941608928686,3.6954683390723886e6,0.0,0.0,0.0,0.0
1846,1645.4366076069127,3.6950720138216508e6,0.0,0.0,0.0,0.0
1847,822.7183038034564,3.6916603775888514e6,0.0,0.0,0.0,0.0
1848,0.0,3.688248741356052e6,0.0,0.0,0.0,0.0
1849,1244.273314078362,3.6834357884834297e6,0.0,0.0,0.0,0.0
1850,2488.546628156724,3.678622835610807e6,0.0,0.0,0.0,0.0
1851,3242.546628156724,3.673333683101289e6,0.0,0.0,0.0,0.0
1852,3996.546628156724,3.6680445305917705e6,0.0,0.0,0.0,0.0
1853,2227.484370123746,3.6640054021291034e6,0.0,0.0,0.0,0.0
1854,458.42211209076777,3.6599662736664363e6,0.0,0.0,0.0,0.0
1855,527.8304076050099,3.660241464309915e6,0.0,0.0,0.0,0.0
1856,597.238703119252,3.660516654953393e6,0.0,0.0,0.0,0.0
1857,298.619351559626,3.6624399427776905e6,0.0,0.0,0.0,0.0
1858,0.0,3.6643632306019873e6,0.0,0.0,0.0,0.0
1859,2817.0,3.669579358178195e6,0.0,0.0,0.0,0.0
1860,5634.0,3.674795485754403e6,0.0,0.0,0.0,0.0
1861,7370.0,3.682360899973235e6,0.0,0.0,0.0,0.0
1862,9106.0,3.689926314192068e6,0.0,0.0,0.0,0.0
1863,10023.0,3.690151900706703e6,0.0,0.0,0.0,0.0
1864,10940.0,3.6903774872213383e6,0.0,0.0,0.0,0.0
1865,12617.0,3.691048270792342e6,0.0,0.0,0.0,0.0
1866,14294.0,3.6917190543633457e6,0.0,0.0,0.0,0.0
1867,17448.5,3.693647302600527e6,0.0,0.0,0.0,0.0
1868,20603.0,3.6955755508377086e6,0.0,0.0,0.0,0.0
1869,21941.0,3.6946949652791386e6,0.0,0.0,0.0,0.0
1870,23279.0,3.693814379720568e6,0.0,0.0,0.0,0.0
1871,24577.5,3.690030712521444e6,0.0,0.0,0.0,0.0
1872,25876.0,3.68624704532232e6,0.0,0.0,0.0,0.0
1873,26500.5,3.681502298126857e6,0.0,0.0,0.0,0.0
1874,27125.0,3.6767575509313936e6,0.0,0.0,0.0,0.0
1875,27529.0,3.6713258532597795e6,0.0,0.0,0.0,0.0
1876,27933.0,3.665894155588166e6,0.0,0.0,0.0,0.0
1877,29151.0,3.6635032874491513e6,0.0,0.0,0.0,0.0
1878,30369.0,3.661112419310136e6,0.0,0.0,0.0,0.0
1879,28753.549174797903,3.659964456649339e6,0.0,0.0,0.0,0.0
1880,27138.098349595806,3.6588164939885414e6,0.0,0.0,0.0,0.0
1881,28789.53558676751,3.6594539412320713e6,0.0,0.0,0.0,0.0
1882,30440.97282393921,3.660091388475601e6,0.0,0.0,0.0,0.0
1883,33734.47282393921,3.6645321981102973e6,0.0,0.0,0.0,0.0
1884,37027.97282393921,3.668973007744993e6,0.0,0.0,0.0,0.0
1885,40103.47282393921,3.672560006311974e6,0.0,0.0,0.0,0.0
1886,43178.97282393921,3.676147004878955e6,0.0,0.0,0.0,0.0
1887,45903.47282393921,3.6783109849997438e6,0.0,0.0,0.0,0.0
1888,48627.97282393921,3.6804749651205325e6,0.0,0.0,0.0,0.0
1889,52384.97282393921,3.681413143401983e6,0.0,0.0,0.0,0.0
1890,56141.97282393921,3.6823513216834343e6,0.0,0.0,0.0,0.0
1891,58558.225424796816,3.6807973600758165e6,0.0,0.0,0.0,0.0
1892,60974.47802565442,3.6792433984681983e6,0.0,0.0,0.0,0.0
1893,62785.97802565442,3.6774308753389847e6,0.0,0.0,0.0,0.0
1894,64597.47802565442,3.675618352209771e6,0.0,0.0,0.0,0.0
1895,63815.75315078912,3.6707309931438835e6,0.0,0.0,0.0,0.0
1896,63034.02827592382,3.665843634077996e6,0.0,0.0,0.0,0.0
1897,64361.52827592382,3.663010308511613e6,0.0,0.0,0.0,0.0
1898,65689.02827592382,3.6601769829452294e6,0.0,0.0,0.0,0.0
1899,66145.52827592382,3.6602661330934833e6,0.0,0.0,0.0,0.0
1900,66602.02827592382,3.660355283241737e6,0.0,0.0,0.0,0.0
1901,67757.52827592382,3.6621050688866843e6,0.0,0.0,0.0,0.0
1902,68913.02827592382,3.663854854531632e6,0.0,0.0,0.0,0.0
1903,64437.63385585058,3.666569440482581e6,0.0,0.0,0.0,0.0
1904,59962.239435777345,3.6692840264335307e6,0.0,0.0,0.0,0.0
1905,57076.1060988478,3.6741756135890903e6,0.0,0.0,0.0,0.0
1906,54189.97276191825,3.67906720074465e6,0.0,0.0,0.0,0.0
1907,53332.81138177138,3.6843667818599455e6,0.0,0.0,0.0,0.0
1908,52475.65000162451,3.689666362975241e6,0.0,0.0,0.0,0.0
1909,54735.75017805152,3.6934933215155015e6,0.0,0.0,0.0,0.0
1910,56995.850354478534,3.697320280055762e6,0.0,0.0,0.0,0.0
1911,57153.557512447376,3.700860774751952e6,0.0,0.0,0.0,0.0
1912,57311.26467041622,3.7044012694481425e6,0.0,0.0,0.0,0.0
1913,55442.05953211078,3.708517922877535e6,0.0,0.0,0.0,0.0
1914,53572.85439380535,3.712634576306928e6,0.0,0.0,0.0,0.0
1915,55668.98187706733,3.712761442173185e6,0.0,0.0,0.0,0.0
1916,57765.10936032931,3.712888308039442e6,0.0,0.0,0.0,0.0
1917,57763.611230643895,3.7119947013970506e6,0.0,0.0,0.0,0.0
1918,57762.11310095848,3.711101094754659e6,0.0,0.0,0.0,0.0
1919,57092.564495479324,3.707900896121054e6,0.0,0.0,0.0,0.0
1920,56423.01589000017,3.7047006974874493e6,0.0,0.0,0.0,0.0
1921,58171.01589000017,3.6999099257239634e6,0.0,0.0,0.0,0.0
1922,59919.01589000017,3.6951191539604776e6,0.0,0.0,0.0,0.0
1923,61209.01589000017,3.692906529578816e6,0.0,0.0,0.0,0.0
1924,62499.01589000017,3.6906939051971543e6,0.0,0.0,0.0,0.0
1925,63470.51589000017,3.6907529129568e6,0.0,0.0,0.0,0.0
1926,64442.01589000017,3.6908119207164454e6,0.0,0.0,0.0,0.0
1927,66442.51589000017,3.690338672946506e6,0.0,0.0,0.0,0.0
1928,68443.01589000017,3.6898654251765674e6,0.0,0.0,0.0,0.0
1929,70865.51589000017,3.689160744362398e6,0.0,0.0,0.0,0.0
1930,73288.01589000017,3.6884560635482282e6,0.0,0.0,0.0,0.0
1931,75312.01589000017,3.6917421850847155e6,0.0,0.0,0.0,0.0
1932,77336.01589000017,3.695028306621203e6,0.0,0.0,0.0,0.0
1933,79210.01589000017,3.70158969276395e6,0.0,0.0,0.0,0.0
1934,81084.01589000017,3.708151078906697e6,0.0,0.0,0.0,0.0
1935,82281.01589000017,3.713623654421334e6,0.0,0.0,0.0,0.0
1936,83478.01589000017,3.7190962299359706e6,0.0,0.0,0.0,0.0
1937,85281.51589000017,3.7203757992659057e6,0.0,0.0,0.0,0.0
1938,87085.01589000017,3.721655368595841e6,0.0,0.0,0.0,0.0
1939,90074.01589000017,3.722714924526654e6,0.0,0.0,0.0,0.0
1940,93063.01589000017,3.723774480457467e6,0.0,0.0,0.0,0.0
1941,95068.01589000017,3.7244886676412085e6,0.0,0.0,0.0,0.0
1942,97073.01589000017,3.7252028548249505e6,0.0,0.0,0.0,0.0
1943,98828.51589000017,3.723045583000276e6,0.0,0.0,0.0,0.0
1944,100584.01589000017,3.720888311175601e6,0.0,0.0,0.0,0.0
1945,101316.51589000017,3.716661835556945e6,0.0,0.0,0.0,0.0
1946,102049.01589000017,3.712435359938289e6,0.0,0.0,0.0,0.0
1947,102358.51589000017,3.7084666124048056e6,0.0,0.0,0.0,0.0
1948,102668.01589000017,3.7044978648713217e6,0.0,0.0,0.0,0.0
1949,103072.01589000017,3.703432359495706e6,0.0,0.0,0.0,0.0
1950,103476.01589000017,3.7023668541200906e6,0.0,0.0,0.0,0.0
1951,104070.01589000017,3.7022663412551535e6,0.0,0.0,0.0,0.0
1952,104664.01589000017,3.702165828390217e6,0.0,0.0,0.0,0.0
1953,105427.01589000017,3.7047564040190578e6,0.0,0.0,0.0,0.0
1954,106190.01589000017,3.707346979647899e6,0.0,0.0,0.0,0.0
1955,107278.51589000017,3.7096814739615866e6,0.0,0.0,0.0,0.0
1956,108367.01589000017,3.712015968275274e6,0.0,0.0,0.0,0.0
1957,109320.01589000017,3.7145575598268826e6,0.0,0.0,0.0,0.0
1958,110273.01589000017,3.717099151378491e6,0.0,0.0,0.0,0.0
1959,111085.01589000017,3.7194280652276836e6,0.0,0.0,0.0,0.0
1960,111897.01589000017,3.7217569790768763e6,0.0,0.0,0.0,0.0
1961,113102.51589000017,3.7234786260721735e6,0.0,0.0,0.0,0.0
1962,114308.01589000017,3.7252002730674706e6,0.0,0.0,0.0,0.0
1963,116745.04788390659,3.724847351429471e6,0.0,0.0,0.0,0.0
1964,119182.07987781301,3.724494429791471e6,0.0,0.0,0.0,0.0
1965,122125.07987781301,3.7250709655176727e6,0.0,0.0,0.0,0.0
1966,125068.07987781301,3.725647501243874e6,0.0,0.0,0.0,0.0
1967,123773.95075619183,3.7238194768243968e6,0.0,0.0,0.0,0.0
1968,122479.82163457066,3.7219914524049195e6,0.0,0.0,0.0,0.0
1969,121267.78859116361,3.7174383011571136e6,0.0,0.0,0.0,0.0
1970,120055.75554775655,3.7128851499093077e6,0.0,0.0,0.0,0.0
1971,120330.15274492226,3.7082036479781196e6,0.0,0.0,0.0,0.0
1972,120604.549942088,3.703522146046932e6,0.0,0.0,0.0,0.0
1973,119708.84299472804,3.7000373437240887e6,0.0,0.0,0.0,0.0
1974,118813.13604736808,3.696552541401245e6,0.0,0.0,0.0,0.0
1975,114176.79604736809,3.697226425230302e6,0.0,0.0,0.0,0.0
1976,109540.45604736809,3.697900309059358e6,0.0,0.0,0.0,0.0
1977,110882.7888265381,3.7014086765294997e6,0.0,0.0,0.0,0.0
1978,112225.1216057081,3.704917043999641e6,0.0,0.0,0.0,0.0
1979,112691.04797097095,3.713290337978659e6,0.0,0.0,0.0,0.0
1980,113156.97433623379,3.721663631957677e6,0.0,0.0,0.0,0.0
1981,114430.47433623379,3.729431018482927e6,0.0,0.0,0.0,0.0
1982,115703.97433623379,3.7371984050081763e6,0.0,0.0,0.0,0.0
1983,116552.97433623379,3.7428923389477762e6,0.0,0.0,0.0,0.0
1984,117401.97433623379,3.748586272887376e6,0.0,0.0,0.0,0.0
1985,116214.43318030411,3.7538443105447656e6,0.0,0.0,0.0,0.0
1986,115026.89202437444,3.759102348202155e6,0.0,0.0,0.0,0.0
1987,110333.05091635289,3.7649494358847784e6,0.0,0.0,0.0,0.0
1988,105639.20980833136,3.770796523567402e6,0.0,0.0,0.0,0.0
1989,103741.68394187505,3.7749601701321863e6,0.0,0.0,0.0,0.0
1990,101844.15807541873,3.7791238166969703e6,0.0,0.0,0.0,0.0
1991,98243.24415053605,3.781596582519809e6,0.0,0.0,0.0,0.0
1992,94642.33022565338,3.784069348342647e6,0.0,0.0,0.0,0.0
1993,92390.4927506148,3.7859685664257347e6,0.0,0.0,0.0,0.0
1994,90138.65527557622,3.7878677845088225e6,0.0,0.0,0.0,0.0
1995,90506.15527557622,3.789648572734297e6,0.0,0.0,0.0,0.0
1996,90873.65527557622,3.791429360959771e6,0.0,0.0,0.0,0.0
1997,86531.41470675496,3.7932306108883936e6,0.0,0.0,0.0,0.0
1998,82189.1741379337,3.7950318608170156e6,0.0,0.0,0.0,0.0
1999,79379.44058418165,3.799248211768696e6,0.0,0.0,0.0,0.0
2000,76569.70703042959,3.803464562720376e6,0.0,0.0,0.0,0.0
2001,71373.8670304296,3.810197703159243e6,0.0,0.0,0.0,0.0
2002,66178.0270304296,3.81693084359811e6,0.0,0.0,0.0,0.0
2003,61699.00746806987,3.8236763850691877e6,0.0,0.0,0.0,0.0
2004,57219.987905710135,3.830421926540266e6,0.0,0.0,0.0,0.0
2005,52096.62518776756,3.8356849246105393e6,0.0,0.0,0.0,0.0
2006,46973.262469824986,3.8409479226808134e6,0.0,0.0,0.0,0.0
2007,41540.36889962361,3.844548562383226e6,0.0,0.0,0.0,0.0
2008,36107.47532942223,3.848149202085639e6,0.0,0.0,0.0,0.0
2009,30542.135329422228,3.851898034122971e6,0.0,0.0,0.0,0.0
2010,24976.795329422228,3.855646866160303e6,0.0,0.0,0.0,0.0
2011,20700.455329422228,3.8617996382917035e6,0.0,0.0,0.0,0.0
2012,16424.115329422228,3.8679524104231037e6,0.0,0.0,0.0,0.0
2013,12326.00188119979,3.873511793163216e6,0.0,0.0,0.0,0.0
2014,8227.888432977354,3.8790711759033287e6,0.0,0.0,0.0,0.0
2015,4113.944216488677,3.881635709364527e6,0.0,0.0,0.0,0.0
2016,0.0,3.8842002428257256e6,0.0,0.0,0.0,0.0
2017,685.5,3.88617572725691e6,0.0,0.0,0.0,0.0
2018,1371.0,3.8881512116880943e6,0.0,0.0,0.0,0.0
2019,1839.0,3.889721802417595e6,0.0,0.0,0.0,0.0
2020,2307.0,3.891292393147096e6,0.0,0.0,0.0,0.0
2021,3681.0,3.893193471385015e6,0.0,0.0,0.0,0.0
2022,5055.0,3.895094549622935e6,0.0,0.0,0.0,0.0
2023,2527.5,3.8976801648388915e6,0.0,0.0,0.0,0.0
2024,0.0,3.9002657800548486e6,0.0,0.0,0.0,0.0
2025,0.0,3.9036549821580667e6,0.0,0.0,0.0,0.0
2026,0.0,3.9070441842612852e6,0.0,0.0,0.0,0.0
2027,2869.5,3.909897661772996e6,0.0,0.0,0.0,0.0
2028,5739.0,3.9127511392847067e6,0.0,0.0,0.0,0.0
2029,8327.5,3.915246847017135e6,0.0,0.0,0.0,0.0
2030,10916.0,3.9177425547495633e6,0.0,0.0,0.0,0.0
2031,12172.5,3.9200776691148616e6,0.0,0.0,0.0,0.0
2032,13429.0,3.9224127834801595e6,0.0,0.0,0.0,0.0
2033,10822.824074515007,3.924953134928547e6,0.0,0.0,0.0,0.0
2034,8216.648149030014,3.927493486376934e6,0.0,0.0,0.0,0.0
2035,5409.257162185144,3.9330857318524052e6,0.0,0.0,0.0,0.0
2036,2601.866175340274,3.9386779773278763e6,0.0,0.0,0.0,0.0
2037,1300.933087670137,3.9444364499705383e6,0.0,0.0,0.0,0.0
2038,0.0,3.9501949226132003e6,0.0,0.0,0.0,0.0
2039,2133.352068739856,3.952980194447751e6,0.0,0.0,0.0,0.0
2040,4266.704137479712,3.9557654662823025e6,0.0,0.0,0.0,0.0
2041,5886.204137479712,3.957505331101481e6,0.0,0.0,0.0,0.0
2042,7505.704137479712,3.9592451959206597e6,0.0,0.0,0.0,0.0
2043,8674.204137479712,3.9609118946497943e6,0.0,0.0,0.0,0.0
2044,9842.704137479712,3.9625785933789294e6,0.0,0.0,0.0,0.0
2045,11445.204137479712,3.9642992365981815e6,0.0,0.0,0.0,0.0
2046,13047.704137479712,3.966019879817433e6,0.0,0.0,0.0,0.0
2047,6958.364137479712,3.9694010212497143e6,0.0,0.0,0.0,0.0
2048,869.0241374797115,3.9727821626819954e6,0.0,0.0,0.0,0.0
2049,434.51206873985575,3.977451151309371e6,0.0,0.0,0.0,0.0
2050,0.0,3.982120139936746e6,0.0,0.0,0.0,0.0
2051,2433.5,3.9858100670710765e6,0.0,0.0,0.0,0.0
2052,4867.0,3.9894999942054073e6,0.0,0.0,0.0,0.0
2053,7153.0,3.9930404889015974e6,0.0,0.0,0.0,0.0
2054,9439.0,3.996580983597788e6,0.0,0.0,0.0,0.0
2055,11811.5,3.9990314275626466e6,0.0,0.0,0.0,0.0
2056,14184.0,4.0014818715275056e6,0.0,0.0,0.0,0.0
2057,16675.0,4.0045505069480743e6,0.0,0.0,0.0,0.0
2058,19166.0,4.0076191423686426e6,0.0,0.0,0.0,0.0
2059,16777.835684503414,4.011155963153096e6,0.0,0.0,0.0,0.0
2060,14389.671369006825,4.014692783937549e6,0.0,0.0,0.0,0.0
2061,13752.96367649345,4.0134631093222443e6,0.0,0.0,0.0,0.0
2062,13116.255983980074,4.0122334347069394e6,0.0,0.0,0.0,0.0
2063,14209.76841747643,4.0148798149807295e6,0.0,0.0,0.0,0.0
2064,15303.280850972787,4.017526195254519e6,0.0,0.0,0.0,0.0
2065,16404.280850972787,4.01682450070748e6,0.0,0.0,0.0,0.0
2066,17505.280850972787,4.016122806160441e6,0.0,0.0,0.0,0.0
2067,18363.280850972787,4.017985441198507e6,0.0,0.0,0.0,0.0
2068,19221.280850972787,4.0198480762365726e6,0.0,0.0,0.0,0.0
2069,16297.64438838737,4.0220970034280056e6,0.0,0.0,0.0,0.0
2070,13374.007925801954,4.0243459306194386e6,0.0,0.0,0.0,0.0
2071,9142.072918246104,4.0281363061146773e6,0.0,0.0,0.0,0.0
2072,4910.137910690253,4.0319266816099156e6,0.0,0.0,0.0,0.0
2073,3248.8399096216,4.0368300497460756e6,0.0,0.0,0.0,0.0
2074,1587.5419085529466,4.0417334178822353e6,0.0,0.0,0.0,0.0
2075,3244.5419085529466,4.0458859035180295e6,0.0,0.0,0.0,0.0
2076,4901.541908552947,4.050038389153824e6,0.0,0.0,0.0,0.0
2077,6007.041908552947,4.0533959686249048e6,0.0,0.0,0.0,0.0
2078,7112.541908552947,4.0567535480959853e6,0.0,0.0,0.0,0.0
2079,7998.541908552947,4.0592604167574034e6,0.0,0.0,0.0,0.0
2080,8884.541908552947,4.0617672854188215e6,0.0,0.0,0.0,0.0
2081,8298.15970431285,4.064923968168087e6,0.0,0.0,0.0,0.0
2082,7711.777500072752,4.068080650917352e6,0.0,0.0,0.0,0.0
2083,3855.888750036376,4.0744647022994845e6,0.0,0.0,0.0,0.0
2084,0.0,4.080848753681617e6,0.0,0.0,0.0,0.0
2085,1057.1586589922517,4.080652452820124e6,0.0,0.0,0.0,0.0
2086,2114.3173179845035,4.080456151958631e6,0.0,0.0,0.0,0.0
2087,1057.1586589922517,4.076818196887984e6,0.0,0.0,0.0,0.0
2088,0.0,4.073180241817337e6,0.0,0.0,0.0,0.0
2089,288.11402589608224,4.075548838969604e6,0.0,0.0,0.0,0.0
2090,576.2280517921645,4.0779174361218717e6,0.0,0.0,0.0,0.0
2091,288.11402589608224,4.0797093852763358e6,0.0,0.0,0.0,0.0
2092,0.0,4.0815013344308e6,0.0,0.0,0.0,0.0
2093,481.58762911758004,4.083430935042804e6,0.0,0.0,0.0,0.0
2094,963.1752582351601,4.0853605356548084e6,0.0,0.0,0.0,0.0
2095,481.58762911758004,4.087544357427134e6,0.0,0.0,0.0,0.0
2096,0.0,4.0897281791994604e6,0.0,0.0,0.0,0.0
2097,1883.5,4.0928110758070713e6,0.0,0.0,0.0,0.0
2098,3767.0,4.095893972414682e6,0.0,0.0,0.0,0.0
2099,5263.0,4.09907669733159e6,0.0,0.0,0.0,0.0
2100,6759.0,4.102259422248498e6,0.0,0.0,0.0,0.0
2101,7534.0,4.1047253675036207e6,0.0,0.0,0.0,0.0
2102,8309.0,4.107191312758743e6,0.0,0.0,0.0,0.0
2103,8783.5,4.109476822995198e6,0.0,0.0,0.0,0.0
2104,9258.0,4.1117623332316526e6,0.0,0.0,0.0,0.0
2105,10145.5,4.1141817746159844e6,0.0,0.0,0.0,0.0
2106,11033.0,4.116601216000316e6,0.0,0.0,0.0,0.0
2107,13141.0,4.1220756516697844e6,0.0,0.0,0.0,0.0
2108,15249.0,4.1275500873392527e6,0.0,0.0,0.0,0.0
2109,16287.0,4.13332152773017e6,0.0,0.0,0.0,0.0
2110,17325.0,4.1390929681210876e6,0.0,0.0,0.0,0.0
2111,18218.5,4.1420121711035157e6,0.0,0.0,0.0,0.0
2112,19112.0,4.1449313740859437e6,0.0,0.0,0.0,0.0
2113,19577.0,4.1472342457674937e6,0.0,0.0,0.0,0.0
2114,20042.0,4.149537117449044e6,0.0,0.0,0.0,0.0
2115,20226.5,4.151167853184767e6,0.0,0.0,0.0,0.0
2116,20411.0,4.1527985889204904e6,0.0,0.0,0.0,0.0
2117,20574.5,4.154203625869977e6,0.0,0.0,0.0,0.0
2118,20738.0,4.1556086628194633e6,0.0,0.0,0.0,0.0
2119,21020.0,4.157668474269681e6,0.0,0.0,0.0,0.0
2120,21302.0,4.159728285719899e6,0.0,0.0,0.0,0.0
2121,21782.0,4.1627969211404677e6,0.0,0.0,0.0,0.0
2122,22262.0,4.165865556561036e6,0.0,0.0,0.0,0.0
2123,22948.0,4.1688895482656453e6,0.0,0.0,0.0,0.0
2124,23634.0,4.171913539970255e6,0.0,0.0,0.0,0.0
2125,24114.5,4.174060778697559e6,0.0,0.0,0.0,0.0
2126,24595.0,4.1762080174248633e6,0.0,0.0,0.0,0.0
2127,24995.0,4.1783440952231777e6,0.0,0.0,0.0,0.0
2128,25395.0,4.180480173021492e6,0.0,0.0,0.0,0.0
2129,26203.5,4.1828865933220023e6,0.0,0.0,0.0,0.0
2130,27012.0,4.185293013622513e6,0.0,0.0,0.0,0.0
2131,28492.0,4.1899874243659205e6,0.0,0.0,0.0,0.0
2132,29972.0,4.194681835109328e6,0.0,0.0,0.0,0.0
2133,31342.5,4.199454372355664e6,0.0,0.0,0.0,0.0
2134,32713.0,4.204226909601999e6,0.0,0.0,0.0,0.0
2135,33503.0,4.206535981799655e6,0.0,0.0,0.0,0.0
2136,34293.0,4.20884505399731e6,0.0,0.0,0.0,0.0
2137,34748.0,4.210271172701554e6,0.0,0.0,0.0,0.0
2138,35203.0,4.2116972914058e6,0.0,0.0,0.0,0.0
2139,35669.0,4.21309426768435e6,0.0,0.0,0.0,0.0
2140,36135.0,4.214491243962899e6,0.0,0.0,0.0,0.0
2141,37585.0,4.217020434482297e6,0.0,0.0,0.0,0.0
2142,39035.0,4.219549625001694e6,0.0,0.0,0.0,0.0
2143,41739.0,4.223843482404692e6,0.0,0.0,0.0,0.0
2144,44443.0,4.22813733980769e6,0.0,0.0,0.0,0.0
2145,46786.0,4.233406538394069e6,0.0,0.0,0.0,0.0
2146,49129.0,4.2386757369804485e6,0.0,0.0,0.0,0.0
2147,50878.5,4.243127707544135e6,0.0,0.0,0.0,0.0
2148,52628.0,4.24757967810782e6,0.0,0.0,0.0,0.0
2149,53804.0,4.250800846224582e6,0.0,0.0,0.0,0.0
2150,54980.0,4.254022014341343e6,0.0,0.0,0.0,0.0
2151,56001.5,4.257370913089876e6,0.0,0.0,0.0,0.0
2152,57023.0,4.260719811838409e6,0.0,0.0,0.0,0.0
2153,59520.0,4.264417799643677e6,0.0,0.0,0.0,0.0
2154,62017.0,4.2681157874489445e6,0.0,0.0,0.0,0.0
2155,63718.5,4.274197253645133e6,0.0,0.0,0.0,0.0
2156,65420.0,4.280278719841321e6,0.0,0.0,0.0,0.0
2157,66391.0,4.285059937810204e6,0.0,0.0,0.0,0.0
2158,67362.0,4.289841155779087e6,0.0,0.0,0.0,0.0
2159,68052.5,4.291847022739188e6,0.0,0.0,0.0,0.0
2160,68743.0,4.293852889699289e6,0.0,0.0,0.0,0.0
2161,69614.0,4.295334813048482e6,0.0,0.0,0.0,0.0
2162,70485.0,4.296816736397675e6,0.0,0.0,0.0,0.0
2163,71031.0,4.298350744082155e6,0.0,0.0,0.0,0.0
2164,71577.0,4.299884751766633e6,0.0,0.0,0.0,0.0
2165,73373.5,4.303481051107772e6,0.0,0.0,0.0,0.0
2166,75170.0,4.307077350448911e6,0.0,0.0,0.0,0.0
2167,78455.0,4.31351534632116e6,0.0,0.0,0.0,0.0
2168,81740.0,4.31995334219341e6,0.0,0.0,0.0,0.0
2169,84533.0,4.326430401317123e6,0.0,0.0,0.0,0.0
2170,87326.0,4.332907460440837e6,0.0,0.0,0.0,0.0
2171,89645.5,4.3381661181498375e6,0.0,0.0,0.0,0.0
2172,91965.0,4.343424775858837e6,0.0,0.0,0.0,0.0
2173,93586.0,4.347856284719375e6,0.0,0.0,0.0,0.0
2174,95207.0,4.352287793579913e6,0.0,0.0,0.0,0.0
2175,96421.5,4.356048406597845e6,0.0,0.0,0.0,0.0
2176,97636.0,4.359809019615778e6,0.0,0.0,0.0,0.0
2177,99198.5,4.3642498292504735e6,0.0,0.0,0.0,0.0
2178,100761.0,4.36869063888517e6,0.0,0.0,0.0,0.0
2179,103674.0,4.37485395189395e6,0.0,0.0,0.0,0.0
2180,106587.0,4.38101726490273e6,0.0,0.0,0.0,0.0
2181,109172.0,4.385105885222638e6,0.0,0.0,0.0,0.0
2182,111757.0,4.3891945055425465e6,0.0,0.0,0.0,0.0
2183,113125.5,4.391586664656015e6,0.0,0.0,0.0,0.0
2184,114494.0,4.393978823769483e6,0.0,0.0,0.0,0.0
2185,115356.5,4.395695746679071e6,0.0,0.0,0.0,0.0
2186,116219.0,4.39741266958866e6,0.0,0.0,0.0,0.0
2187,116947.0,4.399251122613914e6,0.0,0.0,0.0,0.0
2188,117675.0,4.40108957563917e6,0.0,0.0,0.0,0.0
2189,118654.12197785775,4.404482498052051e6,0.0,0.0,0.0,0.0
2190,119633.24395571549,4.407875420464933e6,0.0,0.0,0.0,0.0
2191,118213.10239487622,4.412716163388428e6,0.0,0.0,0.0,0.0
2192,116792.96083403696,4.417556906311924e6,0.0,0.0,0.0,0.0
2193,120057.96083403696,4.422482596306063e6,0.0,0.0,0.0,0.0
2194,123322.96083403696,4.427408286300202e6,0.0,0.0,0.0,0.0
2195,125983.96083403696,4.43221802664317e6,0.0,0.0,0.0,0.0
2196,128644.96083403696,4.437027766986138e6,0.0,0.0,0.0,0.0
2197,130430.96083403696,4.440549040082402e6,0.0,0.0,0.0,0.0
2198,132216.96083403696,4.444070313178665e6,0.0,0.0,0.0,0.0
2199,133318.96083403696,4.447466955901209e6,0.0,0.0,0.0,0.0
2200,134420.96083403696,4.450863598623754e6,0.0,0.0,0.0,0.0
2201,136417.96083403696,4.455706821753692e6,0.0,0.0,0.0,0.0
2202,138414.96083403696,4.460550044883629e6,0.0,0.0,0.0,0.0
2203,142005.46083403696,4.467861693475131e6,0.0,0.0,0.0,0.0
2204,145595.96083403696,4.475173342066633e6,0.0,0.0,0.0,0.0
2205,144891.1822754233,4.480418978691811e6,0.0,0.0,0.0,0.0
2206,144186.40371680964,4.48566461531699e6,0.0,0.0,0.0,0.0
2207,145277.90371680964,4.487719466354324e6,0.0,0.0,0.0,0.0
2208,146369.40371680964,4.489774317391657e6,0.0,0.0,0.0,0.0
2209,147198.90371680964,4.491449076791729e6,0.0,0.0,0.0,0.0
2210,148028.40371680964,4.4931238361918e6,0.0,0.0,0.0,0.0
2211,148879.40371680964,4.4947365904308185e6,0.0,0.0,0.0,0.0
2212,149730.40371680964,4.496349344669836e6,0.0,0.0,0.0,0.0
2213,151243.38735717663,4.4982405020819865e6,0.0,0.0,0.0,0.0
2214,152756.37099754365,4.500131659494137e6,0.0,0.0,0.0,0.0
2215,156177.08910554973,4.502546760517195e6,0.0,0.0,0.0,0.0
2216,159597.8072135558,4.504961861540253e6,0.0,0.0,0.0,0.0
2217,163159.3072135558,4.509330745188126e6,0.0,0.0,0.0,0.0
2218,166720.8072135558,4.513699628836e6,0.0,0.0,0.0,0.0
2219,168461.09464838527,4.518050530987168e6,0.0,0.0,0.0,0.0
2220,170201.38208321476,4.522401433138335e6,0.0,0.0,0.0,0.0
2221,171981.88208321476,4.525460767784745e6,0.0,0.0,0.0,0.0
2222,173762.38208321476,4.528520102431156e6,0.0,0.0,0.0,0.0
2223,174465.4910270907,4.531347537775224e6,0.0,0.0,0.0,0.0
2224,175168.5999709666,4.5341749731192915e6,0.0,0.0,0.0,0.0
2225,174220.74642590736,4.538816679475803e6,0.0,0.0,0.0,0.0
2226,173272.89288084809,4.543458385832314e6,0.0,0.0,0.0,0.0
2227,170084.89813671337,4.550807857572059e6,0.0,0.0,0.0,0.0
2228,166896.90339257868,4.558157329311804e6,0.0,0.0,0.0,0.0
2229,160320.56339257868,4.5632659345310535e6,0.0,0.0,0.0,0.0
2230,153744.2233925787,4.568374539750302e6,0.0,0.0,0.0,0.0
2231,152756.3614926825,4.571375589545322e6,0.0,0.0,0.0,0.0
2232,151768.49959278633,4.574376639340341e6,0.0,0.0,0.0,0.0
2233,152847.99959278633,4.576312440468451e6,0.0,0.0,0.0,0.0
2234,153927.49959278633,4.57824824159656e6,0.0,0.0,0.0,0.0
2235,153341.16256496377,4.579958963990044e6,0.0,0.0,0.0,0.0
2236,152754.8255371412,4.581669686383527e6,0.0,0.0,0.0,0.0
2237,150105.19185134527,4.583596186737478e6,0.0,0.0,0.0,0.0
2238,147455.55816554933,4.58552268709143e6,0.0,0.0,0.0,0.0
2239,142577.2498012995,4.587736891392672e6,0.0,0.0,0.0,0.0
2240,137698.94143704968,4.589951095693915e6,0.0,0.0,0.0,0.0
2241,136390.48416446755,4.59294718507605e6,0.0,0.0,0.0,0.0
2242,135082.02689188544,4.595943274458186e6,0.0,0.0,0.0,0.0
2243,137958.02689188544,4.598945564356426e6,0.0,0.0,0.0,0.0
2244,140834.02689188544,4.601947854254667e6,0.0,0.0,0.0,0.0
2245,139841.64658214472,4.604625237108983e6,0.0,0.0,0.0,0.0
2246,138849.26627240403,4.6073026199633e6,0.0,0.0,0.0,0.0
2247,138254.22384658526,4.609389093632772e6,0.0,0.0,0.0,0.0
2248,137659.18142076646,4.611475567302243e6,0.0,0.0,0.0,0.0
2249,133076.36033410695,4.614386089562124e6,0.0,0.0,0.0,0.0
2250,128493.53924744742,4.6172966118220035e6,0.0,0.0,0.0,0.0
2251,127651.02511918022,4.623169740677049e6,0.0,0.0,0.0,0.0
2252,126808.51099091303,4.629042869532096e6,0.0,0.0,0.0,0.0
2253,121151.67230783496,4.634813069819793e6,0.0,0.0,0.0,0.0
2254,115494.8336247569,4.640583270107489e6,0.0,0.0,0.0,0.0
2255,117504.08200995268,4.64256557510639e6,0.0,0.0,0.0,0.0
2256,119513.33039514846,4.64454788010529e6,0.0,0.0,0.0,0.0
2257,120304.33039514846,4.646266043118099e6,0.0,0.0,0.0,0.0
2258,121095.33039514846,4.647984206130909e6,0.0,0.0,0.0,0.0
2259,121948.33039514846,4.649393583441669e6,0.0,0.0,0.0,0.0
2260,122801.33039514846,4.650802960752429e6,0.0,0.0,0.0,0.0
2261,123618.83039514846,4.652546545881271e6,0.0,0.0,0.0,0.0
2262,124436.33039514846,4.654290131010113e6,0.0,0.0,0.0,0.0
2263,125974.33039514846,4.656462171801839e6,0.0,0.0,0.0,0.0
2264,127512.33039514846,4.658634212593565e6,0.0,0.0,0.0,0.0
2265,129103.83039514846,4.661568916866256e6,0.0,0.0,0.0,0.0
2266,130695.33039514846,4.664503621138948e6,0.0,0.0,0.0,0.0
2267,132412.83039514846,4.667004289284261e6,0.0,0.0,0.0,0.0
2268,134130.33039514846,4.669504957429573e6,0.0,0.0,0.0,0.0
2269,134812.83039514846,4.672558711611489e6,0.0,0.0,0.0,0.0
2270,135495.33039514846,4.675612465793404e6,0.0,0.0,0.0,0.0
2271,136318.33039514846,4.678779689420048e6,0.0,0.0,0.0,0.0
2272,137141.33039514846,4.6819469130466925e6,0.0,0.0,0.0,0.0
2273,138370.33039514846,4.685945005831462e6,0.0,0.0,0.0,0.0
2274,139599.33039514846,4.689943098616232e6,0.0,0.0,0.0,0.0
2275,141267.83039514846,4.696022084605979e6,0.0,0.0,0.0,0.0
2276,142936.33039514846,4.7021010705957245e6,0.0,0.0,0.0,0.0
2277,144554.83039514846,4.707600308329614e6,0.0,0.0,0.0,0.0
2278,146173.33039514846,4.713099546063504e6,0.0,0.0,0.0,0.0
2279,147126.83039514846,4.715248024894029e6,0.0,0.0,0.0,0.0
2280,148080.33039514846,4.717396503724555e6,0.0,0.0,0.0,0.0
2281,148522.33039514846,4.718881527331801e6,0.0,0.0,0.0,0.0
2282,148964.33039514846,4.720366550939047e6,0.0,0.0,0.0,0.0
2283,149494.83039514846,4.721934041410495e6,0.0,0.0,0.0,0.0
2284,150025.33039514846,4.723501531881943e6,0.0,0.0,0.0,0.0
2285,150596.83039514846,4.72545655460998e6,0.0,0.0,0.0,0.0
2286,151168.33039514846,4.727411577338017e6,0.0,0.0,0.0,0.0
2287,152110.83039514846,4.729762813045189e6,0.0,0.0,0.0,0.0
2288,153053.33039514846,4.732114048752361e6,0.0,0.0,0.0,0.0
2289,154011.33039514846,4.734476445388523e6,0.0,0.0,0.0,0.0
2290,154969.33039514846,4.736838842024685e6,0.0,0.0,0.0,0.0
2291,155697.33039514846,4.739629694323731e6,0.0,0.0,0.0,0.0
2292,156425.33039514846,4.742420546622776e6,0.0,0.0,0.0,0.0
2293,156937.83039514846,4.745344089966478e6,0.0,0.0,0.0,0.0
2294,157450.33039514846,4.74826763331018e6,0.0,0.0,0.0,0.0
2295,157801.33039514846,4.7513951736337505e6,0.0,0.0,0.0,0.0
2296,158152.33039514846,4.75452271395732e6,0.0,0.0,0.0,0.0
2297,158902.33039514846,4.758663418612514e6,0.0,0.0,0.0,0.0
2298,159652.33039514846,4.762804123267708e6,0.0,0.0,0.0,0.0
2299,161721.83039514846,4.769578807164481e6,0.0,0.0,0.0,0.0
2300,163791.33039514846,4.776353491061254e6,0.0,0.0,0.0,0.0
2301,166229.33039514846,4.782868993384821e6,0.0,0.0,0.0,0.0
2302,168667.33039514846,4.789384495708388e6,0.0,0.0,0.0,0.0
2303,169617.83039514846,4.7916538846029695e6,0.0,0.0,0.0,0.0
2304,170568.33039514846,4.79392327349755e6,0.0,0.0,0.0,0.0
2305,170905.83039514846,4.795687940381151e6,0.0,0.0,0.0,0.0
2306,171243.33039514846,4.797452607264751e6,0.0,0.0,0.0,0.0
2307,171709.33039514846,4.799160229400181e6,0.0,0.0,0.0,0.0
2308,172175.33039514846,4.800867851535612e6,0.0,0.0,0.0,0.0
2309,172861.33039514846,4.803129799810866e6,0.0,0.0,0.0,0.0
2310,173547.33039514846,4.80539174808612e6,0.0,0.0,0.0,0.0
2311,174537.83039514846,4.8089551846919e6,0.0,0.0,0.0,0.0
2312,175528.33039514846,4.812518621297681e6,0.0,0.0,0.0,0.0
2313,176697.83039514846,4.817160947705803e6,0.0,0.0,0.0,0.0
2314,177867.33039514846,4.821803274113925e6,0.0,0.0,0.0,0.0
2315,178494.83039514846,4.826730204211285e6,0.0,0.0,0.0,0.0
2316,179122.33039514846,4.831657134308646e6,0.0,0.0,0.0,0.0
2317,179399.83039514846,4.835737073906008e6,0.0,0.0,0.0,0.0
2318,179677.33039514846,4.839817013503369e6,0.0,0.0,0.0,0.0
2319,180084.83039514846,4.842826123969326e6,0.0,0.0,0.0,0.0
2320,180492.33039514846,4.845835234435282e6,0.0,0.0,0.0,0.0
2321,181289.33039514846,4.848918131042892e6,0.0,0.0,0.0,0.0
2322,182086.33039514846,4.852001027650503e6,0.0,0.0,0.0,0.0
2323,183446.83039514846,4.856906255941495e6,0.0,0.0,0.0,0.0
2324,184807.33039514846,4.861811484232486e6,0.0,0.0,0.0,0.0
2325,186481.33039514846,4.866243613144634e6,0.0,0.0,0.0,0.0
2326,188155.33039514846,4.870675742056783e6,0.0,0.0,0.0,0.0
2327,189067.83039514846,4.872531556527133e6,0.0,0.0,0.0,0.0
2328,189980.33039514846,4.874387370997483e6,0.0,0.0,0.0,0.0
2329,190565.83039514846,4.875957961726984e6,0.0,0.0,0.0,0.0
2330,191151.33039514846,4.877528552456485e6,0.0,0.0,0.0,0.0
2331,191648.83039514846,4.879117124682692e6,0.0,0.0,0.0,0.0
2332,192146.33039514846,4.880705696908899e6,0.0,0.0,0.0,0.0
2333,193777.0257738458,4.883530652046524e6,0.0,0.0,0.0,0.0
2334,195407.72115254315,4.88635560718415e6,0.0,0.0,0.0,0.0
2335,196177.33151209983,4.891235413359109e6,0.0,0.0,0.0,0.0
2336,196946.94187165654,4.896115219534068e6,0.0,0.0,0.0,0.0
2337,199323.94187165654,4.900538667723669e6,0.0,0.0,0.0,0.0
2338,201700.94187165654,4.90496211591327e6,0.0,0.0,0.0,0.0
2339,203152.94187165654,4.90924667254211e6,0.0,0.0,0.0,0.0
2340,204604.94187165654,4.913531229170949e6,0.0,0.0,0.0,0.0
2341,206101.44187165654,4.916817502706817e6,0.0,0.0,0.0,0.0
2342,207597.94187165654,4.9201037762426855e6,0.0,0.0,0.0,0.0
2343,208529.44187165654,4.92254925979466e6,0.0,0.0,0.0,0.0
2344,209460.94187165654,4.924994743346634e6,0.0,0.0,0.0,0.0
2345,210567.44187165654,4.927204607286603e6,0.0,0.0,0.0,0.0
2346,211673.94187165654,4.929414471226572e6,0.0,0.0,0.0,0.0
2347,213338.44187165654,4.9341851483180765e6,0.0,0.0,0.0,0.0
2348,215002.94187165654,4.93895582540958e6,0.0,0.0,0.0,0.0
2349,216756.44187165654,4.941894870043546e6,0.0,0.0,0.0,0.0
2350,218509.94187165654,4.944833914677511e6,0.0,0.0,0.0,0.0
2351,219357.94187165654,4.946355521329779e6,0.0,0.0,0.0,0.0
2352,220205.94187165654,4.947877127982047e6,0.0,0.0,0.0,0.0
2353,220990.94187165654,4.9492158194092065e6,0.0,0.0,0.0,0.0
2354,221775.94187165654,4.950554510836365e6,0.0,0.0,0.0,0.0
2355,220131.7528114756,4.951885141592586e6,0.0,0.0,0.0,0.0
2356,218487.56375129466,4.953215772348807e6,0.0,0.0,0.0,0.0
2357,211783.22375129466,4.955222259360518e6,0.0,0.0,0.0,0.0
2358,205078.88375129466,4.957228746372229e6,0.0,0.0,0.0,0.0
2359,198934.04375129467,4.961350229427497e6,0.0,0.0,0.0,0.0
2360,192789.20375129467,4.965471712482764e6,0.0,0.0,0.0,0.0
2361,190485.5540696538,4.969411520416143e6,0.0,0.0,0.0,0.0
2362,188181.90438801292,4.973351328349522e6,0.0,0.0,0.0,0.0
2363,189404.90438801292,4.977016453419432e6,0.0,0.0,0.0,0.0
2364,190627.90438801292,4.980681578489341e6,0.0,0.0,0.0,0.0
2365,191854.40438801292,4.983598921316937e6,0.0,0.0,0.0,0.0
2366,193080.90438801292,4.986516264144533e6,0.0,0.0,0.0,0.0
2367,194078.40438801292,4.9886449013235215e6,0.0,0.0,0.0,0.0
2368,195075.90438801292,4.990773538502509e6,0.0,0.0,0.0,0.0
2369,196389.90438801292,4.993264905873664e6,0.0,0.0,0.0,0.0
2370,197703.90438801292,4.995756273244818e6,0.0,0.0,0.0,0.0
2371,200095.40438801292,4.998181113904608e6,0.0,0.0,0.0,0.0
2372,202486.90438801292,5.0006059545644e6,0.0,0.0,0.0,0.0
2373,204030.40438801292,4.9980295278509995e6,0.0,0.0,0.0,0.0
2374,205573.90438801292,4.995453101137599e6,0.0,0.0,0.0,0.0
2375,206220.90438801292,4.9905353595427945e6,0.0,0.0,0.0,0.0
2376,206867.90438801292,4.985617617947991e6,0.0,0.0,0.0,0.0
2377,207571.90438801292,4.980882375925582e6,0.0,0.0,0.0,0.0
2378,208275.90438801292,4.976147133903173e6,0.0,0.0,0.0,0.0
2379,208895.90438801292,4.973391957229989e6,0.0,0.0,0.0,0.0
2380,209515.90438801292,4.9706367805568045e6,0.0,0.0,0.0,0.0
2381,208327.73462224897,4.972123564664291e6,0.0,0.0,0.0,0.0
2382,207139.564856485,4.973610348771778e6,0.0,0.0,0.0,0.0
2383,204638.76266495156,4.980216998682095e6,0.0,0.0,0.0,0.0
2384,202137.96047341812,4.986823648592411e6,0.0,0.0,0.0,0.0
2385,204143.96047341812,4.989339501933381e6,0.0,0.0,0.0,0.0
2386,206149.96047341812,4.99185535527435e6,0.0,0.0,0.0,0.0
2387,207399.46047341812,4.998426165758441e6,0.0,0.0,0.0,0.0
2388,208648.96047341812,5.004996976242532e6,0.0,0.0,0.0,0.0
2389,209952.46047341812,5.010251913641868e6,0.0,0.0,0.0,0.0
2390,211255.96047341812,5.015506851041205e6,0.0,0.0,0.0,0.0
2391,212196.46047341812,5.020451142583661e6,0.0,0.0,0.0,0.0
2392,213136.96047341812,5.025395434126116e6,0.0,0.0,0.0,0.0
2393,215022.46047341812,5.029816402109275e6,0.0,0.0,0.0,0.0
2394,216907.96047341812,5.034237370092434e6,0.0,0.0,0.0,0.0
2395,214216.70526191397,5.041798279431373e6,0.0,0.0,0.0,0.0
2396,211525.45005040983,5.049359188770313e6,0.0,0.0,0.0,0.0
2397,213072.5068226662,5.047777944891831e6,0.0,0.0,0.0,0.0
2398,214619.5635949226,5.046196701013349e6,0.0,0.0,0.0,0.0
2399,215943.5635949226,5.043769236357208e6,0.0,0.0,0.0,0.0
2400,217267.5635949226,5.041341771701068e6,0.0,0.0,0.0,0.0
2401,217990.5635949226,5.036335500936504e6,0.0,0.0,0.0,0.0
2402,218713.5635949226,5.031329230171941e6,0.0,0.0,0.0,0.0
2403,219519.5635949226,5.0287661040607635e6,0.0,0.0,0.0,0.0
2404,220325.5635949226,5.026202977949585e6,0.0,0.0,0.0,0.0
2405,222806.5635949226,5.02708766018325e6,0.0,0.0,0.0,0.0
2406,225287.5635949226,5.027972342416915e6,0.0,0.0,0.0,0.0
2407,221540.36439139448,5.029988859477949e6,0.0,0.0,0.0,0.0
2408,217793.16518786637,5.032005376538984e6,0.0,0.0,0.0,0.0
2409,219950.66518786637,5.035119882000107e6,0.0,0.0,0.0,0.0
2410,222108.16518786637,5.038234387461231e6,0.0,0.0,0.0,0.0
2411,223948.66518786637,5.043591013324697e6,0.0,0.0,0.0,0.0
2412,225789.16518786637,5.048947639188162e6,0.0,0.0,0.0,0.0
2413,227031.66518786637,5.052739254786622e6,0.0,0.0,0.0,0.0
2414,228274.16518786637,5.056530870385081e6,0.0,0.0,0.0,0.0
2415,229359.16518786637,5.059858687378855e6,0.0,0.0,0.0,0.0
2416,230444.16518786637,5.06318650437263e6,0.0,0.0,0.0,0.0
2417,232178.16518786637,5.067123212047957e6,0.0,0.0,0.0,0.0
2418,233912.16518786637,5.071059919723283e6,0.0,0.0,0.0,0.0
2419,236394.16518786637,5.075731502284465e6,0.0,0.0,0.0,0.0
2420,238876.16518786637,5.080403084845649e6,0.0,0.0,0.0,0.0
2421,241636.16518786637,5.079426391287445e6,0.0,0.0,0.0,0.0
2422,244396.16518786637,5.078449697729241e6,0.0,0.0,0.0,0.0
2423,246118.16518786637,5.07589497282221e6,0.0,0.0,0.0,0.0
2424,247840.16518786637,5.073340247915178e6,0.0,0.0,0.0,0.0
2425,248540.66518786637,5.06917462892396e6,0.0,0.0,0.0,0.0
2426,249241.16518786637,5.065009009932742e6,0.0,0.0,0.0,0.0
2427,249695.16518786637,5.066797858829154e6,0.0,0.0,0.0,0.0
2428,250149.16518786637,5.068586707725565e6,0.0,0.0,0.0,0.0
2429,250825.16518786637,5.070807732594524e6,0.0,0.0,0.0,0.0
2430,251501.16518786637,5.073028757463482e6,0.0,0.0,0.0,0.0
2431,252362.16518786637,5.076607695359526e6,0.0,0.0,0.0,0.0
2432,253223.16518786637,5.08018663325557e6,0.0,0.0,0.0,0.0
2433,254078.16518786637,5.082847047657318e6,0.0,0.0,0.0,0.0
2434,254933.16518786637,5.085507462059068e6,0.0,0.0,0.0,0.0
2435,255714.16518786637,5.09126644114776e6,0.0,0.0,0.0,0.0
2436,256495.16518786637,5.0970254202364525e6,0.0,0.0,0.0,0.0
2437,257015.66518786637,5.100876560789524e6,0.0,0.0,0.0,0.0
2438,257536.16518786637,5.104727701342596e6,0.0,0.0,0.0,0.0
2439,258148.16518786637,5.107405704248523e6,0.0,0.0,0.0,0.0
2440,258760.16518786637,5.110083707154451e6,0.0,0.0,0.0,0.0
2441,260082.16518786637,5.110318092351422e6,0.0,0.0,0.0,0.0
2442,261404.16518786637,5.110552477548393e6,0.0,0.0,0.0,0.0
2443,264468.16518786637,5.1087157724063685e6,0.0,0.0,0.0,0.0
2444,267532.16518786637,5.106879067264344e6,0.0,0.0,0.0,0.0
2445,271008.16518786637,5.10436898607327e6,0.0,0.0,0.0,0.0
2446,274484.16518786637,5.101858904882198e6,0.0,0.0,0.0,0.0
2447,277137.16518786637,5.10009780053564e6,0.0,0.0,0.0,0.0
2448,279790.16518786637,5.098336696189082e6,0.0,0.0,0.0,0.0
2449,280793.16518786637,5.09308846708586e6,0.0,0.0,0.0,0.0
2450,281796.16518786637,5.087840237982637e6,0.0,0.0,0.0,0.0
2451,282066.16518786637,5.084704898203865e6,0.0,0.0,0.0,0.0
2452,282336.16518786637,5.081569558425093e6,0.0,0.0,0.0,0.0
2453,282763.16518786637,5.080983681471165e6,0.0,0.0,0.0,0.0
2454,283190.16518786637,5.080397804517238e6,0.0,0.0,0.0,0.0
2455,284091.66518786637,5.079823203801014e6,0.0,0.0,0.0,0.0
2456,284993.16518786637,5.0792486030847905e6,0.0,0.0,0.0,0.0
2457,286063.66518786637,5.081377240263779e6,0.0,0.0,0.0,0.0
2458,287134.16518786637,5.083505877442766e6,0.0,0.0,0.0,0.0
2459,287646.16518786637,5.085446018932149e6,0.0,0.0,0.0,0.0
2460,288158.16518786637,5.087386160421533e6,0.0,0.0,0.0,0.0
2461,288324.66518786637,5.08918182988566e6,0.0,0.0,0.0,0.0
2462,288491.16518786637,5.090977499349787e6,0.0,0.0,0.0,0.0
2463,288824.16518786637,5.092798590929946e6,0.0,0.0,0.0,0.0
2464,289157.16518786637,5.094619682510106e6,0.0,0.0,0.0,0.0
2465,289941.16518786637,5.096252278400661e6,0.0,0.0,0.0,0.0
2466,290725.16518786637,5.097884874291216e6,0.0,0.0,0.0,0.0
2467,291759.66518786637,5.101561160290115e6,0.0,0.0,0.0,0.0
2468,292794.16518786637,5.105237446289014e6,0.0,0.0,0.0,0.0
2469,293924.16518786637,5.10893295388784e6,0.0,0.0,0.0,0.0
2470,295054.16518786637,5.1126284614866655e6,0.0,0.0,0.0,0.0
2471,295891.66518786637,5.114039078900646e6,0.0,0.0,0.0,0.0
2472,296729.16518786637,5.115449696314628e6,0.0,0.0,0.0,0.0
2473,297295.66518786637,5.11647092131719e6,0.0,0.0,0.0,0.0
2474,297862.16518786637,5.117492146319751e6,0.0,0.0,0.0,0.0
2475,298399.16518786637,5.118580956947861e6,0.0,0.0,0.0,0.0
2476,298936.16518786637,5.119669767575972e6,0.0,0.0,0.0,0.0
2477,300388.66518786637,5.121662613452251e6,0.0,0.0,0.0,0.0
2478,301841.16518786637,5.12365545932853e6,0.0,0.0,0.0,0.0
2479,303770.66518786637,5.127317484140387e6,0.0,0.0,0.0,0.0
2480,305700.16518786637,5.130979508952243e6,0.0,0.0,0.0,0.0
2481,307348.16518786637,5.134405914152094e6,0.0,0.0,0.0,0.0
2482,308996.16518786637,5.137832319351945e6,0.0,0.0,0.0,0.0
2483,310506.16518786637,5.140694477586203e6,0.0,0.0,0.0,0.0
2484,312016.16518786637,5.143556635820461e6,0.0,0.0,0.0,0.0
2485,313428.16518786637,5.145271078523608e6,0.0,0.0,0.0,0.0
2486,314840.16518786637,5.146985521226754e6,0.0,0.0,0.0,0.0
2487,316048.16518786637,5.148683842588026e6,0.0,0.0,0.0,0.0
2488,317256.16518786637,5.150382163949299e6,0.0,0.0,0.0,0.0
2489,318953.66518786637,5.153223240428798e6,0.0,0.0,0.0,0.0
2490,320651.16518786637,5.156064316908298e6,0.0,0.0,0.0,0.0
2491,322914.66518786637,5.16069610243904e6,0.0,0.0,0.0,0.0
2492,325178.16518786637,5.1653278879697835e6,0.0,0.0,0.0,0.0
2493,327341.66518786637,5.1689161266399855e6,0.0,0.0,0.0,0.0
2494,329505.16518786637,5.172504365310187e6,0.0,0.0,0.0,0.0
2495,330389.16518786637,5.174190285639249e6,0.0,0.0,0.0,0.0
2496,331273.16518786637,5.17587620596831e6,0.0,0.0,0.0,0.0
2497,331544.66518786637,5.176944554893272e6,0.0,0.0,0.0,0.0
2498,331816.16518786637,5.178012903818235e6,0.0,0.0,0.0,0.0
2499,332196.16518786637,5.179014907220869e6,0.0,0.0,0.0,0.0
2500,332576.16518786637,5.180016910623504e6,0.0,0.0,0.0,0.0
2501,333915.16518786637,5.181629664862521e6,0.0,0.0,0.0,0.0
2502,335254.16518786637,5.183242419101539e6,0.0,0.0,0.0,0.0
2503,337685.16518786637,5.186866000713542e6,0.0,0.0,0.0,0.0
2504,340116.16518786637,5.190489582325544e6,0.0,0.0,0.0,0.0
2505,342008.16518786637,5.194532318826273e6,0.0,0.0,0.0,0.0
2506,343900.16518786637,5.198575055327002e6,0.0,0.0,0.0,0.0
2507,345616.66518786637,5.2007607372541595e6,0.0,0.0,0.0,0.0
2508,347333.16518786637,5.202946419181317e6,0.0,0.0,0.0,0.0
2509,348741.16518786637,5.20493058433505e6,0.0,0.0,0.0,0.0
2510,350149.16518786637,5.206914749488781e6,0.0,0.0,0.0,0.0
2511,351544.16518786637,5.208966500268063e6,0.0,0.0,0.0,0.0
2512,352939.16518786637,5.211018251047343e6,0.0,0.0,0.0,0.0
2513,354890.16518786637,5.213871108507443e6,0.0,0.0,0.0,0.0
2514,356841.16518786637,5.216723965967543e6,0.0,0.0,0.0,0.0
2515,359397.66518786637,5.221697399935694e6,0.0,0.0,0.0,0.0
2516,361954.16518786637,5.226670833903845e6,0.0,0.0,0.0,0.0
2517,364387.16518786637,5.230994453784149e6,0.0,0.0,0.0,0.0
2518,366820.16518786637,5.235318073664453e6,0.0,0.0,0.0,0.0
2519,367726.66518786637,5.237181328754129e6,0.0,0.0,0.0,0.0
2520,368633.16518786637,5.239044583843806e6,0.0,0.0,0.0,0.0
2521,369157.16518786637,5.239351600387277e6,0.0,0.0,0.0,0.0
2522,369681.16518786637,5.239658616930749e6,0.0,0.0,0.0,0.0
2523,370322.16518786637,5.241090936151099e6,0.0,0.0,0.0,0.0
2524,370963.16518786637,5.2425232553714495e6,0.0,0.0,0.0,0.0
2525,372592.66518786637,5.244638871466616e6,0.0,0.0,0.0,0.0
2526,374222.16518786637,5.246754487561783e6,0.0,0.0,0.0,0.0
2527,377198.66518786637,5.250717046144169e6,0.0,0.0,0.0,0.0
2528,380175.16518786637,5.254679604726554e6,0.0,0.0,0.0,0.0
2529,382619.16518786637,5.256659983582621e6,0.0,0.0,0.0,0.0
2530,385063.16518786637,5.25864036243869e6,0.0,0.0,0.0,0.0
2531,387038.16518786637,5.262932979738466e6,0.0,0.0,0.0,0.0
2532,389013.16518786637,5.267225597038243e6,0.0,0.0,0.0,0.0
2533,391153.66518786637,5.270216726007493e6,0.0,0.0,0.0,0.0
2534,393294.16518786637,5.273207854976744e6,0.0,0.0,0.0,0.0
2535,395275.16518786637,5.275696742141457e6,0.0,0.0,0.0,0.0
2536,397256.16518786637,5.278185629306169e6,0.0,0.0,0.0,0.0
2537,399620.16518786637,5.280127981583303e6,0.0,0.0,0.0,0.0
2538,401984.16518786637,5.2820703338604355e6,0.0,0.0,0.0,0.0
2539,404284.16518786637,5.281285236249888e6,0.0,0.0,0.0,0.0
2540,406584.16518786637,5.280500138639342e6,0.0,0.0,0.0,0.0
2541,409121.16518786637,5.278417273007933e6,0.0,0.0,0.0,0.0
2542,411658.16518786637,5.276334407376523e6,0.0,0.0,0.0,0.0
2543,412998.66518786637,5.272217152410928e6,0.0,0.0,0.0,0.0
2544,414339.16518786637,5.268099897445332e6,0.0,0.0,0.0,0.0
2545,414964.66518786637,5.262637130484862e6,0.0,0.0,0.0,0.0
2546,415590.16518786637,5.257174363524393e6,0.0,0.0,0.0,0.0
2547,416119.16518786637,5.251360027300747e6,0.0,0.0,0.0,0.0
2548,416648.16518786637,5.2455456910771e6,0.0,0.0,0.0,0.0
2549,418329.66518786637,5.243998482484788e6,0.0,0.0,0.0,0.0
2550,420011.16518786637,5.242451273892474e6,0.0,0.0,0.0,0.0
2551,421392.75714022794,5.24296259489777e6,0.0,0.0,0.0,0.0
2552,422774.34909258946,5.243473915903066e6,0.0,0.0,0.0,0.0
2553,425943.34909258946,5.245515182835415e6,0.0,0.0,0.0,0.0
2554,429112.34909258946,5.247556449767765e6,0.0,0.0,0.0,0.0
2555,431515.34909258946,5.252190095453339e6,0.0,0.0,0.0,0.0
2556,433918.34909258946,5.256823741138914e6,0.0,0.0,0.0,0.0
2557,436105.34909258946,5.259762785772879e6,0.0,0.0,0.0,0.0
2558,438292.34909258946,5.262701830406845e6,0.0,0.0,0.0,0.0
2559,440213.34909258946,5.2646258505543545e6,0.0,0.0,0.0,0.0
2560,442134.34909258946,5.266549870701863e6,0.0,0.0,0.0,0.0
2561,444742.0507755724,5.268548297042638e6,0.0,0.0,0.0,0.0
2562,447349.7524585554,5.270546723383412e6,0.0,0.0,0.0,0.0
2563,449714.2524585554,5.2683107050041985e6,0.0,0.0,0.0,0.0
2564,452078.7524585554,5.266074686624985e6,0.0,0.0,0.0,0.0
2565,453974.7524585554,5.262847825772127e6,0.0,0.0,0.0,0.0
2566,455870.7524585554,5.259620964919269e6,0.0,0.0,0.0,0.0
2567,457085.7524585554,5.254666640279443e6,0.0,0.0,0.0,0.0
2568,458300.7524585554,5.249712315639617e6,0.0,0.0,0.0,0.0
2569,459070.2524585554,5.244141039647303e6,0.0,0.0,0.0,0.0
2570,459839.7524585554,5.238569763654988e6,0.0,0.0,0.0,0.0
2571,460448.7524585554,5.233336693251298e6,0.0,0.0,0.0,0.0
2572,461057.7524585554,5.228103622847607e6,0.0,0.0,0.0,0.0
2573,462391.2524585554,5.225668266283331e6,0.0,0.0,0.0,0.0
2574,463724.7524585554,5.223232909719055e6,0.0,0.0,0.0,0.0
2575,464414.6506168551,5.222628884098705e6,0.0,0.0,0.0,0.0
2576,465104.5487751548,5.222024858478356e6,0.0,0.0,0.0,0.0
2577,468875.257330997,5.223445004276581e6,0.0,0.0,0.0,0.0
2578,472645.96588683914,5.224865150074807e6,0.0,0.0,0.0,0.0
2579,475196.46588683914,5.229721394288566e6,0.0,0.0,0.0,0.0
2580,477746.96588683914,5.234577638502324e6,0.0,0.0,0.0,0.0
2581,479710.96588683914,5.2373443087885585e6,0.0,0.0,0.0,0.0
2582,481674.96588683914,5.240110979074794e6,0.0,0.0,0.0,0.0
2583,483207.96588683914,5.242442373130429e6,0.0,0.0,0.0,0.0
2584,484740.96588683914,5.244773767186063e6,0.0,0.0,0.0,0.0
2585,486618.46588683914,5.246031978905991e6,0.0,0.0,0.0,0.0
2586,488495.96588683914,5.247290190625917e6,0.0,0.0,0.0,0.0
2587,490191.96588683914,5.245591136941433e6,0.0,0.0,0.0,0.0
2588,491887.96588683914,5.243892083256948e6,0.0,0.0,0.0,0.0
2589,493614.46588683914,5.241801777006212e6,0.0,0.0,0.0,0.0
2590,495340.96588683914,5.239711470755476e6,0.0,0.0,0.0,0.0
2591,496480.46588683914,5.236478409386512e6,0.0,0.0,0.0,0.0
2592,497619.96588683914,5.233245348017548e6,0.0,0.0,0.0,0.0
2593,498428.96588683914,5.229669398107955e6,0.0,0.0,0.0,0.0
2594,499237.96588683914,5.226093448198362e6,0.0,0.0,0.0,0.0
2595,499979.46588683914,5.222578101084263e6,0.0,0.0,0.0,0.0
2596,500720.96588683914,5.219062753970164e6,0.0,0.0,0.0,0.0
2597,501509.96588683914,5.217984969521295e6,0.0,0.0,0.0,0.0
2598,502298.96588683914,5.216907185072426e6,0.0,0.0,0.0,0.0
2599,503355.96588683914,5.217762238753575e6,0.0,0.0,0.0,0.0
2600,504412.96588683914,5.218617292434724e6,0.0,0.0,0.0,0.0
2601,505397.96588683914,5.221553856862247e6,0.0,0.0,0.0,0.0
2602,506382.96588683914,5.22449042128977e6,0.0,0.0,0.0,0.0
2603,507187.96588683914,5.226870799422638e6,0.0,0.0,0.0,0.0
2604,507992.96588683914,5.229251177555505e6,0.0,0.0,0.0,0.0
2605,508516.46588683914,5.23135377256685e6,0.0,0.0,0.0,0.0
2606,509039.96588683914,5.233456367578195e6,0.0,0.0,0.0,0.0
2607,509682.46588683914,5.235836125659453e6,0.0,0.0,0.0,0.0
2608,510324.96588683914,5.23821588374071e6,0.0,0.0,0.0,0.0
2609,511389.96588683914,5.240673768324895e6,0.0,0.0,0.0,0.0
2610,512454.96588683914,5.2431316529090805e6,0.0,0.0,0.0,0.0
2611,514090.96588683914,5.246207728948975e6,0.0,0.0,0.0,0.0
2612,515726.96588683914,5.24928380498887e6,0.0,0.0,0.0,0.0
2613,517706.96588683914,5.251356056275478e6,0.0,0.0,0.0,0.0
2614,519686.96588683914,5.253428307562084e6,0.0,0.0,0.0,0.0
2615,520452.46588683914,5.254933143857997e6,0.0,0.0,0.0,0.0
2616,521217.96588683914,5.25643798015391e6,0.0,0.0,0.0,0.0
2617,521820.96588683914,5.254323884894796e6,0.0,0.0,0.0,0.0
2618,522423.96588683914,5.252209789635682e6,0.0,0.0,0.0,0.0
2619,522878.46588683914,5.254130699378645e6,0.0,0.0,0.0,0.0
2620,523332.96588683914,5.256051609121608e6,0.0,0.0,0.0,0.0
2621,523729.46588683914,5.258550417112089e6,0.0,0.0,0.0,0.0
2622,524125.96588683914,5.26104922510257e6,0.0,0.0,0.0,0.0
2623,524690.4658868392,5.263487268035218e6,0.0,0.0,0.0,0.0
2624,525254.9658868392,5.265925310967866e6,0.0,0.0,0.0,0.0
2625,526013.4658868392,5.267534964948831e6,0.0,0.0,0.0,0.0
2626,526771.9658868392,5.269144618929796e6,0.0,0.0,0.0,0.0
2627,527390.9658868392,5.271075459645022e6,0.0,0.0,0.0,0.0
2628,528009.9658868392,5.273006300360247e6,0.0,0.0,0.0,0.0
2629,528330.4658868392,5.275151058881109e6,0.0,0.0,0.0,0.0
2630,528650.9658868392,5.277295817401971e6,0.0,0.0,0.0,0.0
2631,529316.9658868392,5.279535443819245e6,0.0,0.0,0.0,0.0
2632,529982.9658868392,5.281775070236521e6,0.0,0.0,0.0,0.0
2633,530994.9658868392,5.284820143695889e6,0.0,0.0,0.0,0.0
2634,532006.9658868392,5.287865217155256e6,0.0,0.0,0.0,0.0
2635,533782.9658868392,5.292801448026774e6,0.0,0.0,0.0,0.0
2636,535558.9658868392,5.2977376788982935e6,0.0,0.0,0.0,0.0
2637,537608.9658868392,5.300353259017443e6,0.0,0.0,0.0,0.0
2638,539658.9658868392,5.302968839136594e6,0.0,0.0,0.0,0.0
2639,540610.9658868392,5.302019844019044e6,0.0,0.0,0.0,0.0
2640,541562.9658868392,5.301070848901494e6,0.0,0.0,0.0,0.0
2641,542273.4658868392,5.299261779286765e6,0.0,0.0,0.0,0.0
2642,542983.9658868392,5.297452709672034e6,0.0,0.0,0.0,0.0
2643,543691.9658868392,5.2981590120094055e6,0.0,0.0,0.0,0.0
2644,544399.9658868392,5.298865314346777e6,0.0,0.0,0.0,0.0
2645,545599.7266132722,5.3024330913138315e6,0.0,0.0,0.0,0.0
2646,546799.4873397053,5.306000868280886e6,0.0,0.0,0.0,0.0
2647,545831.3614994544,5.311043748029417e6,0.0,0.0,0.0,0.0
2648,544863.2356592035,5.316086627777949e6,0.0,0.0,0.0,0.0
2649,547646.2356592035,5.320694851347491e6,0.0,0.0,0.0,0.0
2650,550429.2356592035,5.325303074917033e6,0.0,0.0,0.0,0.0
2651,552297.7356592035,5.329272645327718e6,0.0,0.0,0.0,0.0
2652,554166.2356592035,5.333242215738403e6,0.0,0.0,0.0,0.0
2653,555854.2356592035,5.336615916551357e6,0.0,0.0,0.0,0.0
2654,557542.2356592035,5.339989617364312e6,0.0,0.0,0.0,0.0
2655,558473.7356592035,5.343088635313796e6,0.0,0.0,0.0,0.0
2656,559405.2356592035,5.346187653263281e6,0.0,0.0,0.0,0.0
2657,560857.7356592035,5.34911987732953e6,0.0,0.0,0.0,0.0
2658,562310.2356592035,5.35205210139578e6,0.0,0.0,0.0,0.0
2659,564544.7356592035,5.356225668786333e6,0.0,0.0,0.0,0.0
2660,566779.2356592035,5.360399236176886e6,0.0,0.0,0.0,0.0
2661,568761.7356592035,5.363110101818172e6,0.0,0.0,0.0,0.0
2662,570744.2356592035,5.365820967459458e6,0.0,0.0,0.0,0.0
2663,571600.2356592035,5.367994868406015e6,0.0,0.0,0.0,0.0
2664,572456.2356592035,5.370168769352573e6,0.0,0.0,0.0,0.0
2665,572853.2356592035,5.3728982365421755e6,0.0,0.0,0.0,0.0
2666,573250.2356592035,5.375627703731778e6,0.0,0.0,0.0,0.0
2667,573736.7356592035,5.377939876187487e6,0.0,0.0,0.0,0.0
2668,574223.2356592035,5.380252048643194e6,0.0,0.0,0.0,0.0
2669,575912.7356592035,5.383120407393558e6,0.0,0.0,0.0,0.0
2670,577602.2356592035,5.385988766143922e6,0.0,0.0,0.0,0.0
2671,578485.558596982,5.389994919599628e6,0.0,0.0,0.0,0.0
2672,579368.8815347606,5.394001073055335e6,0.0,0.0,0.0,0.0
2673,581375.8815347606,5.39786709484706e6,0.0,0.0,0.0,0.0
2674,583382.8815347606,5.401733116638784e6,0.0,0.0,0.0,0.0
2675,584770.8815347606,5.404565512395736e6,0.0,0.0,0.0,0.0
2676,586158.8815347606,5.407397908152688e6,0.0,0.0,0.0,0.0
2677,587177.8815347606,5.409190477358763e6,0.0,0.0,0.0,0.0
2678,588196.8815347606,5.410983046564838e6,0.0,0.0,0.0,0.0
2679,588802.8815347606,5.412745233241996e6,0.0,0.0,0.0,0.0
2680,589408.8815347606,5.414507419919154e6,0.0,0.0,0.0,0.0
2681,590839.3815347606,5.416821452529693e6,0.0,0.0,0.0,0.0
2682,592269.8815347606,5.419135485140233e6,0.0,0.0,0.0,0.0
2683,594269.8815347606,5.422860755216365e6,0.0,0.0,0.0,0.0
2684,596269.8815347606,5.426586025292496e6,0.0,0.0,0.0,0.0
2685,598163.3815347606,5.429186521747107e6,0.0,0.0,0.0,0.0
2686,600056.8815347606,5.431787018201716e6,0.0,0.0,0.0,0.0
2687,600451.3815347606,5.433978900644979e6,0.0,0.0,0.0,0.0
2688,600845.8815347606,5.436170783088243e6,0.0,0.0,0.0,0.0
2689,601056.3815347606,5.435876369948224e6,0.0,0.0,0.0,0.0
2690,601266.8815347606,5.435581956808206e6,0.0,0.0,0.0,0.0
2691,601487.3815347606,5.4372631372122755e6,0.0,0.0,0.0,0.0
2692,601707.8815347606,5.438944317616345e6,0.0,0.0,0.0,0.0
2693,602961.3815347606,5.441517531800091e6,0.0,0.0,0.0,0.0
2694,604214.8815347606,5.444090745983837e6,0.0,0.0,0.0,0.0
2695,607011.3815347606,5.448083258304112e6,0.0,0.0,0.0,0.0
2696,609807.8815347606,5.452075770624387e6,0.0,0.0,0.0,0.0
2697,611801.8815347606,5.456252438272992e6,0.0,0.0,0.0,0.0
2698,613795.8815347606,5.460429105921598e6,0.0,0.0,0.0,0.0
2699,614897.3815347606,5.464425338551536e6,0.0,0.0,0.0,0.0
2700,615998.8815347606,5.468421571181474e6,0.0,0.0,0.0,0.0
2701,616917.8815347606,5.471245286215879e6,0.0,0.0,0.0,0.0
2702,617836.8815347606,5.474069001250284e6,0.0,0.0,0.0,0.0
2703,619131.3815347606,5.476193298067998e6,0.0,0.0,0.0,0.0
2704,620425.8815347606,5.4783175948857125e6,0.0,0.0,0.0,0.0
2705,622013.3815347606,5.480680611573486e6,0.0,0.0,0.0,0.0
2706,623600.8815347606,5.483043628261258e6,0.0,0.0,0.0,0.0
2707,625582.3815347606,5.483027319465951e6,0.0,0.0,0.0,0.0
2708,627563.8815347606,5.483011010670644e6,0.0,0.0,0.0,0.0
2709,629133.8815347606,5.481104239696628e6,0.0,0.0,0.0,0.0
2710,630703.8815347606,5.479197468722613e6,0.0,0.0,0.0,0.0
2711,631370.8815347606,5.475981148747133e6,0.0,0.0,0.0,0.0
2712,632037.8815347606,5.4727648287716545e6,0.0,0.0,0.0,0.0
2713,632539.3815347606,5.468726320360597e6,0.0,0.0,0.0,0.0
2714,633040.8815347606,5.464687811949541e6,0.0,0.0,0.0,0.0
2715,633650.8815347606,5.460190465346684e6,0.0,0.0,0.0,0.0
2716,634260.8815347606,5.455693118743827e6,0.0,0.0,0.0,0.0
2717,636134.8815347606,5.452440904296633e6,0.0,0.0,0.0,0.0
2718,638008.8815347606,5.44918868984944e6,0.0,0.0,0.0,0.0
2719,636973.3807852557,5.447762458873593e6,0.0,0.0,0.0,0.0
2720,635937.8800357507,5.4463362278977465e6,0.0,0.0,0.0,0.0
2721,638358.9867597807,5.451235255672633e6,0.0,0.0,0.0,0.0
2722,640780.0934838105,5.456134283447519e6,0.0,0.0,0.0,0.0
2723,642834.5934838105,5.460579433443489e6,0.0,0.0,0.0,0.0
2724,644889.0934838105,5.465024583439459e6,0.0,0.0,0.0,0.0
2725,646310.5934838105,5.468197387530599e6,0.0,0.0,0.0,0.0
2726,647732.0934838105,5.471370191621738e6,0.0,0.0,0.0,0.0
2727,648848.5934838105,5.474269552952629e6,0.0,0.0,0.0,0.0
2728,649965.0934838105,5.477168914283519e6,0.0,0.0,0.0,0.0
2729,651912.3066213847,5.480711889186151e6,0.0,0.0,0.0,0.0
2730,653859.5197589588,5.484254864088784e6,0.0,0.0,0.0,0.0
2731,654536.6925461185,5.483261429137096e6,0.0,0.0,0.0,0.0
2732,655213.8653332781,5.482267994185407e6,0.0,0.0,0.0,0.0
2733,653478.2396277951,5.480432529146602e6,0.0,0.0,0.0,0.0
2734,651742.6139223119,5.478597064107799e6,0.0,0.0,0.0,0.0
2735,651803.4235481636,5.4743824610393485e6,0.0,0.0,0.0,0.0
2736,651864.2331740154,5.470167857970898e6,0.0,0.0,0.0,0.0
2737,652387.2331740154,5.465720115496884e6,0.0,0.0,0.0,0.0
2738,652910.2331740154,5.46127237302287e6,0.0,0.0,0.0,0.0
2739,653748.7331740154,5.456975303090218e6,0.0,0.0,0.0,0.0
2740,654587.2331740154,5.452678233157566e6,0.0,0.0,0.0,0.0
2741,657033.7331740154,5.448929288848632e6,0.0,0.0,0.0,0.0
2742,659480.2331740154,5.445180344539698e6,0.0,0.0,0.0,0.0
2743,660933.4938502389,5.443082597669635e6,0.0,0.0,0.0,0.0
2744,662386.7545264623,5.440984850799573e6,0.0,0.0,0.0,0.0
2745,665067.7545264623,5.439500777926479e6,0.0,0.0,0.0,0.0
2746,667748.7545264623,5.438016705053384e6,0.0,0.0,0.0,0.0
2747,669885.2545264623,5.44202223845748e6,0.0,0.0,0.0,0.0
2748,672021.7545264623,5.4460277718615765e6,0.0,0.0,0.0,0.0
2749,673810.7545264623,5.448382727878412e6,0.0,0.0,0.0,0.0
2750,675599.7545264623,5.450737683895247e6,0.0,0.0,0.0,0.0
2751,676609.2545264623,5.452733009977968e6,0.0,0.0,0.0,0.0
2752,677618.7545264623,5.454728336060691e6,0.0,0.0,0.0,0.0
2753,679846.7545264623,5.453367848872934e6,0.0,0.0,0.0,0.0
2754,682074.7545264623,5.452007361685175e6,0.0,0.0,0.0,0.0
2755,684157.203484939,5.449270341604644e6,0.0,0.0,0.0,0.0
2756,686239.6524434156,5.446533321524114e6,0.0,0.0,0.0,0.0
2757,684902.7400167936,5.442297636700906e6,0.0,0.0,0.0,0.0
2758,683565.8275901715,5.438061951877696e6,0.0,0.0,0.0,0.0
2759,684581.3275901715,5.433674974461515e6,0.0,0.0,0.0,0.0
2760,685596.8275901715,5.429287997045334e6,0.0,0.0,0.0,0.0
2761,686084.8275901715,5.426843606712725e6,0.0,0.0,0.0,0.0
2762,686572.8275901715,5.424399216380115e6,0.0,0.0,0.0,0.0
2763,686878.3275901715,5.425456353532517e6,0.0,0.0,0.0,0.0
2764,687183.8275901715,5.426513490684919e6,0.0,0.0,0.0,0.0
2765,687507.3275901715,5.429155530597435e6,0.0,0.0,0.0,0.0
2766,687830.8275901715,5.431797570509952e6,0.0,0.0,0.0,0.0
2767,688973.8275901715,5.434552459815586e6,0.0,0.0,0.0,0.0
2768,690116.8275901715,5.43730734912122e6,0.0,0.0,0.0,0.0
2769,691568.8275901715,5.440382805109505e6,0.0,0.0,0.0,0.0
2770,693020.8275901715,5.443458261097789e6,0.0,0.0,0.0,0.0
2771,694366.8275901715,5.446070538532998e6,0.0,0.0,0.0,0.0
2772,695712.8275901715,5.448682815968209e6,0.0,0.0,0.0,0.0
2773,696282.8275901715,5.450578933793244e6,0.0,0.0,0.0,0.0
2774,696852.8275901715,5.452475051618279e6,0.0,0.0,0.0,0.0
2775,697289.3275901715,5.454167792515056e6,0.0,0.0,0.0,0.0
2776,697725.8275901715,5.455860533411834e6,0.0,0.0,0.0,0.0
2777,699410.8275901715,5.457399501509197e6,0.0,0.0,0.0,0.0
2778,701095.8275901715,5.458938469606561e6,0.0,0.0,0.0,0.0
2779,702658.8275901715,5.461320087842649e6,0.0,0.0,0.0,0.0
2780,704221.8275901715,5.463701706078738e6,0.0,0.0,0.0,0.0
2781,705578.8275901715,5.46619059324345e6,0.0,0.0,0.0,0.0
2782,706935.8275901715,5.468679480408163e6,0.0,0.0,0.0,0.0
2783,707683.8275901715,5.47140398718488e6,0.0,0.0,0.0,0.0
2784,708431.8275901715,5.474128493961599e6,0.0,0.0,0.0,0.0
2785,708845.8275901715,5.477411047187803e6,0.0,0.0,0.0,0.0
2786,709259.8275901715,5.480693600414009e6,0.0,0.0,0.0,0.0
2787,709669.3275901715,5.483661167422059e6,0.0,0.0,0.0,0.0
2788,710078.8275901715,5.486628734430109e6,0.0,0.0,0.0,0.0
2789,710400.3275901715,5.48964218525734e6,0.0,0.0,0.0,0.0
2790,710721.8275901715,5.49265563608457e6,0.0,0.0,0.0,0.0
2791,711113.3275901715,5.4959102869883e6,0.0,0.0,0.0,0.0
2792,711504.8275901715,5.499164937892031e6,0.0,0.0,0.0,0.0
2793,711978.8275901715,5.501859062139832e6,0.0,0.0,0.0,0.0
2794,712452.8275901715,5.504553186387634e6,0.0,0.0,0.0,0.0
2795,713244.3275901715,5.506803353682288e6,0.0,0.0,0.0,0.0
2796,714035.8275901715,5.509053520976942e6,0.0,0.0,0.0,0.0
2797,714418.3275901715,5.510971340608345e6,0.0,0.0,0.0,0.0
2798,714800.8275901715,5.51288916023975e6,0.0,0.0,0.0,0.0
2799,715372.8275901715,5.5150078765929695e6,0.0,0.0,0.0,0.0
2800,715944.8275901715,5.5171265929461885e6,0.0,0.0,0.0,0.0
2801,716891.3275901715,5.519389161273053e6,0.0,0.0,0.0,0.0
2802,717837.8275901715,5.521651729599918e6,0.0,0.0,0.0,0.0
2803,719494.3275901715,5.524739586620413e6,0.0,0.0,0.0,0.0
2804,721150.8275901715,5.527827443640908e6,0.0,0.0,0.0,0.0
2805,722605.8275901715,5.530895459009866e6,0.0,0.0,0.0,0.0
2806,724060.8275901715,5.533963474378824e6,0.0,0.0,0.0,0.0
2807,724905.3275901715,5.536652638213742e6,0.0,0.0,0.0,0.0
2808,725749.8275901715,5.539341802048659e6,0.0,0.0,0.0,0.0
2809,726403.8275901715,5.542210160799023e6,0.0,0.0,0.0,0.0
2810,727057.8275901715,5.545078519549387e6,0.0,0.0,0.0,0.0
2811,727405.3275901715,5.548372233704582e6,0.0,0.0,0.0,0.0
2812,727752.8275901715,5.551665947859776e6,0.0,0.0,0.0,0.0
2813,728585.3275901715,5.55422552090809e6,0.0,0.0,0.0,0.0
2814,729417.8275901715,5.556785093956404e6,0.0,0.0,0.0,0.0
2815,731460.8275901715,5.560058966460062e6,0.0,0.0,0.0,0.0
2816,733503.8275901715,5.563332838963719e6,0.0,0.0,0.0,0.0
2817,735913.3275901715,5.56626754323641e6,0.0,0.0,0.0,0.0
2818,738322.8275901715,5.569202247509102e6,0.0,0.0,0.0,0.0
2819,740998.3275901715,5.572136331730183e6,0.0,0.0,0.0,0.0
2820,743673.8275901715,5.575070415951264e6,0.0,0.0,0.0,0.0
2821,745444.3275901715,5.577434052690648e6,0.0,0.0,0.0,0.0
2822,747214.8275901715,5.57979768943003e6,0.0,0.0,0.0,0.0
2823,748172.3275901715,5.581899664389765e6,0.0,0.0,0.0,0.0
2824,749129.8275901715,5.5840016393495e6,0.0,0.0,0.0,0.0
2825,750585.3275901715,5.586210883237857e6,0.0,0.0,0.0,0.0
2826,752040.8275901715,5.588420127126216e6,0.0,0.0,0.0,0.0
2827,753426.8275901715,5.592611676013474e6,0.0,0.0,0.0,0.0
2828,754812.8275901715,5.596803224900733e6,0.0,0.0,0.0,0.0
2829,756614.3275901715,5.600245131390847e6,0.0,0.0,0.0,0.0
2830,758415.8275901715,5.603687037880961e6,0.0,0.0,0.0,0.0
2831,759302.3275901715,5.606057495188059e6,0.0,0.0,0.0,0.0
2832,760188.8275901715,5.608427952495159e6,0.0,0.0,0.0,0.0
2833,760826.3275901715,5.611269649026269e6,0.0,0.0,0.0,0.0
2834,761463.8275901715,5.61411134555738e6,0.0,0.0,0.0,0.0
2835,762161.8275901715,5.617174400513453e6,0.0,0.0,0.0,0.0
2836,762859.8275901715,5.620237455469526e6,0.0,0.0,0.0,0.0
2837,764403.3275901715,5.623159138658397e6,0.0,0.0,0.0,0.0
2838,765946.8275901715,5.6260808218472665e6,0.0,0.0,0.0,0.0
2839,768463.8275901715,5.630109917212563e6,0.0,0.0,0.0,0.0
2840,770980.8275901715,5.63413901257786e6,0.0,0.0,0.0,0.0
2841,773485.8275901715,5.6380267361759525e6,0.0,0.0,0.0,0.0
2842,775990.8275901715,5.641914459774046e6,0.0,0.0,0.0,0.0
2843,777948.3275901715,5.645813344301129e6,0.0,0.0,0.0,0.0
2844,779905.8275901715,5.649712228828212e6,0.0,0.0,0.0,0.0
2845,781397.8275901715,5.653405876272206e6,0.0,0.0,0.0,0.0
2846,782889.8275901715,5.6570995237162e6,0.0,0.0,0.0,0.0
2847,783891.3275901715,5.660242565330034e6,0.0,0.0,0.0,0.0
2848,784892.8275901715,5.663385606943867e6,0.0,0.0,0.0,0.0
2849,786252.8275901715,5.666727065073074e6,0.0,0.0,0.0,0.0
2850,787612.8275901715,5.6700685232022805e6,0.0,0.0,0.0,0.0
2851,789171.9834808968,5.675660148626141e6,0.0,0.0,0.0,0.0
2852,790731.1393716221,5.681251774050002e6,0.0,0.0,0.0,0.0
2853,788055.2097239753,5.686529033307318e6,0.0,0.0,0.0,0.0
2854,785379.2800763285,5.691806292564634e6,0.0,0.0,0.0,0.0
2855,784169.4463972766,5.695523630817841e6,0.0,0.0,0.0,0.0
2856,782959.6127182246,5.699240969071047e6,0.0,0.0,0.0,0.0
2857,783703.6127182246,5.69604883110838e6,0.0,0.0,0.0,0.0
2858,784447.6127182246,5.692856693145712e6,0.0,0.0,0.0,0.0
2859,785401.6127182246,5.6909715977149075e6,0.0,0.0,0.0,0.0
2860,786355.6127182246,5.689086502284103e6,0.0,0.0,0.0,0.0
2861,785549.4326570329,5.692373093276758e6,0.0,0.0,0.0,0.0
2862,784743.2525958411,5.695659684269412e6,0.0,0.0,0.0,0.0
2863,782690.409953397,5.699878400195351e6,0.0,0.0,0.0,0.0
2864,780637.567310953,5.704097116121289e6,0.0,0.0,0.0,0.0
2865,783010.8833223506,5.708316467706996e6,0.0,0.0,0.0,0.0
2866,785384.1993337481,5.712535819292703e6,0.0,0.0,0.0,0.0
2867,786981.6993337481,5.716620099251337e6,0.0,0.0,0.0,0.0
2868,788579.1993337481,5.720704379209973e6,0.0,0.0,0.0,0.0
2869,790013.1993337481,5.723376801651405e6,0.0,0.0,0.0,0.0
2870,791447.1993337481,5.726049224092838e6,0.0,0.0,0.0,0.0
2871,792735.6993337481,5.728616237760479e6,0.0,0.0,0.0,0.0
2872,794024.1993337481,5.73118325142812e6,0.0,0.0,0.0,0.0
2873,795438.1993337481,5.733694460450811e6,0.0,0.0,0.0,0.0
2874,796852.1993337481,5.736205669473504e6,0.0,0.0,0.0,0.0
2875,798885.1293458352,5.735083041982526e6,0.0,0.0,0.0,0.0
2876,800918.0593579223,5.733960414491548e6,0.0,0.0,0.0,0.0
2877,802067.1777076309,5.731369726591105e6,0.0,0.0,0.0,0.0
2878,803216.2960573396,5.728779038690662e6,0.0,0.0,0.0,0.0
2879,804576.7960573396,5.727450896104323e6,0.0,0.0,0.0,0.0
2880,805937.2960573396,5.726122753517984e6,0.0,0.0,0.0,0.0
2881,806544.7960573396,5.728681706514688e6,0.0,0.0,0.0,0.0
2882,807152.2960573396,5.731240659511391e6,0.0,0.0,0.0,0.0
2883,807544.2960573396,5.733932923604361e6,0.0,0.0,0.0,0.0
2884,807936.2960573396,5.7366251876973305e6,0.0,0.0,0.0,0.0
2885,809345.8030234379,5.7398618571043555e6,0.0,0.0,0.0,0.0
2886,810755.3099895361,5.74309852651138e6,0.0,0.0,0.0,0.0
2887,810085.4653419537,5.747223213339386e6,0.0,0.0,0.0,0.0
2888,809415.6206943713,5.751347900167391e6,0.0,0.0,0.0,0.0
2889,812421.6206943713,5.756222125877855e6,0.0,0.0,0.0,0.0
2890,815427.6206943713,5.761096351588319e6,0.0,0.0,0.0,0.0
2891,818100.6206943713,5.764722413406764e6,0.0,0.0,0.0,0.0
2892,820773.6206943713,5.768348475225209e6,0.0,0.0,0.0,0.0
2893,823732.1206943713,5.771108944995338e6,0.0,0.0,0.0,0.0
2894,826690.6206943713,5.773869414765468e6,0.0,0.0,0.0,0.0
2895,828967.1206943713,5.776520135400532e6,0.0,0.0,0.0,0.0
2896,831243.6206943713,5.779170856035595e6,0.0,0.0,0.0,0.0
2897,834210.5528225449,5.781447685549502e6,0.0,0.0,0.0,0.0
2898,837177.4849507185,5.78372451506341e6,0.0,0.0,0.0,0.0
2899,837459.9193560847,5.787349336778633e6,0.0,0.0,0.0,0.0
2900,837742.3537614507,5.790974158493858e6,0.0,0.0,0.0,0.0
2901,835720.306651419,5.793818955283022e6,0.0,0.0,0.0,0.0
2902,833698.2595413874,5.796663752072184e6,0.0,0.0,0.0,0.0
2903,835001.7595413874,5.7994812665904835e6,0.0,0.0,0.0,0.0
2904,836305.2595413874,5.802298781108783e6,0.0,0.0,0.0,0.0
2905,837191.2595413874,5.804605993151607e6,0.0,0.0,0.0,0.0
2906,838077.2595413874,5.80691320519443e6,0.0,0.0,0.0,0.0
2907,838885.7595413874,5.80999486169882e6,0.0,0.0,0.0,0.0
2908,839694.2595413874,5.81307651820321e6,0.0,0.0,0.0,0.0
2909,840490.7595413874,5.816377052926121e6,0.0,0.0,0.0,0.0
2910,841287.2595413874,5.819677587649032e6,0.0,0.0,0.0,0.0
2911,842198.7595413874,5.822811948540317e6,0.0,0.0,0.0,0.0
2912,843110.2595413874,5.825946309431603e6,0.0,0.0,0.0,0.0
2913,844499.7595413874,5.828733441420985e6,0.0,0.0,0.0,0.0
2914,845889.2595413874,5.8315205734103685e6,0.0,0.0,0.0,0.0
2915,847635.7595413874,5.836195142502239e6,0.0,0.0,0.0,0.0
2916,849382.2595413874,5.8408697115941085e6,0.0,0.0,0.0,0.0
2917,850260.2595413874,5.844733253179391e6,0.0,0.0,0.0,0.0
2918,851138.2595413874,5.848596794764673e6,0.0,0.0,0.0,0.0
2919,852094.7595413874,5.851874387577994e6,0.0,0.0,0.0,0.0
2920,853051.2595413874,5.855151980391315e6,0.0,0.0,0.0,0.0
2921,854606.2595413874,5.857631566781869e6,0.0,0.0,0.0,0.0
2922,856161.2595413874,5.860111153172424e6,0.0,0.0,0.0,0.0
2923,858183.7595413874,5.863845724022714e6,0.0,0.0,0.0,0.0
2924,860206.2595413874,5.867580294873004e6,0.0,0.0,0.0,0.0
2925,862256.2595413874,5.871707978444377e6,0.0,0.0,0.0,0.0
2926,864306.2595413874,5.875835662015749e6,0.0,0.0,0.0,0.0
2927,865774.2595413874,5.87815155478112e6,0.0,0.0,0.0,0.0
2928,867242.2595413874,5.880467447546492e6,0.0,0.0,0.0,0.0
2929,868347.2595413874,5.882764118711937e6,0.0,0.0,0.0,0.0
2930,869452.2595413874,5.885060789877381e6,0.0,0.0,0.0,0.0
2931,870501.2595413874,5.887435587545754e6,0.0,0.0,0.0,0.0
2932,871550.2595413874,5.889810385214127e6,0.0,0.0,0.0,0.0
2933,872995.2595413874,5.8923507366625145e6,0.0,0.0,0.0,0.0
2934,874440.2595413874,5.894891088110901e6,0.0,0.0,0.0,0.0
2935,876406.2595413874,5.897299988617854e6,0.0,0.0,0.0,0.0
2936,878372.2595413874,5.899708889124807e6,0.0,0.0,0.0,0.0
2937,880354.2595413874,5.901870389039153e6,0.0,0.0,0.0,0.0
2938,882336.2595413874,5.9040318889535e6,0.0,0.0,0.0,0.0
2939,884519.7595413874,5.906264694803059e6,0.0,0.0,0.0,0.0
2940,886703.2595413874,5.908497500652618e6,0.0,0.0,0.0,0.0
2941,888214.7595413874,5.910971506578677e6,0.0,0.0,0.0,0.0
2942,889726.2595413874,5.913445512504737e6,0.0,0.0,0.0,0.0
2943,891264.7595413874,5.916556311434822e6,0.0,0.0,0.0,0.0
2944,892803.2595413874,5.919667110364907e6,0.0,0.0,0.0,0.0
2945,895106.2595413874,5.923501509524494e6,0.0,0.0,0.0,0.0
2946,897409.2595413874,5.927335908684081e6,0.0,0.0,0.0,0.0
2947,900403.7595413874,5.931175888308164e6,0.0,0.0,0.0,0.0
2948,903398.2595413874,5.935015867932245e6,0.0,0.0,0.0,0.0
2949,906275.7595413874,5.9383660067839995e6,0.0,0.0,0.0,0.0
2950,909153.2595413874,5.941716145635753e6,0.0,0.0,0.0,0.0
2951,911224.7595413874,5.944838725546438e6,0.0,0.0,0.0,0.0
2952,913296.2595413874,5.947961305457124e6,0.0,0.0,0.0,0.0
2953,914509.7595413874,5.9507713793560965e6,0.0,0.0,0.0,0.0
2954,915723.2595413874,5.953581453255069e6,0.0,0.0,0.0,0.0
2955,916898.7595413874,5.956577542637205e6,0.0,0.0,0.0,0.0
2956,918074.2595413874,5.95957363201934e6,0.0,0.0,0.0,0.0
2957,919235.7595413874,5.962733415026658e6,0.0,0.0,0.0,0.0
2958,920397.2595413874,5.965893198033976e6,0.0,0.0,0.0,0.0
2959,921656.7595413874,5.968725593790928e6,0.0,0.0,0.0,0.0
2960,922916.2595413874,5.97155798954788e6,0.0,0.0,0.0,0.0
2961,924377.2595413874,5.973932167164642e6,0.0,0.0,0.0,0.0
2962,925838.2595413874,5.976306344781405e6,0.0,0.0,0.0,0.0
2963,927399.2595413874,5.978622857598387e6,0.0,0.0,0.0,0.0
2964,928960.2595413874,5.980939370415369e6,0.0,0.0,0.0,0.0
2965,930096.7595413874,5.983111411207095e6,0.0,0.0,0.0,0.0
2966,931233.2595413874,5.9852834519988205e6,0.0,0.0,0.0,0.0
2967,932349.7595413874,5.9876997931250995e6,0.0,0.0,0.0,0.0
2968,933466.2595413874,5.9901161342513785e6,0.0,0.0,0.0,0.0
2969,934767.2595413874,5.993270336794201e6,0.0,0.0,0.0,0.0
2970,936068.2595413874,5.996424539337025e6,0.0,0.0,0.0,0.0
2971,937696.7595413874,6.001605690594707e6,0.0,0.0,0.0,0.0
2972,939325.2595413874,6.006786841852389e6,0.0,0.0,0.0,0.0
2973,941751.2595413874,6.010667171910808e6,0.0,0.0,0.0,0.0
2974,944177.2595413874,6.014547501969228e6,0.0,0.0,0.0,0.0
2975,945338.2595413874,6.015782837139563e6,0.0,0.0,0.0,0.0
2976,946499.2595413874,6.017018172309898e6,0.0,0.0,0.0,0.0
2977,947952.2595413874,6.020112849898109e6,0.0,0.0,0.0,0.0
2978,949405.2595413874,6.023207527486321e6,0.0,0.0,0.0,0.0
2979,950851.7595413874,6.026076506288295e6,0.0,0.0,0.0,0.0
2980,952298.2595413874,6.028945485090269e6,0.0,0.0,0.0,0.0
2981,954060.2595413874,6.0318932104467815e6,0.0,0.0,0.0,0.0
2982,955822.2595413874,6.034840935803294e6,0.0,0.0,0.0,0.0
2983,958487.1181492035,6.038940097000582e6,0.0,0.0,0.0,0.0
2984,961151.9767570195,6.04303925819787e6,0.0,0.0,0.0,0.0
2985,964552.4767570195,6.046971625511922e6,0.0,0.0,0.0,0.0
2986,967952.9767570195,6.050903992825975e6,0.0,0.0,0.0,0.0
2987,971549.4767570195,6.054056335213967e6,0.0,0.0,0.0,0.0
2988,975145.9767570195,6.057208677601958e6,0.0,0.0,0.0,0.0
2989,978481.4767570195,6.059686403837681e6,0.0,0.0,0.0,0.0
2990,981816.9767570195,6.062164130073403e6,0.0,0.0,0.0,0.0
2991,984424.4767570195,6.0652991110163e6,0.0,0.0,0.0,0.0
2992,987031.9767570195,6.068434091959195e6,0.0,0.0,0.0,0.0
2993,990116.9767570195,6.070842372414537e6,0.0,0.0,0.0,0.0
2994,993201.9767570195,6.073250652869879e6,0.0,0.0,0.0,0.0
2995,995400.9767570195,6.076150634252381e6,0.0,0.0,0.0,0.0
2996,997599.9767570195,6.079050615634882e6,0.0,0.0,0.0,0.0
2997,999334.9767570195,6.081676534205524e6,0.0,0.0,0.0,0.0
2998,1.0010699767570195e6,6.084302452776166e6,0.0,0.0,0.0,0.0
2999,1.0021744767570195e6,6.088539885482604e6,0.0,0.0,0.0,0.0
3000,1.0032789767570195e6,6.092777318189043e6,0.0,0.0,0.0,0.0
3001,1.0044289767570195e6,6.096687363645116e6,0.0,0.0,0.0,0.0
3002,1.0055789767570195e6,6.100597409101188e6,0.0,0.0,0.0,0.0
3003,1.0067489767570195e6,6.104455370221976e6,0.0,0.0,0.0,0.0
3004,1.0079189767570195e6,6.108313331342763e6,0.0,0.0,0.0,0.0
3005,1.0094234767570195e6,6.111306320466846e6,0.0,0.0,0.0,0.0
3006,1.0109279767570195e6,6.114299309590928e6,0.0,0.0,0.0,0.0
3007,1.0137609767570195e6,6.118816385573721e6,0.0,0.0,0.0,0.0
3008,1.0165939767570195e6,6.123333461556514e6,0.0,0.0,0.0,0.0
3009,1.0193614767570195e6,6.129111722515147e6,0.0,0.0,0.0,0.0
3010,1.0221289767570195e6,6.134889983473781e6,0.0,0.0,0.0,0.0
3011,1.0241114767570195e6,6.1412027289207e6,0.0,0.0,0.0,0.0
3012,1.0260939767570195e6,6.14751547436762e6,0.0,0.0,0.0,0.0
3013,1.0277759767570195e6,6.1526085782966055e6,0.0,0.0,0.0,0.0
3014,1.0294579767570195e6,6.1577016822255915e6,0.0,0.0,0.0,0.0
3015,1.0309239767570195e6,6.16205382447998e6,0.0,0.0,0.0,0.0
3016,1.0323899767570195e6,6.166405966734369e6,0.0,0.0,0.0,0.0
3017,1.0341329767570195e6,6.170254007029388e6,0.0,0.0,0.0,0.0
3018,1.0358759767570195e6,6.174102047324407e6,0.0,0.0,0.0,0.0
3019,1.0377099767570195e6,6.179816442967154e6,0.0,0.0,0.0,0.0
3020,1.0395439767570195e6,6.185530838609902e6,0.0,0.0,0.0,0.0
3021,1.0415984767570195e6,6.19024881131451e6,0.0,0.0,0.0,0.0
3022,1.0436529767570195e6,6.194966784019118e6,0.0,0.0,0.0,0.0
3023,1.0449879767570195e6,6.198667252030828e6,0.0,0.0,0.0,0.0
3024,1.0463229767570195e6,6.202367720042538e6,0.0,0.0,0.0,0.0
3025,1.0477669767570195e6,6.203623823283149e6,0.0,0.0,0.0,0.0
3026,1.0492109767570195e6,6.20487992652376e6,0.0,0.0,0.0,0.0
3027,1.0506384767570195e6,6.205185298827322e6,0.0,0.0,0.0,0.0
3028,1.0520659767570195e6,6.205490671130884e6,0.0,0.0,0.0,0.0
3029,1.0541559767570195e6,6.207538228677137e6,0.0,0.0,0.0,0.0
3030,1.0562459767570195e6,6.209585786223389e6,0.0,0.0,0.0,0.0
3031,1.0597174767570195e6,6.212137050911047e6,0.0,0.0,0.0,0.0
3032,1.0631889767570195e6,6.214688315598704e6,0.0,0.0,0.0,0.0
3033,1.0655564767570195e6,6.220794583859313e6,0.0,0.0,0.0,0.0
3034,1.0679239767570195e6,6.226900852119924e6,0.0,0.0,0.0,0.0
3035,1.0701404767570195e6,6.232985418574165e6,0.0,0.0,0.0,0.0
3036,1.0723569767570195e6,6.239069985028406e6,0.0,0.0,0.0,0.0
3037,1.0741189767570195e6,6.243869184493994e6,0.0,0.0,0.0,0.0
3038,1.0758809767570195e6,6.248668383959584e6,0.0,0.0,0.0,0.0
3039,1.0775104767570195e6,6.253417359244719e6,0.0,0.0,0.0,0.0
3040,1.0791399767570195e6,6.258166334529854e6,0.0,0.0,0.0,0.0
3041,1.0810994767570195e6,6.262168787601894e6,0.0,0.0,0.0,0.0
3042,1.0830589767570195e6,6.266171240673932e6,0.0,0.0,0.0,0.0
3043,1.0848869767570195e6,6.271606361936314e6,0.0,0.0,0.0,0.0
3044,1.0867149767570195e6,6.277041483198696e6,0.0,0.0,0.0,0.0
3045,1.0891519767570195e6,6.276565171290198e6,0.0,0.0,0.0,0.0
3046,1.0915889767570195e6,6.276088859381701e6,0.0,0.0,0.0,0.0
3047,1.0928564767570195e6,6.273860281621814e6,0.0,0.0,0.0,0.0
3048,1.0941239767570195e6,6.271631703861928e6,0.0,0.0,0.0,0.0
3049,1.0952434767570195e6,6.269135263806287e6,0.0,0.0,0.0,0.0
3050,1.0963629767570195e6,6.266638823750646e6,0.0,0.0,0.0,0.0
3051,1.0975699767570195e6,6.27100832745013e6,0.0,0.0,0.0,0.0
3052,1.0987769767570195e6,6.2753778311496135e6,0.0,0.0,0.0,0.0
3053,1.1007569767570195e6,6.276481488718853e6,0.0,0.0,0.0,0.0
3054,1.1027369767570195e6,6.277585146288093e6,0.0,0.0,0.0,0.0
3055,1.1051381209121747e6,6.282004418751275e6,0.0,0.0,0.0,0.0
3056,1.10753926506733e6,6.286423691214457e6,0.0,0.0,0.0,0.0
3057,1.11048376506733e6,6.291340700486049e6,0.0,0.0,0.0,0.0
3058,1.11342826506733e6,6.296257709757641e6,0.0,0.0,0.0,0.0
3059,1.11689076506733e6,6.300738822747022e6,0.0,0.0,0.0,0.0
3060,1.12035326506733e6,6.305219935736404e6,0.0,0.0,0.0,0.0
3061,1.12285376506733e6,6.309040073708948e6,0.0,0.0,0.0,0.0
3062,1.12535426506733e6,6.312860211681493e6,0.0,0.0,0.0,0.0
3063,1.12681876506733e6,6.316648106970289e6,0.0,0.0,0.0,0.0
3064,1.12828326506733e6,6.320436002259085e6,0.0,0.0,0.0,0.0
3065,1.13088676506733e6,6.324342327405495e6,0.0,0.0,0.0,0.0
3066,1.13349026506733e6,6.328248652551904e6,0.0,0.0,0.0,0.0
3067,1.13671976506733e6,6.332760148070202e6,0.0,0.0,0.0,0.0
3068,1.13994926506733e6,6.3372716435885e6,0.0,0.0,0.0,0.0
3069,1.143064549185814e6,6.341448931288716e6,0.0,0.0,0.0,0.0
3070,1.146179833304298e6,6.345626218988933e6,0.0,0.0,0.0,0.0
3071,1.148153333304298e6,6.3506461568278745e6,0.0,0.0,0.0,0.0
3072,1.150126833304298e6,6.355666094666815e6,0.0,0.0,0.0,0.0
3073,1.151285833304298e6,6.360543420635332e6,0.0,0.0,0.0,0.0
3074,1.152444833304298e6,6.365420746603849e6,0.0,0.0,0.0,0.0
3075,1.153489833304298e6,6.370331555359336e6,0.0,0.0,0.0,0.0
3076,1.154534833304298e6,6.375242364114822e6,0.0,0.0,0.0,0.0
3077,1.155867333304298e6,6.379716036484877e6,0.0,0.0,0.0,0.0
3078,1.157199833304298e6,6.384189708854931e6,0.0,0.0,0.0,0.0
3079,1.159546833304298e6,6.388542471160931e6,0.0,0.0,0.0,0.0
3080,1.161893833304298e6,6.39289523346693e6,0.0,0.0,0.0,0.0
3081,1.164931333304298e6,6.3973521644435e6,0.0,0.0,0.0,0.0
3082,1.167968833304298e6,6.40180909542007e6,0.0,0.0,0.0,0.0
3083,1.170219833304298e6,6.40622014257746e6,0.0,0.0,0.0,0.0
3084,1.172470833304298e6,6.41063118973485e6,0.0,0.0,0.0,0.0
3085,1.173426833304298e6,6.414892184402489e6,0.0,0.0,0.0,0.0
3086,1.174382833304298e6,6.419153179070128e6,0.0,0.0,0.0,0.0
3087,1.175496833304298e6,6.423241799390037e6,0.0,0.0,0.0,0.0
3088,1.176610833304298e6,6.427330419709945e6,0.0,0.0,0.0,0.0
3089,1.178366833304298e6,6.431770609293031e6,0.0,0.0,0.0,0.0
3090,1.180122833304298e6,6.436210798876116e6,0.0,0.0,0.0,0.0
3091,1.182373833304298e6,6.442380312401e6,0.0,0.0,0.0,0.0
3092,1.184624833304298e6,6.448549825925886e6,0.0,0.0,0.0,0.0
3093,1.186794333304298e6,6.453169493107643e6,0.0,0.0,0.0,0.0
3094,1.188963833304298e6,6.457789160289399e6,0.0,0.0,0.0,0.0
3095,1.190556833304298e6,6.459720623180985e6,0.0,0.0,0.0,0.0
3096,1.192149833304298e6,6.461652086072572e6,0.0,0.0,0.0,0.0
3097,1.193211333304298e6,6.46368332072185e6,0.0,0.0,0.0,0.0
3098,1.194272833304298e6,6.465714555371127e6,0.0,0.0,0.0,0.0
3099,1.195095833304298e6,6.469825497549015e6,0.0,0.0,0.0,0.0
3100,1.195918833304298e6,6.473936439726903e6,0.0,0.0,0.0,0.0
3101,1.196814833304298e6,6.478168912020458e6,0.0,0.0,0.0,0.0
3102,1.197710833304298e6,6.482401384314012e6,0.0,0.0,0.0,0.0
3103,1.199157833304298e6,6.487237166824622e6,0.0,0.0,0.0,0.0
3104,1.200604833304298e6,6.492072949335233e6,0.0,0.0,0.0,0.0
3105,1.201876833304298e6,6.4973867916375715e6,0.0,0.0,0.0,0.0
3106,1.203148833304298e6,6.50270063393991e6,0.0,0.0,0.0,0.0
3107,1.204356833304298e6,6.507408685818749e6,0.0,0.0,0.0,0.0
3108,1.205564833304298e6,6.512116737697588e6,0.0,0.0,0.0,0.0
3109,1.206443333304298e6,6.515673973787263e6,0.0,0.0,0.0,0.0
3110,1.207321833304298e6,6.519231209876938e6,0.0,0.0,0.0,0.0
3111,1.208179833304298e6,6.52265885518001e6,0.0,0.0,0.0,0.0
3112,1.209037833304298e6,6.526086500483082e6,0.0,0.0,0.0,0.0
3113,1.210554333304298e6,6.53097684753542e6,0.0,0.0,0.0,0.0
3114,1.212070833304298e6,6.535867194587759e6,0.0,0.0,0.0,0.0
3115,1.213548833304298e6,6.542620796729773e6,0.0,0.0,0.0,0.0
3116,1.215026833304298e6,6.549374398871789e6,0.0,0.0,0.0,0.0
3117,1.217022333304298e6,6.555635680035034e6,0.0,0.0,0.0,0.0
3118,1.219017833304298e6,6.561896961198279e6,0.0,0.0,0.0,0.0
3119,1.220192333304298e6,6.564409770886861e6,0.0,0.0,0.0,0.0
3120,1.221366833304298e6,6.566922580575442e6,0.0,0.0,0.0,0.0
3121,1.222355333304298e6,6.571069485746741e6,0.0,0.0,0.0,0.0
3122,1.223343833304298e6,6.575216390918041e6,0.0,0.0,0.0,0.0
3123,1.224082333304298e6,6.579005526310058e6,0.0,0.0,0.0,0.0
3124,1.224820833304298e6,6.582794661702075e6,0.0,0.0,0.0,0.0
3125,1.225590833304298e6,6.586614179623009e6,0.0,0.0,0.0,0.0
3126,1.226360833304298e6,6.590433697543942e6,0.0,0.0,0.0,0.0
3127,1.227476833304298e6,6.59468105107615e6,0.0,0.0,0.0,0.0
3128,1.228592833304298e6,6.598928404608357e6,0.0,0.0,0.0,0.0
3129,1.229782333304298e6,6.602533384672044e6,0.0,0.0,0.0,0.0
3130,1.230971833304298e6,6.60613836473573e6,0.0,0.0,0.0,0.0
3131,1.232153833304298e6,6.6101966025267225e6,0.0,0.0,0.0,0.0
3132,1.233335833304298e6,6.614254840317714e6,0.0,0.0,0.0,0.0
3133,1.234143333304298e6,6.618571019578692e6,0.0,0.0,0.0,0.0
3134,1.234950833304298e6,6.622887198839669e6,0.0,0.0,0.0,0.0
3135,1.235789833304298e6,6.627380092809651e6,0.0,0.0,0.0,0.0
3136,1.236628833304298e6,6.631872986779632e6,0.0,0.0,0.0,0.0
3137,1.238966833304298e6,6.636801156980214e6,0.0,0.0,0.0,0.0
3138,1.241304833304298e6,6.641729327180795e6,0.0,0.0,0.0,0.0
3139,1.243596833304298e6,6.648148721504728e6,0.0,0.0,0.0,0.0
3140,1.245888833304298e6,6.654568115828661e6,0.0,0.0,0.0,0.0
3141,1.248384333304298e6,6.6609602278817305e6,0.0,0.0,0.0,0.0
3142,1.250879833304298e6,6.6673523399348e6,0.0,0.0,0.0,0.0
3143,1.252536333304298e6,6.670128310995193e6,0.0,0.0,0.0,0.0
3144,1.254192833304298e6,6.672904282055586e6,0.0,0.0,0.0,0.0
3145,1.255342833304298e6,6.676158932959316e6,0.0,0.0,0.0,0.0
3146,1.256492833304298e6,6.679413583863047e6,0.0,0.0,0.0,0.0
3147,1.257606833304298e6,6.682725899566558e6,0.0,0.0,0.0,0.0
3148,1.258720833304298e6,6.686038215270069e6,0.0,0.0,0.0,0.0
3149,1.260583333304298e6,6.689782086894518e6,0.0,0.0,0.0,0.0
3150,1.262445833304298e6,6.693525958518965e6,0.0,0.0,0.0,0.0
3151,1.265351333304298e6,6.697317750332832e6,0.0,0.0,0.0,0.0
3152,1.268256833304298e6,6.7011095421466995e6,0.0,0.0,0.0,0.0
3153,1.271294333304298e6,6.707386324600209e6,0.0,0.0,0.0,0.0
3154,1.274331833304298e6,6.713663107053717e6,0.0,0.0,0.0,0.0
3155,1.276513833304298e6,6.7195337557023205e6,0.0,0.0,0.0,0.0
3156,1.278695833304298e6,6.725404404350925e6,0.0,0.0,0.0,0.0
3157,1.280312333304298e6,6.729571151173762e6,0.0,0.0,0.0,0.0
3158,1.281928833304298e6,6.733737897996599e6,0.0,0.0,0.0,0.0
3159,1.283607833304298e6,6.738571820352378e6,0.0,0.0,0.0,0.0
3160,1.285286833304298e6,6.743405742708158e6,0.0,0.0,0.0,0.0
3161,1.289054333304298e6,6.748906220545269e6,0.0,0.0,0.0,0.0
3162,1.292821833304298e6,6.7544066983823795e6,0.0,0.0,0.0,0.0
3163,1.296581333304298e6,6.760967464473516e6,0.0,0.0,0.0,0.0
3164,1.300340833304298e6,6.767528230564652e6,0.0,0.0,0.0,0.0
3165,1.303138833304298e6,6.772537007474604e6,0.0,0.0,0.0,0.0
3166,1.305936833304298e6,6.777545784384556e6,0.0,0.0,0.0,0.0
3167,1.307521833304298e6,6.780262230490337e6,0.0,0.0,0.0,0.0
3168,1.309106833304298e6,6.782978676596118e6,0.0,0.0,0.0,0.0
3169,1.310192333304298e6,6.785717444559879e6,0.0,0.0,0.0,0.0
3170,1.311277833304298e6,6.788456212523639e6,0.0,0.0,0.0,0.0
3171,1.312260333304298e6,6.791572591918219e6,0.0,0.0,0.0,0.0
3172,1.313242833304298e6,6.7946889713127995e6,0.0,0.0,0.0,0.0
3173,1.315342833304298e6,6.798466308348593e6,0.0,0.0,0.0,0.0
3174,1.317442833304298e6,6.802243645384387e6,0.0,0.0,0.0,0.0
3175,1.321326333304298e6,6.808374715709418e6,0.0,0.0,0.0,0.0
3176,1.325209833304298e6,6.81450578603445e6,0.0,0.0,0.0,0.0
3177,1.328957833304298e6,6.821551432485029e6,0.0,0.0,0.0,0.0
3178,1.332705833304298e6,6.828597078935609e6,0.0,0.0,0.0,0.0
3179,1.335213333304298e6,6.835535456457565e6,0.0,0.0,0.0,0.0
3180,1.337720833304298e6,6.842473833979521e6,0.0,0.0,0.0,0.0
3181,1.338889333304298e6,6.847464009341156e6,0.0,0.0,0.0,0.0
3182,1.340057833304298e6,6.852454184702792e6,0.0,0.0,0.0,0.0
3183,1.341670833304298e6,6.857830032166185e6,0.0,0.0,0.0,0.0
3184,1.343283833304298e6,6.863205879629577e6,0.0,0.0,0.0,0.0
3185,1.345582333304298e6,6.869426237386527e6,0.0,0.0,0.0,0.0
3186,1.347880833304298e6,6.875646595143476e6,0.0,0.0,0.0,0.0
3187,1.349933333304298e6,6.882341292382489e6,0.0,0.0,0.0,0.0
3188,1.351985833304298e6,6.889035989621502e6,0.0,0.0,0.0,0.0
3189,1.354609833304298e6,6.893717379281089e6,0.0,0.0,0.0,0.0
3190,1.357233833304298e6,6.898398768940674e6,0.0,0.0,0.0,0.0
3191,1.358609833304298e6,6.900793408260584e6,0.0,0.0,0.0,0.0
3192,1.359985833304298e6,6.903188047580495e6,0.0,0.0,0.0,0.0
3193,1.361076833304298e6,6.905976419673098e6,0.0,0.0,0.0,0.0
3194,1.362167833304298e6,6.908764791765702e6,0.0,0.0,0.0,0.0
3195,1.363580833304298e6,6.91173049861892e6,0.0,0.0,0.0,0.0
3196,1.364993833304298e6,6.914696205472139e6,0.0,0.0,0.0,0.0
3197,1.367622333304298e6,6.918007281072428e6,0.0,0.0,0.0,0.0
3198,1.370250833304298e6,6.921318356672719e6,0.0,0.0,0.0,0.0
3199,1.374196333304298e6,6.927433925707487e6,0.0,0.0,0.0,0.0
3200,1.378141833304298e6,6.933549494742255e6,0.0,0.0,0.0,0.0
3201,1.381050833304298e6,6.940439508238588e6,0.0,0.0,0.0,0.0
3202,1.383959833304298e6,6.947329521734922e6,0.0,0.0,0.0,0.0
3203,1.386961333304298e6,6.952803337352781e6,0.0,0.0,0.0,0.0
3204,1.389962833304298e6,6.958277152970638e6,0.0,0.0,0.0,0.0
3205,1.392026833304298e6,6.962287026736008e6,0.0,0.0,0.0,0.0
3206,1.394090833304298e6,6.966296900501378e6,0.0,0.0,0.0,0.0
3207,1.396083333304298e6,6.971392484636806e6,0.0,0.0,0.0,0.0
3208,1.398075833304298e6,6.976488068772233e6,0.0,0.0,0.0,0.0
3209,1.401467333304298e6,6.983055035379475e6,0.0,0.0,0.0,0.0
3210,1.404858833304298e6,6.989622001986717e6,0.0,0.0,0.0,0.0
3211,1.408430333304298e6,6.996621144566506e6,0.0,0.0,0.0,0.0
3212,1.412001833304298e6,7.003620287146295e6,0.0,0.0,0.0,0.0
3213,1.415232333304298e6,7.008671847617375e6,0.0,0.0,0.0,0.0
3214,1.418462833304298e6,7.013723408088454e6,0.0,0.0,0.0,0.0
3215,1.420017333304298e6,7.01706424616605e6,0.0,0.0,0.0,0.0
3216,1.421571833304298e6,7.020405084243646e6,0.0,0.0,0.0,0.0
3217,1.422604333304298e6,7.023627492463628e6,0.0,0.0,0.0,0.0
3218,1.423636833304298e6,7.026849900683611e6,0.0,0.0,0.0,0.0
3219,1.424454833304298e6,7.029979301162012e6,0.0,0.0,0.0,0.0
3220,1.425272833304298e6,7.033108701640413e6,0.0,0.0,0.0,0.0
3221,1.426218833304298e6,7.037975486731552e6,0.0,0.0,0.0,0.0
3222,1.427164833304298e6,7.042842271822689e6,0.0,0.0,0.0,0.0
3223,1.428467833304298e6,7.050447824877588e6,0.0,0.0,0.0,0.0
3224,1.429770833304298e6,7.058053377932486e6,0.0,0.0,0.0,0.0
3225,1.431171333304298e6,7.065422691323768e6,0.0,0.0,0.0,0.0
3226,1.432571833304298e6,7.072792004715051e6,0.0,0.0,0.0,0.0
3227,1.434084333304298e6,7.078677534602308e6,0.0,0.0,0.0,0.0
3228,1.435596833304298e6,7.084563064489565e6,0.0,0.0,0.0,0.0
3229,1.436596833304298e6,7.088788716215404e6,0.0,0.0,0.0,0.0
3230,1.437596833304298e6,7.093014367941242e6,0.0,0.0,0.0,0.0
3231,1.438532833304298e6,7.096714215901341e6,0.0,0.0,0.0,0.0
3232,1.439468833304298e6,7.100414063861441e6,0.0,0.0,0.0,0.0
3233,1.440966833304298e6,7.1031856945605595e6,0.0,0.0,0.0,0.0
3234,1.442464833304298e6,7.105957325259679e6,0.0,0.0,0.0,0.0
3235,1.444173833304298e6,7.109475498097889e6,0.0,0.0,0.0,0.0
3236,1.445882833304298e6,7.1129936709361e6,0.0,0.0,0.0,0.0
3237,1.448227833304298e6,7.116112530537123e6,0.0,0.0,0.0,0.0
3238,1.450572833304298e6,7.119231390138145e6,0.0,0.0,0.0,0.0
3239,1.451927833304298e6,7.12297216150454e6,0.0,0.0,0.0,0.0
3240,1.453282833304298e6,7.126712932870935e6,0.0,0.0,0.0,0.0
3241,1.454189333304298e6,7.130529350533816e6,0.0,0.0,0.0,0.0
3242,1.455095833304298e6,7.134345768196697e6,0.0,0.0,0.0,0.0
3243,1.455899833304298e6,7.138138623898378e6,0.0,0.0,0.0,0.0
3244,1.456703833304298e6,7.141931479600059e6,0.0,0.0,0.0,0.0
3245,1.458398833304298e6,7.146156511274287e6,0.0,0.0,0.0,0.0
3246,1.460093833304298e6,7.150381542948514e6,0.0,0.0,0.0,0.0
3247,1.463504833304298e6,7.154388316455832e6,0.0,0.0,0.0,0.0
3248,1.466915833304298e6,7.158395089963148e6,0.0,0.0,0.0,0.0
3249,1.469875833304298e6,7.1627993165528225e6,0.0,0.0,0.0,0.0
3250,1.472835833304298e6,7.167203543142497e6,0.0,0.0,0.0,0.0
3251,1.475183333304298e6,7.171666674635172e6,0.0,0.0,0.0,0.0
3252,1.477530833304298e6,7.176129806127848e6,0.0,0.0,0.0,0.0
3253,1.478929333304298e6,7.178900196723746e6,0.0,0.0,0.0,0.0
3254,1.480327833304298e6,7.181670587319644e6,0.0,0.0,0.0,0.0
3255,1.481885833304298e6,7.184077007620154e6,0.0,0.0,0.0,0.0
3256,1.483443833304298e6,7.186483427920665e6,0.0,0.0,0.0,0.0
3257,1.485890833304298e6,7.188747236350751e6,0.0,0.0,0.0,0.0
3258,1.488337833304298e6,7.191011044780836e6,0.0,0.0,0.0,0.0
3259,1.490446333304298e6,7.194782198676148e6,0.0,0.0,0.0,0.0
3260,1.492554833304298e6,7.1985533525714595e6,0.0,0.0,0.0,0.0
3261,1.495958333304298e6,7.201901631268382e6,0.0,0.0,0.0,0.0
3262,1.499361833304298e6,7.205249909965305e6,0.0,0.0,0.0,0.0
3263,1.502352333304298e6,7.208779863784116e6,0.0,0.0,0.0,0.0
3264,1.505342833304298e6,7.212309817602927e6,0.0,0.0,0.0,0.0
3265,1.506501333304298e6,7.215839151370127e6,0.0,0.0,0.0,0.0
3266,1.507659833304298e6,7.219368485137328e6,0.0,0.0,0.0,0.0
3267,1.508355333304298e6,7.222655998776417e6,0.0,0.0,0.0,0.0
3268,1.509050833304298e6,7.225943512415507e6,0.0,0.0,0.0,0.0
3269,1.509903833304298e6,7.229344495499326e6,0.0,0.0,0.0,0.0
3270,1.510756833304298e6,7.232745478583144e6,0.0,0.0,0.0,0.0
3271,1.511980333304298e6,7.236171263731385e6,0.0,0.0,0.0,0.0
3272,1.513203833304298e6,7.239597048879624e6,0.0,0.0,0.0,0.0
3273,1.514230833304298e6,7.244491736293237e6,0.0,0.0,0.0,0.0
3274,1.515257833304298e6,7.249386423706849e6,0.0,0.0,0.0,0.0
3275,1.516136833304298e6,7.253573012181223e6,0.0,0.0,0.0,0.0
3276,1.517015833304298e6,7.257759600655598e6,0.0,0.0,0.0,0.0
3277,1.517938333304298e6,7.261411084590075e6,0.0,0.0,0.0,0.0
3278,1.518860833304298e6,7.265062568524552e6,0.0,0.0,0.0,0.0
3279,1.519628833304298e6,7.268823801594094e6,0.0,0.0,0.0,0.0
3280,1.520396833304298e6,7.272585034663637e6,0.0,0.0,0.0,0.0
3281,1.521833333304298e6,7.276528562906679e6,0.0,0.0,0.0,0.0
3282,1.523269833304298e6,7.280472091149721e6,0.0,0.0,0.0,0.0
3283,1.524987333304298e6,7.285617279413993e6,0.0,0.0,0.0,0.0
3284,1.526704833304298e6,7.290762467678263e6,0.0,0.0,0.0,0.0
3285,1.528820333304298e6,7.29529628505454e6,0.0,0.0,0.0,0.0
3286,1.530935833304298e6,7.299830102430818e6,0.0,0.0,0.0,0.0
3287,1.532317833304298e6,7.303323473204607e6,0.0,0.0,0.0,0.0
3288,1.533699833304298e6,7.306816843978396e6,0.0,0.0,0.0,0.0
3289,1.534624333304298e6,7.310199845565509e6,0.0,0.0,0.0,0.0
3290,1.535548833304298e6,7.3135828471526215e6,0.0,0.0,0.0,0.0
3291,1.536232333304298e6,7.316523131889808e6,0.0,0.0,0.0,0.0
3292,1.536915833304298e6,7.3194634166269945e6,0.0,0.0,0.0,0.0
3293,1.537613333304298e6,7.322440284409203e6,0.0,0.0,0.0,0.0
3294,1.538310833304298e6,7.325417152191411e6,0.0,0.0,0.0,0.0
3295,1.539211333304298e6,7.328345035896387e6,0.0,0.0,0.0,0.0
3296,1.540111833304298e6,7.331272919601362e6,0.0,0.0,0.0,0.0
3297,1.541065333304298e6,7.333818851514244e6,0.0,0.0,0.0,0.0
3298,1.542018833304298e6,7.336364783427127e6,0.0,0.0,0.0,0.0
3299,1.542842833304298e6,7.33869431732793e6,0.0,0.0,0.0,0.0
3300,1.543666833304298e6,7.341023851228734e6,0.0,0.0,0.0,0.0
3301,1.544349833304298e6,7.343543740973974e6,0.0,0.0,0.0,0.0
3302,1.545032833304298e6,7.346063630719213e6,0.0,0.0,0.0,0.0
3303,1.545771833304298e6,7.348742253676751e6,0.0,0.0,0.0,0.0
3304,1.546510833304298e6,7.351420876634289e6,0.0,0.0,0.0,0.0
3305,1.547666333304298e6,7.354777216002148e6,0.0,0.0,0.0,0.0
3306,1.548821833304298e6,7.358133555370008e6,0.0,0.0,0.0,0.0
3307,1.550166333304298e6,7.363004060770809e6,0.0,0.0,0.0,0.0
3308,1.551510833304298e6,7.36787456617161e6,0.0,0.0,0.0,0.0
3309,1.553793833304298e6,7.372779794462601e6,0.0,0.0,0.0,0.0
3310,1.556076833304298e6,7.377685022753593e6,0.0,0.0,0.0,0.0
3311,1.557169333304298e6,7.380566402587777e6,0.0,0.0,0.0,0.0
3312,1.558261833304298e6,7.383447782421962e6,0.0,0.0,0.0,0.0
3313,1.558931333304298e6,7.38624049487584e6,0.0,0.0,0.0,0.0
3314,1.559600833304298e6,7.389033207329717e6,0.0,0.0,0.0,0.0
3315,1.560478333304298e6,7.391917687421955e6,0.0,0.0,0.0,0.0
3316,1.561355833304298e6,7.394802167514193e6,0.0,0.0,0.0,0.0
3317,1.563727833304298e6,7.399470536089958e6,0.0,0.0,0.0,0.0
3318,1.566099833304298e6,7.4041389046657225e6,0.0,0.0,0.0,0.0
3319,1.569124833304298e6,7.410575660434751e6,0.0,0.0,0.0,0.0
3320,1.572149833304298e6,7.417012416203779e6,0.0,0.0,0.0,0.0
3321,1.573917833304298e6,7.422867563562119e6,0.0,0.0,0.0,0.0
3322,1.575685833304298e6,7.4287227109204605e6,0.0,0.0,0.0,0.0
3323,1.576687833304298e6,7.4357094524680395e6,0.0,0.0,0.0,0.0
3324,1.577689833304298e6,7.4426961940156175e6,0.0,0.0,0.0,0.0
3325,1.578881833304298e6,7.4488533065082915e6,0.0,0.0,0.0,0.0
3326,1.580073833304298e6,7.455010419000966e6,0.0,0.0,0.0,0.0
3327,1.581333833304298e6,7.460376345638589e6,0.0,0.0,0.0,0.0
3328,1.582593833304298e6,7.465742272276212e6,0.0,0.0,0.0,0.0
3329,1.584881333304298e6,7.4709736477143485e6,0.0,0.0,0.0,0.0
3330,1.587168833304298e6,7.476205023152485e6,0.0,0.0,0.0,0.0
3331,1.589537333304298e6,7.481425857713241e6,0.0,0.0,0.0,0.0
3332,1.591905833304298e6,7.486646692273999e6,0.0,0.0,0.0,0.0
3333,1.593562833304298e6,7.490021013138564e6,0.0,0.0,0.0,0.0
3334,1.595219833304298e6,7.493395334003129e6,0.0,0.0,0.0,0.0
3335,1.596784333304298e6,7.495678364033142e6,0.0,0.0,0.0,0.0
3336,1.598348833304298e6,7.497961394063154e6,0.0,0.0,0.0,0.0
3337,1.599437833304298e6,7.500581112117691e6,0.0,0.0,0.0,0.0
3338,1.600526833304298e6,7.503200830172228e6,0.0,0.0,0.0,0.0
3339,1.601509333304298e6,7.506133674290087e6,0.0,0.0,0.0,0.0
3340,1.602491833304298e6,7.509066518407947e6,0.0,0.0,0.0,0.0
3341,1.604372333304298e6,7.511731500230053e6,0.0,0.0,0.0,0.0
3342,1.606252833304298e6,7.5143964820521595e6,0.0,0.0,0.0,0.0
3343,1.609266333304298e6,7.519888279166723e6,0.0,0.0,0.0,0.0
3344,1.612279833304298e6,7.525380076281287e6,0.0,0.0,0.0,0.0
3345,1.614331833304298e6,7.530400634171839e6,0.0,0.0,0.0,0.0
3346,1.616383833304298e6,7.535421192062391e6,0.0,0.0,0.0,0.0
3347,1.618112833304298e6,7.53946516866634e6,0.0,0.0,0.0,0.0
3348,1.619841833304298e6,7.543509145270291e6,0.0,0.0,0.0,0.0
3349,1.622125333304298e6,7.54622373122124e6,0.0,0.0,0.0,0.0
3350,1.624408833304298e6,7.548938317172189e6,0.0,0.0,0.0,0.0
3351,1.626003333304298e6,7.551992691405715e6,0.0,0.0,0.0,0.0
3352,1.627597833304298e6,7.555047065639242e6,0.0,0.0,0.0,0.0
3353,1.629989833304298e6,7.558244671794802e6,0.0,0.0,0.0,0.0
3354,1.632381833304298e6,7.561442277950363e6,0.0,0.0,0.0,0.0
3355,1.634868333304298e6,7.56683548685885e6,0.0,0.0,0.0,0.0
3356,1.637354833304298e6,7.572228695767338e6,0.0,0.0,0.0,0.0
3357,1.639725833304298e6,7.576779874588711e6,0.0,0.0,0.0,0.0
3358,1.642096833304298e6,7.581331053410083e6,0.0,0.0,0.0,0.0
3359,1.643496833304298e6,7.584230414740974e6,0.0,0.0,0.0,0.0
3360,1.644896833304298e6,7.587129776071864e6,0.0,0.0,0.0,0.0
3361,1.646183833304298e6,7.589746393868348e6,0.0,0.0,0.0,0.0
3362,1.647470833304298e6,7.592363011664832e6,0.0,0.0,0.0,0.0
3363,1.648859333304298e6,7.594597057617612e6,0.0,0.0,0.0,0.0
3364,1.650247833304298e6,7.596831103570392e6,0.0,0.0,0.0,0.0
3365,1.652460333304298e6,7.598880994194841e6,0.0,0.0,0.0,0.0
3366,1.654672833304298e6,7.600930884819291e6,0.0,0.0,0.0,0.0
3367,1.6570062048543177e6,7.604952539565261e6,0.0,0.0,0.0,0.0
3368,1.6593395764043373e6,7.608974194311231e6,0.0,0.0,0.0,0.0
3369,1.6619715764043373e6,7.614996135552808e6,0.0,0.0,0.0,0.0
3370,1.6646035764043373e6,7.621018076794384e6,0.0,0.0,0.0,0.0
3371,1.6673455764043373e6,7.626916627765463e6,0.0,0.0,0.0,0.0
3372,1.6700875764043373e6,7.632815178736541e6,0.0,0.0,0.0,0.0
3373,1.6724245764043373e6,7.637559813660403e6,0.0,0.0,0.0,0.0
3374,1.6747615764043373e6,7.642304448584264e6,0.0,0.0,0.0,0.0
3375,1.6767280764043373e6,7.645661408003734e6,0.0,0.0,0.0,0.0
3376,1.6786945764043373e6,7.649018367423205e6,0.0,0.0,0.0,0.0
3377,1.6815335764043373e6,7.6516194839294255e6,0.0,0.0,0.0,0.0
3378,1.6843725764043373e6,7.654220600435645e6,0.0,0.0,0.0,0.0
3379,1.6865045764043373e6,7.657921688498966e6,0.0,0.0,0.0,0.0
3380,1.6886365764043373e6,7.661622776562287e6,0.0,0.0,0.0,0.0
3381,1.6904840764043373e6,7.664511597015798e6,0.0,0.0,0.0,0.0
3382,1.6923315764043373e6,7.66740041746931e6,0.0,0.0,0.0,0.0
3383,1.6936365764043373e6,7.669574938467477e6,0.0,0.0,0.0,0.0
3384,1.6949415764043373e6,7.671749459465645e6,0.0,0.0,0.0,0.0
3385,1.6961850764043373e6,7.67416146023065e6,0.0,0.0,0.0,0.0
3386,1.6974285764043373e6,7.6765734609956555e6,0.0,0.0,0.0,0.0
3387,1.6987310764043373e6,7.678777744471129e6,0.0,0.0,0.0,0.0
3388,1.7000335764043373e6,7.6809820279466035e6,0.0,0.0,0.0,0.0
3389,1.7016081715310945e6,7.684167853121564e6,0.0,0.0,0.0,0.0
3390,1.7031827666578516e6,7.687353678296525e6,0.0,0.0,0.0,0.0
3391,1.705362681801053e6,7.69282439365633e6,0.0,0.0,0.0,0.0
3392,1.7075425969442544e6,7.698295109016135e6,0.0,0.0,0.0,0.0
3393,1.7097065969442544e6,7.7020811441501e6,0.0,0.0,0.0,0.0
3394,1.7118705969442544e6,7.705867179284064e6,0.0,0.0,0.0,0.0
3395,1.7147610969442544e6,7.709155312974764e6,0.0,0.0,0.0,0.0
3396,1.7176515969442544e6,7.712443446665464e6,0.0,0.0,0.0,0.0
3397,1.7198965969442544e6,7.715491000331273e6,0.0,0.0,0.0,0.0
3398,1.7221415969442544e6,7.718538553997084e6,0.0,0.0,0.0,0.0
3399,1.7240175969442544e6,7.721018760439249e6,0.0,0.0,0.0,0.0
3400,1.7258935969442544e6,7.723498966881413e6,0.0,0.0,0.0,0.0
3401,1.7287240969442544e6,7.727086585500004e6,0.0,0.0,0.0,0.0
3402,1.7315545969442544e6,7.730674204118595e6,0.0,0.0,0.0,0.0
3403,1.7345285969442544e6,7.736209404845897e6,0.0,0.0,0.0,0.0
3404,1.7375025969442544e6,7.741744605573198e6,0.0,0.0,0.0,0.0
3405,1.7400294241562947e6,7.745658991390545e6,0.0,0.0,0.0,0.0
3406,1.7425562513683347e6,7.749573377207891e6,0.0,0.0,0.0,0.0
3407,1.7438102513683347e6,7.7519016710054735e6,0.0,0.0,0.0,0.0
3408,1.7450642513683347e6,7.754229964803056e6,0.0,0.0,0.0,0.0
3409,1.7460647513683347e6,7.7563877444077395e6,0.0,0.0,0.0,0.0
3410,1.7470652513683347e6,7.758545524012422e6,0.0,0.0,0.0,0.0
3411,1.7480467513683347e6,7.760858936571351e6,0.0,0.0,0.0,0.0
3412,1.7490282513683347e6,7.76317234913028e6,0.0,0.0,0.0,0.0
3413,1.7513597513683347e6,7.765248281922372e6,0.0,0.0,0.0,0.0
3414,1.7536912513683347e6,7.767324214714464e6,0.0,0.0,0.0,0.0
3415,1.7552770759378003e6,7.772080630618925e6,0.0,0.0,0.0,0.0
3416,1.756862900507266e6,7.776837046523387e6,0.0,0.0,0.0,0.0
3417,1.759905400507266e6,7.781840863020454e6,0.0,0.0,0.0,0.0
3418,1.762947900507266e6,7.7868446795175215e6,0.0,0.0,0.0,0.0
3419,1.765613400507266e6,7.792198825174545e6,0.0,0.0,0.0,0.0
3420,1.768278900507266e6,7.797552970831568e6,0.0,0.0,0.0,0.0
3421,1.770588400507266e6,7.801975798969559e6,0.0,0.0,0.0,0.0
3422,1.772897900507266e6,7.806398627107549e6,0.0,0.0,0.0,0.0
3423,1.775215400507266e6,7.809727684204545e6,0.0,0.0,0.0,0.0
3424,1.777532900507266e6,7.813056741301541e6,0.0,0.0,0.0,0.0
3425,1.781108900507266e6,7.814950378920134e6,0.0,0.0,0.0,0.0
3426,1.784684900507266e6,7.816844016538727e6,0.0,0.0,0.0,0.0
3427,1.787843400507266e6,7.819381267729062e6,0.0,0.0,0.0,0.0
3428,1.791001900507266e6,7.821918518919396e6,0.0,0.0,0.0,0.0
3429,1.794013900507266e6,7.824483052380594e6,0.0,0.0,0.0,0.0
3430,1.797025900507266e6,7.827047585841793e6,0.0,0.0,0.0,0.0
3431,1.798434900507266e6,7.830008332282127e6,0.0,0.0,0.0,0.0
3432,1.799843900507266e6,7.832969078722461e6,0.0,0.0,0.0,0.0
3433,1.800976400507266e6,7.835618559254304e6,0.0,0.0,0.0,0.0
3434,1.802108900507266e6,7.838268039786146e6,0.0,0.0,0.0,0.0
3435,1.802888900507266e6,7.840764987621795e6,0.0,0.0,0.0,0.0
3436,1.803668900507266e6,7.843261935457445e6,0.0,0.0,0.0,0.0
3437,1.804875900507266e6,7.845801046802611e6,0.0,0.0,0.0,0.0
3438,1.806082900507266e6,7.848340158147777e6,0.0,0.0,0.0,0.0
3439,1.808145900507266e6,7.850838966138259e6,0.0,0.0,0.0,0.0
3440,1.810208900507266e6,7.85333777412874e6,0.0,0.0,0.0,0.0
3441,1.812272400507266e6,7.855364722843599e6,0.0,0.0,0.0,0.0
3442,1.814335900507266e6,7.857391671558458e6,0.0,0.0,0.0,0.0
3443,1.816057900507266e6,7.859777010104211e6,0.0,0.0,0.0,0.0
3444,1.817779900507266e6,7.862162348649963e6,0.0,0.0,0.0,0.0
3445,1.818488900507266e6,7.864953821000619e6,0.0,0.0,0.0,0.0
3446,1.819197900507266e6,7.867745293351276e6,0.0,0.0,0.0,0.0
3447,1.820269900507266e6,7.870476000644099e6,0.0,0.0,0.0,0.0
3448,1.821341900507266e6,7.873206707936923e6,0.0,0.0,0.0,0.0
3449,1.823844400507266e6,7.875710476340288e6,0.0,0.0,0.0,0.0
3450,1.826346900507266e6,7.878214244743654e6,0.0,0.0,0.0,0.0
3451,1.829130900507266e6,7.881442233428131e6,0.0,0.0,0.0,0.0
3452,1.831914900507266e6,7.884670222112608e6,0.0,0.0,0.0,0.0
3453,1.834691400507266e6,7.887931073532444e6,0.0,0.0,0.0,0.0
3454,1.837467900507266e6,7.891191924952281e6,0.0,0.0,0.0,0.0
3455,1.838719900507266e6,7.894046022515602e6,0.0,0.0,0.0,0.0
3456,1.839971900507266e6,7.896900120078923e6,0.0,0.0,0.0,0.0
3457,1.840359400507266e6,7.8999830166865345e6,0.0,0.0,0.0,0.0
3458,1.840746900507266e6,7.903065913294145e6,0.0,0.0,0.0,0.0
3459,1.841109900507266e6,7.905908849928476e6,0.0,0.0,0.0,0.0
3460,1.841472900507266e6,7.908751786562808e6,0.0,0.0,0.0,0.0
3461,1.841974400507266e6,7.911693931454826e6,0.0,0.0,0.0,0.0
3462,1.842475900507266e6,7.9146360763468435e6,0.0,0.0,0.0,0.0
3463,1.843558900507266e6,7.9172142509434745e6,0.0,0.0,0.0,0.0
3464,1.844641900507266e6,7.9197924255401045e6,0.0,0.0,0.0,0.0
3465,1.845705900507266e6,7.921426261533881e6,0.0,0.0,0.0,0.0
3466,1.846769900507266e6,7.923060097527657e6,0.0,0.0,0.0,0.0
3467,1.847870400507266e6,7.924994038500935e6,0.0,0.0,0.0,0.0
3468,1.848970900507266e6,7.926927979474213e6,0.0,0.0,0.0,0.0
3469,1.849355400507266e6,7.9292754948717225e6,0.0,0.0,0.0,0.0
3470,1.849739900507266e6,7.931623010269231e6,0.0,0.0,0.0,0.0
3471,1.850206900507266e6,7.933786370338409e6,0.0,0.0,0.0,0.0
3472,1.850673900507266e6,7.935949730407587e6,0.0,0.0,0.0,0.0
3473,1.852403400507266e6,7.938214158889284e6,0.0,0.0,0.0,0.0
3474,1.854132900507266e6,7.9404785873709805e6,0.0,0.0,0.0,0.0
3475,1.856189400507266e6,7.943185112650992e6,0.0,0.0,0.0,0.0
3476,1.858245900507266e6,7.945891637931005e6,0.0,0.0,0.0,0.0
3477,1.860764900507266e6,7.948949112422584e6,0.0,0.0,0.0,0.0
3478,1.863283900507266e6,7.952006586914162e6,0.0,0.0,0.0,0.0
3479,1.864433400507266e6,7.954091200428802e6,0.0,0.0,0.0,0.0
3480,1.865582900507266e6,7.956175813943441e6,0.0,0.0,0.0,0.0
3481,1.866035400507266e6,7.957969623252736e6,0.0,0.0,0.0,0.0
3482,1.866487900507266e6,7.959763432562033e6,0.0,0.0,0.0,0.0
3483,1.866953900507266e6,7.961489656245779e6,0.0,0.0,0.0,0.0
3484,1.867419900507266e6,7.963215879929526e6,0.0,0.0,0.0,0.0
3485,1.867937400507266e6,7.965098356619129e6,0.0,0.0,0.0,0.0
3486,1.868454900507266e6,7.966980833308732e6,0.0,0.0,0.0,0.0
3487,1.869313900507266e6,7.972284134733691e6,0.0,0.0,0.0,0.0
3488,1.870172900507266e6,7.97758743615865e6,0.0,0.0,0.0,0.0
3489,1.871498900507266e6,7.983423981968674e6,0.0,0.0,0.0,0.0
3490,1.872824900507266e6,7.989260527778698e6,0.0,0.0,0.0,0.0
3491,1.874277400507266e6,7.994657456996849e6,0.0,0.0,0.0,0.0
3492,1.875729900507266e6,8.0000543862149995e6,0.0,0.0,0.0,0.0
3493,1.876830400507266e6,8.004342043101892e6,0.0,0.0,0.0,0.0
3494,1.877930900507266e6,8.008629699988784e6,0.0,0.0,0.0,0.0
3495,1.879078900507266e6,8.012524864206204e6,0.0,0.0,0.0,0.0
3496,1.880226900507266e6,8.016420028423624e6,0.0,0.0,0.0,0.0
3497,1.882095900507266e6,8.0200045467841625e6,0.0,0.0,0.0,0.0
3498,1.883964900507266e6,8.023589065144702e6,0.0,0.0,0.0,0.0
3499,1.886109400507266e6,8.028182407475591e6,0.0,0.0,0.0,0.0
3500,1.888253900507266e6,8.0327757498064805e6,0.0,0.0,0.0,0.0
3501,1.890476400507266e6,8.036144490206551e6,0.0,0.0,0.0,0.0
3502,1.892698900507266e6,8.039513230606621e6,0.0,0.0,0.0,0.0
3503,1.893539900507266e6,8.041117304123091e6,0.0,0.0,0.0,0.0
3504,1.894380900507266e6,8.042721377639561e6,0.0,0.0,0.0,0.0
3505,1.894973900507266e6,8.044262825943366e6,0.0,0.0,0.0,0.0
3506,1.895566900507266e6,8.045804274247171e6,0.0,0.0,0.0,0.0
3507,1.896150400507266e6,8.047655128304637e6,0.0,0.0,0.0,0.0
3508,1.896733900507266e6,8.049505982362103e6,0.0,0.0,0.0,0.0
3509,1.898329400507266e6,8.052270792493505e6,0.0,0.0,0.0,0.0
3510,1.899924900507266e6,8.055035602624909e6,0.0,0.0,0.0,0.0
3511,1.903641400507266e6,8.058866281474832e6,0.0,0.0,0.0,0.0
3512,1.907357900507266e6,8.062696960324756e6,0.0,0.0,0.0,0.0
3513,1.910955900507266e6,8.06705468304364e6,0.0,0.0,0.0,0.0
3514,1.914553900507266e6,8.071412405762523e6,0.0,0.0,0.0,0.0
3515,1.917820400507266e6,8.075318110857323e6,0.0,0.0,0.0,0.0
3516,1.921086900507266e6,8.079223815952121e6,0.0,0.0,0.0,0.0
3517,1.923613400507266e6,8.082528691036306e6,0.0,0.0,0.0,0.0
3518,1.926139900507266e6,8.08583356612049e6,0.0,0.0,0.0,0.0
3519,1.928216900507266e6,8.08898342830204e6,0.0,0.0,0.0,0.0
3520,1.930293900507266e6,8.092133290483589e6,0.0,0.0,0.0,0.0
3521,1.932881900507266e6,8.094887559737613e6,0.0,0.0,0.0,0.0
3522,1.935469900507266e6,8.097641828991638e6,0.0,0.0,0.0,0.0
3523,1.937735400507266e6,8.101488629183436e6,0.0,0.0,0.0,0.0
3524,1.940000900507266e6,8.105335429375233e6,0.0,0.0,0.0,0.0
3525,1.942362400507266e6,8.10859690084668e6,0.0,0.0,0.0,0.0
3526,1.944723900507266e6,8.111858372318126e6,0.0,0.0,0.0,0.0
3527,1.945686900507266e6,8.114170544773834e6,0.0,0.0,0.0,0.0
3528,1.946649900507266e6,8.116482717229542e6,0.0,0.0,0.0,0.0
3529,1.947292400507266e6,8.119272949476978e6,0.0,0.0,0.0,0.0
3530,1.947934900507266e6,8.122063181724413e6,0.0,0.0,0.0,0.0
3531,1.948945400507266e6,8.124935880836051e6,0.0,0.0,0.0,0.0
3532,1.949955900507266e6,8.127808579947688e6,0.0,0.0,0.0,0.0
3533,1.951828400507266e6,8.130624854362765e6,0.0,0.0,0.0,0.0
3534,1.953700900507266e6,8.133441128777844e6,0.0,0.0,0.0,0.0
3535,1.9553257272359189e6,8.136181136844825e6,0.0,0.0,0.0,0.0
3536,1.956950553964572e6,8.138921144911807e6,0.0,0.0,0.0,0.0
3537,1.959648053964572e6,8.14347294378479e6,0.0,0.0,0.0,0.0
3538,1.962345553964572e6,8.148024742657773e6,0.0,0.0,0.0,0.0
3539,1.965384553964572e6,8.153140168444738e6,0.0,0.0,0.0,0.0
3540,1.968423553964572e6,8.158255594231703e6,0.0,0.0,0.0,0.0
3541,1.970080053964572e6,8.162637498963398e6,0.0,0.0,0.0,0.0
3542,1.971736553964572e6,8.167019403695093e6,0.0,0.0,0.0,0.0
3543,1.973209553964572e6,8.171000135034767e6,0.0,0.0,0.0,0.0
3544,1.974682553964572e6,8.174980866374441e6,0.0,0.0,0.0,0.0
3545,1.977032553964572e6,8.17866893335394e6,0.0,0.0,0.0,0.0
3546,1.979382553964572e6,8.18235700033344e6,0.0,0.0,0.0,0.0
3547,1.982243553964572e6,8.1866483775299955e6,0.0,0.0,0.0,0.0
3548,1.985104553964572e6,8.190939754726551e6,0.0,0.0,0.0,0.0
3549,1.9858039742287318e6,8.194244009759124e6,0.0,0.0,0.0,0.0
3550,1.9865033944928914e6,8.197548264791699e6,0.0,0.0,0.0,0.0
3551,1.9875023944928914e6,8.199503287519736e6,0.0,0.0,0.0,0.0
3552,1.9885013944928914e6,8.201458310247772e6,0.0,0.0,0.0,0.0
3553,1.9891888944928914e6,8.203483398807799e6,0.0,0.0,0.0,0.0
3554,1.9898763944928914e6,8.205508487367827e6,0.0,0.0,0.0,0.0
3555,1.9904908944928914e6,8.207684248469217e6,0.0,0.0,0.0,0.0
3556,1.9911053944928914e6,8.209860009570606e6,0.0,0.0,0.0,0.0
3557,1.9923933944928914e6,8.212904462978363e6,0.0,0.0,0.0,0.0
3558,1.9936813944928914e6,8.215948916386121e6,0.0,0.0,0.0,0.0
3559,1.9962073323473032e6,8.220714633064741e6,0.0,0.0,0.0,0.0
3560,1.9987332702017152e6,8.225480349743361e6,0.0,0.0,0.0,0.0
3561,2.0006842702017152e6,8.229439329516368e6,0.0,0.0,0.0,0.0
3562,2.0026352702017152e6,8.233398309289374e6,0.0,0.0,0.0,0.0
3563,2.0041787702017152e6,8.238873365010453e6,0.0,0.0,0.0,0.0
3564,2.0057222702017152e6,8.244348420731532e6,0.0,0.0,0.0,0.0
3565,2.0068147702017152e6,8.248886578469084e6,0.0,0.0,0.0,0.0
3566,2.0079072702017152e6,8.253424736206635e6,0.0,0.0,0.0,0.0
3567,2.0095887702017152e6,8.258135268291917e6,0.0,0.0,0.0,0.0
3568,2.0112702702017152e6,8.262845800377198e6,0.0,0.0,0.0,0.0
3569,2.0138632702017152e6,8.267429221882318e6,0.0,0.0,0.0,0.0
3570,2.0164562702017152e6,8.272012643387439e6,0.0,0.0,0.0,0.0
3571,2.0201642702017152e6,8.270804483737781e6,0.0,0.0,0.0,0.0
3572,2.0238722702017152e6,8.269596324088123e6,0.0,0.0,0.0,0.0
3573,2.0259920195139935e6,8.27072917815326e6,0.0,0.0,0.0,0.0
3574,2.0281117688262719e6,8.271862032218397e6,0.0,0.0,0.0,0.0
3575,2.0295002688262719e6,8.273396613514768e6,0.0,0.0,0.0,0.0
3576,2.0308887688262719e6,8.274931194811138e6,0.0,0.0,0.0,0.0
3577,2.0319752688262719e6,8.270935192929789e6,0.0,0.0,0.0,0.0
3578,2.0330617688262719e6,8.2669391910484405e6,0.0,0.0,0.0,0.0
3579,2.0338057688262719e6,8.265018599517219e6,0.0,0.0,0.0,0.0
3580,2.0345497688262719e6,8.263098007985996e6,0.0,0.0,0.0,0.0
3581,2.0369432688262719e6,8.263418752798334e6,0.0,0.0,0.0,0.0
3582,2.0393367688262719e6,8.263739497610671e6,0.0,0.0,0.0,0.0
3583,2.0418358262976515e6,8.264211957884213e6,0.0,0.0,0.0,0.0
3584,2.0443348837690314e6,8.2646844181577545e6,0.0,0.0,0.0,0.0
3585,2.0473688837690314e6,8.267579382678913e6,0.0,0.0,0.0,0.0
3586,2.0504028837690314e6,8.270474347200072e6,0.0,0.0,0.0,0.0
3587,2.0529258837690314e6,8.276808174401751e6,0.0,0.0,0.0,0.0
3588,2.0554488837690314e6,8.283142001603429e6,0.0,0.0,0.0,0.0
3589,2.0569528837690314e6,8.287515845664186e6,0.0,0.0,0.0,0.0
3590,2.0584568837690314e6,8.2918896897249445e6,0.0,0.0,0.0,0.0
3591,2.0596308837690314e6,8.295194564809129e6,0.0,0.0,0.0,0.0
3592,2.0608048837690314e6,8.298499439893314e6,0.0,0.0,0.0,0.0
3593,2.0635078837690314e6,8.301160701405756e6,0.0,0.0,0.0,0.0
3594,2.0662108837690314e6,8.3038219629182e6,0.0,0.0,0.0,0.0
3595,2.0689468837690314e6,8.302143033276739e6,0.0,0.0,0.0,0.0
3596,2.0716828837690314e6,8.3004641036352785e6,0.0,0.0,0.0,0.0
3597,2.0737968837690314e6,8.304048893351267e6,0.0,0.0,0.0,0.0
3598,2.0759108837690314e6,8.307633683067256e6,0.0,0.0,0.0,0.0
3599,2.0768153837690314e6,8.308320435004104e6,0.0,0.0,0.0,0.0
3600,2.0777198837690314e6,8.309007186940951e6,0.0,0.0,0.0,0.0
3601,2.0782223837690314e6,8.304189273655444e6,0.0,0.0,0.0,0.0
3602,2.0787248837690314e6,8.2993713603699375e6,0.0,0.0,0.0,0.0
3603,2.0792478837690314e6,8.294376473683312e6,0.0,0.0,0.0,0.0
3604,2.0797708837690314e6,8.289381586996686e6,0.0,0.0,0.0,0.0
3605,2.0805523837690314e6,8.285947493139294e6,0.0,0.0,0.0,0.0
3606,2.0813338837690314e6,8.282513399281902e6,0.0,0.0,0.0,0.0
3607,2.0826733837690314e6,8.279831286607806e6,0.0,0.0,0.0,0.0
3608,2.0840128837690314e6,8.277149173933709e6,0.0,0.0,0.0,0.0
3609,2.0849913837690314e6,8.280100092509936e6,0.0,0.0,0.0,0.0
3610,2.0859698837690314e6,8.283051011086162e6,0.0,0.0,0.0,0.0
3611,2.0869858837690314e6,8.287624511765514e6,0.0,0.0,0.0,0.0
3612,2.0880018837690314e6,8.292198012444866e6,0.0,0.0,0.0,0.0
3613,2.0889133837690314e6,8.295459483916312e6,0.0,0.0,0.0,0.0
3614,2.0898248837690314e6,8.298720955387759e6,0.0,0.0,0.0,0.0
3615,2.0904033837690314e6,8.300733642915576e6,0.0,0.0,0.0,0.0
3616,2.0909818837690314e6,8.3027463304433925e6,0.0,0.0,0.0,0.0
3617,2.0924858837690314e6,8.304750337248662e6,0.0,0.0,0.0,0.0
3618,2.0939898837690314e6,8.306754344053931e6,0.0,0.0,0.0,0.0
3619,2.0958278837690316e6,8.303549550874194e6,0.0,0.0,0.0,0.0
3620,2.0976658837690316e6,8.300344757694457e6,0.0,0.0,0.0,0.0
3621,2.1009753837690316e6,8.30220113246791e6,0.0,0.0,0.0,0.0
3622,2.1042848837690316e6,8.304057507241363e6,0.0,0.0,0.0,0.0
3623,2.1058598837690316e6,8.303451529375918e6,0.0,0.0,0.0,0.0
3624,2.1074348837690316e6,8.302845551510474e6,0.0,0.0,0.0,0.0
3625,2.1077748837690316e6,8.305289174907617e6,0.0,0.0,0.0,0.0
3626,2.1081148837690316e6,8.30773279830476e6,0.0,0.0,0.0,0.0
3627,2.1085098837690316e6,8.303684989119545e6,0.0,0.0,0.0,0.0
3628,2.1089048837690316e6,8.29963717993433e6,0.0,0.0,0.0,0.0
3629,2.1093973837690316e6,8.296422742549032e6,0.0,0.0,0.0,0.0
3630,2.1098898837690316e6,8.293208305163734e6,0.0,0.0,0.0,0.0
3631,2.1104933837690316e6,8.290380749362111e6,0.0,0.0,0.0,0.0
3632,2.1110968837690316e6,8.287553193560489e6,0.0,0.0,0.0,0.0
3633,2.1116683837690316e6,8.2905275811362555e6,0.0,0.0,0.0,0.0
3634,2.1122398837690316e6,8.293501968712022e6,0.0,0.0,0.0,0.0
3635,2.1127958837690316e6,8.296576184597084e6,0.0,0.0,0.0,0.0
3636,2.1133518837690316e6,8.299650400482148e6,0.0,0.0,0.0,0.0
3637,2.1137833837690316e6,8.302446833245689e6,0.0,0.0,0.0,0.0
3638,2.1142148837690316e6,8.305243266009229e6,0.0,0.0,0.0,0.0
3639,2.1148793837690316e6,8.307774316683458e6,0.0,0.0,0.0,0.0
3640,2.1155438837690316e6,8.310305367357688e6,0.0,0.0,0.0,0.0
3641,2.1164263837690316e6,8.312510890936383e6,0.0,0.0,0.0,0.0
3642,2.1173088837690316e6,8.314716414515078e6,0.0,0.0,0.0,0.0
3643,2.1182688837690316e6,8.317943163096335e6,0.0,0.0,0.0,0.0
3644,2.1192288837690316e6,8.321169911677591e6,0.0,0.0,0.0,0.0
3645,2.1209488837690316e6,8.318378327055332e6,0.0,0.0,0.0,0.0
3646,2.1226688837690316e6,8.315586742433074e6,0.0,0.0,0.0,0.0
3647,2.1232668837690316e6,8.314618211712465e6,0.0,0.0,0.0,0.0
3648,2.1238648837690316e6,8.313649680991856e6,0.0,0.0,0.0,0.0
3649,2.1242848837690316e6,8.3090004217444165e6,0.0,0.0,0.0,0.0
3650,2.1247048837690316e6,8.304351162496977e6,0.0,0.0,0.0,0.0
3651,2.1252028837690316e6,8.299611995766008e6,0.0,0.0,0.0,0.0
3652,2.1257008837690316e6,8.29487282903504e6,0.0,0.0,0.0,0.0
3653,2.1272313837690316e6,8.291290743361329e6,0.0,0.0,0.0,0.0
3654,2.1287618837690316e6,8.2877086576876175e6,0.0,0.0,0.0,0.0
3655,2.128577277785016e6,8.287117207362497e6,0.0,0.0,0.0,0.0
3656,2.128392671801001e6,8.286525757037377e6,0.0,0.0,0.0,0.0
3657,2.1313631688402286e6,8.292008832927762e6,0.0,0.0,0.0,0.0
3658,2.1343336658794563e6,8.297491908818146e6,0.0,0.0,0.0,0.0
3659,2.1377381658794563e6,8.30301904887451e6,0.0,0.0,0.0,0.0
3660,2.1411426658794563e6,8.308546188930875e6,0.0,0.0,0.0,0.0
3661,2.1429456658794563e6,8.313042183158909e6,0.0,0.0,0.0,0.0
3662,2.1447486658794563e6,8.317538177386943e6,0.0,0.0,0.0,0.0
3663,2.1457831658794563e6,8.321719805448433e6,0.0,0.0,0.0,0.0
3664,2.1468176658794563e6,8.325901433509923e6,0.0,0.0,0.0,0.0
3665,2.1483256658794563e6,8.329911927326903e6,0.0,0.0,0.0,0.0
3666,2.1498336658794563e6,8.333922421143884e6,0.0,0.0,0.0,0.0
3667,2.1515111658794563e6,8.338219378804934e6,0.0,0.0,0.0,0.0
3668,2.1531886658794563e6,8.342516336465985e6,0.0,0.0,0.0,0.0
3669,2.1552816658794563e6,8.346616117714883e6,0.0,0.0,0.0,0.0
3670,2.1573746658794563e6,8.350715898963781e6,0.0,0.0,0.0,0.0
3671,2.1580206658794563e6,8.350000226811284e6,0.0,0.0,0.0,0.0
3672,2.1586666658794563e6,8.349284554658787e6,0.0,0.0,0.0,0.0
3673,2.1589841658794563e6,8.343845349659518e6,0.0,0.0,0.0,0.0
3674,2.1593016658794563e6,8.338406144660249e6,0.0,0.0,0.0,0.0
3675,2.1595641658794563e6,8.3328547103194725e6,0.0,0.0,0.0,0.0
3676,2.1598266658794563e6,8.327303275978695e6,0.0,0.0,0.0,0.0
3677,2.1611561658794563e6,8.324695186129896e6,0.0,0.0,0.0,0.0
3678,2.1624856658794563e6,8.322087096281097e6,0.0,0.0,0.0,0.0
3679,2.1647151658794563e6,8.323587130479086e6,0.0,0.0,0.0,0.0
3680,2.1669446658794563e6,8.325087164677076e6,0.0,0.0,0.0,0.0
3681,2.1687981658794563e6,8.3311258473121375e6,0.0,0.0,0.0,0.0
3682,2.1706516658794563e6,8.337164529947198e6,0.0,0.0,0.0,0.0
3683,2.1719921658794563e6,8.343168489692069e6,0.0,0.0,0.0,0.0
3684,2.1733326658794563e6,8.349172449436939e6,0.0,0.0,0.0,0.0
3685,2.1744826658794563e6,8.354377782707432e6,0.0,0.0,0.0,0.0
3686,2.1756326658794563e6,8.359583115977926e6,0.0,0.0,0.0,0.0
3687,2.1769921658794563e6,8.364425719056252e6,0.0,0.0,0.0,0.0
3688,2.1783516658794563e6,8.3692683221345795e6,0.0,0.0,0.0,0.0
3689,2.1796591658794563e6,8.37377237703355e6,0.0,0.0,0.0,0.0
3690,2.1809666658794563e6,8.378276431932522e6,0.0,0.0,0.0,0.0
3691,2.1823596658794563e6,8.383659720015241e6,0.0,0.0,0.0,0.0
3692,2.1837526658794563e6,8.38904300809796e6,0.0,0.0,0.0,0.0
3693,2.1849426658794563e6,8.393215955436902e6,0.0,0.0,0.0,0.0
3694,2.1861326658794563e6,8.397388902775845e6,0.0,0.0,0.0,0.0
3695,2.1866406658794563e6,8.399636589864057e6,0.0,0.0,0.0,0.0
3696,2.1871486658794563e6,8.401884276952269e6,0.0,0.0,0.0,0.0
3697,2.1877026658794563e6,8.399682556694593e6,0.0,0.0,0.0,0.0
3698,2.1882566658794563e6,8.397480836436916e6,0.0,0.0,0.0,0.0
3699,2.1888251658794563e6,8.394913052828074e6,0.0,0.0,0.0,0.0
3700,2.1893936658794563e6,8.392345269219233e6,0.0,0.0,0.0,0.0
3701,2.1906986658794563e6,8.391880689825721e6,0.0,0.0,0.0,0.0
3702,2.1920036658794563e6,8.39141611043221e6,0.0,0.0,0.0,0.0
3703,2.1943971658794563e6,8.39183821464381e6,0.0,0.0,0.0,0.0
3704,2.1967906658794563e6,8.39226031885541e6,0.0,0.0,0.0,0.0
3705,2.1991781658794563e6,8.395464674041387e6,0.0,0.0,0.0,0.0
3706,2.2015656658794563e6,8.398669029227361e6,0.0,0.0,0.0,0.0
3707,2.2042411658794563e6,8.404158346135482e6,0.0,0.0,0.0,0.0
3708,2.2069166658794563e6,8.409647663043603e6,0.0,0.0,0.0,0.0
3709,2.2092991658794563e6,8.413858433530789e6,0.0,0.0,0.0,0.0
3710,2.2116816658794563e6,8.418069204017974e6,0.0,0.0,0.0,0.0
3711,2.2138961658794563e6,8.422158444389492e6,0.0,0.0,0.0,0.0
3712,2.2161106658794563e6,8.426247684761012e6,0.0,0.0,0.0,0.0
3713,2.218321576222038e6,8.43048449741584e6,0.0,0.0,0.0,0.0
3714,2.220532486564619e6,8.434721310070667e6,0.0,0.0,0.0,0.0
3715,2.223975486564619e6,8.432296810603965e6,0.0,0.0,0.0,0.0
3716,2.227418486564619e6,8.429872311137265e6,0.0,0.0,0.0,0.0
3717,2.2309106752098557e6,8.426393709330527e6,0.0,0.0,0.0,0.0
3718,2.234402863855093e6,8.42291510752379e6,0.0,0.0,0.0,0.0
3719,2.235525863855093e6,8.418272048792455e6,0.0,0.0,0.0,0.0
3720,2.236648863855093e6,8.413628990061121e6,0.0,0.0,0.0,0.0
3721,2.236957363855093e6,8.408231948571369e6,0.0,0.0,0.0,0.0
3722,2.237265863855093e6,8.402834907081617e6,0.0,0.0,0.0,0.0
3723,2.237821863855093e6,8.397772073409947e6,0.0,0.0,0.0,0.0
3724,2.238377863855093e6,8.392709239738276e6,0.0,0.0,0.0,0.0
3725,2.239587863855093e6,8.38981656122258e6,0.0,0.0,0.0,0.0
3726,2.240797863855093e6,8.386923882706882e6,0.0,0.0,0.0,0.0
3727,2.2417862807548223e6,8.3850122988918135e6,0.0,0.0,0.0,0.0
3728,2.2427746976545523e6,8.383100715076745e6,0.0,0.0,0.0,0.0
3729,2.2458826976545523e6,8.385382700745116e6,0.0,0.0,0.0,0.0
3730,2.2489906976545523e6,8.387664686413487e6,0.0,0.0,0.0,0.0
3731,2.2517191976545523e6,8.392355996898841e6,0.0,0.0,0.0,0.0
3732,2.2544476976545523e6,8.397047307384197e6,0.0,0.0,0.0,0.0
3733,2.2567886976545523e6,8.401263658335876e6,0.0,0.0,0.0,0.0
3734,2.2591296976545523e6,8.405480009287557e6,0.0,0.0,0.0,0.0
3735,2.2612541976545523e6,8.409840212212883e6,0.0,0.0,0.0,0.0
3736,2.2633786976545523e6,8.414200415138207e6,0.0,0.0,0.0,0.0
3737,2.2651116709399596e6,8.41817928632305e6,0.0,0.0,0.0,0.0
3738,2.266844644225367e6,8.422158157507893e6,0.0,0.0,0.0,0.0
3739,2.2688343408219703e6,8.419532950433347e6,0.0,0.0,0.0,0.0
3740,2.270824037418574e6,8.4169077433588e6,0.0,0.0,0.0,0.0
3741,2.271464591046441e6,8.41334667468786e6,0.0,0.0,0.0,0.0
3742,2.2721051446743077e6,8.40978560601692e6,0.0,0.0,0.0,0.0
3743,2.2728641446743077e6,8.4060799992495e6,0.0,0.0,0.0,0.0
3744,2.2736231446743077e6,8.402374392482078e6,0.0,0.0,0.0,0.0
3745,2.2739211446743077e6,8.404351892523084e6,0.0,0.0,0.0,0.0
3746,2.2742191446743077e6,8.406329392564092e6,0.0,0.0,0.0,0.0
3747,2.2746391446743077e6,8.401427746612623e6,0.0,0.0,0.0,0.0
3748,2.2750591446743077e6,8.396526100661157e6,0.0,0.0,0.0,0.0
3749,2.2764036446743077e6,8.398998866483994e6,0.0,0.0,0.0,0.0
3750,2.2777481446743077e6,8.401471632306833e6,0.0,0.0,0.0,0.0
3751,2.280266227083212e6,8.400616818960365e6,0.0,0.0,0.0,0.0
3752,2.282784309492117e6,8.399762005613897e6,0.0,0.0,0.0,0.0
3753,2.286762809492117e6,8.40283087842483e6,0.0,0.0,0.0,0.0
3754,2.290741309492117e6,8.405899751235763e6,0.0,0.0,0.0,0.0
3755,2.293958809492117e6,8.411433711859843e6,0.0,0.0,0.0,0.0
3756,2.297176309492117e6,8.416967672483923e6,0.0,0.0,0.0,0.0
3757,2.299778809492117e6,8.421326635306027e6,0.0,0.0,0.0,0.0
3758,2.302381309492117e6,8.425685598128133e6,0.0,0.0,0.0,0.0
3759,2.304100309492117e6,8.4293246810304e6,0.0,0.0,0.0,0.0
3760,2.305819309492117e6,8.432963763932666e6,0.0,0.0,0.0,0.0
3761,2.308874309492117e6,8.436524100280393e6,0.0,0.0,0.0,0.0
3762,2.311929309492117e6,8.440084436628122e6,0.0,0.0,0.0,0.0
3763,2.313508809492117e6,8.438739165640254e6,0.0,0.0,0.0,0.0
3764,2.315088309492117e6,8.437393894652387e6,0.0,0.0,0.0,0.0
3765,2.317463309492117e6,8.43327291937713e6,0.0,0.0,0.0,0.0
3766,2.319838309492117e6,8.42915194410187e6,0.0,0.0,0.0,0.0
3767,2.320794309492117e6,8.431702216376025e6,0.0,0.0,0.0,0.0
3768,2.321750309492117e6,8.434252488650182e6,0.0,0.0,0.0,0.0
3769,2.322224309492117e6,8.436171548384808e6,0.0,0.0,0.0,0.0
3770,2.322698309492117e6,8.438090608119432e6,0.0,0.0,0.0,0.0
3771,2.322999309492117e6,8.437270277156066e6,0.0,0.0,0.0,0.0
3772,2.323300309492117e6,8.436449946192702e6,0.0,0.0,0.0,0.0
3773,2.324009309492117e6,8.437676417369358e6,0.0,0.0,0.0,0.0
3774,2.324718309492117e6,8.438902888546014e6,0.0,0.0,0.0,0.0
3775,2.326098809492117e6,8.439806531417709e6,0.0,0.0,0.0,0.0
3776,2.327479309492117e6,8.440710174289405e6,0.0,0.0,0.0,0.0
3777,2.328822309492117e6,8.444773992544893e6,0.0,0.0,0.0,0.0
3778,2.330165309492117e6,8.44883781080038e6,0.0,0.0,0.0,0.0
3779,2.331322309492117e6,8.45335426673156e6,0.0,0.0,0.0,0.0
3780,2.332479309492117e6,8.457870722662743e6,0.0,0.0,0.0,0.0
3781,2.333203809492117e6,8.461586071913106e6,0.0,0.0,0.0,0.0
3782,2.333928309492117e6,8.46530142116347e6,0.0,0.0,0.0,0.0
3783,2.334802809492117e6,8.468285109513395e6,0.0,0.0,0.0,0.0
3784,2.335677309492117e6,8.471268797863318e6,0.0,0.0,0.0,0.0
3785,2.337469809492117e6,8.474277908329275e6,0.0,0.0,0.0,0.0
3786,2.339262309492117e6,8.477287018795231e6,0.0,0.0,0.0,0.0
3787,2.341102809492117e6,8.4771409424407e6,0.0,0.0,0.0,0.0
3788,2.342943309492117e6,8.476994866086166e6,0.0,0.0,0.0,0.0
3789,2.345416309492117e6,8.479917789378257e6,0.0,0.0,0.0,0.0
3790,2.347889309492117e6,8.482840712670349e6,0.0,0.0,0.0,0.0
3791,2.348816309492117e6,8.485070418261856e6,0.0,0.0,0.0,0.0
3792,2.349743309492117e6,8.487300123853361e6,0.0,0.0,0.0,0.0
3793,2.350319309492117e6,8.490246609106652e6,0.0,0.0,0.0,0.0
3794,2.350895309492117e6,8.493193094359946e6,0.0,0.0,0.0,0.0
3795,2.351244809492117e6,8.496618259456575e6,0.0,0.0,0.0,0.0
3796,2.351594309492117e6,8.500043424553204e6,0.0,0.0,0.0,0.0
3797,2.351892309492117e6,8.502241481607929e6,0.0,0.0,0.0,0.0
3798,2.352190309492117e6,8.504439538662655e6,0.0,0.0,0.0,0.0
3799,2.352792809492117e6,8.505809579453759e6,0.0,0.0,0.0,0.0
3800,2.353395309492117e6,8.507179620244864e6,0.0,0.0,0.0,0.0
3801,2.354294809492117e6,8.509921488466676e6,0.0,0.0,0.0,0.0
3802,2.355194309492117e6,8.51266335668849e6,0.0,0.0,0.0,0.0
3803,2.355866809492117e6,8.515038154356863e6,0.0,0.0,0.0,0.0
3804,2.356539309492117e6,8.517412952025237e6,0.0,0.0,0.0,0.0
3805,2.356817309492117e6,8.520232326698367e6,0.0,0.0,0.0,0.0
3806,2.357095309492117e6,8.523051701371498e6,0.0,0.0,0.0,0.0
3807,2.357570809492117e6,8.525696221490458e6,0.0,0.0,0.0,0.0
3808,2.358046309492117e6,8.528340741609415e6,0.0,0.0,0.0,0.0
3809,2.359252809492117e6,8.530949918786572e6,0.0,0.0,0.0,0.0
3810,2.360459309492117e6,8.53355909596373e6,0.0,0.0,0.0,0.0
3811,2.361592309492117e6,8.537541687458236e6,0.0,0.0,0.0,0.0
3812,2.362725309492117e6,8.541524278952742e6,0.0,0.0,0.0,0.0
3813,2.364468809492117e6,8.545968188845491e6,0.0,0.0,0.0,0.0
3814,2.366212309492117e6,8.55041209873824e6,0.0,0.0,0.0,0.0
3815,2.367077809492117e6,8.552304503929978e6,0.0,0.0,0.0,0.0
3816,2.367943309492117e6,8.554196909121716e6,0.0,0.0,0.0,0.0
3817,2.368347309492117e6,8.55644769646798e6,0.0,0.0,0.0,0.0
3818,2.368751309492117e6,8.558698483814245e6,0.0,0.0,0.0,0.0
3819,2.369166309492117e6,8.561225814178811e6,0.0,0.0,0.0,0.0
3820,2.369581309492117e6,8.563753144543378e6,0.0,0.0,0.0,0.0
3821,2.370867809492117e6,8.563301663092861e6,0.0,0.0,0.0,0.0
3822,2.372154309492117e6,8.562850181642344e6,0.0,0.0,0.0,0.0
3823,2.374461809492117e6,8.565236971022166e6,0.0,0.0,0.0,0.0
3824,2.376769309492117e6,8.567623760401988e6,0.0,0.0,0.0,0.0
3825,2.379318309492117e6,8.572169978810476e6,0.0,0.0,0.0,0.0
3826,2.381867309492117e6,8.576716197218964e6,0.0,0.0,0.0,0.0
3827,2.384373809492117e6,8.581354183265813e6,0.0,0.0,0.0,0.0
3828,2.386880309492117e6,8.58599216931266e6,0.0,0.0,0.0,0.0
3829,2.388756809492117e6,8.589553745763607e6,0.0,0.0,0.0,0.0
3830,2.390633309492117e6,8.593115322214557e6,0.0,0.0,0.0,0.0
3831,2.392444809492117e6,8.59656776958205e6,0.0,0.0,0.0,0.0
3832,2.394256309492117e6,8.600020216949543e6,0.0,0.0,0.0,0.0
3833,2.396644809492117e6,8.602953061067402e6,0.0,0.0,0.0,0.0
3834,2.399033309492117e6,8.605885905185264e6,0.0,0.0,0.0,0.0
3835,2.400587309492117e6,8.609224263056416e6,0.0,0.0,0.0,0.0
3836,2.402141309492117e6,8.61256262092757e6,0.0,0.0,0.0,0.0
3837,2.403561309492117e6,8.615754646618636e6,0.0,0.0,0.0,0.0
3838,2.404981309492117e6,8.618946672309702e6,0.0,0.0,0.0,0.0
3839,2.406134309492117e6,8.620612130935617e6,0.0,0.0,0.0,0.0
3840,2.407287309492117e6,8.62227758956153e6,0.0,0.0,0.0,0.0
3841,2.407715809492117e6,8.62409868114169e6,0.0,0.0,0.0,0.0
3842,2.408144309492117e6,8.62591977272185e6,0.0,0.0,0.0,0.0
3843,2.408711309492117e6,8.627588331605814e6,0.0,0.0,0.0,0.0
3844,2.409278309492117e6,8.629256890489781e6,0.0,0.0,0.0,0.0
3845,2.410577809492117e6,8.631038918818478e6,0.0,0.0,0.0,0.0
3846,2.411877309492117e6,8.632820947147172e6,0.0,0.0,0.0,0.0
3847,2.413865809492117e6,8.6368401216867e6,0.0,0.0,0.0,0.0
3848,2.415854309492117e6,8.640859296226228e6,0.0,0.0,0.0,0.0
3849,2.418307309492117e6,8.64584637132981e6,0.0,0.0,0.0,0.0
3850,2.420760309492117e6,8.650833446433393e6,0.0,0.0,0.0,0.0
3851,2.423372309492117e6,8.655982355007328e6,0.0,0.0,0.0,0.0
3852,2.425984309492117e6,8.661131263581261e6,0.0,0.0,0.0,0.0
3853,2.427726809492117e6,8.664622154148608e6,0.0,0.0,0.0,0.0
3854,2.429469309492117e6,8.668113044715956e6,0.0,0.0,0.0,0.0
3855,2.431355809492117e6,8.67087909495058e6,0.0,0.0,0.0,0.0
3856,2.433242309492117e6,8.673645145185204e6,0.0,0.0,0.0,0.0
3857,2.434948809492117e6,8.676738582670193e6,0.0,0.0,0.0,0.0
3858,2.436655309492117e6,8.679832020155184e6,0.0,0.0,0.0,0.0
3859,2.438354809492117e6,8.684393119802326e6,0.0,0.0,0.0,0.0
3860,2.440054309492117e6,8.688954219449466e6,0.0,0.0,0.0,0.0
3861,2.442314309492117e6,8.693170570401147e6,0.0,0.0,0.0,0.0
3862,2.444574309492117e6,8.697386921352826e6,0.0,0.0,0.0,0.0
3863,2.446163809492117e6,8.698643334423084e6,0.0,0.0,0.0,0.0
3864,2.447753309492117e6,8.699899747493342e6,0.0,0.0,0.0,0.0
3865,2.448700309492117e6,8.694580832506517e6,0.0,0.0,0.0,0.0
3866,2.449647309492117e6,8.689261917519692e6,0.0,0.0,0.0,0.0
3867,2.450187809492117e6,8.685821784732811e6,0.0,0.0,0.0,0.0
3868,2.450728309492117e6,8.68238165194593e6,0.0,0.0,0.0,0.0
3869,2.451975809492117e6,8.681885914602028e6,0.0,0.0,0.0,0.0
3870,2.453223309492117e6,8.681390177258126e6,0.0,0.0,0.0,0.0
3871,2.455903309492117e6,8.682929925702017e6,0.0,0.0,0.0,0.0
3872,2.458583309492117e6,8.684469674145907e6,0.0,0.0,0.0,0.0
3873,2.461317309492117e6,8.689474730746195e6,0.0,0.0,0.0,0.0
3874,2.464051309492117e6,8.694479787346484e6,0.0,0.0,0.0,0.0
3875,2.466221309492117e6,8.69896648080036e6,0.0,0.0,0.0,0.0
3876,2.468391309492117e6,8.703453174254237e6,0.0,0.0,0.0,0.0
3877,2.470205309492117e6,8.706165900050353e6,0.0,0.0,0.0,0.0
3878,2.472019309492117e6,8.708878625846472e6,0.0,0.0,0.0,0.0
3879,2.473674809492117e6,8.711843712648079e6,0.0,0.0,0.0,0.0
3880,2.475330309492117e6,8.714808799449688e6,0.0,0.0,0.0,0.0
3881,2.478401809492117e6,8.718944543691996e6,0.0,0.0,0.0,0.0
3882,2.481473309492117e6,8.723080287934307e6,0.0,0.0,0.0,0.0
3883,2.483472309492117e6,8.726431742184587e6,0.0,0.0,0.0,0.0
3884,2.485471309492117e6,8.729783196434868e6,0.0,0.0,0.0,0.0
3885,2.487328809492117e6,8.727103841154117e6,0.0,0.0,0.0,0.0
3886,2.489186309492117e6,8.724424485873368e6,0.0,0.0,0.0,0.0
3887,2.490039809492117e6,8.720500066958651e6,0.0,0.0,0.0,0.0
3888,2.490893309492117e6,8.716575648043934e6,0.0,0.0,0.0,0.0
3889,2.491738309492117e6,8.7110855988126e6,0.0,0.0,0.0,0.0
3890,2.492583309492117e6,8.705595549581267e6,0.0,0.0,0.0,0.0
3891,2.493294809492117e6,8.70204717186714e6,0.0,0.0,0.0,0.0
3892,2.494006309492117e6,8.698498794153014e6,0.0,0.0,0.0,0.0
3893,2.495397809492117e6,8.697300189830087e6,0.0,0.0,0.0,0.0
3894,2.496789309492117e6,8.69610158550716e6,0.0,0.0,0.0,0.0
3895,2.500406809492117e6,8.696400178133773e6,0.0,0.0,0.0,0.0
3896,2.504024309492117e6,8.696698770760385e6,0.0,0.0,0.0,0.0
3897,2.507581809492117e6,8.698748350886483e6,0.0,0.0,0.0,0.0
3898,2.511139309492117e6,8.700797931012582e6,0.0,0.0,0.0,0.0
3899,2.513989809492117e6,8.706806231118727e6,0.0,0.0,0.0,0.0
3900,2.516840309492117e6,8.712814531224871e6,0.0,0.0,0.0,0.0
3901,2.519554309492117e6,8.7168219247838e6,0.0,0.0,0.0,0.0
3902,2.522268309492117e6,8.720829318342727e6,0.0,0.0,0.0,0.0
3903,2.524981309492117e6,8.724162715800997e6,0.0,0.0,0.0,0.0
3904,2.527694309492117e6,8.727496113259265e6,0.0,0.0,0.0,0.0
3905,2.5306329227695335e6,8.730501889142865e6,0.0,0.0,0.0,0.0
3906,2.53357153604695e6,8.733507665026465e6,0.0,0.0,0.0,0.0
3907,2.53603853604695e6,8.730804127732903e6,0.0,0.0,0.0,0.0
3908,2.53850553604695e6,8.728100590439342e6,0.0,0.0,0.0,0.0
3909,2.54052603604695e6,8.725572640606835e6,0.0,0.0,0.0,0.0
3910,2.54254653604695e6,8.723044690774327e6,0.0,0.0,0.0,0.0
3911,2.54356203604695e6,8.71933915007813e6,0.0,0.0,0.0,0.0
3912,2.54457753604695e6,8.715633609381935e6,0.0,0.0,0.0,0.0
3913,2.54540353604695e6,8.710653862626076e6,0.0,0.0,0.0,0.0
3914,2.54622953604695e6,8.705674115870219e6,0.0,0.0,0.0,0.0
3915,2.54698503604695e6,8.70709051693204e6,0.0,0.0,0.0,0.0
3916,2.54774053604695e6,8.708506917993862e6,0.0,0.0,0.0,0.0
3917,2.54912953604695e6,8.705173722022891e6,0.0,0.0,0.0,0.0
3918,2.55051853604695e6,8.70184052605192e6,0.0,0.0,0.0,0.0
3919,2.55372553604695e6,8.706678788768973e6,0.0,0.0,0.0,0.0
3920,2.55693253604695e6,8.711517051486026e6,0.0,0.0,0.0,0.0
3921,2.56029403604695e6,8.716369575390123e6,0.0,0.0,0.0,0.0
3922,2.56365553604695e6,8.721222099294217e6,0.0,0.0,0.0,0.0
3923,2.56636803604695e6,8.7259915362825e6,0.0,0.0,0.0,0.0
3924,2.56908053604695e6,8.730760973270783e6,0.0,0.0,0.0,0.0
3925,2.57096703604695e6,8.734078249387179e6,0.0,0.0,0.0,0.0
3926,2.57285353604695e6,8.737395525503574e6,0.0,0.0,0.0,0.0
3927,2.57451253604695e6,8.73975172162363e6,0.0,0.0,0.0,0.0
3928,2.57617153604695e6,8.742107917743687e6,0.0,0.0,0.0,0.0
3929,2.57939053604695e6,8.744478375050787e6,0.0,0.0,0.0,0.0
3930,2.58260953604695e6,8.746848832357885e6,0.0,0.0,0.0,0.0
3931,2.58479953604695e6,8.744251305644117e6,0.0,0.0,0.0,0.0
3932,2.58698953604695e6,8.741653778930351e6,0.0,0.0,0.0,0.0
3933,2.58962203604695e6,8.738785927959997e6,0.0,0.0,0.0,0.0
3934,2.59225453604695e6,8.735918076989641e6,0.0,0.0,0.0,0.0
3935,2.59371803604695e6,8.732821426974997e6,0.0,0.0,0.0,0.0
3936,2.59518153604695e6,8.729724776960352e6,0.0,0.0,0.0,0.0
3937,2.59625353604695e6,8.72508357838385e6,0.0,0.0,0.0,0.0
3938,2.59732553604695e6,8.720442379807347e6,0.0,0.0,0.0,0.0
3939,2.59838403604695e6,8.715517197593216e6,0.0,0.0,0.0,0.0
3940,2.59944253604695e6,8.710592015379086e6,0.0,0.0,0.0,0.0
3941,2.60087103604695e6,8.70605614791099e6,0.0,0.0,0.0,0.0
3942,2.60229953604695e6,8.701520280442892e6,0.0,0.0,0.0,0.0
3943,2.60418253604695e6,8.699246743309245e6,0.0,0.0,0.0,0.0
3944,2.60606553604695e6,8.696973206175596e6,0.0,0.0,0.0,0.0
3945,2.60816603604695e6,8.699425715918118e6,0.0,0.0,0.0,0.0
3946,2.61026653604695e6,8.70187822566064e6,0.0,0.0,0.0,0.0
3947,2.61168853604695e6,8.70490221736525e6,0.0,0.0,0.0,0.0
3948,2.61311053604695e6,8.70792620906986e6,0.0,0.0,0.0,0.0
3949,2.61424153604695e6,8.71028612549958e6,0.0,0.0,0.0,0.0
3950,2.61537253604695e6,8.712646041929299e6,0.0,0.0,0.0,0.0
3951,2.61655253604695e6,8.714451012167584e6,0.0,0.0,0.0,0.0
3952,2.61773253604695e6,8.71625598240587e6,0.0,0.0,0.0,0.0
3953,2.61967603604695e6,8.718233947043497e6,0.0,0.0,0.0,0.0
3954,2.62161953604695e6,8.720211911681123e6,0.0,0.0,0.0,0.0
3955,2.62380503604695e6,8.723126774302278e6,0.0,0.0,0.0,0.0
3956,2.62599053604695e6,8.726041636923432e6,0.0,0.0,0.0,0.0
3957,2.62859953604695e6,8.722280911633898e6,0.0,0.0,0.0,0.0
3958,2.63120853604695e6,8.718520186344365e6,0.0,0.0,0.0,0.0
3959,2.63272853604695e6,8.717895269444853e6,0.0,0.0,0.0,0.0
3960,2.63424853604695e6,8.717270352545343e6,0.0,0.0,0.0,0.0
3961,2.63552953604695e6,8.712882755077552e6,0.0,0.0,0.0,0.0
3962,2.63681053604695e6,8.70849515760976e6,0.0,0.0,0.0,0.0
3963,2.63773253604695e6,8.705088640665457e6,0.0,0.0,0.0,0.0
3964,2.63865453604695e6,8.701682123721154e6,0.0,0.0,0.0,0.0
3965,2.63952903604695e6,8.699628328472214e6,0.0,0.0,0.0,0.0
3966,2.64040353604695e6,8.697574533223273e6,0.0,0.0,0.0,0.0
3967,2.64138903604695e6,8.695206496042134e6,0.0,0.0,0.0,0.0
3968,2.64237453604695e6,8.692838458860995e6,0.0,0.0,0.0,0.0
3969,2.64354353604695e6,8.69288806157383e6,0.0,0.0,0.0,0.0
3970,2.64471253604695e6,8.692937664286666e6,0.0,0.0,0.0,0.0
3971,2.64598653604695e6,8.696106748068143e6,0.0,0.0,0.0,0.0
3972,2.64726053604695e6,8.699275831849618e6,0.0,0.0,0.0,0.0
3973,2.64838653604695e6,8.70170581411133e6,0.0,0.0,0.0,0.0
3974,2.64951253604695e6,8.70413579637304e6,0.0,0.0,0.0,0.0
3975,2.65074453604695e6,8.706376662893536e6,0.0,0.0,0.0,0.0
3976,2.65197653604695e6,8.708617529414032e6,0.0,0.0,0.0,0.0
3977,2.65392753604695e6,8.710225456082195e6,0.0,0.0,0.0,0.0
3978,2.65587853604695e6,8.71183338275036e6,0.0,0.0,0.0,0.0
3979,2.65847153604695e6,8.708644252679914e6,0.0,0.0,0.0,0.0
3980,2.66106453604695e6,8.705455122609468e6,0.0,0.0,0.0,0.0
3981,2.66393653604695e6,8.703455963945482e6,0.0,0.0,0.0,0.0
3982,2.66680853604695e6,8.701456805281496e6,0.0,0.0,0.0,0.0
3983,2.66886853604695e6,8.70368527076978e6,0.0,0.0,0.0,0.0
3984,2.67092853604695e6,8.705913736258065e6,0.0,0.0,0.0,0.0
3985,2.67268203604695e6,8.70149947657102e6,0.0,0.0,0.0,0.0
3986,2.67443553604695e6,8.697085216883976e6,0.0,0.0,0.0,0.0
3987,2.67632253604695e6,8.693332706588492e6,0.0,0.0,0.0,0.0
3988,2.67820953604695e6,8.68958019629301e6,0.0,0.0,0.0,0.0
3989,2.68087703604695e6,8.687752141957546e6,0.0,0.0,0.0,0.0
3990,2.68354453604695e6,8.685924087622082e6,0.0,0.0,0.0,0.0
3991,2.68704203604695e6,8.689097796486512e6,0.0,0.0,0.0,0.0
3992,2.69053953604695e6,8.69227150535094e6,0.0,0.0,0.0,0.0
3993,2.69393203604695e6,8.697630611420847e6,0.0,0.0,0.0,0.0
3994,2.69732453604695e6,8.702989717490755e6,0.0,0.0,0.0,0.0
3995,2.70039453604695e6,8.707730632104952e6,0.0,0.0,0.0,0.0
3996,2.70346453604695e6,8.71247154671915e6,0.0,0.0,0.0,0.0
3997,2.70605403604695e6,8.715804944177419e6,0.0,0.0,0.0,0.0
3998,2.70864353604695e6,8.71913834163569e6,0.0,0.0,0.0,0.0
3999,2.71085703604695e6,8.72176426020633e6,0.0,0.0,0.0,0.0
4000,2.71307053604695e6,8.724390178776974e6,0.0,0.0,0.0,0.0
4001,2.71558703604695e6,8.726805279800031e6,0.0,0.0,0.0,0.0
4002,2.71810353604695e6,8.72922038082309e6,0.0,0.0,0.0,0.0
4003,2.72048253604695e6,8.732652986539047e6,0.0,0.0,0.0,0.0
4004,2.72286153604695e6,8.736085592255004e6,0.0,0.0,0.0,0.0
4005,2.72558853604695e6,8.73888822553465e6,0.0,0.0,0.0,0.0
4006,2.72831553604695e6,8.741690858814295e6,0.0,0.0,0.0,0.0
4007,2.72997703604695e6,8.743370578627251e6,0.0,0.0,0.0,0.0
4008,2.73163853604695e6,8.745050298440207e6,0.0,0.0,0.0,0.0
4009,2.73328053604695e6,8.746817445530249e6,0.0,0.0,0.0,0.0
4010,2.73492253604695e6,8.74858459262029e6,0.0,0.0,0.0,0.0
4011,2.73657753604695e6,8.75033623842007e6,0.0,0.0,0.0,0.0
4012,2.73823253604695e6,8.75208788421985e6,0.0,0.0,0.0,0.0
4013,2.73999303604695e6,8.753904015387125e6,0.0,0.0,0.0,0.0
4014,2.74175353604695e6,8.7557201465544e6,0.0,0.0,0.0,0.0
4015,2.74468903604695e6,8.758390088789389e6,0.0,0.0,0.0,0.0
4016,2.74762453604695e6,8.76106003102438e6,0.0,0.0,0.0,0.0
4017,2.75042953604695e6,8.764159048973866e6,0.0,0.0,0.0,0.0
4018,2.75323453604695e6,8.76725806692335e6,0.0,0.0,0.0,0.0
4019,2.75537253604695e6,8.770948614109293e6,0.0,0.0,0.0,0.0
4020,2.75751053604695e6,8.774639161295233e6,0.0,0.0,0.0,0.0
4021,2.76052503604695e6,8.777105106550355e6,0.0,0.0,0.0,0.0
4022,2.76353953604695e6,8.779571051805478e6,0.0,0.0,0.0,0.0
4023,2.76614203604695e6,8.78170464939735e6,0.0,0.0,0.0,0.0
4024,2.76874453604695e6,8.783838246989222e6,0.0,0.0,0.0,0.0
4025,2.77145153604695e6,8.785568190982632e6,0.0,0.0,0.0,0.0
4026,2.77415853604695e6,8.787298134976042e6,0.0,0.0,0.0,0.0
4027,2.77625753604695e6,8.789739278166743e6,0.0,0.0,0.0,0.0
4028,2.77835653604695e6,8.792180421357444e6,0.0,0.0,0.0,0.0
4029,2.78028653604695e6,8.79423899270444e6,0.0,0.0,0.0,0.0
4030,2.78221653604695e6,8.796297564051436e6,0.0,0.0,0.0,0.0
4031,2.78377103604695e6,8.798137257179912e6,0.0,0.0,0.0,0.0
4032,2.78532553604695e6,8.799976950308388e6,0.0,0.0,0.0,0.0
4033,2.78697003604695e6,8.80055165116356e6,0.0,0.0,0.0,0.0
4034,2.78861453604695e6,8.80112635201873e6,0.0,0.0,0.0,0.0
4035,2.79013903604695e6,8.803414342461627e6,0.0,0.0,0.0,0.0
4036,2.79166353604695e6,8.805702332904525e6,0.0,0.0,0.0,0.0
4037,2.79350603604695e6,8.807577368974801e6,0.0,0.0,0.0,0.0
4038,2.79534853604695e6,8.809452405045079e6,0.0,0.0,0.0,0.0
4039,2.79849703604695e6,8.811386346018357e6,0.0,0.0,0.0,0.0
4040,2.80164553604695e6,8.813320286991635e6,0.0,0.0,0.0,0.0
4041,2.80539153604695e6,8.81638520210254e6,0.0,0.0,0.0,0.0
4042,2.80913753604695e6,8.819450117213445e6,0.0,0.0,0.0,0.0
4043,2.81194853604695e6,8.822578897640236e6,0.0,0.0,0.0,0.0
4044,2.81475953604695e6,8.825707678067027e6,0.0,0.0,0.0,0.0
4045,2.81717653604695e6,8.827949164639134e6,0.0,0.0,0.0,0.0
4046,2.81959353604695e6,8.83019065121124e6,0.0,0.0,0.0,0.0
4047,2.82220503604695e6,8.832096689862043e6,0.0,0.0,0.0,0.0
4048,2.82481653604695e6,8.834002728512846e6,0.0,0.0,0.0,0.0
4049,2.82795903604695e6,8.835924888505524e6,0.0,0.0,0.0,0.0
4050,2.83110153604695e6,8.837847048498202e6,0.0,0.0,0.0,0.0
4051,2.83439403604695e6,8.840507689959034e6,0.0,0.0,0.0,0.0
4052,2.83768653604695e6,8.843168331419867e6,0.0,0.0,0.0,0.0
4053,2.84128653604695e6,8.845073750019059e6,0.0,0.0,0.0,0.0
4054,2.84488653604695e6,8.846979168618253e6,0.0,0.0,0.0,0.0
4055,2.84693653604695e6,8.848345142316274e6,0.0,0.0,0.0,0.0
4056,2.84898653604695e6,8.849711116014296e6,0.0,0.0,0.0,0.0
4057,2.85065853604695e6,8.850799926642407e6,0.0,0.0,0.0,0.0
4058,2.85233053604695e6,8.851888737270517e6,0.0,0.0,0.0,0.0
4059,2.85398903604695e6,8.852771690763928e6,0.0,0.0,0.0,0.0
4060,2.85564753604695e6,8.853654644257339e6,0.0,0.0,0.0,0.0
4061,2.85772253604695e6,8.855165089980617e6,0.0,0.0,0.0,0.0
4062,2.85979753604695e6,8.856675535703896e6,0.0,0.0,0.0,0.0
4063,2.86316253604695e6,8.859401902635444e6,0.0,0.0,0.0,0.0
4064,2.86652753604695e6,8.862128269566994e6,0.0,0.0,0.0,0.0
4065,2.87009253604695e6,8.865313474690344e6,0.0,0.0,0.0,0.0
4066,2.87365753604695e6,8.868498679813694e6,0.0,0.0,0.0,0.0
4067,2.87714653604695e6,8.871741549736824e6,0.0,0.0,0.0,0.0
4068,2.88063553604695e6,8.874984419659955e6,0.0,0.0,0.0,0.0
4069,2.88323803604695e6,8.877370998308929e6,0.0,0.0,0.0,0.0
4070,2.88584053604695e6,8.879757576957902e6,0.0,0.0,0.0,0.0
4071,2.88805453604695e6,8.882088971013537e6,0.0,0.0,0.0,0.0
4072,2.89026853604695e6,8.884420365069171e6,0.0,0.0,0.0,0.0
4073,2.89333453604695e6,8.886761059898965e6,0.0,0.0,0.0,0.0
4074,2.89640053604695e6,8.889101754728757e6,0.0,0.0,0.0,0.0
4075,2.89856003604695e6,8.892518239102839e6,0.0,0.0,0.0,0.0
4076,2.90071953604695e6,8.89593472347692e6,0.0,0.0,0.0,0.0
4077,2.90367903604695e6,8.89907280467787e6,0.0,0.0,0.0,0.0
4078,2.90663853604695e6,8.902210885878818e6,0.0,0.0,0.0,0.0
4079,2.90853403604695e6,8.903559498131745e6,0.0,0.0,0.0,0.0
4080,2.91042953604695e6,8.904908110384673e6,0.0,0.0,0.0,0.0
4081,2.91209053604695e6,8.905955997606488e6,0.0,0.0,0.0,0.0
4082,2.91375153604695e6,8.907003884828303e6,0.0,0.0,0.0,0.0
4083,2.91501703604695e6,8.90790605992164e6,0.0,0.0,0.0,0.0
4084,2.91628253604695e6,8.908808235014979e6,0.0,0.0,0.0,0.0
4085,2.91793803604695e6,8.910187849848434e6,0.0,0.0,0.0,0.0
4086,2.91959353604695e6,8.911567464681888e6,0.0,0.0,0.0,0.0
4087,2.92233753604695e6,8.914110296336718e6,0.0,0.0,0.0,0.0
4088,2.92508153604695e6,8.916653127991548e6,0.0,0.0,0.0,0.0
4089,2.92826403604695e6,8.920073952726904e6,0.0,0.0,0.0,0.0
4090,2.93144653604695e6,8.923494777462259e6,0.0,0.0,0.0,0.0
4091,2.93410653604695e6,8.927499690814745e6,0.0,0.0,0.0,0.0
4092,2.93676653604695e6,8.93150460416723e6,0.0,0.0,0.0,0.0
4093,2.93904203604695e6,8.934523635458956e6,0.0,0.0,0.0,0.0
4094,2.94131753604695e6,8.93754266675068e6,0.0,0.0,0.0,0.0
4095,2.94382653604695e6,8.939962108135011e6,0.0,0.0,0.0,0.0
4096,2.94633553604695e6,8.942381549519343e6,0.0,0.0,0.0,0.0
4097,2.94927753604695e6,8.944162337744817e6,0.0,0.0,0.0,0.0
4098,2.95221953604695e6,8.945943125970293e6,0.0,0.0,0.0,0.0
4099,2.95462353604695e6,8.947975655149646e6,0.0,0.0,0.0,0.0
4100,2.95702753604695e6,8.950008184329001e6,0.0,0.0,0.0,0.0
4101,2.95973453604695e6,8.947549280366765e6,0.0,0.0,0.0,0.0
4102,2.96244153604695e6,8.94509037640453e6,0.0,0.0,0.0,0.0
4103,2.96487153604695e6,8.946143224039229e6,0.0,0.0,0.0,0.0
4104,2.96730153604695e6,8.947196071673928e6,0.0,0.0,0.0,0.0
4105,2.96843403604695e6,8.948087085838277e6,0.0,0.0,0.0,0.0
4106,2.96956653604695e6,8.948978100002624e6,0.0,0.0,0.0,0.0
4107,2.97042453604695e6,8.949907455061167e6,0.0,0.0,0.0,0.0
4108,2.97128253604695e6,8.950836810119713e6,0.0,0.0,0.0,0.0
4109,2.97220003604695e6,8.951866715844821e6,0.0,0.0,0.0,0.0
4110,2.97311753604695e6,8.952896621569932e6,0.0,0.0,0.0,0.0
4111,2.97494303604695e6,8.954273287075076e6,0.0,0.0,0.0,0.0
4112,2.97676853604695e6,8.95564995258022e6,0.0,0.0,0.0,0.0
4113,2.97866553604695e6,8.958303773473335e6,0.0,0.0,0.0,0.0
4114,2.98056253604695e6,8.960957594366452e6,0.0,0.0,0.0,0.0
4115,2.98207553604695e6,8.96460845824932e6,0.0,0.0,0.0,0.0
4116,2.98358853604695e6,8.968259322132185e6,0.0,0.0,0.0,0.0
4117,2.98425953604695e6,8.972015594788844e6,0.0,0.0,0.0,0.0
4118,2.98493053604695e6,8.975771867445502e6,0.0,0.0,0.0,0.0
4119,2.98569253604695e6,8.978580081189644e6,0.0,0.0,0.0,0.0
4120,2.98645453604695e6,8.981388294933785e6,0.0,0.0,0.0,0.0
4121,2.98830253604695e6,8.984042735878512e6,0.0,0.0,0.0,0.0
4122,2.99015053604695e6,8.986697176823238e6,0.0,0.0,0.0,0.0
4123,2.99195203604695e6,8.991034437838973e6,0.0,0.0,0.0,0.0
4124,2.99375353604695e6,8.995371698854709e6,0.0,0.0,0.0,0.0
4125,2.99672953604695e6,8.999191836827252e6,0.0,0.0,0.0,0.0
4126,2.99970553604695e6,9.003011974799797e6,0.0,0.0,0.0,0.0
4127,3.00153753604695e6,8.997496093053777e6,0.0,0.0,0.0,0.0
4128,3.00336953604695e6,8.991980211307758e6,0.0,0.0,0.0,0.0
4129,3.00435853604695e6,8.992848283562515e6,0.0,0.0,0.0,0.0
4130,3.00534753604695e6,8.993716355817273e6,0.0,0.0,0.0,0.0
4131,3.00587103604695e6,8.994482119556293e6,0.0,0.0,0.0,0.0
4132,3.00639453604695e6,8.99524788329531e6,0.0,0.0,0.0,0.0
4133,3.00677953604695e6,8.992056704156686e6,0.0,0.0,0.0,0.0
4134,3.00716453604695e6,8.988865525018062e6,0.0,0.0,0.0,0.0
4135,3.00806803604695e6,8.984792689414069e6,0.0,0.0,0.0,0.0
4136,3.00897153604695e6,8.980719853810078e6,0.0,0.0,0.0,0.0
4137,3.01003103604695e6,8.979414076966122e6,0.0,0.0,0.0,0.0
4138,3.01109053604695e6,8.978108300122168e6,0.0,0.0,0.0,0.0
4139,3.01247403604695e6,8.981038664033584e6,0.0,0.0,0.0,0.0
4140,3.01385753604695e6,8.983969027945003e6,0.0,0.0,0.0,0.0
4141,3.01463303604695e6,8.986932254591778e6,0.0,0.0,0.0,0.0
4142,3.01540853604695e6,8.989895481238555e6,0.0,0.0,0.0,0.0
4143,3.01617753604695e6,8.991980094753195e6,0.0,0.0,0.0,0.0
4144,3.01694653604695e6,8.994064708267834e6,0.0,0.0,0.0,0.0
4145,3.01810053604695e6,8.995761049635116e6,0.0,0.0,0.0,0.0
4146,3.01925453604695e6,8.997457391002398e6,0.0,0.0,0.0,0.0
4147,3.02082403604695e6,8.99556054085415e6,0.0,0.0,0.0,0.0
4148,3.02239353604695e6,8.993663690705903e6,0.0,0.0,0.0,0.0
4149,3.02555103604695e6,8.996849180199943e6,0.0,0.0,0.0,0.0
4150,3.02870853604695e6,9.000034669693984e6,0.0,0.0,0.0,0.0
4151,3.03014303604695e6,8.99898036855636e6,0.0,0.0,0.0,0.0
4152,3.03157753604695e6,8.997926067418735e6,0.0,0.0,0.0,0.0
4153,3.03282003604695e6,8.996285545486622e6,0.0,0.0,0.0,0.0
4154,3.03406253604695e6,8.994645023554506e6,0.0,0.0,0.0,0.0
4155,3.03509603604695e6,8.996015957665414e6,0.0,0.0,0.0,0.0
4156,3.03612953604695e6,8.99738689177632e6,0.0,0.0,0.0,0.0
4157,3.03835253604695e6,9.000535513854649e6,0.0,0.0,0.0,0.0
4158,3.04057553604695e6,9.003684135932976e6,0.0,0.0,0.0,0.0
4159,3.04372803604695e6,9.010112831031067e6,0.0,0.0,0.0,0.0
4160,3.04688053604695e6,9.016541526129158e6,0.0,0.0,0.0,0.0
4161,3.04998403604695e6,9.02365785846334e6,0.0,0.0,0.0,0.0
4162,3.05308753604695e6,9.03077419079752e6,0.0,0.0,0.0,0.0
4163,3.05617103604695e6,9.03812862295015e6,0.0,0.0,0.0,0.0
4164,3.05925453604695e6,9.045483055102779e6,0.0,0.0,0.0,0.0
4165,3.06307603604695e6,9.050666066515293e6,0.0,0.0,0.0,0.0
4166,3.06689753604695e6,9.055849077927807e6,0.0,0.0,0.0,0.0
4167,3.07012303604695e6,9.060479623355329e6,0.0,0.0,0.0,0.0
4168,3.07334853604695e6,9.06511016878285e6,0.0,0.0,0.0,0.0
4169,3.07665753604695e6,9.068165163067987e6,0.0,0.0,0.0,0.0
4170,3.07996653604695e6,9.071220157353124e6,0.0,0.0,0.0,0.0
4171,3.08221803604695e6,9.070053644191422e6,0.0,0.0,0.0,0.0
4172,3.08446953604695e6,9.06888713102972e6,0.0,0.0,0.0,0.0
4173,3.08721253604695e6,9.066225137194064e6,0.0,0.0,0.0,0.0
4174,3.08995553604695e6,9.06356314335841e6,0.0,0.0,0.0,0.0
4175,3.09119253604695e6,9.06248407998909e6,0.0,0.0,0.0,0.0
4176,3.09242953604695e6,9.061405016619772e6,0.0,0.0,0.0,0.0
4177,3.09328453604695e6,9.063034512252275e6,0.0,0.0,0.0,0.0
4178,3.09413953604695e6,9.064664007884776e6,0.0,0.0,0.0,0.0
4179,3.09500353604695e6,9.065639969119769e6,0.0,0.0,0.0,0.0
4180,3.09586753604695e6,9.06661593035476e6,0.0,0.0,0.0,0.0
4181,3.09737203604695e6,9.064003443763174e6,0.0,0.0,0.0,0.0
4182,3.09887653604695e6,9.061390957171587e6,0.0,0.0,0.0,0.0
4183,3.10132503604695e6,9.063265841062665e6,0.0,0.0,0.0,0.0
4184,3.10377353604695e6,9.065140724953743e6,0.0,0.0,0.0,0.0
4185,3.10649503604695e6,9.07048805004305e6,0.0,0.0,0.0,0.0
4186,3.10921653604695e6,9.075835375132358e6,0.0,0.0,0.0,0.0
4187,3.11204153604695e6,9.080837331474595e6,0.0,0.0,0.0,0.0
4188,3.11486653604695e6,9.08583928781683e6,0.0,0.0,0.0,0.0
4189,3.11738903604695e6,9.088543332890399e6,0.0,0.0,0.0,0.0
4190,3.11991153604695e6,9.09124737796397e6,0.0,0.0,0.0,0.0
4191,3.12202653604695e6,9.092764024203353e6,0.0,0.0,0.0,0.0
4192,3.12414153604695e6,9.094280670442738e6,0.0,0.0,0.0,0.0
4193,3.12656503604695e6,9.09562432228278e6,0.0,0.0,0.0,0.0
4194,3.12898853604695e6,9.096967974122822e6,0.0,0.0,0.0,0.0
4195,3.13109003604695e6,9.0992900674043e6,0.0,0.0,0.0,0.0
4196,3.13319153604695e6,9.101612160685776e6,0.0,0.0,0.0,0.0
4197,3.1344094788642414e6,9.104226298275817e6,0.0,0.0,0.0,0.0
4198,3.1356274216815326e6,9.106840435865859e6,0.0,0.0,0.0,0.0
4199,3.1372829216815326e6,9.106476950596945e6,0.0,0.0,0.0,0.0
4200,3.1389384216815326e6,9.106113465328032e6,0.0,0.0,0.0,0.0
4201,3.1398344216815326e6,9.100008944950651e6,0.0,0.0,0.0,0.0
4202,3.1407304216815326e6,9.093904424573272e6,0.0,0.0,0.0,0.0
4203,3.1415504216815326e6,9.087794943783008e6,0.0,0.0,0.0,0.0
4204,3.1423704216815326e6,9.081685462992745e6,0.0,0.0,0.0,0.0
4205,3.1439674216815326e6,9.076363447747868e6,0.0,0.0,0.0,0.0
4206,3.1455644216815326e6,9.07104143250299e6,0.0,0.0,0.0,0.0
4207,3.14782228864138e6,9.067481603935272e6,0.0,0.0,0.0,0.0
4208,3.1500801556012277e6,9.063921775367552e6,0.0,0.0,0.0,0.0
4209,3.1530831556012277e6,9.061556786253346e6,0.0,0.0,0.0,0.0
4210,3.1560861556012277e6,9.05919179713914e6,0.0,0.0,0.0,0.0
4211,3.1587816556012277e6,9.057103971094847e6,0.0,0.0,0.0,0.0
4212,3.1614771556012277e6,9.055016145050552e6,0.0,0.0,0.0,0.0
4213,3.1637981556012277e6,9.053184985377464e6,0.0,0.0,0.0,0.0
4214,3.1661191556012277e6,9.051353825704379e6,0.0,0.0,0.0,0.0
4215,3.1680681556012277e6,9.047222626333617e6,0.0,0.0,0.0,0.0
4216,3.1700171556012277e6,9.043091426962856e6,0.0,0.0,0.0,0.0
4217,3.1717545608253763e6,9.038956190500556e6,0.0,0.0,0.0,0.0
4218,3.173491966049525e6,9.034820954038255e6,0.0,0.0,0.0,0.0
4219,3.174925646088655e6,9.031519686992131e6,0.0,0.0,0.0,0.0
4220,3.1763593261277853e6,9.02821841994601e6,0.0,0.0,0.0,0.0
4221,3.175557670573962e6,9.025440476459183e6,0.0,0.0,0.0,0.0
4222,3.174756015020138e6,9.022662532972356e6,0.0,0.0,0.0,0.0
4223,3.176177515020138e6,9.018678589103028e6,0.0,0.0,0.0,0.0
4224,3.177599015020138e6,9.014694645233698e6,0.0,0.0,0.0,0.0
4225,3.178846515020138e6,9.009254820182819e6,0.0,0.0,0.0,0.0
4226,3.180094015020138e6,9.003814995131938e6,0.0,0.0,0.0,0.0
4227,3.181228015020138e6,8.998287742803972e6,0.0,0.0,0.0,0.0
4228,3.182362015020138e6,8.992760490476005e6,0.0,0.0,0.0,0.0
4229,3.183686015020138e6,8.988476441627175e6,0.0,0.0,0.0,0.0
4230,3.185010015020138e6,8.984192392778343e6,0.0,0.0,0.0,0.0
4231,3.1843781784616206e6,8.981340663149862e6,0.0,0.0,0.0,0.0
4232,3.1837463419031035e6,8.97848893352138e6,0.0,0.0,0.0,0.0
4233,3.18595337439288e6,8.97663486693426e6,0.0,0.0,0.0,0.0
4234,3.1881604068826567e6,8.97478080034714e6,0.0,0.0,0.0,0.0
4235,3.1908139068826567e6,8.973011680830665e6,0.0,0.0,0.0,0.0
4236,3.1934674068826567e6,8.971242561314188e6,0.0,0.0,0.0,0.0
4237,3.1955204068826567e6,8.969347562600225e6,0.0,0.0,0.0,0.0
4238,3.1975734068826567e6,8.967452563886262e6,0.0,0.0,0.0,0.0
4239,3.1996769068826567e6,8.96424182437528e6,0.0,0.0,0.0,0.0
4240,3.2017804068826567e6,8.961031084864294e6,0.0,0.0,0.0,0.0
4241,3.203806065013444e6,8.95871600570846e6,0.0,0.0,0.0,0.0
4242,3.205831723144232e6,8.956400926552627e6,0.0,0.0,0.0,0.0
4243,3.2079145319554736e6,8.953544236511262e6,0.0,0.0,0.0,0.0
4244,3.2099973407667154e6,8.950687546469897e6,0.0,0.0,0.0,0.0
4245,3.2092528368321448e6,8.947133298366673e6,0.0,0.0,0.0,0.0
4246,3.208508332897574e6,8.94357905026345e6,0.0,0.0,0.0,0.0
4247,3.210205332897574e6,8.938960793596536e6,0.0,0.0,0.0,0.0
4248,3.211902332897574e6,8.934342536929624e6,0.0,0.0,0.0,0.0
4249,3.213278832897574e6,8.92871483624075e6,0.0,0.0,0.0,0.0
4250,3.214655332897574e6,8.923087135551877e6,0.0,0.0,0.0,0.0
4251,3.215656332897574e6,8.917923853519298e6,0.0,0.0,0.0,0.0
4252,3.216657332897574e6,8.91276057148672e6,0.0,0.0,0.0,0.0
4253,3.218525332897574e6,8.908966983461827e6,0.0,0.0,0.0,0.0
4254,3.220393332897574e6,8.905173395436935e6,0.0,0.0,0.0,0.0
4255,3.2224481403477797e6,8.903398075404353e6,0.0,0.0,0.0,0.0
4256,3.2245029477979853e6,8.901622755371772e6,0.0,0.0,0.0,0.0
4257,3.2282066541787023e6,8.901932543662611e6,0.0,0.0,0.0,0.0
4258,3.231910360559419e6,8.902242331953453e6,0.0,0.0,0.0,0.0
4259,3.235574860559419e6,8.90102629847358e6,0.0,0.0,0.0,0.0
4260,3.239239360559419e6,8.899810264993707e6,0.0,0.0,0.0,0.0
4261,3.242119360559419e6,8.899873459823463e6,0.0,0.0,0.0,0.0
4262,3.244999360559419e6,8.899936654653221e6,0.0,0.0,0.0,0.0
4263,3.247380860559419e6,8.898512236968996e6,0.0,0.0,0.0,0.0
4264,3.249762360559419e6,8.89708781928477e6,0.0,0.0,0.0,0.0
4265,3.253022860559419e6,8.898723376752798e6,0.0,0.0,0.0,0.0
4266,3.256283360559419e6,8.900358934220823e6,0.0,0.0,0.0,0.0
4267,3.258808360559419e6,8.897473721805371e6,0.0,0.0,0.0,0.0
4268,3.261333360559419e6,8.894588509389922e6,0.0,0.0,0.0,0.0
4269,3.263254362321361e6,8.891948837412246e6,0.0,0.0,0.0,0.0
4270,3.265175364083303e6,8.889309165434571e6,0.0,0.0,0.0,0.0
4271,3.267317364083303e6,8.885388466829516e6,0.0,0.0,0.0,0.0
4272,3.269459364083303e6,8.881467768224463e6,0.0,0.0,0.0,0.0
4273,3.270224364083303e6,8.875960977599645e6,0.0,0.0,0.0,0.0
4274,3.270989364083303e6,8.870454186974827e6,0.0,0.0,0.0,0.0
4275,3.271370364083303e6,8.864601407551326e6,0.0,0.0,0.0,0.0
4276,3.271751364083303e6,8.858748628127826e6,0.0,0.0,0.0,0.0
4277,3.272528364083303e6,8.853190703604275e6,0.0,0.0,0.0,0.0
4278,3.273305364083303e6,8.847632779080724e6,0.0,0.0,0.0,0.0
4279,3.275465864083303e6,8.84355024700532e6,0.0,0.0,0.0,0.0
4280,3.277626364083303e6,8.839467714929914e6,0.0,0.0,0.0,0.0
4281,3.279254864083303e6,8.839890555191766e6,0.0,0.0,0.0,0.0
4282,3.280883364083303e6,8.84031339545362e6,0.0,0.0,0.0,0.0
4283,3.282152864083303e6,8.845501839611216e6,0.0,0.0,0.0,0.0
4284,3.283422364083303e6,8.85069028376881e6,0.0,0.0,0.0,0.0
4285,3.283729364083303e6,8.852173388793502e6,0.0,0.0,0.0,0.0
4286,3.284036364083303e6,8.853656493818192e6,0.0,0.0,0.0,0.0
4287,3.284701364083303e6,8.854218326567482e6,0.0,0.0,0.0,0.0
4288,3.285366364083303e6,8.854780159316774e6,0.0,0.0,0.0,0.0
4289,3.287250364083303e6,8.858169478940815e6,0.0,0.0,0.0,0.0
4290,3.289134364083303e6,8.861558798564855e6,0.0,0.0,0.0,0.0
4291,3.291064364083303e6,8.859580721655626e6,0.0,0.0,0.0,0.0
4292,3.292994364083303e6,8.857602644746399e6,0.0,0.0,0.0,0.0
4293,3.295854864083303e6,8.855850886675019e6,0.0,0.0,0.0,0.0
4294,3.298715364083303e6,8.854099128603637e6,0.0,0.0,0.0,0.0
4295,3.299958864083303e6,8.849254553098876e6,0.0,0.0,0.0,0.0
4296,3.301202364083303e6,8.844409977594117e6,0.0,0.0,0.0,0.0
4297,3.301763864083303e6,8.838317858248947e6,0.0,0.0,0.0,0.0
4298,3.302325364083303e6,8.832225738903778e6,0.0,0.0,0.0,0.0
4299,3.302666364083303e6,8.826057353210513e6,0.0,0.0,0.0,0.0
4300,3.303007364083303e6,8.819888967517246e6,0.0,0.0,0.0,0.0
4301,3.303268864083303e6,8.813724302133642e6,0.0,0.0,0.0,0.0
4302,3.303530364083303e6,8.80755963675004e6,0.0,0.0,0.0,0.0
4303,3.304037364083303e6,8.802018743286643e6,0.0,0.0,0.0,0.0
4304,3.304544364083303e6,8.796477849823244e6,0.0,0.0,0.0,0.0
4305,3.305483364083303e6,8.793588663414098e6,0.0,0.0,0.0,0.0
4306,3.306422364083303e6,8.790699477004953e6,0.0,0.0,0.0,0.0
4307,3.307149364083303e6,8.793028390854146e6,0.0,0.0,0.0,0.0
4308,3.307876364083303e6,8.795357304703338e6,0.0,0.0,0.0,0.0
4309,3.308200864083303e6,8.797832550732618e6,0.0,0.0,0.0,0.0
4310,3.308525364083303e6,8.800307796761898e6,0.0,0.0,0.0,0.0
4311,3.309053364083303e6,8.802206394793376e6,0.0,0.0,0.0,0.0
4312,3.309581364083303e6,8.804104992824852e6,0.0,0.0,0.0,0.0
4313,3.311387364083303e6,8.805967007811308e6,0.0,0.0,0.0,0.0
4314,3.313193364083303e6,8.807829022797763e6,0.0,0.0,0.0,0.0
4315,3.315618364083303e6,8.804621687526837e6,0.0,0.0,0.0,0.0
4316,3.318043364083303e6,8.801414352255912e6,0.0,0.0,0.0,0.0
4317,3.320977364083303e6,8.799114468560813e6,0.0,0.0,0.0,0.0
4318,3.323911364083303e6,8.796814584865713e6,0.0,0.0,0.0,0.0
4319,3.324994364083303e6,8.791374139763223e6,0.0,0.0,0.0,0.0
4320,3.326077364083303e6,8.785933694660733e6,0.0,0.0,0.0,0.0
4321,3.326617364083303e6,8.779730586077277e6,0.0,0.0,0.0,0.0
4322,3.327157364083303e6,8.77352747749382e6,0.0,0.0,0.0,0.0
4323,3.327486364083303e6,8.767326849116806e6,0.0,0.0,0.0,0.0
4324,3.327815364083303e6,8.761126220739793e6,0.0,0.0,0.0,0.0
4325,3.328925864083303e6,8.75770303227751e6,0.0,0.0,0.0,0.0
4326,3.330036364083303e6,8.754279843815226e6,0.0,0.0,0.0,0.0
4327,3.3301328022353454e6,8.75462499852594e6,0.0,0.0,0.0,0.0
4328,3.3302292403873876e6,8.754970153236654e6,0.0,0.0,0.0,0.0
4329,3.331663780263955e6,8.761162608671129e6,0.0,0.0,0.0,0.0
4330,3.3330983201405224e6,8.767355064105604e6,0.0,0.0,0.0,0.0
4331,3.3352378201405224e6,8.773798640442349e6,0.0,0.0,0.0,0.0
4332,3.3373773201405224e6,8.780242216779092e6,0.0,0.0,0.0,0.0
4333,3.3393953201405224e6,8.785747655029088e6,0.0,0.0,0.0,0.0
4334,3.3414133201405224e6,8.791253093279082e6,0.0,0.0,0.0,0.0
4335,3.343415148256993e6,8.796547093929883e6,0.0,0.0,0.0,0.0
4336,3.345416976373464e6,8.801841094580684e6,0.0,0.0,0.0,0.0
4337,3.3444655803712504e6,8.80652310429188e6,0.0,0.0,0.0,0.0
4338,3.343514184369037e6,8.811205114003077e6,0.0,0.0,0.0,0.0
4339,3.343523155040212e6,8.815902625004537e6,0.0,0.0,0.0,0.0
4340,3.343532125711387e6,8.820600136005998e6,0.0,0.0,0.0,0.0
4341,3.343476456598349e6,8.824820827318951e6,0.0,0.0,0.0,0.0
4342,3.3434207874853103e6,8.829041518631905e6,0.0,0.0,0.0,0.0
4343,3.3441197874853103e6,8.82444248356492e6,0.0,0.0,0.0,0.0
4344,3.3448187874853103e6,8.819843448497934e6,0.0,0.0,0.0,0.0
4345,3.3452727874853103e6,8.81384805720401e6,0.0,0.0,0.0,0.0
4346,3.3457267874853103e6,8.807852665910086e6,0.0,0.0,0.0,0.0
4347,3.3460527874853103e6,8.808712057442296e6,0.0,0.0,0.0,0.0
4348,3.3463787874853103e6,8.809571448974505e6,0.0,0.0,0.0,0.0
4349,3.3477252874853103e6,8.811680864553567e6,0.0,0.0,0.0,0.0
4350,3.3490717874853103e6,8.813790280132627e6,0.0,0.0,0.0,0.0
4351,3.349808148741152e6,8.81752137900167e6,0.0,0.0,0.0,0.0
4352,3.350544509996994e6,8.821252477870714e6,0.0,0.0,0.0,0.0
4353,3.353570009996994e6,8.827448653614853e6,0.0,0.0,0.0,0.0
4354,3.356595509996994e6,8.833644829358991e6,0.0,0.0,0.0,0.0
4355,3.358927009996994e6,8.839780240045296e6,0.0,0.0,0.0,0.0
4356,3.361258509996994e6,8.8459156507316e6,0.0,0.0,0.0,0.0
4357,3.363269509996994e6,8.850238650560293e6,0.0,0.0,0.0,0.0
4358,3.365280509996994e6,8.854561650388988e6,0.0,0.0,0.0,0.0
4359,3.367207009996994e6,8.858234216078224e6,0.0,0.0,0.0,0.0
4360,3.369133509996994e6,8.86190678176746e6,0.0,0.0,0.0,0.0
4361,3.371742509996994e6,8.864889850065773e6,0.0,0.0,0.0,0.0
4362,3.374351509996994e6,8.867872918364087e6,0.0,0.0,0.0,0.0
4363,3.3747007132059066e6,8.87119763509981e6,0.0,0.0,0.0,0.0
4364,3.3750499164148197e6,8.87452235183553e6,0.0,0.0,0.0,0.0
4365,3.3763623175458238e6,8.877115407670815e6,0.0,0.0,0.0,0.0
4366,3.3776747186768274e6,8.879708463506097e6,0.0,0.0,0.0,0.0
4367,3.3784542186768274e6,8.881856942336623e6,0.0,0.0,0.0,0.0
4368,3.3792337186768274e6,8.884005421167148e6,0.0,0.0,0.0,0.0
4369,3.3799637186768274e6,8.880523501453547e6,0.0,0.0,0.0,0.0
4370,3.3806937186768274e6,8.877041581739945e6,0.0,0.0,0.0,0.0
4371,3.3814477186768274e6,8.875144861811105e6,0.0,0.0,0.0,0.0
4372,3.3822017186768274e6,8.873248141882263e6,0.0,0.0,0.0,0.0
4373,3.3830697186768274e6,8.87379898255185e6,0.0,0.0,0.0,0.0
4374,3.3839377186768274e6,8.874349823221436e6,0.0,0.0,0.0,0.0
4375,3.3850603796649333e6,8.875786319013635e6,0.0,0.0,0.0,0.0
4376,3.3861830406530392e6,8.877222814805834e6,0.0,0.0,0.0,0.0
4377,3.3898425406530392e6,8.88154023417003e6,0.0,0.0,0.0,0.0
4378,3.3935020406530392e6,8.88585765353423e6,0.0,0.0,0.0,0.0
4379,3.3958320406530392e6,8.88947875493979e6,0.0,0.0,0.0,0.0
4380,3.3981620406530392e6,8.893099856345352e6,0.0,0.0,0.0,0.0
4381,3.3998375406530392e6,8.895202451356698e6,0.0,0.0,0.0,0.0
4382,3.4015130406530392e6,8.897305046368042e6,0.0,0.0,0.0,0.0
4383,3.4028600406530392e6,8.898947563084366e6,0.0,0.0,0.0,0.0
4384,3.4042070406530392e6,8.90059007980069e6,0.0,0.0,0.0,0.0
4385,3.404958019614543e6,8.903286684254933e6,0.0,0.0,0.0,0.0
4386,3.405708998576047e6,8.905983288709177e6,0.0,0.0,0.0,0.0
4387,3.4059512084903186e6,8.906218565635301e6,0.0,0.0,0.0,0.0
4388,3.406193418404591e6,8.906453842561426e6,0.0,0.0,0.0,0.0
4389,3.4034872808182035e6,8.902200461183455e6,0.0,0.0,0.0,0.0
4390,3.4007811432318157e6,8.897947079805484e6,0.0,0.0,0.0,0.0
4391,3.4017446432318157e6,8.892275975503873e6,0.0,0.0,0.0,0.0
4392,3.4027081432318157e6,8.88660487120226e6,0.0,0.0,0.0,0.0
4393,3.4031741432318157e6,8.883145229476005e6,0.0,0.0,0.0,0.0
4394,3.4036401432318157e6,8.879685587749748e6,0.0,0.0,0.0,0.0
4395,3.4040971432318157e6,8.877927920416875e6,0.0,0.0,0.0,0.0
4396,3.4045541432318157e6,8.876170253084002e6,0.0,0.0,0.0,0.0
4397,3.4054521432318157e6,8.875925243708905e6,0.0,0.0,0.0,0.0
4398,3.4063501432318157e6,8.875680234333806e6,0.0,0.0,0.0,0.0
4399,3.4057221229799218e6,8.875925163716242e6,0.0,0.0,0.0,0.0
4400,3.405094102728028e6,8.876170093098678e6,0.0,0.0,0.0,0.0
4401,3.4055908206436653e6,8.878755677748717e6,0.0,0.0,0.0,0.0
4402,3.406087538559303e6,8.881341262398759e6,0.0,0.0,0.0,0.0
4403,3.4072697731854673e6,8.886893824571155e6,0.0,0.0,0.0,0.0
4404,3.4084520078116315e6,8.892446386743551e6,0.0,0.0,0.0,0.0
4405,3.4094102912915996e6,8.897053990261484e6,0.0,0.0,0.0,0.0
4406,3.4103685747715677e6,8.901661593779415e6,0.0,0.0,0.0,0.0
4407,3.4102486070618117e6,8.905599541557962e6,0.0,0.0,0.0,0.0
4408,3.4101286393520557e6,8.90953748933651e6,0.0,0.0,0.0,0.0
4409,3.407465967180512e6,8.91289506880759e6,0.0,0.0,0.0,0.0
4410,3.4048032950089676e6,8.91625264827867e6,0.0,0.0,0.0,0.0
4411,3.403391254436268e6,8.919801203645797e6,0.0,0.0,0.0,0.0
4412,3.4019792138635684e6,8.923349759012925e6,0.0,0.0,0.0,0.0
4413,3.399113367586593e6,8.91899192402244e6,0.0,0.0,0.0,0.0
4414,3.3962475213096184e6,8.914634089031953e6,0.0,0.0,0.0,0.0
4415,3.3971330213096184e6,8.909046691697765e6,0.0,0.0,0.0,0.0
4416,3.3980185213096184e6,8.903459294363577e6,0.0,0.0,0.0,0.0
4417,3.3986125213096184e6,8.897498005908232e6,0.0,0.0,0.0,0.0
4418,3.3992065213096184e6,8.891536717452887e6,0.0,0.0,0.0,0.0
4419,3.4000405213096184e6,8.886897585628077e6,0.0,0.0,0.0,0.0
4420,3.4008745213096184e6,8.88225845380327e6,0.0,0.0,0.0,0.0
4421,3.4022045213096184e6,8.88033935341282e6,0.0,0.0,0.0,0.0
4422,3.4035345213096184e6,8.87842025302237e6,0.0,0.0,0.0,0.0
4423,3.403782684036701e6,8.879059691959567e6,0.0,0.0,0.0,0.0
4424,3.404030846763783e6,8.879699130896766e6,0.0,0.0,0.0,0.0
4425,3.4059264981247177e6,8.884417103601374e6,0.0,0.0,0.0,0.0
4426,3.407822149485653e6,8.889135076305982e6,0.0,0.0,0.0,0.0
4427,3.409618978635128e6,8.892368645454954e6,0.0,0.0,0.0,0.0
4428,3.4114158077846034e6,8.895602214603927e6,0.0,0.0,0.0,0.0
4429,3.4136893077846034e6,8.897021512740456e6,0.0,0.0,0.0,0.0
4430,3.4159628077846034e6,8.898440810876984e6,0.0,0.0,0.0,0.0
4431,3.4187088077846034e6,8.899769581478374e6,0.0,0.0,0.0,0.0
4432,3.4214548077846034e6,8.901098352079764e6,0.0,0.0,0.0,0.0
4433,3.422751021623158e6,8.90246928619067e6,0.0,0.0,0.0,0.0
4434,3.4240472354617123e6,8.903840220301578e6,0.0,0.0,0.0,0.0
4435,3.4254202354617123e6,8.90393413421497e6,0.0,0.0,0.0,0.0
4436,3.4267932354617123e6,8.90402804812836e6,0.0,0.0,0.0,0.0
4437,3.428159141984733e6,8.900974893158028e6,0.0,0.0,0.0,0.0
4438,3.429525048507753e6,8.897921738187695e6,0.0,0.0,0.0,0.0
4439,3.431288048507753e6,8.893017456684705e6,0.0,0.0,0.0,0.0
4440,3.433051048507753e6,8.888113175181717e6,0.0,0.0,0.0,0.0
4441,3.433589048507753e6,8.88229759885485e6,0.0,0.0,0.0,0.0
4442,3.434127048507753e6,8.876482022527982e6,0.0,0.0,0.0,0.0
4443,3.434427548507753e6,8.871422662039712e6,0.0,0.0,0.0,0.0
4444,3.434728048507753e6,8.866363301551444e6,0.0,0.0,0.0,0.0
4445,3.435117048507753e6,8.862110081433497e6,0.0,0.0,0.0,0.0
4446,3.435506048507753e6,8.857856861315552e6,0.0,0.0,0.0,0.0
4447,3.436558548507753e6,8.854090638815695e6,0.0,0.0,0.0,0.0
4448,3.437611048507753e6,8.850324416315839e6,0.0,0.0,0.0,0.0
4449,3.439446048507753e6,8.851312844020339e6,0.0,0.0,0.0,0.0
4450,3.441281048507753e6,8.852301271724839e6,0.0,0.0,0.0,0.0
4451,3.442764048507753e6,8.85660008954072e6,0.0,0.0,0.0,0.0
4452,3.444247048507753e6,8.860898907356603e6,0.0,0.0,0.0,0.0
4453,3.445273548507753e6,8.863134813464215e6,0.0,0.0,0.0,0.0
4454,3.446300048507753e6,8.865370719571827e6,0.0,0.0,0.0,0.0
4455,3.447209048507753e6,8.866517194999717e6,0.0,0.0,0.0,0.0
4456,3.448118048507753e6,8.86766367042761e6,0.0,0.0,0.0,0.0
4457,3.450381048507753e6,8.869224960382953e6,0.0,0.0,0.0,0.0
4458,3.452644048507753e6,8.870786250338295e6,0.0,0.0,0.0,0.0
4459,3.454880048507753e6,8.873404728289612e6,0.0,0.0,0.0,0.0
4460,3.457116048507753e6,8.876023206240926e6,0.0,0.0,0.0,0.0
4461,3.459452649548174e6,8.879302039157469e6,0.0,0.0,0.0,0.0
4462,3.461789250588595e6,8.88258087207401e6,0.0,0.0,0.0,0.0
4463,3.463296750588595e6,8.881418483752362e6,0.0,0.0,0.0,0.0
4464,3.464804250588595e6,8.880256095430713e6,0.0,0.0,0.0,0.0
4465,3.465440250588595e6,8.881055962008312e6,0.0,0.0,0.0,0.0
4466,3.466076250588595e6,8.88185582858591e6,0.0,0.0,0.0,0.0
4467,3.466361750588595e6,8.882621592324927e6,0.0,0.0,0.0,0.0
4468,3.466647250588595e6,8.883387356063947e6,0.0,0.0,0.0,0.0
4469,3.466982250588595e6,8.880049849826474e6,0.0,0.0,0.0,0.0
4470,3.467317250588595e6,8.876712343589002e6,0.0,0.0,0.0,0.0
4471,3.467881250588595e6,8.877998950680874e6,0.0,0.0,0.0,0.0
4472,3.468445250588595e6,8.879285557772748e6,0.0,0.0,0.0,0.0
4473,3.469443250588595e6,8.878495214595081e6,0.0,0.0,0.0,0.0
4474,3.470441250588595e6,8.877704871417414e6,0.0,0.0,0.0,0.0
4475,3.471812750588595e6,8.880090830014776e6,0.0,0.0,0.0,0.0
4476,3.473184250588595e6,8.88247678861214e6,0.0,0.0,0.0,0.0
4477,3.473537750588595e6,8.88490615082224e6,0.0,0.0,0.0,0.0
4478,3.473891250588595e6,8.887335513032341e6,0.0,0.0,0.0,0.0
4479,3.474710250588595e6,8.888610959195225e6,0.0,0.0,0.0,0.0
4480,3.475529250588595e6,8.889886405358108e6,0.0,0.0,0.0,0.0
4481,3.476825250588595e6,8.890636162032057e6,0.0,0.0,0.0,0.0
4482,3.478121250588595e6,8.891385918706005e6,0.0,0.0,0.0,0.0
4483,3.479938750588595e6,8.888360574626572e6,0.0,0.0,0.0,0.0
4484,3.481756250588595e6,8.885335230547141e6,0.0,0.0,0.0,0.0
4485,3.483827429666418e6,8.88946749913508e6,0.0,0.0,0.0,0.0
4486,3.4858986087442413e6,8.89359976772302e6,0.0,0.0,0.0,0.0
4487,3.4868931087442413e6,8.893069906096037e6,0.0,0.0,0.0,0.0
4488,3.4878876087442413e6,8.892540044469057e6,0.0,0.0,0.0,0.0
4489,3.4884686087442413e6,8.891849591268111e6,0.0,0.0,0.0,0.0
4490,3.4890496087442413e6,8.891159138067165e6,0.0,0.0,0.0,0.0
4491,3.4897256087442413e6,8.88526481518576e6,0.0,0.0,0.0,0.0
4492,3.4904016087442413e6,8.879370492304353e6,0.0,0.0,0.0,0.0
4493,3.4915001087442413e6,8.874550098812405e6,0.0,0.0,0.0,0.0
4494,3.4925986087442413e6,8.869729705320455e6,0.0,0.0,0.0,0.0
4495,3.492223291711918e6,8.867223344439045e6,0.0,0.0,0.0,0.0
4496,3.4918479746795953e6,8.864716983557636e6,0.0,0.0,0.0,0.0
4497,3.492315879906919e6,8.865318065008523e6,0.0,0.0,0.0,0.0
4498,3.492783785134242e6,8.86591914645941e6,0.0,0.0,0.0,0.0
4499,3.494469970275522e6,8.871652143650474e6,0.0,0.0,0.0,0.0
4500,3.496156155416802e6,8.877385140841538e6,0.0,0.0,0.0,0.0
4501,3.4973258704039827e6,8.881425397135824e6,0.0,0.0,0.0,0.0
4502,3.4984955853911634e6,8.885465653430112e6,0.0,0.0,0.0,0.0
4503,3.498626079700265e6,8.889004908023082e6,0.0,0.0,0.0,0.0
4504,3.4987565740093663e6,8.89254416261605e6,0.0,0.0,0.0,0.0
4505,3.497050852023372e6,8.896549075968536e6,0.0,0.0,0.0,0.0
4506,3.4953451300373776e6,8.900553989321021e6,0.0,0.0,0.0,0.0
4507,3.4935401961454963e6,8.898665199843712e6,0.0,0.0,0.0,0.0
4508,3.491735262253615e6,8.896776410366401e6,0.0,0.0,0.0,0.0
4509,3.4881588465941567e6,8.898615155842148e6,0.0,0.0,0.0,0.0
4510,3.4845824309346983e6,8.900453901317896e6,0.0,0.0,0.0,0.0
4511,3.4855749309346983e6,8.899059022683617e6,0.0,0.0,0.0,0.0
4512,3.4865674309346983e6,8.897664144049339e6,0.0,0.0,0.0,0.0
4513,3.4874349309346983e6,8.896964101865333e6,0.0,0.0,0.0,0.0
4514,3.4883024309346983e6,8.896264059681328e6,0.0,0.0,0.0,0.0
4515,3.4890109309346983e6,8.890871653194273e6,0.0,0.0,0.0,0.0
4516,3.4897194309346983e6,8.885479246707218e6,0.0,0.0,0.0,0.0
4517,3.4911514309346983e6,8.881494661020055e6,0.0,0.0,0.0,0.0
4518,3.4925834309346983e6,8.877510075332893e6,0.0,0.0,0.0,0.0
4519,3.4916652104811883e6,8.87624974454598e6,0.0,0.0,0.0,0.0
4520,3.490746990027678e6,8.874989413759066e6,0.0,0.0,0.0,0.0
4521,3.492719799640932e6,8.880504152783219e6,0.0,0.0,0.0,0.0
4522,3.4946926092541865e6,8.886018891807374e6,0.0,0.0,0.0,0.0
4523,3.4981036092541865e6,8.892605080014542e6,0.0,0.0,0.0,0.0
4524,3.5015146092541865e6,8.899191268221712e6,0.0,0.0,0.0,0.0
4525,3.5042561092541865e6,8.905224370392278e6,0.0,0.0,0.0,0.0
4526,3.5069976092541865e6,8.911257472562844e6,0.0,0.0,0.0,0.0
4527,3.5089421092541865e6,8.916617818735972e6,0.0,0.0,0.0,0.0
4528,3.5108866092541865e6,8.921978164909102e6,0.0,0.0,0.0,0.0
4529,3.5126491092541865e6,8.92598617851964e6,0.0,0.0,0.0,0.0
4530,3.5144116092541865e6,8.929994192130178e6,0.0,0.0,0.0,0.0
4531,3.5157716092541865e6,8.93471588514445e6,0.0,0.0,0.0,0.0
4532,3.5171316092541865e6,8.939437578158721e6,0.0,0.0,0.0,0.0
4533,3.5181726092541865e6,8.943077901164208e6,0.0,0.0,0.0,0.0
4534,3.5192136092541865e6,8.946718224169696e6,0.0,0.0,0.0,0.0
4535,3.5202386092541865e6,8.9473121535347e6,0.0,0.0,0.0,0.0
4536,3.5212636092541865e6,8.947906082899703e6,0.0,0.0,0.0,0.0
4537,3.513507269254186e6,8.941979517334547e6,0.0,0.0,0.0,0.0
4538,3.5057509292541863e6,8.936052951769393e6,0.0,0.0,0.0,0.0
4539,3.5059476150957905e6,8.933615745132595e6,0.0,0.0,0.0,0.0
4540,3.506144300937395e6,8.931178538495798e6,0.0,0.0,0.0,0.0
4541,3.507294800937395e6,8.932396687724221e6,0.0,0.0,0.0,0.0
4542,3.508445300937395e6,8.933614836952645e6,0.0,0.0,0.0,0.0
4543,3.5016669609373948e6,8.93649497668361e6,0.0,0.0,0.0,0.0
4544,3.494888620937395e6,8.939375116414573e6,0.0,0.0,0.0,0.0
4545,3.496445620937395e6,8.94357596607599e6,0.0,0.0,0.0,0.0
4546,3.498002620937395e6,8.947776815737406e6,0.0,0.0,0.0,0.0
4547,3.499856120937395e6,8.95212461763052e6,0.0,0.0,0.0,0.0
4548,3.501709620937395e6,8.956472419523636e6,0.0,0.0,0.0,0.0
4549,3.503282620937395e6,8.960138164645156e6,0.0,0.0,0.0,0.0
4550,3.504855620937395e6,8.963803909766676e6,0.0,0.0,0.0,0.0
4551,3.506343120937395e6,8.966842162658328e6,0.0,0.0,0.0,0.0
4552,3.507830620937395e6,8.96988041554998e6,0.0,0.0,0.0,0.0
4553,3.509549120937395e6,8.97202207381279e6,0.0,0.0,0.0,0.0
4554,3.511267620937395e6,8.9741637320756e6,0.0,0.0,0.0,0.0
4555,3.512359120937395e6,8.976402118389655e6,0.0,0.0,0.0,0.0
4556,3.513450620937395e6,8.978640504703708e6,0.0,0.0,0.0,0.0
4557,3.515705620937395e6,8.978274818773953e6,0.0,0.0,0.0,0.0
4558,3.517960620937395e6,8.977909132844198e6,0.0,0.0,0.0,0.0
4559,3.519100120937395e6,8.973633550148332e6,0.0,0.0,0.0,0.0
4560,3.520239620937395e6,8.969357967452466e6,0.0,0.0,0.0,0.0
4561,3.520814620937395e6,8.968314454263873e6,0.0,0.0,0.0,0.0
4562,3.521389620937395e6,8.96727094107528e6,0.0,0.0,0.0,0.0
4563,3.521934620937395e6,8.968166915652514e6,0.0,0.0,0.0,0.0
4564,3.522479620937395e6,8.969062890229745e6,0.0,0.0,0.0,0.0
4565,3.523879620937395e6,8.970324075205587e6,0.0,0.0,0.0,0.0
4566,3.525279620937395e6,8.971585260181427e6,0.0,0.0,0.0,0.0
4567,3.527388120937395e6,8.972894624871116e6,0.0,0.0,0.0,0.0
4568,3.529496620937395e6,8.974203989560807e6,0.0,0.0,0.0,0.0
4569,3.531446120937395e6,8.977076068620834e6,0.0,0.0,0.0,0.0
4570,3.533395620937395e6,8.97994814768086e6,0.0,0.0,0.0,0.0
4571,3.534972620937395e6,8.983859433240153e6,0.0,0.0,0.0,0.0
4572,3.536549620937395e6,8.987770718799448e6,0.0,0.0,0.0,0.0
4573,3.537827620937395e6,8.99150838990779e6,0.0,0.0,0.0,0.0
4574,3.539105620937395e6,8.995246061016133e6,0.0,0.0,0.0,0.0
4575,3.540346120937395e6,8.998698508383626e6,0.0,0.0,0.0,0.0
4576,3.541586620937395e6,9.00215095575112e6,0.0,0.0,0.0,0.0
4577,3.543086445304826e6,9.006422491296139e6,0.0,0.0,0.0,0.0
4578,3.5445862696722574e6,9.010694026841156e6,0.0,0.0,0.0,0.0
4579,3.5460465269781775e6,9.00828315390777e6,0.0,0.0,0.0,0.0
4580,3.5475067842840976e6,9.005872280974384e6,0.0,0.0,0.0,0.0
4581,3.5414974442840973e6,9.00321028713873e6,0.0,0.0,0.0,0.0
4582,3.5354881042840974e6,9.000548293303074e6,0.0,0.0,0.0,0.0
4583,3.5366231042840974e6,8.996509164840408e6,0.0,0.0,0.0,0.0
4584,3.5377581042840974e6,8.99247003637774e6,0.0,0.0,0.0,0.0
4585,3.5384281042840974e6,8.987238548668e6,0.0,0.0,0.0,0.0
4586,3.5390981042840974e6,8.982007060958263e6,0.0,0.0,0.0,0.0
4587,3.5395631042840974e6,8.976360758721072e6,0.0,0.0,0.0,0.0
4588,3.5400281042840974e6,8.970714456483882e6,0.0,0.0,0.0,0.0
4589,3.5412371042840974e6,8.970141984100573e6,0.0,0.0,0.0,0.0
4590,3.5424461042840974e6,8.969569511717265e6,0.0,0.0,0.0,0.0
4591,3.544315504443348e6,8.973880110513747e6,0.0,0.0,0.0,0.0
4592,3.5461849046025984e6,8.97819070931023e6,0.0,0.0,0.0,0.0
4593,3.5489679046025984e6,8.979449205932267e6,0.0,0.0,0.0,0.0
4594,3.5517509046025984e6,8.980707702554306e6,0.0,0.0,0.0,0.0
4595,3.5540449046025984e6,8.984692774255253e6,0.0,0.0,0.0,0.0
4596,3.5563389046025984e6,8.988677845956203e6,0.0,0.0,0.0,0.0
4597,3.5582059046025984e6,8.991420954281237e6,0.0,0.0,0.0,0.0
4598,3.5600729046025984e6,8.994164062606271e6,0.0,0.0,0.0,0.0
4599,3.5615399046025984e6,8.996670311216079e6,0.0,0.0,0.0,0.0
4600,3.5630069046025984e6,8.999176559825886e6,0.0,0.0,0.0,0.0
4601,3.5628733688231683e6,9.001306437108096e6,0.0,0.0,0.0,0.0
4602,3.5627398330437383e6,9.003436314390304e6,0.0,0.0,0.0,0.0
4603,3.564301698961382e6,9.000161712297775e6,0.0,0.0,0.0,0.0
4604,3.565863564879026e6,8.996887110205248e6,0.0,0.0,0.0,0.0
4605,3.567911802439513e6,8.991880701230137e6,0.0,0.0,0.0,0.0
4606,3.5699600400000005e6,8.986874292255025e6,0.0,0.0,0.0,0.0
4607,3.5707435400000005e6,8.980911143644849e6,0.0,0.0,0.0,0.0
4608,3.5715270400000005e6,8.974947995034672e6,0.0,0.0,0.0,0.0
4609,3.5718090400000005e6,8.968907960024789e6,0.0,0.0,0.0,0.0
4610,3.5720910400000005e6,8.962867925014906e6,0.0,0.0,0.0,0.0
4611,3.5724145400000005e6,8.958045402049486e6,0.0,0.0,0.0,0.0
4612,3.5727380400000005e6,8.953222879084067e6,0.0,0.0,0.0,0.0
4613,3.5732225400000005e6,8.950380721694693e6,0.0,0.0,0.0,0.0
4614,3.5737070400000005e6,8.94753856430532e6,0.0,0.0,0.0,0.0
4615,3.5744680400000005e6,8.944626010998227e6,0.0,0.0,0.0,0.0
4616,3.5752290400000005e6,8.941713457691131e6,0.0,0.0,0.0,0.0
4617,3.5760500400000005e6,8.942583201052815e6,0.0,0.0,0.0,0.0
4618,3.5768710400000005e6,8.943452944414496e6,0.0,0.0,0.0,0.0
4619,3.5775680400000005e6,8.947704638307977e6,0.0,0.0,0.0,0.0
4620,3.5782650400000005e6,8.951956332201459e6,0.0,0.0,0.0,0.0
4621,3.5787680400000005e6,8.95574050718059e6,0.0,0.0,0.0,0.0
4622,3.5792710400000005e6,8.959524682159724e6,0.0,0.0,0.0,0.0
4623,3.5802845400000005e6,8.962265930329926e6,0.0,0.0,0.0,0.0
4624,3.5812980400000005e6,8.965007178500129e6,0.0,0.0,0.0,0.0
4625,3.5827075400000005e6,8.966965301486218e6,0.0,0.0,0.0,0.0
4626,3.5841170400000005e6,8.968923424472308e6,0.0,0.0,0.0,0.0
4627,3.5854600400000005e6,8.964685230767742e6,0.0,0.0,0.0,0.0
4628,3.5868030400000005e6,8.960447037063176e6,0.0,0.0,0.0,0.0
4629,3.5797542e6,8.95607556093726e6,0.0,0.0,0.0,0.0
4630,3.5727053600000003e6,8.951704084811341e6,0.0,0.0,0.0,0.0
4631,3.5734918600000003e6,8.950334593669321e6,0.0,0.0,0.0,0.0
4632,3.5742783600000003e6,8.948965102527302e6,0.0,0.0,0.0,0.0
4633,3.5747943600000003e6,8.94906453926206e6,0.0,0.0,0.0,0.0
4634,3.5753103600000003e6,8.949163975996817e6,0.0,0.0,0.0,0.0
4635,3.5755048600000003e6,8.94992353921973e6,0.0,0.0,0.0,0.0
4636,3.5756993600000003e6,8.950683102442643e6,0.0,0.0,0.0,0.0
4637,3.5759683600000003e6,8.945755461326595e6,0.0,0.0,0.0,0.0
4638,3.5762373600000003e6,8.94082782021055e6,0.0,0.0,0.0,0.0
4639,3.5679295200000005e6,8.941945773264356e6,0.0,0.0,0.0,0.0
4640,3.55962168e6,8.943063726318162e6,0.0,0.0,0.0,0.0
4641,3.55159984e6,8.941681552791193e6,0.0,0.0,0.0,0.0
4642,3.543578e6,8.940299379264226e6,0.0,0.0,0.0,0.0
4643,3.5443235e6,8.94240011412074e6,0.0,0.0,0.0,0.0
4644,3.545069e6,8.944500848977253e6,0.0,0.0,0.0,0.0
4645,3.5452905e6,8.946630106207851e6,0.0,0.0,0.0,0.0
4646,3.545512e6,8.94875936343845e6,0.0,0.0,0.0,0.0
4647,3.5459065e6,8.950128437394526e6,0.0,0.0,0.0,0.0
4648,3.546301e6,8.9514975113506e6,0.0,0.0,0.0,0.0
4649,3.5473245e6,8.953114605950892e6,0.0,0.0,0.0,0.0
4650,3.548348e6,8.954731700551184e6,0.0,0.0,0.0,0.0
4651,3.549549e6,8.957746391481634e6,0.0,0.0,0.0,0.0
4652,3.55075e6,8.960761082412086e6,0.0,0.0,0.0,0.0
4653,3.5524275e6,8.964796553707473e6,0.0,0.0,0.0,0.0
4654,3.554105e6,8.96883202500286e6,0.0,0.0,0.0,0.0
4655,3.554823e6,8.963400880674526e6,0.0,0.0,0.0,0.0
4656,3.555541e6,8.957969736346195e6,0.0,0.0,0.0,0.0
4657,3.555936e6,8.951875136794582e6,0.0,0.0,0.0,0.0
4658,3.556331e6,8.945780537242971e6,0.0,0.0,0.0,0.0
4659,3.556842e6,8.939621452323865e6,0.0,0.0,0.0,0.0
4660,3.557353e6,8.933462367404757e6,0.0,0.0,0.0,0.0
4661,3.5585725e6,8.929731971344821e6,0.0,0.0,0.0,0.0
4662,3.559792e6,8.926001575284885e6,0.0,0.0,0.0,0.0
4663,3.5619785e6,8.921877499751575e6,0.0,0.0,0.0,0.0
4664,3.564165e6,8.917753424218263e6,0.0,0.0,0.0,0.0
4665,3.5664195e6,8.917463007415336e6,0.0,0.0,0.0,0.0
4666,3.568674e6,8.917172590612408e6,0.0,0.0,0.0,0.0
4667,3.5711915e6,8.922323359341174e6,0.0,0.0,0.0,0.0
4668,3.573709e6,8.92747412806994e6,0.0,0.0,0.0,0.0
4669,3.5748955e6,8.932611255663272e6,0.0,0.0,0.0,0.0
4670,3.576082e6,8.937748383256607e6,0.0,0.0,0.0,0.0
4671,3.577388e6,8.942055881795038e6,0.0,0.0,0.0,0.0
4672,3.578694e6,8.946363380333466e6,0.0,0.0,0.0,0.0
4673,3.5806865e6,8.949456197766846e6,0.0,0.0,0.0,0.0
4674,3.582679e6,8.952549015200226e6,0.0,0.0,0.0,0.0
4675,3.583995e6,8.949154871234337e6,0.0,0.0,0.0,0.0
4676,3.585311e6,8.945760727268448e6,0.0,0.0,0.0,0.0
4677,3.587542e6,8.943672713702386e6,0.0,0.0,0.0,0.0
4678,3.589773e6,8.941584700136324e6,0.0,0.0,0.0,0.0
4679,3.590475e6,8.936245323446352e6,0.0,0.0,0.0,0.0
4680,3.591177e6,8.93090594675638e6,0.0,0.0,0.0,0.0
4681,3.5914145e6,8.924773524056524e6,0.0,0.0,0.0,0.0
4682,3.591652e6,8.91864110135667e6,0.0,0.0,0.0,0.0
4683,3.5918385e6,8.913995474725515e6,0.0,0.0,0.0,0.0
4684,3.592025e6,8.90934984809436e6,0.0,0.0,0.0,0.0
4685,3.5923625e6,8.90778920398345e6,0.0,0.0,0.0,0.0
4686,3.5927e6,8.90622855987254e6,0.0,0.0,0.0,0.0
4687,3.593558e6,8.906085395067014e6,0.0,0.0,0.0,0.0
4688,3.594416e6,8.905942230261486e6,0.0,0.0,0.0,0.0
4689,3.595723e6,8.910631680592008e6,0.0,0.0,0.0,0.0
4690,3.59703e6,8.915321130922532e6,0.0,0.0,0.0,0.0
4691,3.598515e6,8.921191159519525e6,0.0,0.0,0.0,0.0
4692,3.6e6,8.927061188116519e6,0.0,0.0,0.0,0.0
4693,3.599263e6,8.93308870982259e6,0.0,0.0,0.0,0.0
4694,3.598526e6,8.93911623152866e6,0.0,0.0,0.0,0.0
4695,3.599263e6,8.944195074270602e6,0.0,0.0,0.0,0.0
4696,3.6e6,8.949273917012546e6,0.0,0.0,0.0,0.0
4697,3.596086812361359e6,8.95202942636979e6,0.0,0.0,0.0,0.0
4698,3.5921736247227183e6,8.954784935727036e6,0.0,0.0,0.0,0.0
4699,3.5943296247227183e6,8.956829245886989e6,0.0,0.0,0.0,0.0
4700,3.5964856247227183e6,8.958873556046944e6,0.0,0.0,0.0,0.0
4701,3.597614312361359e6,8.9607826949558e6,0.0,0.0,0.0,0.0
4702,3.598743e6,8.962691833864657e6,0.0,0.0,0.0,0.0
4703,3.5993715e6,8.963485348786317e6,0.0,0.0,0.0,0.0
4704,3.6e6,8.964278863707978e6,0.0,0.0,0.0,0.0
4705,3.598322e6,8.958160702195168e6,0.0,0.0,0.0,0.0
4706,3.596644e6,8.952042540682355e6,0.0,0.0,0.0,0.0
4707,3.5969745e6,8.946009326240188e6,0.0,0.0,0.0,0.0
4708,3.597305e6,8.93997611179802e6,0.0,0.0,0.0,0.0
4709,3.5986525e6,8.934660917120859e6,0.0,0.0,0.0,0.0
4710,3.6e6,8.929345722443698e6,0.0,0.0,0.0,0.0
4711,3.599014982060894e6,8.926119481642451e6,0.0,0.0,0.0,0.0
4712,3.598029964121788e6,8.922893240841202e6,0.0,0.0,0.0,0.0
4713,3.5973977866792795e6,8.922506964247905e6,0.0,0.0,0.0,0.0
4714,3.5967656092367712e6,8.922120687654605e6,0.0,0.0,0.0,0.0
4715,3.596504008977103e6,8.92724861392998e6,0.0,0.0,0.0,0.0
4716,3.5962424087174344e6,8.932376540205354e6,0.0,0.0,0.0,0.0
4717,3.5959574963803925e6,8.937143496987194e6,0.0,0.0,0.0,0.0
4718,3.595672584043351e6,8.941910453769036e6,0.0,0.0,0.0,0.0
4719,3.5950005414019097e6,8.946147266423862e6,0.0,0.0,0.0,0.0
4720,3.594328498760469e6,8.950384079078691e6,0.0,0.0,0.0,0.0
4721,3.5915999151119124e6,8.953829705878468e6,0.0,0.0,0.0,0.0
4722,3.5888713314633565e6,8.957275332678245e6,0.0,0.0,0.0,0.0
4723,3.5861491503979964e6,8.954089395231683e6,0.0,0.0,0.0,0.0
4724,3.5834269693326363e6,8.95090345778512e6,0.0,0.0,0.0,0.0
4725,3.579490491663522e6,8.947394473449465e6,0.0,0.0,0.0,0.0
4726,3.5755540139944083e6,8.943885489113811e6,0.0,0.0,0.0,0.0
4727,3.575567917583872e6,8.938569674385041e6,0.0,0.0,0.0,0.0
4728,3.575581821173336e6,8.933253859656269e6,0.0,0.0,0.0,0.0
4729,3.576092321173336e6,8.927100975253265e6,0.0,0.0,0.0,0.0
4730,3.576602821173336e6,8.920948090850264e6,0.0,0.0,0.0,0.0
4731,3.577138321173336e6,8.914815048098799e6,0.0,0.0,0.0,0.0
4732,3.577673821173336e6,8.908682005347334e6,0.0,0.0,0.0,0.0
4733,3.579256321173336e6,8.90350012176644e6,0.0,0.0,0.0,0.0
4734,3.580838821173336e6,8.898318238185545e6,0.0,0.0,0.0,0.0
4735,3.5798182368265064e6,8.89444094319323e6,0.0,0.0,0.0,0.0
4736,3.5787976524796765e6,8.890563648200914e6,0.0,0.0,0.0,0.0
4737,3.578790959727394e6,8.890350239189912e6,0.0,0.0,0.0,0.0
4738,3.5787842669751113e6,8.890136830178907e6,0.0,0.0,0.0,0.0
4739,3.5786313436792735e6,8.894925488767117e6,0.0,0.0,0.0,0.0
4740,3.578478420383435e6,8.899714147355327e6,0.0,0.0,0.0,0.0
4741,3.5788275543079944e6,8.900579364363855e6,0.0,0.0,0.0,0.0
4742,3.579176688232553e6,8.901444581372382e6,0.0,0.0,0.0,0.0
4743,3.5797848179430054e6,8.904102742626771e6,0.0,0.0,0.0,0.0
4744,3.5803929476534575e6,8.906760903881162e6,0.0,0.0,0.0,0.0
4745,3.5811666896377862e6,8.907648165716525e6,0.0,0.0,0.0,0.0
4746,3.581940431622115e6,8.90853542755189e6,0.0,0.0,0.0,0.0
4747,3.583742931622115e6,8.905038224196836e6,0.0,0.0,0.0,0.0
4748,3.585545431622115e6,8.901541020841781e6,0.0,0.0,0.0,0.0
4749,3.5864255145531576e6,8.89725635194134e6,0.0,0.0,0.0,0.0
4750,3.5873055974842e6,8.892971683040898e6,0.0,0.0,0.0,0.0
4751,3.584248738907081e6,8.887829482763078e6,0.0,0.0,0.0,0.0
4752,3.581191880329962e6,8.882687282485258e6,0.0,0.0,0.0,0.0
4753,3.581960880329962e6,8.876740875268565e6,0.0,0.0,0.0,0.0
4754,3.582729880329962e6,8.870794468051873e6,0.0,0.0,0.0,0.0
4755,3.583208380329962e6,8.864735831493672e6,0.0,0.0,0.0,0.0
4756,3.583686880329962e6,8.858677194935473e6,0.0,0.0,0.0,0.0
4757,3.584770880329962e6,8.853189237312391e6,0.0,0.0,0.0,0.0
4758,3.585854880329962e6,8.847701279689312e6,0.0,0.0,0.0,0.0
4759,3.5873662164964573e6,8.844491160229938e6,0.0,0.0,0.0,0.0
4760,3.588877552662953e6,8.841281040770564e6,0.0,0.0,0.0,0.0
4761,3.5912903973442456e6,8.840950833487868e6,0.0,0.0,0.0,0.0
4762,3.5937032420255383e6,8.840620626205172e6,0.0,0.0,0.0,0.0
4763,3.5869259020255385e6,8.844605397756822e6,0.0,0.0,0.0,0.0
4764,3.580148562025538e6,8.848590169308474e6,0.0,0.0,0.0,0.0
4765,3.581814562025538e6,8.847046827867594e6,0.0,0.0,0.0,0.0
4766,3.583480562025538e6,8.845503486426713e6,0.0,0.0,0.0,0.0
4767,3.584845562025538e6,8.849471816734176e6,0.0,0.0,0.0,0.0
4768,3.586210562025538e6,8.853440147041641e6,0.0,0.0,0.0,0.0
4769,3.5870026087165843e6,8.853094581628907e6,0.0,0.0,0.0,0.0
4770,3.5877946554076304e6,8.852749016216176e6,0.0,0.0,0.0,0.0
4771,3.58871570752489e6,8.849253673015952e6,0.0,0.0,0.0,0.0
4772,3.5896367596421493e6,8.84575832981573e6,0.0,0.0,0.0,0.0
4773,3.5872638798210747e6,8.841991404010091e6,0.0,0.0,0.0,0.0
4774,3.584891e6,8.838224478204452e6,0.0,0.0,0.0,0.0
4775,3.5861095e6,8.834446391469821e6,0.0,0.0,0.0,0.0
4776,3.587328e6,8.830668304735193e6,0.0,0.0,0.0,0.0
4777,3.5880785e6,8.825144772716891e6,0.0,0.0,0.0,0.0
4778,3.588829e6,8.819621240698587e6,0.0,0.0,0.0,0.0
4779,3.5893715e6,8.8133927099991e6,0.0,0.0,0.0,0.0
4780,3.589914e6,8.807164179299612e6,0.0,0.0,0.0,0.0
4781,3.590448e6,8.801222112444192e6,0.0,0.0,0.0,0.0
4782,3.590982e6,8.795280045588775e6,0.0,0.0,0.0,0.0
4783,3.5917685e6,8.790796960172959e6,0.0,0.0,0.0,0.0
4784,3.592555e6,8.786313874757145e6,0.0,0.0,0.0,0.0
4785,3.5938895e6,8.78668145920473e6,0.0,0.0,0.0,0.0
4786,3.595224e6,8.787049043652317e6,0.0,0.0,0.0,0.0
4787,3.596415e6,8.789405859823983e6,0.0,0.0,0.0,0.0
4788,3.597606e6,8.791762675995652e6,0.0,0.0,0.0,0.0
4789,3.5981305e6,8.792859547294699e6,0.0,0.0,0.0,0.0
4790,3.598655e6,8.793956418593746e6,0.0,0.0,0.0,0.0
4791,3.5993275e6,8.7947302430037e6,0.0,0.0,0.0,0.0
4792,3.6e6,8.795504067413656e6,0.0,0.0,0.0,0.0
4793,3.6e6,8.790334144825649e6,0.0,0.0,0.0,0.0
4794,3.6e6,8.78516422223764e6,0.0,0.0,0.0,0.0
4795,3.5933237440435556e6,8.780634012899423e6,0.0,0.0,0.0,0.0
4796,3.586647488087111e6,8.776103803561207e6,0.0,0.0,0.0,0.0
4797,3.5806551480871113e6,8.773015214217499e6,0.0,0.0,0.0,0.0
4798,3.574662808087111e6,8.769926624873793e6,0.0,0.0,0.0,0.0
4799,3.575872308087111e6,8.765364792903438e6,0.0,0.0,0.0,0.0
4800,3.577081808087111e6,8.760802960933086e6,0.0,0.0,0.0,0.0
4801,3.577576808087111e6,8.75471704210402e6,0.0,0.0,0.0,0.0
4802,3.578071808087111e6,8.748631123274958e6,0.0,0.0,0.0,0.0
4803,3.578339308087111e6,8.742560085684547e6,0.0,0.0,0.0,0.0
4804,3.578606808087111e6,8.736489048094137e6,0.0,0.0,0.0,0.0
4805,3.579000808087111e6,8.730419591089178e6,0.0,0.0,0.0,0.0
4806,3.579394808087111e6,8.724350134084217e6,0.0,0.0,0.0,0.0
4807,3.579790308087111e6,8.718831291215375e6,0.0,0.0,0.0,0.0
4808,3.580185808087111e6,8.713312448346531e6,0.0,0.0,0.0,0.0
4809,3.580986808087111e6,8.71076346370477e6,0.0,0.0,0.0,0.0
4810,3.581787808087111e6,8.70821447906301e6,0.0,0.0,0.0,0.0
4811,3.582750308087111e6,8.702913172602657e6,0.0,0.0,0.0,0.0
4812,3.583712808087111e6,8.697611866142305e6,0.0,0.0,0.0,0.0
4813,3.584148808087111e6,8.69698651283972e6,0.0,0.0,0.0,0.0
4814,3.584584808087111e6,8.696361159537137e6,0.0,0.0,0.0,0.0
4815,3.5767544680871107e6,8.695271125063397e6,0.0,0.0,0.0,0.0
4816,3.568924128087111e6,8.694181090589656e6,0.0,0.0,0.0,0.0
4817,3.569499628087111e6,8.68884915451901e6,0.0,0.0,0.0,0.0
4818,3.570075128087111e6,8.683517218448365e6,0.0,0.0,0.0,0.0
4819,3.571152628087111e6,8.680194869647484e6,0.0,0.0,0.0,0.0
4820,3.572230128087111e6,8.676872520846602e6,0.0,0.0,0.0,0.0
4821,3.5738820640435554e6,8.675032095394913e6,0.0,0.0,0.0,0.0
4822,3.575534e6,8.673191669943225e6,0.0,0.0,0.0,0.0
4823,3.576343e6,8.667911818207864e6,0.0,0.0,0.0,0.0
4824,3.577152e6,8.662631966472505e6,0.0,0.0,0.0,0.0
4825,3.577546e6,8.656518765372578e6,0.0,0.0,0.0,0.0
4826,3.57794e6,8.65040556427265e6,0.0,0.0,0.0,0.0
4827,3.578302e6,8.644520542165402e6,0.0,0.0,0.0,0.0
4828,3.578664e6,8.638635520058153e6,0.0,0.0,0.0,0.0
4829,3.5798515e6,8.633242198878065e6,0.0,0.0,0.0,0.0
4830,3.581039e6,8.627848877697974e6,0.0,0.0,0.0,0.0
4831,3.583139e6,8.624201621853169e6,0.0,0.0,0.0,0.0
4832,3.585239e6,8.620554366008364e6,0.0,0.0,0.0,0.0
4833,3.5871285e6,8.6192329237547e6,0.0,0.0,0.0,0.0
4834,3.589018e6,8.617911481501034e6,0.0,0.0,0.0,0.0
4835,3.5910525e6,8.622907753052788e6,0.0,0.0,0.0,0.0
4836,3.593087e6,8.627904024604542e6,0.0,0.0,0.0,0.0
4837,3.5948895e6,8.627392142856538e6,0.0,0.0,0.0,0.0
4838,3.596692e6,8.626880261108534e6,0.0,0.0,0.0,0.0
4839,3.598346e6,8.624861880844621e6,0.0,0.0,0.0,0.0
4840,3.6e6,8.622843500580708e6,0.0,0.0,0.0,0.0
4841,3.6e6,8.621689859581452e6,0.0,0.0,0.0,0.0
4842,3.6e6,8.620536218582198e6,0.0,0.0,0.0,0.0
4843,3.599846436136404e6,8.61677115293139e6,0.0,0.0,0.0,0.0
4844,3.5996928722728086e6,8.613006087280583e6,0.0,0.0,0.0,0.0
4845,3.597345104382748e6,8.609530585731898e6,0.0,0.0,0.0,0.0
4846,3.594997336492687e6,8.606055084183212e6,0.0,0.0,0.0,0.0
4847,3.595913836492687e6,8.601370481993971e6,0.0,0.0,0.0,0.0
4848,3.596830336492687e6,8.59668587980473e6,0.0,0.0,0.0,0.0
4849,3.597344836492687e6,8.590516254008245e6,0.0,0.0,0.0,0.0
4850,3.597859336492687e6,8.584346628211757e6,0.0,0.0,0.0,0.0
4851,3.598389836492687e6,8.57828055103423e6,0.0,0.0,0.0,0.0
4852,3.598920336492687e6,8.572214473856704e6,0.0,0.0,0.0,0.0
4853,3.59925158867009e6,8.56731843406827e6,0.0,0.0,0.0,0.0
4854,3.599582840847493e6,8.562422394279834e6,0.0,0.0,0.0,0.0
4855,3.5961248641618844e6,8.55994455577251e6,0.0,0.0,0.0,0.0
4856,3.5926668874762757e6,8.557466717265185e6,0.0,0.0,0.0,0.0
4857,3.5899954091350185e6,8.560679940692224e6,0.0,0.0,0.0,0.0
4858,3.5873239307937613e6,8.56389316411926e6,0.0,0.0,0.0,0.0
4859,3.5856249966026396e6,8.569094157028481e6,0.0,0.0,0.0,0.0
4860,3.583926062411518e6,8.5742951499377e6,0.0,0.0,0.0,0.0
4861,3.582417057828813e6,8.577980116659146e6,0.0,0.0,0.0,0.0
4862,3.5809080532461083e6,8.581665083380593e6,0.0,0.0,0.0,0.0
4863,3.579399913810903e6,8.584589246775907e6,0.0,0.0,0.0,0.0
4864,3.5778917743756976e6,8.587513410171218e6,0.0,0.0,0.0,0.0
4865,3.5747166451940592e6,8.589877046910603e6,0.0,0.0,0.0,0.0
4866,3.571541516012421e6,8.592240683649985e6,0.0,0.0,0.0,0.0
4867,3.569050211594144e6,8.591493764458574e6,0.0,0.0,0.0,0.0
4868,3.5665589071758664e6,8.590746845267164e6,0.0,0.0,0.0,0.0
4869,3.56168826746899e6,8.586397690999225e6,0.0,0.0,0.0,0.0
4870,3.556817627762113e6,8.582048536731288e6,0.0,0.0,0.0,0.0
4871,3.555937901816614e6,8.578119039602347e6,0.0,0.0,0.0,0.0
4872,3.555058175871115e6,8.574189542473404e6,0.0,0.0,0.0,0.0
4873,3.555751675871115e6,8.567956671412643e6,0.0,0.0,0.0,0.0
4874,3.556445175871115e6,8.56172380035188e6,0.0,0.0,0.0,0.0
4875,3.556967675871115e6,8.55580281525122e6,0.0,0.0,0.0,0.0
4876,3.557490175871115e6,8.549881830150561e6,0.0,0.0,0.0,0.0
4877,3.557053641246271e6,8.545973669425985e6,0.0,0.0,0.0,0.0
4878,3.5566171066214265e6,8.542065508701408e6,0.0,0.0,0.0,0.0
4879,3.5524292961509665e6,8.541304576938853e6,0.0,0.0,0.0,0.0
4880,3.548241485680506e6,8.540543645176295e6,0.0,0.0,0.0,0.0
4881,3.5445727771733208e6,8.544817040876146e6,0.0,0.0,0.0,0.0
4882,3.5409040686661354e6,8.549090436575996e6,0.0,0.0,0.0,0.0
4883,3.5384771848308183e6,8.554332352891512e6,0.0,0.0,0.0,0.0
4884,3.5360503009955017e6,8.559574269207027e6,0.0,0.0,0.0,0.0
4885,3.5348358151610745e6,8.563643047875397e6,0.0,0.0,0.0,0.0
4886,3.533621329326647e6,8.567711826543769e6,0.0,0.0,0.0,0.0
4887,3.534240277368122e6,8.570425792443108e6,0.0,0.0,0.0,0.0
4888,3.534859225409597e6,8.573139758342447e6,0.0,0.0,0.0,0.0
4889,3.5343021685136487e6,8.57502347513527e6,0.0,0.0,0.0,0.0
4890,3.5337451116177e6,8.576907191928094e6,0.0,0.0,0.0,0.0
4891,3.5348389464676264e6,8.578857254243247e6,0.0,0.0,0.0,0.0
4892,3.5359327813175526e6,8.580807316558398e6,0.0,0.0,0.0,0.0
4893,3.535236785148735e6,8.578513552020557e6,0.0,0.0,0.0,0.0
4894,3.5345407889799173e6,8.576219787482716e6,0.0,0.0,0.0,0.0
4895,3.5352527889799173e6,8.576890058600746e6,0.0,0.0,0.0,0.0
4896,3.5359647889799173e6,8.577560329718774e6,0.0,0.0,0.0,0.0
4897,3.5363337889799173e6,8.578626198437296e6,0.0,0.0,0.0,0.0
4898,3.5367027889799173e6,8.579692067155816e6,0.0,0.0,0.0,0.0
4899,3.5370767889799173e6,8.580678569268186e6,0.0,0.0,0.0,0.0
4900,3.5374507889799173e6,8.581665071380557e6,0.0,0.0,0.0,0.0
4901,3.5385802889799173e6,8.579890495814687e6,0.0,0.0,0.0,0.0
4902,3.5397097889799173e6,8.578115920248816e6,0.0,0.0,0.0,0.0
4903,3.5379363271249672e6,8.57499105664454e6,0.0,0.0,0.0,0.0
4904,3.5361628652700167e6,8.571866193040265e6,0.0,0.0,0.0,0.0
4905,3.5347661495562233e6,8.572354531072788e6,0.0,0.0,0.0,0.0
4906,3.5333694338424294e6,8.572842869105311e6,0.0,0.0,0.0,0.0
4907,3.5322624956738264e6,8.578521921806257e6,0.0,0.0,0.0,0.0
4908,3.5311555575052234e6,8.584200974507205e6,0.0,0.0,0.0,0.0
4909,3.530401025320557e6,8.588914606850538e6,0.0,0.0,0.0,0.0
4910,3.52964649313589e6,8.593628239193873e6,0.0,0.0,0.0,0.0
4911,3.528324287172542e6,8.597626331978643e6,0.0,0.0,0.0,0.0
4912,3.527002081209194e6,8.601624424763413e6,0.0,0.0,0.0,0.0
4913,3.5237048312550373e6,8.60396179020512e6,0.0,0.0,0.0,0.0
4914,3.5204075813008808e6,8.606299155646825e6,0.0,0.0,0.0,0.0
4915,3.518403367883191e6,8.602396438538477e6,0.0,0.0,0.0,0.0
4916,3.516399154465501e6,8.598493721430128e6,0.0,0.0,0.0,0.0
4917,3.5126289200681243e6,8.594272297793962e6,0.0,0.0,0.0,0.0
4918,3.508858685670748e6,8.590050874157796e6,0.0,0.0,0.0,0.0
4919,3.509182151838501e6,8.586790629450863e6,0.0,0.0,0.0,0.0
4920,3.509505618006254e6,8.58353038474393e6,0.0,0.0,0.0,0.0
4921,3.509766618006254e6,8.577344017553959e6,0.0,0.0,0.0,0.0
4922,3.510027618006254e6,8.571157650363987e6,0.0,0.0,0.0,0.0
4923,3.510271618006254e6,8.565041969057618e6,0.0,0.0,0.0,0.0
4924,3.510515618006254e6,8.558926287751248e6,0.0,0.0,0.0,0.0
4925,3.511107618006254e6,8.55418275595697e6,0.0,0.0,0.0,0.0
4926,3.511699618006254e6,8.549439224162692e6,0.0,0.0,0.0,0.0
4927,3.509459286507359e6,8.552379508899879e6,0.0,0.0,0.0,0.0
4928,3.507218955008464e6,8.555319793637065e6,0.0,0.0,0.0,0.0
4929,3.5059750047268104e6,8.558800897822827e6,0.0,0.0,0.0,0.0
4930,3.5047310544451564e6,8.562282002008587e6,0.0,0.0,0.0,0.0
4931,3.5049247612014236e6,8.56655787791488e6,0.0,0.0,0.0,0.0
4932,3.5051184679576904e6,8.570833753821172e6,0.0,0.0,0.0,0.0
4933,3.5059964679576904e6,8.573289158198915e6,0.0,0.0,0.0,0.0
4934,3.5068744679576904e6,8.575744562576659e6,0.0,0.0,0.0,0.0
4935,3.5078459679576904e6,8.576788109437201e6,0.0,0.0,0.0,0.0
4936,3.5088174679576904e6,8.577831656297741e6,0.0,0.0,0.0,0.0
4937,3.5101814679576904e6,8.578717710049205e6,0.0,0.0,0.0,0.0
4938,3.5115454679576904e6,8.579603763800668e6,0.0,0.0,0.0,0.0
4939,3.5128254679576904e6,8.580771320983317e6,0.0,0.0,0.0,0.0
4940,3.5141054679576904e6,8.581938878165966e6,0.0,0.0,0.0,0.0
4941,3.5155479679576904e6,8.58294150162021e6,0.0,0.0,0.0,0.0
4942,3.5169904679576904e6,8.583944125074456e6,0.0,0.0,0.0,0.0
4943,3.5177229679576904e6,8.578879323272346e6,0.0,0.0,0.0,0.0
4944,3.5184554679576904e6,8.573814521470236e6,0.0,0.0,0.0,0.0
4945,3.5188324679576904e6,8.571867547002498e6,0.0,0.0,0.0,0.0
4946,3.5192094679576904e6,8.56992057253476e6,0.0,0.0,0.0,0.0
4947,3.5196174679576904e6,8.57074648128e6,0.0,0.0,0.0,0.0
4948,3.5200254679576904e6,8.571572390025241e6,0.0,0.0,0.0,0.0
4949,3.5204974679576904e6,8.572516728628095e6,0.0,0.0,0.0,0.0
4950,3.5209694679576904e6,8.57346106723095e6,0.0,0.0,0.0,0.0
4951,3.5216269679576904e6,8.57444694929171e6,0.0,0.0,0.0,0.0
4952,3.5222844679576904e6,8.57543283135247e6,0.0,0.0,0.0,0.0
4953,3.5232929679576904e6,8.577049305901151e6,0.0,0.0,0.0,0.0
4954,3.5243014679576904e6,8.578665780449832e6,0.0,0.0,0.0,0.0
4955,3.5251284679576904e6,8.580906646970328e6,0.0,0.0,0.0,0.0
4956,3.5259554679576904e6,8.583147513490824e6,0.0,0.0,0.0,0.0
4957,3.5265549679576904e6,8.585165781483136e6,0.0,0.0,0.0,0.0
4958,3.5271544679576904e6,8.587184049475446e6,0.0,0.0,0.0,0.0
4959,3.5277199679576904e6,8.588693875147115e6,0.0,0.0,0.0,0.0
4960,3.5282854679576904e6,8.590203700818783e6,0.0,0.0,0.0,0.0
4961,3.5292179679576904e6,8.591699885355018e6,0.0,0.0,0.0,0.0
4962,3.5301504679576904e6,8.593196069891255e6,0.0,0.0,0.0,0.0
4963,3.5311724679576904e6,8.595830669184444e6,0.0,0.0,0.0,0.0
4964,3.5321944679576904e6,8.598465268477634e6,0.0,0.0,0.0,0.0
4965,3.5339399679576904e6,8.594715084065478e6,0.0,0.0,0.0,0.0
4966,3.5356854679576904e6,8.590964899653323e6,0.0,0.0,0.0,0.0
4967,3.5363899679576904e6,8.58749145237986e6,0.0,0.0,0.0,0.0
4968,3.5370944679576904e6,8.584018005106397e6,0.0,0.0,0.0,0.0
4969,3.5375289679576904e6,8.582573961643081e6,0.0,0.0,0.0,0.0
4970,3.5379634679576904e6,8.581129918179765e6,0.0,0.0,0.0,0.0
4971,3.5383499679576904e6,8.58166490973902e6,0.0,0.0,0.0,0.0
4972,3.5387364679576904e6,8.582199901298273e6,0.0,0.0,0.0,0.0
4973,3.5390434679576904e6,8.576729970029961e6,0.0,0.0,0.0,0.0
4974,3.5393504679576904e6,8.571260038761647e6,0.0,0.0,0.0,0.0
4975,3.5399599679576904e6,8.56647978079838e6,0.0,0.0,0.0,0.0
4976,3.5405694679576904e6,8.561699522835113e6,0.0,0.0,0.0,0.0
4977,3.5412494679576904e6,8.56097166921052e6,0.0,0.0,0.0,0.0
4978,3.5419294679576904e6,8.560243815585924e6,0.0,0.0,0.0,0.0
4979,3.5427044679576904e6,8.561410752716962e6,0.0,0.0,0.0,0.0
4980,3.5434794679576904e6,8.562577689848002e6,0.0,0.0,0.0,0.0
4981,3.5441689679576904e6,8.563654719495513e6,0.0,0.0,0.0,0.0
4982,3.5448584679576904e6,8.564731749143023e6,0.0,0.0,0.0,0.0
4983,3.5453819679576904e6,8.565801958222818e6,0.0,0.0,0.0,0.0
4984,3.5459054679576904e6,8.56687216730261e6,0.0,0.0,0.0,0.0
4985,3.5464479679576904e6,8.56828030451015e6,0.0,0.0,0.0,0.0
4986,3.5469904679576904e6,8.569688441717688e6,0.0,0.0,0.0,0.0
4987,3.5479714679576904e6,8.572308779823836e6,0.0,0.0,0.0,0.0
4988,3.5489524679576904e6,8.574929117929982e6,0.0,0.0,0.0,0.0
4989,3.5504529679576904e6,8.575858108147323e6,0.0,0.0,0.0,0.0
4990,3.5519534679576904e6,8.576787098364664e6,0.0,0.0,0.0,0.0
4991,3.5526429679576904e6,8.575471039667943e6,0.0,0.0,0.0,0.0
4992,3.5533324679576904e6,8.574154980971223e6,0.0,0.0,0.0,0.0
4993,3.5537659679576904e6,8.57479301407847e6,0.0,0.0,0.0,0.0
4994,3.5541994679576904e6,8.575431047185717e6,0.0,0.0,0.0,0.0
4995,3.5546834679576904e6,8.571661453275397e6,0.0,0.0,0.0,0.0
4996,3.5551674679576904e6,8.567891859365076e6,0.0,0.0,0.0,0.0
4997,3.5559479679576904e6,8.565737591953984e6,0.0,0.0,0.0,0.0
4998,3.5567284679576904e6,8.563583324542891e6,0.0,0.0,0.0,0.0
4999,3.5583289679576904e6,8.561750897714704e6,0.0,0.0,0.0,0.0
5000,3.5599294679576904e6,8.559918470886517e6,0.0,0.0,0.0,0.0
5001,3.5618394679576904e6,8.562422281451423e6,0.0,0.0,0.0,0.0
5002,3.5637494679576904e6,8.564926092016328e6,0.0,0.0,0.0,0.0
5003,3.5653704679576904e6,8.569238550967641e6,0.0,0.0,0.0,0.0
5004,3.5669914679576904e6,8.573551009918956e6,0.0,0.0,0.0,0.0
5005,3.5682989679576904e6,8.577707215864412e6,0.0,0.0,0.0,0.0
5006,3.5696064679576904e6,8.58186342180987e6,0.0,0.0,0.0,0.0
5007,3.5704249679576904e6,8.585119932868432e6,0.0,0.0,0.0,0.0
5008,3.5712434679576904e6,8.588376443926996e6,0.0,0.0,0.0,0.0
5009,3.5724074679576904e6,8.591141254058398e6,0.0,0.0,0.0,0.0
5010,3.5735714679576904e6,8.593906064189803e6,0.0,0.0,0.0,0.0
5011,3.5747104679576904e6,8.596724198759712e6,0.0,0.0,0.0,0.0
5012,3.5758494679576904e6,8.599542333329622e6,0.0,0.0,0.0,0.0
5013,3.5771969679576904e6,8.60206160302325e6,0.0,0.0,0.0,0.0
5014,3.5785444679576904e6,8.60458087271688e6,0.0,0.0,0.0,0.0
5015,3.5793224679576904e6,8.59866050766783e6,0.0,0.0,0.0,0.0
5016,3.5801004679576904e6,8.592740142618781e6,0.0,0.0,0.0,0.0
5017,3.5810669679576904e6,8.590749971552525e6,0.0,0.0,0.0,0.0
5018,3.5820334679576904e6,8.58875980048627e6,0.0,0.0,0.0,0.0
5019,3.5828389679576904e6,8.58247112478056e6,0.0,0.0,0.0,0.0
5020,3.5836444679576904e6,8.57618244907485e6,0.0,0.0,0.0,0.0
5021,3.5844129679576904e6,8.571950930519942e6,0.0,0.0,0.0,0.0
5022,3.5851814679576904e6,8.567719411965033e6,0.0,0.0,0.0,0.0
5023,3.5860799679576904e6,8.566456486877479e6,0.0,0.0,0.0,0.0
5024,3.5869784679576904e6,8.565193561789924e6,0.0,0.0,0.0,0.0
5025,3.5877894679576904e6,8.57009320961642e6,0.0,0.0,0.0,0.0
5026,3.5886004679576904e6,8.574992857442917e6,0.0,0.0,0.0,0.0
5027,3.5893944679576904e6,8.580810181653015e6,0.0,0.0,0.0,0.0
5028,3.5901884679576904e6,8.586627505863113e6,0.0,0.0,0.0,0.0
5029,3.5910769679576904e6,8.590738448041001e6,0.0,0.0,0.0,0.0
5030,3.5919654679576904e6,8.59484939021889e6,0.0,0.0,0.0,0.0
5031,3.5928289679576904e6,8.597720849227306e6,0.0,0.0,0.0,0.0
5032,3.5936924679576904e6,8.600592308235722e6,0.0,0.0,0.0,0.0
5033,3.5950199679576904e6,8.603347817592967e6,0.0,0.0,0.0,0.0
5034,3.5963474679576904e6,8.606103326950211e6,0.0,0.0,0.0,0.0
5035,3.5977824679576904e6,8.609353637492668e6,0.0,0.0,0.0,0.0
5036,3.5992174679576904e6,8.612603948035125e6,0.0,0.0,0.0,0.0
5037,3.598388826823621e6,8.615789773210086e6,0.0,0.0,0.0,0.0
5038,3.597560185689552e6,8.618975598385045e6,0.0,0.0,0.0,0.0
5039,3.598408185689552e6,8.620800410274867e6,0.0,0.0,0.0,0.0
5040,3.599256185689552e6,8.62262522216469e6,0.0,0.0,0.0,0.0
5041,3.590932345689552e6,8.616776783102464e6,0.0,0.0,0.0,0.0
5042,3.582608505689552e6,8.610928344040237e6,0.0,0.0,0.0,0.0
5043,3.574439165689552e6,8.605123928642359e6,0.0,0.0,0.0,0.0
5044,3.566269825689552e6,8.599319513244482e6,0.0,0.0,0.0,0.0
5045,3.5586174856895516e6,8.595845817410693e6,0.0,0.0,0.0,0.0
5046,3.5509651456895517e6,8.592372121576905e6,0.0,0.0,0.0,0.0
5047,3.543821805689552e6,8.59314301196965e6,0.0,0.0,0.0,0.0
5048,3.5366784656895516e6,8.593913902362395e6,0.0,0.0,0.0,0.0
5049,3.5380194656895516e6,8.599622097489037e6,0.0,0.0,0.0,0.0
5050,3.5393604656895516e6,8.60533029261568e6,0.0,0.0,0.0,0.0
5051,3.5404554656895516e6,8.611767668436319e6,0.0,0.0,0.0,0.0
5052,3.5415504656895516e6,8.618205044256957e6,0.0,0.0,0.0,0.0
5053,3.5424934656895516e6,8.623183438637992e6,0.0,0.0,0.0,0.0
5054,3.5434364656895516e6,8.628161833019027e6,0.0,0.0,0.0,0.0
5055,3.5441809656895516e6,8.630948965008412e6,0.0,0.0,0.0,0.0
5056,3.5449254656895516e6,8.633736096997794e6,0.0,0.0,0.0,0.0
5057,3.5459104656895516e6,8.635360012165802e6,0.0,0.0,0.0,0.0
5058,3.5468954656895516e6,8.63698392733381e6,0.0,0.0,0.0,0.0
5059,3.5477499656895516e6,8.63855203785687e6,0.0,0.0,0.0,0.0
5060,3.5486044656895516e6,8.640120148379928e6,0.0,0.0,0.0,0.0
5061,3.5405886256895512e6,8.637979168890992e6,0.0,0.0,0.0,0.0
5062,3.5325727856895514e6,8.635838189402057e6,0.0,0.0,0.0,0.0
5063,3.5333477856895514e6,8.62996618837863e6,0.0,0.0,0.0,0.0
5064,3.5341227856895514e6,8.624094187355204e6,0.0,0.0,0.0,0.0
5065,3.5345402856895514e6,8.620218453677751e6,0.0,0.0,0.0,0.0
5066,3.5349577856895514e6,8.6163427200003e6,0.0,0.0,0.0,0.0
5067,3.5352957856895514e6,8.617427190267138e6,0.0,0.0,0.0,0.0
5068,3.5356337856895514e6,8.618511660533974e6,0.0,0.0,0.0,0.0
5069,3.5362747856895514e6,8.619007664364586e6,0.0,0.0,0.0,0.0
5070,3.5369157856895514e6,8.619503668195197e6,0.0,0.0,0.0,0.0
5071,3.5374667729774937e6,8.620338606691793e6,0.0,0.0,0.0,0.0
5072,3.5380177602654356e6,8.621173545188386e6,0.0,0.0,0.0,0.0
5073,3.5393057602654356e6,8.623897431913493e6,0.0,0.0,0.0,0.0
5074,3.5405937602654356e6,8.6266213186386e6,0.0,0.0,0.0,0.0
5075,3.5421012602654356e6,8.630193435966928e6,0.0,0.0,0.0,0.0
5076,3.5436087602654356e6,8.633765553295257e6,0.0,0.0,0.0,0.0
5077,3.5445997602654356e6,8.635914652177393e6,0.0,0.0,0.0,0.0
5078,3.5455907602654356e6,8.638063751059528e6,0.0,0.0,0.0,0.0
5079,3.5462617602654356e6,8.639747191182148e6,0.0,0.0,0.0,0.0
5080,3.5469327602654356e6,8.641430631304767e6,0.0,0.0,0.0,0.0
5081,3.5480332602654356e6,8.64295719836992e6,0.0,0.0,0.0,0.0
5082,3.5491337602654356e6,8.644483765435072e6,0.0,0.0,0.0,0.0
5083,3.5502102602654356e6,8.64207017053879e6,0.0,0.0,0.0,0.0
5084,3.5512867602654356e6,8.63965657564251e6,0.0,0.0,0.0,0.0
5085,3.5526427602654356e6,8.634531116758175e6,0.0,0.0,0.0,0.0
5086,3.5539987602654356e6,8.62940565787384e6,0.0,0.0,0.0,0.0
5087,3.5547297602654356e6,8.623674408566006e6,0.0,0.0,0.0,0.0
5088,3.5554607602654356e6,8.61794315925817e6,0.0,0.0,0.0,0.0
5089,3.5557012602654356e6,8.611922345848214e6,0.0,0.0,0.0,0.0
5090,3.5559417602654356e6,8.605901532438256e6,0.0,0.0,0.0,0.0
5091,3.5564487602654356e6,8.600898890989741e6,0.0,0.0,0.0,0.0
5092,3.5569557602654356e6,8.595896249541227e6,0.0,0.0,0.0,0.0
5093,3.5577047602654356e6,8.592720886414051e6,0.0,0.0,0.0,0.0
5094,3.5584537602654356e6,8.589545523286873e6,0.0,0.0,0.0,0.0
5095,3.5592145487933634e6,8.589059139978163e6,0.0,0.0,0.0,0.0
5096,3.5599753373212917e6,8.588572756669452e6,0.0,0.0,0.0,0.0
5097,3.5609763373212917e6,8.592683078795731e6,0.0,0.0,0.0,0.0
5098,3.5619773373212917e6,8.596793400922008e6,0.0,0.0,0.0,0.0
5099,3.5629548373212917e6,8.600674303952385e6,0.0,0.0,0.0,0.0
5100,3.5639323373212917e6,8.604555206982763e6,0.0,0.0,0.0,0.0
5101,3.5646198373212917e6,8.606341575672733e6,0.0,0.0,0.0,0.0
5102,3.5653073373212917e6,8.608127944362702e6,0.0,0.0,0.0,0.0
5103,3.5660378373212917e6,8.609584445595864e6,0.0,0.0,0.0,0.0
5104,3.5667683373212917e6,8.611040946829025e6,0.0,0.0,0.0,0.0
5105,3.5666734350667642e6,8.612334994540224e6,0.0,0.0,0.0,0.0
5106,3.5665785328122363e6,8.613629042251423e6,0.0,0.0,0.0,0.0
5107,3.5675480328122363e6,8.608720683207165e6,0.0,0.0,0.0,0.0
5108,3.5685175328122363e6,8.603812324162908e6,0.0,0.0,0.0,0.0
5109,3.569039327667974e6,8.598404121744167e6,0.0,0.0,0.0,0.0
5110,3.569561122523711e6,8.592995919325424e6,0.0,0.0,0.0,0.0
5111,3.570283622523711e6,8.587154300830914e6,0.0,0.0,0.0,0.0
5112,3.571006122523711e6,8.581312682336403e6,0.0,0.0,0.0,0.0
5113,3.571569622523711e6,8.575798226430813e6,0.0,0.0,0.0,0.0
5114,3.572133122523711e6,8.570283770525223e6,0.0,0.0,0.0,0.0
5115,3.572522122523711e6,8.56697914352105e6,0.0,0.0,0.0,0.0
5116,3.572911122523711e6,8.563674516516877e6,0.0,0.0,0.0,0.0
5117,3.564781782523711e6,8.562479453034207e6,0.0,0.0,0.0,0.0
5118,3.556652442523711e6,8.561284389551539e6,0.0,0.0,0.0,0.0
5119,3.557452442523711e6,8.559680243703943e6,0.0,0.0,0.0,0.0
5120,3.558252442523711e6,8.558076097856348e6,0.0,0.0,0.0,0.0
5121,3.559081942523711e6,8.559222635413263e6,0.0,0.0,0.0,0.0
5122,3.559911442523711e6,8.56036917297018e6,0.0,0.0,0.0,0.0
5123,3.560778442523711e6,8.562892783025082e6,0.0,0.0,0.0,0.0
5124,3.561645442523711e6,8.565416393079985e6,0.0,0.0,0.0,0.0
5125,3.562105442523711e6,8.567880478180274e6,0.0,0.0,0.0,0.0
5126,3.562565442523711e6,8.570344563280566e6,0.0,0.0,0.0,0.0
5127,3.563110942523711e6,8.572156974138178e6,0.0,0.0,0.0,0.0
5128,3.563656442523711e6,8.57396938499579e6,0.0,0.0,0.0,0.0
5129,3.564584442523711e6,8.573764846975347e6,0.0,0.0,0.0,0.0
5130,3.565512442523711e6,8.573560308954904e6,0.0,0.0,0.0,0.0
5131,3.566508442523711e6,8.570173474786526e6,0.0,0.0,0.0,0.0
5132,3.567504442523711e6,8.566786640618147e6,0.0,0.0,0.0,0.0
5133,3.568526442523711e6,8.566799178307146e6,0.0,0.0,0.0,0.0
5134,3.569548442523711e6,8.566811715996142e6,0.0,0.0,0.0,0.0
5135,3.570611942523711e6,8.564052069253586e6,0.0,0.0,0.0,0.0
5136,3.571675442523711e6,8.561292422511028e6,0.0,0.0,0.0,0.0
5137,3.572207442523711e6,8.56115815366928e6,0.0,0.0,0.0,0.0
5138,3.572739442523711e6,8.56102388482753e6,0.0,0.0,0.0,0.0
5139,3.573009942523711e6,8.561889476875845e6,0.0,0.0,0.0,0.0
5140,3.573280442523711e6,8.56275506892416e6,0.0,0.0,0.0,0.0
5141,3.573571442523711e6,8.55897658482444e6,0.0,0.0,0.0,0.0
5142,3.573862442523711e6,8.555198100724716e6,0.0,0.0,0.0,0.0
5143,3.574378942523711e6,8.552009724097013e6,0.0,0.0,0.0,0.0
5144,3.574895442523711e6,8.54882134746931e6,0.0,0.0,0.0,0.0
5145,3.575677442523711e6,8.550037268677581e6,0.0,0.0,0.0,0.0
5146,3.576459442523711e6,8.551253189885853e6,0.0,0.0,0.0,0.0
5147,3.577345442523711e6,8.552600562035559e6,0.0,0.0,0.0,0.0
5148,3.578231442523711e6,8.553947934185265e6,0.0,0.0,0.0,0.0
5149,3.578838942523711e6,8.555106190593757e6,0.0,0.0,0.0,0.0
5150,3.579446442523711e6,8.556264447002247e6,0.0,0.0,0.0,0.0
5151,3.579933442523711e6,8.557748850557882e6,0.0,0.0,0.0,0.0
5152,3.580420442523711e6,8.559233254113518e6,0.0,0.0,0.0,0.0
5153,3.581345442523711e6,8.561453038879255e6,0.0,0.0,0.0,0.0
5154,3.582270442523711e6,8.563672823644992e6,0.0,0.0,0.0,0.0
5155,3.5760888664392075e6,8.567470639759555e6,0.0,0.0,0.0,0.0
5156,3.569907290354704e6,8.57126845587412e6,0.0,0.0,0.0,0.0
5157,3.570989790354704e6,8.572141440105604e6,0.0,0.0,0.0,0.0
5158,3.572072290354704e6,8.573014424337087e6,0.0,0.0,0.0,0.0
5159,3.572742290354704e6,8.571067045319583e6,0.0,0.0,0.0,0.0
5160,3.573412290354704e6,8.569119666302077e6,0.0,0.0,0.0,0.0
5161,3.573812290354704e6,8.569155485273298e6,0.0,0.0,0.0,0.0
5162,3.574212290354704e6,8.569191304244518e6,0.0,0.0,0.0,0.0
5163,3.574544290354704e6,8.56990436359664e6,0.0,0.0,0.0,0.0
5164,3.574876290354704e6,8.570617422948763e6,0.0,0.0,0.0,0.0
5165,3.575592290354704e6,8.571980296388732e6,0.0,0.0,0.0,0.0
5166,3.576308290354704e6,8.573343169828702e6,0.0,0.0,0.0,0.0
5167,3.577287790354704e6,8.576964891285874e6,0.0,0.0,0.0,0.0
5168,3.578267290354704e6,8.580586612743044e6,0.0,0.0,0.0,0.0
5169,3.579134790354704e6,8.582101422551557e6,0.0,0.0,0.0,0.0
5170,3.580002290354704e6,8.583616232360069e6,0.0,0.0,0.0,0.0
5171,3.580730790354704e6,8.58848673776087e6,0.0,0.0,0.0,0.0
5172,3.581459290354704e6,8.59335724316167e6,0.0,0.0,0.0,0.0
5173,3.582382290354704e6,8.596304968518183e6,0.0,0.0,0.0,0.0
5174,3.583305290354704e6,8.599252693874696e6,0.0,0.0,0.0,0.0
5175,3.584231790354704e6,8.601371410227915e6,0.0,0.0,0.0,0.0
5176,3.585158290354704e6,8.603490126581134e6,0.0,0.0,0.0,0.0
5177,3.586851290354704e6,8.604907564562831e6,0.0,0.0,0.0,0.0
5178,3.588544290354704e6,8.606325002544528e6,0.0,0.0,0.0,0.0
5179,3.590003290354704e6,8.608842412083324e6,0.0,0.0,0.0,0.0
5180,3.591462290354704e6,8.611359821622122e6,0.0,0.0,0.0,0.0
5181,3.5922176451773522e6,8.611574634530123e6,0.0,0.0,0.0,0.0
5182,3.592973e6,8.611789447438123e6,0.0,0.0,0.0,0.0
5183,3.5936115e6,8.607870989851348e6,0.0,0.0,0.0,0.0
5184,3.59425e6,8.603952532264573e6,0.0,0.0,0.0,0.0
5185,3.5946935e6,8.59774136301018e6,0.0,0.0,0.0,0.0
5186,3.595137e6,8.591530193755787e6,0.0,0.0,0.0,0.0
5187,3.5955595e6,8.585350647133531e6,0.0,0.0,0.0,0.0
5188,3.595982e6,8.579171100511275e6,0.0,0.0,0.0,0.0
5189,3.5967085e6,8.574362799157433e6,0.0,0.0,0.0,0.0
5190,3.597435e6,8.56955449780359e6,0.0,0.0,0.0,0.0
5191,3.5987175e6,8.56789293139065e6,0.0,0.0,0.0,0.0
5192,3.6e6,8.566231364977714e6,0.0,0.0,0.0,0.0
5193,3.5986625e6,8.570430354484297e6,0.0,0.0,0.0,0.0
5194,3.597325e6,8.574629343990883e6,0.0,0.0,0.0,0.0
5195,3.5986625e6,8.57956371470757e6,0.0,0.0,0.0,0.0
5196,3.6e6,8.584498085424257e6,0.0,0.0,0.0,0.0
5197,3.599111e6,8.589015781458661e6,0.0,0.0,0.0,0.0
5198,3.598222e6,8.593533477493064e6,0.0,0.0,0.0,0.0
5199,3.599111e6,8.597814313812241e6,0.0,0.0,0.0,0.0
5200,3.6e6,8.602095150131417e6,0.0,0.0,0.0,0.0
5201,3.5987195e6,8.605721211949863e6,0.0,0.0,0.0,0.0
5202,3.597439e6,8.609347273768308e6,0.0,0.0,0.0,0.0
5203,3.5987195e6,8.613729798551612e6,0.0,0.0,0.0,0.0
5204,3.6e6,8.618112323334917e6,0.0,0.0,0.0,0.0
5205,3.5982044514364935e6,8.621027370932885e6,0.0,0.0,0.0,0.0
5206,3.5964089028729866e6,8.62394241853085e6,0.0,0.0,0.0,0.0
5207,3.5972829028729866e6,8.621993055927496e6,0.0,0.0,0.0,0.0
5208,3.5981569028729866e6,8.620043693324143e6,0.0,0.0,0.0,0.0
5209,3.5899400628729863e6,8.613876547734099e6,0.0,0.0,0.0,0.0
5210,3.5817232228729865e6,8.607709402144054e6,0.0,0.0,0.0,0.0
5211,3.5734683828729866e6,8.601454829276923e6,0.0,0.0,0.0,0.0
5212,3.5652135428729863e6,8.595200256409792e6,0.0,0.0,0.0,0.0
5213,3.5659455428729863e6,8.591615110241216e6,0.0,0.0,0.0,0.0
5214,3.5666775428729863e6,8.58802996407264e6,0.0,0.0,0.0,0.0
5215,3.559082202872986e6,8.589054933905773e6,0.0,0.0,0.0,0.0
5216,3.551486862872986e6,8.590079903738905e6,0.0,0.0,0.0,0.0
5217,3.552784862872986e6,8.594636663024772e6,0.0,0.0,0.0,0.0
5218,3.554082862872986e6,8.59919342231064e6,0.0,0.0,0.0,0.0
5219,3.5466085228729863e6,8.603896513776593e6,0.0,0.0,0.0,0.0
5220,3.539134182872986e6,8.608599605242549e6,0.0,0.0,0.0,0.0
5221,3.540237182872986e6,8.61240424192483e6,0.0,0.0,0.0,0.0
5222,3.541340182872986e6,8.616208878607111e6,0.0,0.0,0.0,0.0
5223,3.5338098428729856e6,8.619973211934708e6,0.0,0.0,0.0,0.0
5224,3.526279502872986e6,8.623737545262303e6,0.0,0.0,0.0,0.0
5225,3.528390502872986e6,8.627689754227892e6,0.0,0.0,0.0,0.0
5226,3.530501502872986e6,8.631641963193482e6,0.0,0.0,0.0,0.0
5227,3.523351162872986e6,8.636536030555483e6,0.0,0.0,0.0,0.0
5228,3.5162008228729856e6,8.641430097917486e6,0.0,0.0,0.0,0.0
5229,3.5154088887625095e6,8.646967061120145e6,0.0,0.0,0.0,0.0
5230,3.5146169546520333e6,8.652504024322804e6,0.0,0.0,0.0,0.0
5231,3.5153334546520333e6,8.654236162269402e6,0.0,0.0,0.0,0.0
5232,3.5160499546520333e6,8.655968300216e6,0.0,0.0,0.0,0.0
5233,3.5165379546520333e6,8.658125221287087e6,0.0,0.0,0.0,0.0
5234,3.5170259546520333e6,8.660282142358173e6,0.0,0.0,0.0,0.0
5235,3.5179084546520333e6,8.659921856939575e6,0.0,0.0,0.0,0.0
5236,3.5187909546520333e6,8.659561571520977e6,0.0,0.0,0.0,0.0
5237,3.5199694546520333e6,8.654778984874386e6,0.0,0.0,0.0,0.0
5238,3.5211479546520333e6,8.649996398227796e6,0.0,0.0,0.0,0.0
5239,3.5225534546520333e6,8.646796199594192e6,0.0,0.0,0.0,0.0
5240,3.5239589546520333e6,8.643596000960587e6,0.0,0.0,0.0,0.0
5241,3.5256379546520333e6,8.644715680920707e6,0.0,0.0,0.0,0.0
5242,3.5273169546520333e6,8.645835360880828e6,0.0,0.0,0.0,0.0
5243,3.5286534546520333e6,8.65101527203529e6,0.0,0.0,0.0,0.0
5244,3.5299899546520333e6,8.65619518318975e6,0.0,0.0,0.0,0.0
5245,3.5313019546520333e6,8.660277602993552e6,0.0,0.0,0.0,0.0
5246,3.5326139546520333e6,8.664360022797355e6,0.0,0.0,0.0,0.0
5247,3.5336624546520333e6,8.667129173290033e6,0.0,0.0,0.0,0.0
5248,3.5347109546520333e6,8.66989832378271e6,0.0,0.0,0.0,0.0
5249,3.534546537154981e6,8.671837845220484e6,0.0,0.0,0.0,0.0
5250,3.534382119657928e6,8.673777366658255e6,0.0,0.0,0.0,0.0
5251,3.534703270790245e6,8.670706502940021e6,0.0,0.0,0.0,0.0
5252,3.5350244219225617e6,8.66763563922179e6,0.0,0.0,0.0,0.0
5253,3.5343691200763592e6,8.670099249737332e6,0.0,0.0,0.0,0.0
5254,3.5337138182301563e6,8.672562860252874e6,0.0,0.0,0.0,0.0
5255,3.5346658182301563e6,8.674127250466269e6,0.0,0.0,0.0,0.0
5256,3.5356178182301563e6,8.675691640679665e6,0.0,0.0,0.0,0.0
5257,3.5363683182301563e6,8.669402344922343e6,0.0,0.0,0.0,0.0
5258,3.5371188182301563e6,8.663113049165022e6,0.0,0.0,0.0,0.0
5259,3.5376673182301563e6,8.658272640664235e6,0.0,0.0,0.0,0.0
5260,3.5382158182301563e6,8.653432232163448e6,0.0,0.0,0.0,0.0
5261,3.5393323182301563e6,8.654749841835849e6,0.0,0.0,0.0,0.0
5262,3.5404488182301563e6,8.656067451508248e6,0.0,0.0,0.0,0.0
5263,3.5421603182301563e6,8.654696205615446e6,0.0,0.0,0.0,0.0
5264,3.5438718182301563e6,8.653324959722644e6,0.0,0.0,0.0,0.0
5265,3.5457778182301563e6,8.659146624294015e6,0.0,0.0,0.0,0.0
5266,3.5476838182301563e6,8.664968288865386e6,0.0,0.0,0.0,0.0
5267,3.5492493182301563e6,8.671649344968967e6,0.0,0.0,0.0,0.0
5268,3.5508148182301563e6,8.678330401072549e6,0.0,0.0,0.0,0.0
5269,3.5519513182301563e6,8.684360402985062e6,0.0,0.0,0.0,0.0
5270,3.5530878182301563e6,8.690390404897574e6,0.0,0.0,0.0,0.0
5271,3.5542293182301563e6,8.695430184388053e6,0.0,0.0,0.0,0.0
5272,3.5553708182301563e6,8.700469963878533e6,0.0,0.0,0.0,0.0
5273,3.5568788182301563e6,8.702911727120843e6,0.0,0.0,0.0,0.0
5274,3.5583868182301563e6,8.705353490363155e6,0.0,0.0,0.0,0.0
5275,3.5599878182301563e6,8.707085294511396e6,0.0,0.0,0.0,0.0
5276,3.5615888182301563e6,8.708817098659638e6,0.0,0.0,0.0,0.0
5277,3.5622572850820706e6,8.710597886885114e6,0.0,0.0,0.0,0.0
5278,3.562925751933985e6,8.712378675110588e6,0.0,0.0,0.0,0.0
5279,3.563920751933985e6,8.714154502923178e6,0.0,0.0,0.0,0.0
5280,3.564915751933985e6,8.715930330735767e6,0.0,0.0,0.0,0.0
5281,3.565417251933985e6,8.716792202474419e6,0.0,0.0,0.0,0.0
5282,3.565918751933985e6,8.717654074213073e6,0.0,0.0,0.0,0.0
5283,3.566433751933985e6,8.718252424017245e6,0.0,0.0,0.0,0.0
5284,3.566948751933985e6,8.718850773821417e6,0.0,0.0,0.0,0.0
5285,3.567584251933985e6,8.719660561224785e6,0.0,0.0,0.0,0.0
5286,3.568219751933985e6,8.72047034862815e6,0.0,0.0,0.0,0.0
5287,3.569044251933985e6,8.722045279718924e6,0.0,0.0,0.0,0.0
5288,3.569868751933985e6,8.7236202108097e6,0.0,0.0,0.0,0.0
5289,3.570621251933985e6,8.72726363407324e6,0.0,0.0,0.0,0.0
5290,3.571373751933985e6,8.730907057336781e6,0.0,0.0,0.0,0.0
5291,3.572235751933985e6,8.735626270144612e6,0.0,0.0,0.0,0.0
5292,3.573097751933985e6,8.74034548295244e6,0.0,0.0,0.0,0.0
5293,3.5652649119339846e6,8.743618115352876e6,0.0,0.0,0.0,0.0
5294,3.5574320719339848e6,8.746890747753313e6,0.0,0.0,0.0,0.0
5295,3.5582405719339848e6,8.748879253268318e6,0.0,0.0,0.0,0.0
5296,3.5590490719339848e6,8.750867758783324e6,0.0,0.0,0.0,0.0
5297,3.5600790719339848e6,8.753355405844815e6,0.0,0.0,0.0,0.0
5298,3.5611090719339848e6,8.755843052906306e6,0.0,0.0,0.0,0.0
5299,3.5619245719339848e6,8.759113205100302e6,0.0,0.0,0.0,0.0
5300,3.5627400719339848e6,8.762383357294295e6,0.0,0.0,0.0,0.0
5301,3.5637995719339848e6,8.764448129157398e6,0.0,0.0,0.0,0.0
5302,3.5648590719339848e6,8.766512901020499e6,0.0,0.0,0.0,0.0
5303,3.5654785719339848e6,8.766806986575138e6,0.0,0.0,0.0,0.0
5304,3.5660980719339848e6,8.767101072129779e6,0.0,0.0,0.0,0.0
5305,3.5665585719339848e6,8.766405711413369e6,0.0,0.0,0.0,0.0
5306,3.5670190719339848e6,8.765710350696959e6,0.0,0.0,0.0,0.0
5307,3.5673455719339848e6,8.766542459958304e6,0.0,0.0,0.0,0.0
5308,3.5676720719339848e6,8.76737456921965e6,0.0,0.0,0.0,0.0
5309,3.5680585719339848e6,8.768441057989782e6,0.0,0.0,0.0,0.0
5310,3.5684450719339848e6,8.769507546759913e6,0.0,0.0,0.0,0.0
5311,3.5690390719339848e6,8.770663322961962e6,0.0,0.0,0.0,0.0
5312,3.5696330719339848e6,8.771819099164011e6,0.0,0.0,0.0,0.0
5313,3.569505875966992e6,8.772912870205006e6,0.0,0.0,0.0,0.0
5314,3.56937868e6,8.774006641246e6,0.0,0.0,0.0,0.0
5315,3.57009918e6,8.775590873110933e6,0.0,0.0,0.0,0.0
5316,3.57081968e6,8.777175104975866e6,0.0,0.0,0.0,0.0
5317,3.57135618e6,8.779003637175351e6,0.0,0.0,0.0,0.0
5318,3.57189268e6,8.780832169374838e6,0.0,0.0,0.0,0.0
5319,3.57244168e6,8.782452984284792e6,0.0,0.0,0.0,0.0
5320,3.57299068e6,8.784073799194748e6,0.0,0.0,0.0,0.0
5321,3.57381018e6,8.785953175626298e6,0.0,0.0,0.0,0.0
5322,3.57462968e6,8.78783255205785e6,0.0,0.0,0.0,0.0
5323,3.57553018e6,8.785313576944835e6,0.0,0.0,0.0,0.0
5324,3.57643068e6,8.782794601831822e6,0.0,0.0,0.0,0.0
5325,3.56887284e6,8.785958105148803e6,0.0,0.0,0.0,0.0
5326,3.561315e6,8.789121608465783e6,0.0,0.0,0.0,0.0
5327,3.5618105e6,8.789126995924173e6,0.0,0.0,0.0,0.0
5328,3.562306e6,8.789132383382563e6,0.0,0.0,0.0,0.0
5329,3.5626425e6,8.782978258876339e6,0.0,0.0,0.0,0.0
5330,3.562979e6,8.776824134370117e6,0.0,0.0,0.0,0.0
5331,3.5632735e6,8.771475379928827e6,0.0,0.0,0.0,0.0
5332,3.563568e6,8.766126625487536e6,0.0,0.0,0.0,0.0
5333,3.5641365e6,8.76306520919349e6,0.0,0.0,0.0,0.0
5334,3.564705e6,8.760003792899445e6,0.0,0.0,0.0,0.0
5335,3.5655975e6,8.756982638256133e6,0.0,0.0,0.0,0.0
5336,3.56649e6,8.753961483612819e6,0.0,0.0,0.0,0.0
5337,3.567566e6,8.757508178825114e6,0.0,0.0,0.0,0.0
5338,3.568642e6,8.76105487403741e6,0.0,0.0,0.0,0.0
5339,3.56978e6,8.765072188422106e6,0.0,0.0,0.0,0.0
5340,3.570918e6,8.769089502806801e6,0.0,0.0,0.0,0.0
5341,3.5717975e6,8.771767505712729e6,0.0,0.0,0.0,0.0
5342,3.572677e6,8.774445508618657e6,0.0,0.0,0.0,0.0
5343,3.5737635e6,8.776966638467118e6,0.0,0.0,0.0,0.0
5344,3.57485e6,8.779487768315578e6,0.0,0.0,0.0,0.0
5345,3.5762455e6,8.781602144307524e6,0.0,0.0,0.0,0.0
5346,3.577641e6,8.783716520299468e6,0.0,0.0,0.0,0.0
5347,3.578952e6,8.780346427524574e6,0.0,0.0,0.0,0.0
5348,3.580263e6,8.776976334749682e6,0.0,0.0,0.0,0.0
5349,3.581591e6,8.777795613510545e6,0.0,0.0,0.0,0.0
5350,3.582919e6,8.778614892271407e6,0.0,0.0,0.0,0.0
5351,3.583665e6,8.773173207065696e6,0.0,0.0,0.0,0.0
5352,3.584411e6,8.767731521859985e6,0.0,0.0,0.0,0.0
5353,3.585019e6,8.767230284511734e6,0.0,0.0,0.0,0.0
5354,3.585627e6,8.76672904716348e6,0.0,0.0,0.0,0.0
5355,3.586391e6,8.763844308875304e6,0.0,0.0,0.0,0.0
5356,3.587155e6,8.760959570587125e6,0.0,0.0,0.0,0.0
5357,3.5880615e6,8.758832759607373e6,0.0,0.0,0.0,0.0
5358,3.588968e6,8.756705948627621e6,0.0,0.0,0.0,0.0
5359,3.5905025e6,8.757236344795728e6,0.0,0.0,0.0,0.0
5360,3.592037e6,8.757766740963835e6,0.0,0.0,0.0,0.0
5361,3.593545e6,8.761877683141723e6,0.0,0.0,0.0,0.0
5362,3.595053e6,8.765988625319611e6,0.0,0.0,0.0,0.0
5363,3.5963995e6,8.770586928063385e6,0.0,0.0,0.0,0.0
5364,3.597746e6,8.77518523080716e6,0.0,0.0,0.0,0.0
5365,3.598873e6,8.778304090408182e6,0.0,0.0,0.0,0.0
5366,3.6e6,8.781422950009204e6,0.0,0.0,0.0,0.0
5367,3.5954335e6,8.783511903885119e6,0.0,0.0,0.0,0.0
5368,3.590867e6,8.785600857761031e6,0.0,0.0,0.0,0.0
5369,3.592504e6,8.787279337470766e6,0.0,0.0,0.0,0.0
5370,3.594141e6,8.788957817180501e6,0.0,0.0,0.0,0.0
5371,3.595291e6,8.79178773273101e6,0.0,0.0,0.0,0.0
5372,3.596441e6,8.794617648281522e6,0.0,0.0,0.0,0.0
5373,3.5974485e6,8.797634819418415e6,0.0,0.0,0.0,0.0
5374,3.598456e6,8.800651990555309e6,0.0,0.0,0.0,0.0
5375,3.599228e6,8.801257350684782e6,0.0,0.0,0.0,0.0
5376,3.6e6,8.801862710814256e6,0.0,0.0,0.0,0.0
5377,3.6e6,8.797301669488616e6,0.0,0.0,0.0,0.0
5378,3.6e6,8.792740628162976e6,0.0,0.0,0.0,0.0
5379,3.5999791321630385e6,8.790244933540098e6,0.0,0.0,0.0,0.0
5380,3.5999582643260774e6,8.78774923891722e6,0.0,0.0,0.0,0.0
5381,3.592024424326077e6,8.78792677813981e6,0.0,0.0,0.0,0.0
5382,3.5840905843260773e6,8.788104317362398e6,0.0,0.0,0.0,0.0
5383,3.5763292443260774e6,8.791087385660712e6,0.0,0.0,0.0,0.0
5384,3.568567904326077e6,8.794070453959025e6,0.0,0.0,0.0,0.0
5385,3.561275564326077e6,8.797919734357264e6,0.0,0.0,0.0,0.0
5386,3.553983224326077e6,8.801769014755504e6,0.0,0.0,0.0,0.0
5387,3.546824384326077e6,8.805194179852134e6,0.0,0.0,0.0,0.0
5388,3.5396655443260767e6,8.808619344948763e6,0.0,0.0,0.0,0.0
5389,3.5318617043260764e6,8.810762243314793e6,0.0,0.0,0.0,0.0
5390,3.5240578643260766e6,8.812905141680824e6,0.0,0.0,0.0,0.0
5391,3.5168940243260767e6,8.81427545574012e6,0.0,0.0,0.0,0.0
5392,3.5097301843260764e6,8.815645769799415e6,0.0,0.0,0.0,0.0
5393,3.503150844326076e6,8.81674202104685e6,0.0,0.0,0.0,0.0
5394,3.4965715043260762e6,8.817838272294289e6,0.0,0.0,0.0,0.0
5395,3.4895891643260764e6,8.819621540726205e6,0.0,0.0,0.0,0.0
5396,3.482606824326076e6,8.821404809158122e6,0.0,0.0,0.0,0.0
5397,3.4749699843260758e6,8.82405800999963e6,0.0,0.0,0.0,0.0
5398,3.467333144326076e6,8.826711210841134e6,0.0,0.0,0.0,0.0
5399,3.459362304326076e6,8.826170552413952e6,0.0,0.0,0.0,0.0
5400,3.4513914643260757e6,8.825629893986767e6,0.0,0.0,0.0,0.0
5401,3.4518749643260757e6,8.82578170104269e6,0.0,0.0,0.0,0.0
5402,3.4523584643260757e6,8.825933508098613e6,0.0,0.0,0.0,0.0
5403,3.4528819643260757e6,8.826644707295904e6,0.0,0.0,0.0,0.0
5404,3.4534054643260757e6,8.827355906493194e6,0.0,0.0,0.0,0.0
5405,3.4540529643260757e6,8.82815329286435e6,0.0,0.0,0.0,0.0
5406,3.4547004643260757e6,8.828950679235507e6,0.0,0.0,0.0,0.0
5407,3.4557759643260757e6,8.830125677037481e6,0.0,0.0,0.0,0.0
5408,3.4568514643260757e6,8.831300674839457e6,0.0,0.0,0.0,0.0
5409,3.4583569643260757e6,8.832990315478183e6,0.0,0.0,0.0,0.0
5410,3.4598624643260757e6,8.834679956116907e6,0.0,0.0,0.0,0.0
5411,3.4612229643260757e6,8.836594055438649e6,0.0,0.0,0.0,0.0
5412,3.4625834643260757e6,8.838508154760389e6,0.0,0.0,0.0,0.0
5413,3.4634224643260757e6,8.839787941284545e6,0.0,0.0,0.0,0.0
5414,3.4642614643260757e6,8.841067727808703e6,0.0,0.0,0.0,0.0
5415,3.4652309643260757e6,8.842342553919975e6,0.0,0.0,0.0,0.0
5416,3.4662004643260757e6,8.843617380031249e6,0.0,0.0,0.0,0.0
5417,3.4675109643260757e6,8.844796098142888e6,0.0,0.0,0.0,0.0
5418,3.4688214643260757e6,8.845974816254526e6,0.0,0.0,0.0,0.0
5419,3.4698809643260757e6,8.848048268840175e6,0.0,0.0,0.0,0.0
5420,3.4709404643260757e6,8.850121721425826e6,0.0,0.0,0.0,0.0
5421,3.4718539643260757e6,8.85208728503124e6,0.0,0.0,0.0,0.0
5422,3.4727674643260757e6,8.854052848636657e6,0.0,0.0,0.0,0.0
5423,3.4732934643260757e6,8.848850114372067e6,0.0,0.0,0.0,0.0
5424,3.4738194643260757e6,8.843647380107477e6,0.0,0.0,0.0,0.0
5425,3.4741429643260757e6,8.843529225776572e6,0.0,0.0,0.0,0.0
5426,3.4744664643260757e6,8.843411071445664e6,0.0,0.0,0.0,0.0
5427,3.4748389643260757e6,8.844154513326705e6,0.0,0.0,0.0,0.0
5428,3.4752114643260757e6,8.844897955207743e6,0.0,0.0,0.0,0.0
5429,3.4757449643260757e6,8.845829892778385e6,0.0,0.0,0.0,0.0
5430,3.4762784643260757e6,8.84676183034903e6,0.0,0.0,0.0,0.0
5431,3.4770629643260757e6,8.848266075556204e6,0.0,0.0,0.0,0.0
5432,3.4778474643260757e6,8.849770320763376e6,0.0,0.0,0.0,0.0
5433,3.4787054643260757e6,8.852044670070842e6,0.0,0.0,0.0,0.0
5434,3.4795634643260757e6,8.854319019378306e6,0.0,0.0,0.0,0.0
5435,3.4806709643260757e6,8.857253103599388e6,0.0,0.0,0.0,0.0
5436,3.4817784643260757e6,8.860187187820468e6,0.0,0.0,0.0,0.0
5437,3.4826594643260757e6,8.861840865465783e6,0.0,0.0,0.0,0.0
5438,3.4835404643260757e6,8.863494543111095e6,0.0,0.0,0.0,0.0
5439,3.4843544643260757e6,8.864881598563876e6,0.0,0.0,0.0,0.0
5440,3.4851684643260757e6,8.866268654016657e6,0.0,0.0,0.0,0.0
5441,3.4862434643260757e6,8.867833664281663e6,0.0,0.0,0.0,0.0
5442,3.4873184643260757e6,8.869398674546668e6,0.0,0.0,0.0,0.0
5443,3.4881694643260757e6,8.87153103203532e6,0.0,0.0,0.0,0.0
5444,3.4890204643260757e6,8.87366338952397e6,0.0,0.0,0.0,0.0
5445,3.4901009643260757e6,8.875581209155373e6,0.0,0.0,0.0,0.0
5446,3.4911814643260757e6,8.877499028786778e6,0.0,0.0,0.0,0.0
5447,3.4915269643260757e6,8.877996478632981e6,0.0,0.0,0.0,0.0
5448,3.4918724643260757e6,8.878493928479183e6,0.0,0.0,0.0,0.0
5449,3.4919679643260757e6,8.879369441353269e6,0.0,0.0,0.0,0.0
5450,3.4920634643260757e6,8.880244954227353e6,0.0,0.0,0.0,0.0
5451,3.4921589643260757e6,8.88114588921747e6,0.0,0.0,0.0,0.0
5452,3.4922544643260757e6,8.882046824207585e6,0.0,0.0,0.0,0.0
5453,3.4925484643260757e6,8.883069909364978e6,0.0,0.0,0.0,0.0
5454,3.4928424643260757e6,8.88409299452237e6,0.0,0.0,0.0,0.0
5455,3.4932929643260757e6,8.885215287937451e6,0.0,0.0,0.0,0.0
5456,3.4937434643260757e6,8.88633758135253e6,0.0,0.0,0.0,0.0
5457,3.4943869643260757e6,8.887626668650845e6,0.0,0.0,0.0,0.0
5458,3.4950304643260757e6,8.88891575594916e6,0.0,0.0,0.0,0.0
5459,3.4957889643260757e6,8.890478286007725e6,0.0,0.0,0.0,0.0
5460,3.4965474643260757e6,8.892040816066287e6,0.0,0.0,0.0,0.0
5461,3.4970434643260757e6,8.893496077196227e6,0.0,0.0,0.0,0.0
5462,3.4975394643260757e6,8.894951338326167e6,0.0,0.0,0.0,0.0
5463,3.4980619643260757e6,8.896337153675728e6,0.0,0.0,0.0,0.0
5464,3.4985844643260757e6,8.897722969025286e6,0.0,0.0,0.0,0.0
5465,3.4990644643260757e6,8.899029417768696e6,0.0,0.0,0.0,0.0
5466,3.4995444643260757e6,8.900335866512107e6,0.0,0.0,0.0,0.0
5467,3.5002809643260757e6,8.903076494630698e6,0.0,0.0,0.0,0.0
5468,3.5010174643260757e6,8.905817122749291e6,0.0,0.0,0.0,0.0
5469,3.5023344643260757e6,8.908883898015028e6,0.0,0.0,0.0,0.0
5470,3.5036514643260757e6,8.911950673280764e6,0.0,0.0,0.0,0.0
5471,3.5040924643260757e6,8.912025902116671e6,0.0,0.0,0.0,0.0
5472,3.5045334643260757e6,8.91210113095258e6,0.0,0.0,0.0,0.0
5473,3.5046519643260757e6,8.911469464318741e6,0.0,0.0,0.0,0.0
5474,3.5047704643260757e6,8.9108377976849e6,0.0,0.0,0.0,0.0
5475,3.5048924643260757e6,8.911426846714914e6,0.0,0.0,0.0,0.0
5476,3.5050144643260757e6,8.91201589574493e6,0.0,0.0,0.0,0.0
5477,3.5051974643260757e6,8.907110076124888e6,0.0,0.0,0.0,0.0
5478,3.5053804643260757e6,8.902204256504845e6,0.0,0.0,0.0,0.0
5479,3.5056104643260757e6,8.89667419834955e6,0.0,0.0,0.0,0.0
5480,3.5058404643260757e6,8.891144140194256e6,0.0,0.0,0.0,0.0
5481,3.5062939643260757e6,8.892072357455235e6,0.0,0.0,0.0,0.0
5482,3.5067474643260757e6,8.893000574716216e6,0.0,0.0,0.0,0.0
5483,3.5072994643260757e6,8.894155110815044e6,0.0,0.0,0.0,0.0
5484,3.5078514643260757e6,8.895309646913871e6,0.0,0.0,0.0,0.0
5485,3.5081974643260757e6,8.896497665799668e6,0.0,0.0,0.0,0.0
5486,3.5085434643260757e6,8.897685684685465e6,0.0,0.0,0.0,0.0
5487,3.5087514643260757e6,8.898680059488371e6,0.0,0.0,0.0,0.0
5488,3.5089594643260757e6,8.899674434291275e6,0.0,0.0,0.0,0.0
5489,3.5091519643260757e6,8.901418458927408e6,0.0,0.0,0.0,0.0
5490,3.5093444643260757e6,8.903162483563539e6,0.0,0.0,0.0,0.0
5491,3.5097764643260757e6,8.90680776698191e6,0.0,0.0,0.0,0.0
5492,3.5102084643260757e6,8.910453050400281e6,0.0,0.0,0.0,0.0
5493,3.5110664643260757e6,8.912636176569078e6,0.0,0.0,0.0,0.0
5494,3.5119244643260757e6,8.914819302737873e6,0.0,0.0,0.0,0.0
5495,3.5123569643260757e6,8.911271394514382e6,0.0,0.0,0.0,0.0
5496,3.5127894643260757e6,8.907723486290893e6,0.0,0.0,0.0,0.0
5497,3.5130784643260757e6,8.908457627397774e6,0.0,0.0,0.0,0.0
5498,3.5133674643260757e6,8.909191768504655e6,0.0,0.0,0.0,0.0
5499,3.5135734643260757e6,8.909947611417904e6,0.0,0.0,0.0,0.0
5500,3.5137794643260757e6,8.910703454331154e6,0.0,0.0,0.0,0.0
5501,3.5143959643260757e6,8.906463177816592e6,0.0,0.0,0.0,0.0
5502,3.5150124643260757e6,8.902222901302032e6,0.0,0.0,0.0,0.0
5503,3.5158394643260757e6,8.904378820751883e6,0.0,0.0,0.0,0.0
5504,3.5166664643260757e6,8.906534740201736e6,0.0,0.0,0.0,0.0
5505,3.5176969643260757e6,8.909825974150488e6,0.0,0.0,0.0,0.0
5506,3.5187274643260757e6,8.91311720809924e6,0.0,0.0,0.0,0.0
5507,3.5199019643260757e6,8.916687465272736e6,0.0,0.0,0.0,0.0
5508,3.5210764643260757e6,8.920257722446233e6,0.0,0.0,0.0,0.0
5509,3.5221794643260757e6,8.922812335081663e6,0.0,0.0,0.0,0.0
5510,3.5232824643260757e6,8.925366947717093e6,0.0,0.0,0.0,0.0
5511,3.5241594643260757e6,8.927395756586783e6,0.0,0.0,0.0,0.0
5512,3.5250364643260757e6,8.929424565456474e6,0.0,0.0,0.0,0.0
5513,3.5263529643260757e6,8.930974694482828e6,0.0,0.0,0.0,0.0
5514,3.5276694643260757e6,8.93252482350918e6,0.0,0.0,0.0,0.0
5515,3.5288949643260757e6,8.934788631939266e6,0.0,0.0,0.0,0.0
5516,3.5301204643260757e6,8.937052440369353e6,0.0,0.0,0.0,0.0
5517,3.530549380539152e6,8.938464297886554e6,0.0,0.0,0.0,0.0
5518,3.5309782967522284e6,8.939876155403757e6,0.0,0.0,0.0,0.0
5519,3.5318147967522284e6,8.938390926584203e6,0.0,0.0,0.0,0.0
5520,3.5326512967522284e6,8.936905697764646e6,0.0,0.0,0.0,0.0
5521,3.5331737967522284e6,8.937564286155446e6,0.0,0.0,0.0,0.0
5522,3.5336962967522284e6,8.938222874546245e6,0.0,0.0,0.0,0.0
5523,3.5340602967522284e6,8.939093427007444e6,0.0,0.0,0.0,0.0
5524,3.5344242967522284e6,8.939963979468644e6,0.0,0.0,0.0,0.0
5525,3.5351337967522284e6,8.94076198589141e6,0.0,0.0,0.0,0.0
5526,3.5358432967522284e6,8.941559992314177e6,0.0,0.0,0.0,0.0
5527,3.5366982967522284e6,8.942925966012198e6,0.0,0.0,0.0,0.0
5528,3.5375532967522284e6,8.94429193971022e6,0.0,0.0,0.0,0.0
5529,3.5383782967522284e6,8.946472041172884e6,0.0,0.0,0.0,0.0
5530,3.5392032967522284e6,8.948652142635547e6,0.0,0.0,0.0,0.0
5531,3.5401882967522284e6,8.951268760432031e6,0.0,0.0,0.0,0.0
5532,3.5411732967522284e6,8.953885378228514e6,0.0,0.0,0.0,0.0
5533,3.5420087967522284e6,8.955829860079171e6,0.0,0.0,0.0,0.0
5534,3.5428442967522284e6,8.957774341929829e6,0.0,0.0,0.0,0.0
5535,3.5436332967522284e6,8.959200460634073e6,0.0,0.0,0.0,0.0
5536,3.5444222967522284e6,8.960626579338318e6,0.0,0.0,0.0,0.0
5537,3.5455062967522284e6,8.961575878354058e6,0.0,0.0,0.0,0.0
5538,3.5465902967522284e6,8.962525177369796e6,0.0,0.0,0.0,0.0
5539,3.5475177967522284e6,8.963868829209838e6,0.0,0.0,0.0,0.0
5540,3.5484452967522284e6,8.96521248104988e6,0.0,0.0,0.0,0.0
5541,3.5488398389595286e6,8.966362676787434e6,0.0,0.0,0.0,0.0
5542,3.549234381166829e6,8.967512872524988e6,0.0,0.0,0.0,0.0
5543,3.549928381166829e6,8.968358002870155e6,0.0,0.0,0.0,0.0
5544,3.550622381166829e6,8.969203133215323e6,0.0,0.0,0.0,0.0
5545,3.551181881166829e6,8.964364126632087e6,0.0,0.0,0.0,0.0
5546,3.551741381166829e6,8.959525120048849e6,0.0,0.0,0.0,0.0
5547,3.552198881166829e6,8.956698546471566e6,0.0,0.0,0.0,0.0
5548,3.552656381166829e6,8.953871972894285e6,0.0,0.0,0.0,0.0
5549,3.552203337896864e6,8.952847039628811e6,0.0,0.0,0.0,0.0
5550,3.5517502946268995e6,8.951822106363337e6,0.0,0.0,0.0,0.0
5551,3.544298954626899e6,8.95393276204562e6,0.0,0.0,0.0,0.0
5552,3.5368476146268994e6,8.956043417727903e6,0.0,0.0,0.0,0.0
5553,3.5294797746268995e6,8.959434479985952e6,0.0,0.0,0.0,0.0
5554,3.522111934626899e6,8.962825542244002e6,0.0,0.0,0.0,0.0
5555,3.514672594626899e6,8.966601036500588e6,0.0,0.0,0.0,0.0
5556,3.507233254626899e6,8.970376530757174e6,0.0,0.0,0.0,0.0
5557,3.508183254626899e6,8.973629941557683e6,0.0,0.0,0.0,0.0
5558,3.509133254626899e6,8.976883352358194e6,0.0,0.0,0.0,0.0
5559,3.510136254626899e6,8.979908584166024e6,0.0,0.0,0.0,0.0
5560,3.511139254626899e6,8.982933815973856e6,0.0,0.0,0.0,0.0
5561,3.512470254626899e6,8.98576807188564e6,0.0,0.0,0.0,0.0
5562,3.513801254626899e6,8.988602327797424e6,0.0,0.0,0.0,0.0
5563,3.5150177941687745e6,8.988141994672794e6,0.0,0.0,0.0,0.0
5564,3.51623433371065e6,8.987681661548166e6,0.0,0.0,0.0,0.0
5565,3.516441696467771e6,8.984028825238865e6,0.0,0.0,0.0,0.0
5566,3.5166490592248924e6,8.980375988929566e6,0.0,0.0,0.0,0.0
5567,3.5175010592248924e6,8.974560412602698e6,0.0,0.0,0.0,0.0
5568,3.5183530592248924e6,8.96874483627583e6,0.0,0.0,0.0,0.0
5569,3.5188935592248924e6,8.962781067614045e6,0.0,0.0,0.0,0.0
5570,3.5194340592248924e6,8.956817298952257e6,0.0,0.0,0.0,0.0
5571,3.5199225592248924e6,8.952388257608432e6,0.0,0.0,0.0,0.0
5572,3.5204110592248924e6,8.94795921626461e6,0.0,0.0,0.0,0.0
5573,3.5217020592248924e6,8.945120755787749e6,0.0,0.0,0.0,0.0
5574,3.5229930592248924e6,8.94228229531089e6,0.0,0.0,0.0,0.0
5575,3.5245715592248924e6,8.939638671816792e6,0.0,0.0,0.0,0.0
5576,3.5261500592248924e6,8.936995048322696e6,0.0,0.0,0.0,0.0
5577,3.5276210592248924e6,8.9402422586071e6,0.0,0.0,0.0,0.0
5578,3.5290920592248924e6,8.943489468891505e6,0.0,0.0,0.0,0.0
5579,3.5303165592248924e6,8.94762025272093e6,0.0,0.0,0.0,0.0
5580,3.5315410592248924e6,8.951751036550356e6,0.0,0.0,0.0,0.0
5581,3.5328370592248924e6,8.955346715839885e6,0.0,0.0,0.0,0.0
5582,3.5341330592248924e6,8.958942395129412e6,0.0,0.0,0.0,0.0
5583,3.5351490592248924e6,8.961869038731167e6,0.0,0.0,0.0,0.0
5584,3.5361650592248924e6,8.964795682332922e6,0.0,0.0,0.0,0.0
5585,3.537280102956052e6,8.966108700302135e6,0.0,0.0,0.0,0.0
5586,3.538395146687211e6,8.96742171827135e6,0.0,0.0,0.0,0.0
5587,3.5385172773277303e6,8.965021386215344e6,0.0,0.0,0.0,0.0
5588,3.5386394079682496e6,8.962621054159338e6,0.0,0.0,0.0,0.0
5589,3.537643991354593e6,8.96238222478931e6,0.0,0.0,0.0,0.0
5590,3.536648574740936e6,8.962143395419285e6,0.0,0.0,0.0,0.0
5591,3.537344574740936e6,8.956931129309474e6,0.0,0.0,0.0,0.0
5592,3.538040574740936e6,8.951718863199662e6,0.0,0.0,0.0,0.0
5593,3.538550074740936e6,8.945362601868402e6,0.0,0.0,0.0,0.0
5594,3.539059574740936e6,8.939006340537144e6,0.0,0.0,0.0,0.0
5595,3.539496574740936e6,8.932635818018842e6,0.0,0.0,0.0,0.0
5596,3.539933574740936e6,8.92626529550054e6,0.0,0.0,0.0,0.0
5597,3.540561074740936e6,8.921969890067652e6,0.0,0.0,0.0,0.0
5598,3.541188574740936e6,8.917674484634764e6,0.0,0.0,0.0,0.0
5599,3.542237574740936e6,8.91472664700665e6,0.0,0.0,0.0,0.0
5600,3.543286574740936e6,8.911778809378535e6,0.0,0.0,0.0,0.0
5601,3.544390074740936e6,8.916603430960156e6,0.0,0.0,0.0,0.0
5602,3.545493574740936e6,8.921428052541777e6,0.0,0.0,0.0,0.0
5603,3.546585074740936e6,8.92632273995539e6,0.0,0.0,0.0,0.0
5604,3.547676574740936e6,8.931217427369002e6,0.0,0.0,0.0,0.0
5605,3.548569574740936e6,8.93458430761424e6,0.0,0.0,0.0,0.0
5606,3.549462574740936e6,8.93795118785948e6,0.0,0.0,0.0,0.0
5607,3.550419074740936e6,8.940203835360575e6,0.0,0.0,0.0,0.0
5608,3.551375574740936e6,8.942456482861672e6,0.0,0.0,0.0,0.0
5609,3.5513360677450653e6,8.943700998196522e6,0.0,0.0,0.0,0.0
5610,3.551296560749195e6,8.944945513531372e6,0.0,0.0,0.0,0.0
5611,3.551296146292543e6,8.940804696604576e6,0.0,0.0,0.0,0.0
5612,3.551295731835891e6,8.93666387967778e6,0.0,0.0,0.0,0.0
5613,3.551774463969213e6,8.933734619344674e6,0.0,0.0,0.0,0.0
5614,3.5522531961025354e6,8.93080535901157e6,0.0,0.0,0.0,0.0
5615,3.5528091961025354e6,8.925431259431407e6,0.0,0.0,0.0,0.0
5616,3.5533651961025354e6,8.920057159851246e6,0.0,0.0,0.0,0.0
5617,3.5538216961025354e6,8.92086384699656e6,0.0,0.0,0.0,0.0
5618,3.5542781961025354e6,8.921670534141874e6,0.0,0.0,0.0,0.0
5619,3.5544656961025354e6,8.917759353628034e6,0.0,0.0,0.0,0.0
5620,3.5546531961025354e6,8.913848173114194e6,0.0,0.0,0.0,0.0
5621,3.5549376961025354e6,8.91419297869325e6,0.0,0.0,0.0,0.0
5622,3.5552221961025354e6,8.914537784272306e6,0.0,0.0,0.0,0.0
5623,3.5554941961025354e6,8.910630829471545e6,0.0,0.0,0.0,0.0
5624,3.5557661961025354e6,8.906723874670785e6,0.0,0.0,0.0,0.0
5625,3.5562366961025354e6,8.909370874996185e6,0.0,0.0,0.0,0.0
5626,3.5567071961025354e6,8.912017875321586e6,0.0,0.0,0.0,0.0
5627,3.5573321961025354e6,8.914136591674805e6,0.0,0.0,0.0,0.0
5628,3.5579571961025354e6,8.916255308028024e6,0.0,0.0,0.0,0.0
5629,3.5582656961025354e6,8.916977048102694e6,0.0,0.0,0.0,0.0
5630,3.5585741961025354e6,8.917698788177364e6,0.0,0.0,0.0,0.0
5631,3.5588916961025354e6,8.918485013619531e6,0.0,0.0,0.0,0.0
5632,3.5592091961025354e6,8.919271239061696e6,0.0,0.0,0.0,0.0
5633,3.5512988561025355e6,8.92023727947092e6,0.0,0.0,0.0,0.0
5634,3.543388516102535e6,8.921203319880143e6,0.0,0.0,0.0,0.0
5635,3.535484176102535e6,8.923025651563523e6,0.0,0.0,0.0,0.0
5636,3.527579836102535e6,8.924847983246904e6,0.0,0.0,0.0,0.0
5637,3.519751996102535e6,8.92648119918907e6,0.0,0.0,0.0,0.0
5638,3.511924156102535e6,8.928114415131235e6,0.0,0.0,0.0,0.0
5639,3.512469656102535e6,8.929683765757516e6,0.0,0.0,0.0,0.0
5640,3.513015156102535e6,8.931253116383795e6,0.0,0.0,0.0,0.0
5641,3.513141656102535e6,8.932903073719446e6,0.0,0.0,0.0,0.0
5642,3.513268156102535e6,8.934553031055095e6,0.0,0.0,0.0,0.0
5643,3.513364156102535e6,8.935893582637085e6,0.0,0.0,0.0,0.0
5644,3.513460156102535e6,8.937234134219075e6,0.0,0.0,0.0,0.0
5645,3.513689656102535e6,8.938349607066438e6,0.0,0.0,0.0,0.0
5646,3.513919156102535e6,8.939465079913802e6,0.0,0.0,0.0,0.0
5647,3.5056348161025345e6,8.940508626774345e6,0.0,0.0,0.0,0.0
5648,3.4973504761025347e6,8.941552173634885e6,0.0,0.0,0.0,0.0
5649,3.4979899761025347e6,8.942767474791545e6,0.0,0.0,0.0,0.0
5650,3.4986294761025347e6,8.943982775948206e6,0.0,0.0,0.0,0.0
5651,3.4994044761025347e6,8.94474481937756e6,0.0,0.0,0.0,0.0
5652,3.5001794761025347e6,8.945506862806916e6,0.0,0.0,0.0,0.0
5653,3.491754136102535e6,8.946464842545202e6,0.0,0.0,0.0,0.0
5654,3.4833287961025345e6,8.947422822283488e6,0.0,0.0,0.0,0.0
5655,3.4836702961025345e6,8.948520313634146e6,0.0,0.0,0.0,0.0
5656,3.4840117961025345e6,8.949617804984804e6,0.0,0.0,0.0,0.0
5657,3.4846802961025345e6,8.951081746837292e6,0.0,0.0,0.0,0.0
5658,3.4853487961025345e6,8.95254568868978e6,0.0,0.0,0.0,0.0
5659,3.4861507961025345e6,8.955205090047391e6,0.0,0.0,0.0,0.0
5660,3.4869527961025345e6,8.957864491405003e6,0.0,0.0,0.0,0.0
5661,3.4878472961025345e6,8.96030005413121e6,0.0,0.0,0.0,0.0
5662,3.4887417961025345e6,8.962735616857415e6,0.0,0.0,0.0,0.0
5663,3.4891612961025345e6,8.963565245912319e6,0.0,0.0,0.0,0.0
5664,3.4895807961025345e6,8.964394874967223e6,0.0,0.0,0.0,0.0
5665,3.4899337961025345e6,8.965132116332157e6,0.0,0.0,0.0,0.0
5666,3.4902867961025345e6,8.96586935769709e6,0.0,0.0,0.0,0.0
5667,3.4906367961025345e6,8.966634501384497e6,0.0,0.0,0.0,0.0
5668,3.4909867961025345e6,8.967399645071905e6,0.0,0.0,0.0,0.0
5669,3.4918997961025345e6,8.968476054667804e6,0.0,0.0,0.0,0.0
5670,3.4928127961025345e6,8.969552464263704e6,0.0,0.0,0.0,0.0
5671,3.4943307961025345e6,8.970865113523219e6,0.0,0.0,0.0,0.0
5672,3.4958487961025345e6,8.972177762782736e6,0.0,0.0,0.0,0.0
5673,3.4972277961025345e6,8.97394739007922e6,0.0,0.0,0.0,0.0
5674,3.4986067961025345e6,8.975717017375706e6,0.0,0.0,0.0,0.0
5675,3.4996322961025345e6,8.978333635172188e6,0.0,0.0,0.0,0.0
5676,3.5006577961025345e6,8.980950252968673e6,0.0,0.0,0.0,0.0
5677,3.5015482961025345e6,8.982370791208424e6,0.0,0.0,0.0,0.0
5678,3.5024387961025345e6,8.983791329448173e6,0.0,0.0,0.0,0.0
5679,3.5032702961025345e6,8.985227989029797e6,0.0,0.0,0.0,0.0
5680,3.5041017961025345e6,8.98666464861142e6,0.0,0.0,0.0,0.0
5681,3.5048292961025345e6,8.988257561198901e6,0.0,0.0,0.0,0.0
5682,3.5055567961025345e6,8.989850473786382e6,0.0,0.0,0.0,0.0
5683,3.5065287961025345e6,8.994342747704752e6,0.0,0.0,0.0,0.0
5684,3.5075007961025345e6,8.998835021623123e6,0.0,0.0,0.0,0.0
5685,3.5087052961025345e6,9.001790697239667e6,0.0,0.0,0.0,0.0
5686,3.5099097961025345e6,9.00474637285621e6,0.0,0.0,0.0,0.0
5687,3.5105762961025345e6,9.002835883447636e6,0.0,0.0,0.0,0.0
5688,3.5112427961025345e6,9.000925394039059e6,0.0,0.0,0.0,0.0
5689,3.5116672961025345e6,9.001644033855677e6,0.0,0.0,0.0,0.0
5690,3.5120917961025345e6,9.002362673672294e6,0.0,0.0,0.0,0.0
5691,3.5127287961025345e6,9.003099294985618e6,0.0,0.0,0.0,0.0
5692,3.5133657961025345e6,9.00383591629894e6,0.0,0.0,0.0,0.0
5693,3.5142987961025345e6,9.005340781557724e6,0.0,0.0,0.0,0.0
5694,3.5152317961025345e6,9.006845646816507e6,0.0,0.0,0.0,0.0
5695,3.5160987961025345e6,9.00903690920816e6,0.0,0.0,0.0,0.0
5696,3.5169657961025345e6,9.011228171599813e6,0.0,0.0,0.0,0.0
5697,3.5182767961025345e6,9.013896253679972e6,0.0,0.0,0.0,0.0
5698,3.5195877961025345e6,9.01656433576013e6,0.0,0.0,0.0,0.0
5699,3.5206212961025345e6,9.019650952677403e6,0.0,0.0,0.0,0.0
5700,3.5216547961025345e6,9.022737569594678e6,0.0,0.0,0.0,0.0
5701,3.5224997961025345e6,9.024718014438746e6,0.0,0.0,0.0,0.0
5702,3.5233447961025345e6,9.026698459282815e6,0.0,0.0,0.0,0.0
5703,3.5241422961025345e6,9.028264089599432e6,0.0,0.0,0.0,0.0
5704,3.5249397961025345e6,9.02982971991605e6,0.0,0.0,0.0,0.0
5705,3.5263707961025345e6,9.031451774929225e6,0.0,0.0,0.0,0.0
5706,3.5278017961025345e6,9.033073829942401e6,0.0,0.0,0.0,0.0
5707,3.5296172961025345e6,9.036562240303306e6,0.0,0.0,0.0,0.0
5708,3.5314327961025345e6,9.04005065066421e6,0.0,0.0,0.0,0.0
5709,3.5328602961025345e6,9.042271675533168e6,0.0,0.0,0.0,0.0
5710,3.5342877961025345e6,9.044492700402128e6,0.0,0.0,0.0,0.0
5711,3.5350012961025345e6,9.0440526578524e6,0.0,0.0,0.0,0.0
5712,3.5357147961025345e6,9.043612615302674e6,0.0,0.0,0.0,0.0
5713,3.5361292961025345e6,9.038552772337545e6,0.0,0.0,0.0,0.0
5714,3.5365437961025345e6,9.033492929372417e6,0.0,0.0,0.0,0.0
5715,3.5370102961025345e6,9.034246912130835e6,0.0,0.0,0.0,0.0
5716,3.5374767961025345e6,9.035000894889252e6,0.0,0.0,0.0,0.0
5717,3.5382207961025345e6,9.035860286421463e6,0.0,0.0,0.0,0.0
5718,3.5389647961025345e6,9.036719677953672e6,0.0,0.0,0.0,0.0
5719,3.5399897961025345e6,9.038055269122778e6,0.0,0.0,0.0,0.0
5720,3.5410147961025345e6,9.039390860291883e6,0.0,0.0,0.0,0.0
5721,3.5422147961025345e6,9.041009815047007e6,0.0,0.0,0.0,0.0
5722,3.5434147961025345e6,9.042628769802129e6,0.0,0.0,0.0,0.0
5723,3.5447237961025345e6,9.044322130750518e6,0.0,0.0,0.0,0.0
5724,3.5460327961025345e6,9.046015491698906e6,0.0,0.0,0.0,0.0
5725,3.5474877961025345e6,9.047129104391437e6,0.0,0.0,0.0,0.0
5726,3.5489427961025345e6,9.04824271708397e6,0.0,0.0,0.0,0.0
5727,3.5502282961025345e6,9.04935260946684e6,0.0,0.0,0.0,0.0
5728,3.5515137961025345e6,9.050462501849707e6,0.0,0.0,0.0,0.0
5729,3.5527617961025345e6,9.051455204478184e6,0.0,0.0,0.0,0.0
5730,3.5540097961025345e6,9.05244790710666e6,0.0,0.0,0.0,0.0
5731,3.5551017961025345e6,9.054690074304786e6,0.0,0.0,0.0,0.0
5732,3.5561937961025345e6,9.056932241502913e6,0.0,0.0,0.0,0.0
5733,3.5570612961025345e6,9.054685204778401e6,0.0,0.0,0.0,0.0
5734,3.5579287961025345e6,9.05243816805389e6,0.0,0.0,0.0,0.0
5735,3.5586607961025345e6,9.046969820628926e6,0.0,0.0,0.0,0.0
5736,3.5593927961025345e6,9.04150147320396e6,0.0,0.0,0.0,0.0
5737,3.5598897961025345e6,9.04252021800008e6,0.0,0.0,0.0,0.0
5738,3.5603867961025345e6,9.0435389627962e6,0.0,0.0,0.0,0.0
5739,3.5610142961025345e6,9.041583181168627e6,0.0,0.0,0.0,0.0
5740,3.5616417961025345e6,9.039627399541054e6,0.0,0.0,0.0,0.0
5741,3.5629467961025345e6,9.040736671872312e6,0.0,0.0,0.0,0.0
5742,3.5642517961025345e6,9.04184594420357e6,0.0,0.0,0.0,0.0
5743,3.56456432569345e6,9.04271406880166e6,0.0,0.0,0.0,0.0
5744,3.564876855284366e6,9.043582193399752e6,0.0,0.0,0.0,0.0
5745,3.5653722379628583e6,9.045832980746016e6,0.0,0.0,0.0,0.0
5746,3.5658676206413507e6,9.04808376809228e6,0.0,0.0,0.0,0.0
5747,3.566561851849747e6,9.050279990896817e6,0.0,0.0,0.0,0.0
5748,3.5672560830581426e6,9.052476213701354e6,0.0,0.0,0.0,0.0
5749,3.5692050830581426e6,9.053749179657795e6,0.0,0.0,0.0,0.0
5750,3.5711540830581426e6,9.055022145614237e6,0.0,0.0,0.0,0.0
5751,3.5732155830581426e6,9.056030349532977e6,0.0,0.0,0.0,0.0
5752,3.5752770830581426e6,9.057038553451717e6,0.0,0.0,0.0,0.0
5753,3.573927217754555e6,9.059234776256254e6,0.0,0.0,0.0,0.0
5754,3.572577352450967e6,9.061430999060791e6,0.0,0.0,0.0,0.0
5755,3.571145670197687e6,9.066227098268326e6,0.0,0.0,0.0,0.0
5756,3.569713987944407e6,9.071023197475864e6,0.0,0.0,0.0,0.0
5757,3.5648314747138694e6,9.0677665741457e6,0.0,0.0,0.0,0.0
5758,3.559948961483332e6,9.064509950815536e6,0.0,0.0,0.0,0.0
5759,3.560999461483332e6,9.062631139456827e6,0.0,0.0,0.0,0.0
5760,3.562049961483332e6,9.060752328098118e6,0.0,0.0,0.0,0.0
5761,3.562613461483332e6,9.054529377863124e6,0.0,0.0,0.0,0.0
5762,3.563176961483332e6,9.048306427628132e6,0.0,0.0,0.0,0.0
5763,3.563830461483332e6,9.04891550529332e6,0.0,0.0,0.0,0.0
5764,3.564483961483332e6,9.04952458295851e6,0.0,0.0,0.0,0.0
5765,3.5643295436841305e6,9.051513088473516e6,0.0,0.0,0.0,0.0
5766,3.5641751258849297e6,9.053501593988521e6,0.0,0.0,0.0,0.0
5767,3.5620923248589914e6,9.050723650501695e6,0.0,0.0,0.0,0.0
5768,3.5600095238330527e6,9.047945707014868e6,0.0,0.0,0.0,0.0
5769,3.5604126593671413e6,9.048810735181019e6,0.0,0.0,0.0,0.0
5770,3.5608157949012294e6,9.049675763347171e6,0.0,0.0,0.0,0.0
5771,3.561875410320722e6,9.055112995920006e6,0.0,0.0,0.0,0.0
5772,3.5629350257402146e6,9.060550228492843e6,0.0,0.0,0.0,0.0
5773,3.5648060257402146e6,9.064099403911581e6,0.0,0.0,0.0,0.0
5774,3.5666770257402146e6,9.06764857933032e6,0.0,0.0,0.0,0.0
5775,3.5684950257402146e6,9.0699533111667e6,0.0,0.0,0.0,0.0
5776,3.5703130257402146e6,9.072258043003082e6,0.0,0.0,0.0,0.0
5777,3.5691663083620174e6,9.074673021219332e6,0.0,0.0,0.0,0.0
5778,3.56801959098382e6,9.077087999435581e6,0.0,0.0,0.0,0.0
5779,3.5662104862946e6,9.07386733909883e6,0.0,0.0,0.0,0.0
5780,3.5644013816053797e6,9.070646678762076e6,0.0,0.0,0.0,0.0
5781,3.5622476908026896e6,9.069659709252374e6,0.0,0.0,0.0,0.0
5782,3.560094e6,9.068672739742672e6,0.0,0.0,0.0,0.0
5783,3.561269e6,9.067722533269921e6,0.0,0.0,0.0,0.0
5784,3.562444e6,9.06677232679717e6,0.0,0.0,0.0,0.0
5785,3.563012e6,9.067510188213713e6,0.0,0.0,0.0,0.0
5786,3.56358e6,9.068248049630258e6,0.0,0.0,0.0,0.0
5787,3.5640545e6,9.064850549813656e6,0.0,0.0,0.0,0.0
5788,3.564529e6,9.061453049997054e6,0.0,0.0,0.0,0.0
5789,3.565135e6,9.05905472244332e6,0.0,0.0,0.0,0.0
5790,3.565741e6,9.056656394889584e6,0.0,0.0,0.0,0.0
5791,3.5667635e6,9.05358263580598e6,0.0,0.0,0.0,0.0
5792,3.567786e6,9.050508876722377e6,0.0,0.0,0.0,0.0
5793,3.568981e6,9.051610957808558e6,0.0,0.0,0.0,0.0
5794,3.570176e6,9.052713038894739e6,0.0,0.0,0.0,0.0
5795,3.571217e6,9.054411980307622e6,0.0,0.0,0.0,0.0
5796,3.572258e6,9.056110921720505e6,0.0,0.0,0.0,0.0
5797,3.5729465e6,9.05728591952248e6,0.0,0.0,0.0,0.0
5798,3.573635e6,9.058460917324455e6,0.0,0.0,0.0,0.0
5799,3.5745535e6,9.05965637682958e6,0.0,0.0,0.0,0.0
5800,3.575472e6,9.060851836334702e6,0.0,0.0,0.0,0.0
5801,3.5779375e6,9.061934446446706e6,0.0,0.0,0.0,0.0
5802,3.580403e6,9.063017056558711e6,0.0,0.0,0.0,0.0
5803,3.582858e6,9.059393225798562e6,0.0,0.0,0.0,0.0
5804,3.585313e6,9.055769395038411e6,0.0,0.0,0.0,0.0
5805,3.587409e6,9.05802285831093e6,0.0,0.0,0.0,0.0
5806,3.589505e6,9.060276321583452e6,0.0,0.0,0.0,0.0
5807,3.5906845e6,9.060682946140323e6,0.0,0.0,0.0,0.0
5808,3.591864e6,9.061089570697192e6,0.0,0.0,0.0,0.0
5809,3.592547e6,9.057924874423843e6,0.0,0.0,0.0,0.0
5810,3.59323e6,9.054760178150492e6,0.0,0.0,0.0,0.0
5811,3.593734e6,9.055395731051296e6,0.0,0.0,0.0,0.0
5812,3.594238e6,9.056031283952102e6,0.0,0.0,0.0,0.0
5813,3.5947485e6,9.054774273982443e6,0.0,0.0,0.0,0.0
5814,3.595259e6,9.053517264012786e6,0.0,0.0,0.0,0.0
5815,3.595834e6,9.052317815535719e6,0.0,0.0,0.0,0.0
5816,3.596409e6,9.051118367058652e6,0.0,0.0,0.0,0.0
5817,3.597204e6,9.052533324833907e6,0.0,0.0,0.0,0.0
5818,3.597999e6,9.053948282609161e6,0.0,0.0,0.0,0.0
5819,3.5989995e6,9.055214427997887e6,0.0,0.0,0.0,0.0
5820,3.6e6,9.056480573386611e6,0.0,0.0,0.0,0.0
5821,3.593190354600828e6,9.057686573769115e6,0.0,0.0,0.0,0.0
5822,3.5863807092016563e6,9.058892574151617e6,0.0,0.0,0.0,0.0
5823,3.5870722092016563e6,9.0603620964686e6,0.0,0.0,0.0,0.0
5824,3.5877637092016563e6,9.061831618785582e6,0.0,0.0,0.0,0.0
5825,3.5890312092016563e6,9.063296180689681e6,0.0,0.0,0.0,0.0
5826,3.5902987092016563e6,9.064760742593778e6,0.0,0.0,0.0,0.0
5827,3.5917352092016563e6,9.062641180012014e6,0.0,0.0,0.0,0.0
5828,3.5931717092016563e6,9.06052161743025e6,0.0,0.0,0.0,0.0
5829,3.593824854600828e6,9.06160440359623e6,0.0,0.0,0.0,0.0
5830,3.594478e6,9.062687189762212e6,0.0,0.0,0.0,0.0
5831,3.595603e6,9.061931720662069e6,0.0,0.0,0.0,0.0
5832,3.596728e6,9.061176251561925e6,0.0,0.0,0.0,0.0
5833,3.5976305e6,9.06120664127849e6,0.0,0.0,0.0,0.0
5834,3.598533e6,9.061237030995056e6,0.0,0.0,0.0,0.0
5835,3.5992665e6,9.05502338153422e6,0.0,0.0,0.0,0.0
5836,3.6e6,9.048809732073385e6,0.0,0.0,0.0,0.0
5837,3.593493654660767e6,9.0505340956023e6,0.0,0.0,0.0,0.0
5838,3.586987309321534e6,9.052258459131215e6,0.0,0.0,0.0,0.0
5839,3.586734437676818e6,9.04899129492367e6,0.0,0.0,0.0,0.0
5840,3.586481566032102e6,9.045724130716128e6,0.0,0.0,0.0,0.0
5841,3.588394283016051e6,9.046458841334876e6,0.0,0.0,0.0,0.0
5842,3.590307e6,9.047193551953625e6,0.0,0.0,0.0,0.0
5843,3.5929805e6,9.05289306635772e6,0.0,0.0,0.0,0.0
5844,3.595654e6,9.058592580761814e6,0.0,0.0,0.0,0.0
5845,3.597827e6,9.063797293980697e6,0.0,0.0,0.0,0.0
5846,3.6e6,9.06900200719958e6,0.0,0.0,0.0,0.0
5847,3.6e6,9.072948635700675e6,0.0,0.0,0.0,0.0
5848,3.6e6,9.07689526420177e6,0.0,0.0,0.0,0.0
5849,3.5995831595831215e6,9.080001600953126e6,0.0,0.0,0.0,0.0
5850,3.599166319166243e6,9.083107937704483e6,0.0,0.0,0.0,0.0
5851,3.5995831595831215e6,9.080123517031346e6,0.0,0.0,0.0,0.0
5852,3.6e6,9.07713909635821e6,0.0,0.0,0.0,0.0
5853,3.5988455e6,9.073375270810623e6,0.0,0.0,0.0,0.0
5854,3.597691e6,9.069611445263036e6,0.0,0.0,0.0,0.0
5855,3.598366e6,9.068766126092283e6,0.0,0.0,0.0,0.0
5856,3.599041e6,9.06792080692153e6,0.0,0.0,0.0,0.0
5857,3.599318e6,9.06239975510967e6,0.0,0.0,0.0,0.0
5858,3.599595e6,9.056878703297809e6,0.0,0.0,0.0,0.0
5859,3.5997975e6,9.055596491117265e6,0.0,0.0,0.0,0.0
5860,3.6e6,9.05431427893672e6,0.0,0.0,0.0,0.0
5861,3.6e6,9.056398892451359e6,0.0,0.0,0.0,0.0
5862,3.6e6,9.058483505965998e6,0.0,0.0,0.0,0.0
5863,3.5981165e6,9.061377906884003e6,0.0,0.0,0.0,0.0
5864,3.596233e6,9.06427230780201e6,0.0,0.0,0.0,0.0
5865,3.5981165e6,9.068103606703544e6,0.0,0.0,0.0,0.0
5866,3.6e6,9.071934905605078e6,0.0,0.0,0.0,0.0
5867,3.6e6,9.07564901475222e6,0.0,0.0,0.0,0.0
5868,3.6e6,9.079363123899361e6,0.0,0.0,0.0,0.0
5869,3.5985325e6,9.082254424559314e6,0.0,0.0,0.0,0.0
5870,3.597065e6,9.085145725219268e6,0.0,0.0,0.0,0.0
5871,3.5985325e6,9.08766685506773e6,0.0,0.0,0.0,0.0
5872,3.6e6,9.09018798491619e6,0.0,0.0,0.0,0.0
5873,3.5982983246447574e6,9.09230732132102e6,0.0,0.0,0.0,0.0
5874,3.5965966492895153e6,9.09442665772585e6,0.0,0.0,0.0,0.0
5875,3.5942942856543884e6,9.09804589897658e6,0.0,0.0,0.0,0.0
5876,3.591991922019261e6,9.101665140227308e6,0.0,0.0,0.0,0.0
5877,3.589654714453722e6,9.103552577329796e6,0.0,0.0,0.0,0.0
5878,3.587317506888183e6,9.105440014432283e6,0.0,0.0,0.0,0.0
5879,3.587935006888183e6,9.106381872828696e6,0.0,0.0,0.0,0.0
5880,3.588552506888183e6,9.107323731225107e6,0.0,0.0,0.0,0.0
5881,3.588897006888183e6,9.102837565818978e6,0.0,0.0,0.0,0.0
5882,3.589241506888183e6,9.09835140041285e6,0.0,0.0,0.0,0.0
5883,3.589602006888183e6,9.095782344086591e6,0.0,0.0,0.0,0.0
5884,3.589962506888183e6,9.09321328776033e6,0.0,0.0,0.0,0.0
5885,3.588664759764293e6,9.093056945071466e6,0.0,0.0,0.0,0.0
5886,3.587367012640403e6,9.092900602382604e6,0.0,0.0,0.0,0.0
5887,3.5844605293918247e6,9.095163594144113e6,0.0,0.0,0.0,0.0
5888,3.5815540461432463e6,9.097426585905625e6,0.0,0.0,0.0,0.0
5889,3.580657998455295e6,9.10183143254691e6,0.0,0.0,0.0,0.0
5890,3.5797619507673434e6,9.106236279188193e6,0.0,0.0,0.0,0.0
5891,3.580021922222224e6,9.110698790629258e6,0.0,0.0,0.0,0.0
5892,3.580281893677105e6,9.115161302070323e6,0.0,0.0,0.0,0.0
5893,3.581282393677105e6,9.117874647918053e6,0.0,0.0,0.0,0.0
5894,3.582282893677105e6,9.12058799376578e6,0.0,0.0,0.0,0.0
5895,3.583249893677105e6,9.122255312546525e6,0.0,0.0,0.0,0.0
5896,3.584216893677105e6,9.123922631327271e6,0.0,0.0,0.0,0.0
5897,3.582033845652363e6,9.125118090832394e6,0.0,0.0,0.0,0.0
5898,3.5798507976276204e6,9.126313550337518e6,0.0,0.0,0.0,0.0
5899,3.577767743466301e6,9.12893344890953e6,0.0,0.0,0.0,0.0
5900,3.575684689304981e6,9.131553347481543e6,0.0,0.0,0.0,0.0
5901,3.5732106890110234e6,9.128392203833003e6,0.0,0.0,0.0,0.0
5902,3.5707366887170654e6,9.125231060184462e6,0.0,0.0,0.0,0.0
5903,3.5714656887170654e6,9.11998226737133e6,0.0,0.0,0.0,0.0
5904,3.5721946887170654e6,9.1147334745582e6,0.0,0.0,0.0,0.0
5905,3.5726251887170654e6,9.111235681048648e6,0.0,0.0,0.0,0.0
5906,3.5730556887170654e6,9.107737887539096e6,0.0,0.0,0.0,0.0
5907,3.5736251887170654e6,9.106179640273515e6,0.0,0.0,0.0,0.0
5908,3.5741946887170654e6,9.104621393007932e6,0.0,0.0,0.0,0.0
5909,3.57359856587742e6,9.105705243223159e6,0.0,0.0,0.0,0.0
5910,3.573002443037774e6,9.106789093438385e6,0.0,0.0,0.0,0.0
5911,3.5706002900509173e6,9.109217551490415e6,0.0,0.0,0.0,0.0
5912,3.5681981370640607e6,9.111646009542443e6,0.0,0.0,0.0,0.0
5913,3.568316649220899e6,9.115282612238267e6,0.0,0.0,0.0,0.0
5914,3.5684351613777378e6,9.118919214934092e6,0.0,0.0,0.0,0.0
5915,3.570263834148214e6,9.122643244907003e6,0.0,0.0,0.0,0.0
5916,3.572092506918691e6,9.126367274879914e6,0.0,0.0,0.0,0.0
5917,3.573359506918691e6,9.12843762720751e6,0.0,0.0,0.0,0.0
5918,3.574626506918691e6,9.130507979535108e6,0.0,0.0,0.0,0.0
5919,3.576009506918691e6,9.132125694187012e6,0.0,0.0,0.0,0.0
5920,3.577392506918691e6,9.133743408838913e6,0.0,0.0,0.0,0.0
5921,3.576646922847493e6,9.134996533143817e6,0.0,0.0,0.0,0.0
5922,3.575901338776295e6,9.13624965744872e6,0.0,0.0,0.0,0.0
5923,3.5695640632675393e6,9.135027743376506e6,0.0,0.0,0.0,0.0
5924,3.563226787758783e6,9.133805829304293e6,0.0,0.0,0.0,0.0
5925,3.5555809477587827e6,9.128221532228157e6,0.0,0.0,0.0,0.0
5926,3.547935107758783e6,9.122637235152021e6,0.0,0.0,0.0,0.0
5927,3.5486366426272495e6,9.116403744039647e6,0.0,0.0,0.0,0.0
5928,3.549338177495716e6,9.110170252927275e6,0.0,0.0,0.0,0.0
5929,3.549818677495716e6,9.106548406611878e6,0.0,0.0,0.0,0.0
5930,3.550299177495716e6,9.102926560296481e6,0.0,0.0,0.0,0.0
5931,3.550744177495716e6,9.100609473149288e6,0.0,0.0,0.0,0.0
5932,3.551189177495716e6,9.098292386002095e6,0.0,0.0,0.0,0.0
5933,3.5500620860264283e6,9.097593059817497e6,0.0,0.0,0.0,0.0
5934,3.548934994557141e6,9.0968937336329e6,0.0,0.0,0.0,0.0
5935,3.5458484876680826e6,9.096063502362326e6,0.0,0.0,0.0,0.0
5936,3.5427619807790243e6,9.09523327109175e6,0.0,0.0,0.0,0.0
5937,3.542238973571002e6,9.098629913814295e6,0.0,0.0,0.0,0.0
5938,3.5417159663629797e6,9.102026556536838e6,0.0,0.0,0.0,0.0
5939,3.542274149274191e6,9.106309873062458e6,0.0,0.0,0.0,0.0
5940,3.5428323321854025e6,9.110593189588076e6,0.0,0.0,0.0,0.0
5941,3.5441008321854025e6,9.113499371486682e6,0.0,0.0,0.0,0.0
5942,3.5453693321854025e6,9.11640555338529e6,0.0,0.0,0.0,0.0
5943,3.5472783321854025e6,9.11816153954634e6,0.0,0.0,0.0,0.0
5944,3.5491873321854025e6,9.119917525707394e6,0.0,0.0,0.0,0.0
5945,3.5495308220503917e6,9.121179950786456e6,0.0,0.0,0.0,0.0
5946,3.5498743119153813e6,9.122442375865517e6,0.0,0.0,0.0,0.0
5947,3.5491006330327736e6,9.119916241338525e6,0.0,0.0,0.0,0.0
5948,3.5483269541501654e6,9.117390106811533e6,0.0,0.0,0.0,0.0
5949,3.54729998508692e6,9.111683039516509e6,0.0,0.0,0.0,0.0
5950,3.546273016023675e6,9.105975972221486e6,0.0,0.0,0.0,0.0
5951,3.547144016023675e6,9.100236042191105e6,0.0,0.0,0.0,0.0
5952,3.548015016023675e6,9.094496112160724e6,0.0,0.0,0.0,0.0
5953,3.548682016023675e6,9.091147018494252e6,0.0,0.0,0.0,0.0
5954,3.549349016023675e6,9.08779792482778e6,0.0,0.0,0.0,0.0
5955,3.549470516023675e6,9.086187039668206e6,0.0,0.0,0.0,0.0
5956,3.549592016023675e6,9.08457615450863e6,0.0,0.0,0.0,0.0
5957,3.549898016023675e6,9.085426865318293e6,0.0,0.0,0.0,0.0
5958,3.550204016023675e6,9.086277576127956e6,0.0,0.0,0.0,0.0
5959,3.551340516023675e6,9.087593325645525e6,0.0,0.0,0.0,0.0
5960,3.552477016023675e6,9.088909075163092e6,0.0,0.0,0.0,0.0
5961,3.553877516023675e6,9.091158002354525e6,0.0,0.0,0.0,0.0
5962,3.555278016023675e6,9.093406929545958e6,0.0,0.0,0.0,0.0
5963,3.556352016023675e6,9.09653757012758e6,0.0,0.0,0.0,0.0
5964,3.557426016023675e6,9.099668210709203e6,0.0,0.0,0.0,0.0
5965,3.557929016023675e6,9.102144076790094e6,0.0,0.0,0.0,0.0
5966,3.558432016023675e6,9.104619942870986e6,0.0,0.0,0.0,0.0
5967,3.558865016023675e6,9.106354227225669e6,0.0,0.0,0.0,0.0
5968,3.559298016023675e6,9.108088511580354e6,0.0,0.0,0.0,0.0
5969,3.560240016023675e6,9.110001990850484e6,0.0,0.0,0.0,0.0
5970,3.561182016023675e6,9.111915470120614e6,0.0,0.0,0.0,0.0
5971,3.562482516023675e6,9.109216893239938e6,0.0,0.0,0.0,0.0
5972,3.563783016023675e6,9.106518316359261e6,0.0,0.0,0.0,0.0
5973,3.565061516023675e6,9.102295652619874e6,0.0,0.0,0.0,0.0
5974,3.566340016023675e6,9.098072988880487e6,0.0,0.0,0.0,0.0
5975,3.567095516023675e6,9.092021172890004e6,0.0,0.0,0.0,0.0
5976,3.567851016023675e6,9.085969356899519e6,0.0,0.0,0.0,0.0
5977,3.568403516023675e6,9.086711558677336e6,0.0,0.0,0.0,0.0
5978,3.568956016023675e6,9.087453760455154e6,0.0,0.0,0.0,0.0
5979,3.569137516023675e6,9.08813829743319e6,0.0,0.0,0.0,0.0
5980,3.569319016023675e6,9.088822834411228e6,0.0,0.0,0.0,0.0
5981,3.569418516023675e6,9.089620840833995e6,0.0,0.0,0.0,0.0
5982,3.569518016023675e6,9.090418847256761e6,0.0,0.0,0.0,0.0
5983,3.570076016023675e6,9.091373106685385e6,0.0,0.0,0.0,0.0
5984,3.570634016023675e6,9.092327366114007e6,0.0,0.0,0.0,0.0
5985,3.571610016023675e6,9.093530886290068e6,0.0,0.0,0.0,0.0
5986,3.572586016023675e6,9.094734406466128e6,0.0,0.0,0.0,0.0
5987,3.573516516023675e6,9.096014192990284e6,0.0,0.0,0.0,0.0
5988,3.574447016023675e6,9.097293979514442e6,0.0,0.0,0.0,0.0
5989,3.574708016023675e6,9.098270560801044e6,0.0,0.0,0.0,0.0
5990,3.574969016023675e6,9.099247142087648e6,0.0,0.0,0.0,0.0
5991,3.575269516023675e6,9.100195821051776e6,0.0,0.0,0.0,0.0
5992,3.575570016023675e6,9.101144500015903e6,0.0,0.0,0.0,0.0
5993,3.576616516023675e6,9.102463969843134e6,0.0,0.0,0.0,0.0
5994,3.577663016023675e6,9.103783439670367e6,0.0,0.0,0.0,0.0
5995,3.578906516023675e6,9.100399085708432e6,0.0,0.0,0.0,0.0
5996,3.580150016023675e6,9.097014731746497e6,0.0,0.0,0.0,0.0
5997,3.581367016023675e6,9.092658136859233e6,0.0,0.0,0.0,0.0
5998,3.582584016023675e6,9.088301541971968e6,0.0,0.0,0.0,0.0
5999,3.583287516023675e6,9.082172219530167e6,0.0,0.0,0.0,0.0
6000,3.583991016023675e6,9.076042897088366e6,0.0,0.0,0.0,0.0
6001,3.584951016023675e6,9.069671134466842e6,0.0,0.0,0.0,0.0
6002,3.585911016023675e6,9.06329937184532e6,0.0,0.0,0.0,0.0
6003,3.586971516023675e6,9.064062035326285e6,0.0,0.0,0.0,0.0
6004,3.588032016023675e6,9.06482469880725e6,0.0,0.0,0.0,0.0
6005,3.5878643177915197e6,9.06128131174849e6,0.0,0.0,0.0,0.0
6006,3.587696619559365e6,9.05773792468973e6,0.0,0.0,0.0,0.0
6007,3.5852160692286743e6,9.06072843360737e6,0.0,0.0,0.0,0.0
6008,3.5827355188979832e6,9.06371894252501e6,0.0,0.0,0.0,0.0
6009,3.5843615188979832e6,9.062333516490249e6,0.0,0.0,0.0,0.0
6010,3.5859875188979832e6,9.060948090455487e6,0.0,0.0,0.0,0.0
6011,3.5873895188979832e6,9.063654843500637e6,0.0,0.0,0.0,0.0
6012,3.5887915188979832e6,9.066361596545788e6,0.0,0.0,0.0,0.0
6013,3.5898480188979832e6,9.06964352972038e6,0.0,0.0,0.0,0.0
6014,3.5909045188979832e6,9.072925462894976e6,0.0,0.0,0.0,0.0
6015,3.5919895188979832e6,9.075950074651197e6,0.0,0.0,0.0,0.0
6016,3.5930745188979832e6,9.078974686407415e6,0.0,0.0,0.0,0.0
6017,3.5931836978531615e6,9.077782523991667e6,0.0,0.0,0.0,0.0
6018,3.5932928768083397e6,9.07659036157592e6,0.0,0.0,0.0,0.0
6019,3.5932334988104287e6,9.07361462162533e6,0.0,0.0,0.0,0.0
6020,3.5931741208125176e6,9.070638881674742e6,0.0,0.0,0.0,0.0
6021,3.5931240384861636e6,9.065654174506001e6,0.0,0.0,0.0,0.0
6022,3.5930739561598096e6,9.060669467337258e6,0.0,0.0,0.0,0.0
6023,3.5941394561598096e6,9.054838389720127e6,0.0,0.0,0.0,0.0
6024,3.5952049561598096e6,9.049007312102996e6,0.0,0.0,0.0,0.0
6025,3.5960054561598096e6,9.042860628216099e6,0.0,0.0,0.0,0.0
6026,3.5968059561598096e6,9.036713944329202e6,0.0,0.0,0.0,0.0
6027,3.5976949561598096e6,9.030377524649478e6,0.0,0.0,0.0,0.0
6028,3.5985839561598096e6,9.024041104969757e6,0.0,0.0,0.0,0.0
6029,3.599291978079905e6,9.019642094011735e6,0.0,0.0,0.0,0.0
6030,3.6e6,9.015243083053716e6,0.0,0.0,0.0,0.0
6031,3.59521880859509e6,9.012570594214179e6,0.0,0.0,0.0,0.0
6032,3.590437617190181e6,9.009898105374642e6,0.0,0.0,0.0,0.0
6033,3.59127380859509e6,9.013701736838527e6,0.0,0.0,0.0,0.0
6034,3.59211e6,9.017505368302414e6,0.0,0.0,0.0,0.0
6035,3.5934225e6,9.021583447744943e6,0.0,0.0,0.0,0.0
6036,3.594735e6,9.025661527187474e6,0.0,0.0,0.0,0.0
6037,3.596102e6,9.027932776236886e6,0.0,0.0,0.0,0.0
6038,3.597469e6,9.030204025286298e6,0.0,0.0,0.0,0.0
6039,3.5987345e6,9.032116264453206e6,0.0,0.0,0.0,0.0
6040,3.6e6,9.034028503620116e6,0.0,0.0,0.0,0.0
6041,3.5974734896889394e6,9.035971020941433e6,0.0,0.0,0.0,0.0
6042,3.5949469793778784e6,9.037913538262747e6,0.0,0.0,0.0,0.0
6043,3.5952365723303137e6,9.034955159757253e6,0.0,0.0,0.0,0.0
6044,3.5955261652827486e6,9.03199678125176e6,0.0,0.0,0.0,0.0
6045,3.5968510826413743e6,9.028454209078087e6,0.0,0.0,0.0,0.0
6046,3.598176e6,9.024911636904413e6,0.0,0.0,0.0,0.0
6047,3.599088e6,9.021922394725896e6,0.0,0.0,0.0,0.0
6048,3.6e6,9.01893315254738e6,0.0,0.0,0.0,0.0
6049,3.6e6,9.012681679938301e6,0.0,0.0,0.0,0.0
6050,3.6e6,9.006430207329223e6,0.0,0.0,0.0,0.0
6051,3.6e6,9.00015083239767e6,0.0,0.0,0.0,0.0
6052,3.6e6,8.993871457466118e6,0.0,0.0,0.0,0.0
6053,3.5965672802411746e6,8.989851534451243e6,0.0,0.0,0.0,0.0
6054,3.593134560482349e6,8.985831611436367e6,0.0,0.0,0.0,0.0
6055,3.5906372301041763e6,8.985017877271216e6,0.0,0.0,0.0,0.0
6056,3.5881398997260034e6,8.984204143106064e6,0.0,0.0,0.0,0.0
6057,3.589653949369713e6,8.988062724278461e6,0.0,0.0,0.0,0.0
6058,3.591167999013423e6,8.99192130545086e6,0.0,0.0,0.0,0.0
6059,3.592517499013423e6,8.995719741617035e6,0.0,0.0,0.0,0.0
6060,3.593866999013423e6,8.999518177783212e6,0.0,0.0,0.0,0.0
6061,3.595134999013423e6,9.00144157787911e6,0.0,0.0,0.0,0.0
6062,3.596402999013423e6,9.003364977975009e6,0.0,0.0,0.0,0.0
6063,3.597605499013423e6,9.005550659902167e6,0.0,0.0,0.0,0.0
6064,3.598807999013423e6,9.007736341829324e6,0.0,0.0,0.0,0.0
6065,3.5965608328351434e6,9.010651824502088e6,0.0,0.0,0.0,0.0
6066,3.5943136666568643e6,9.013567307174854e6,0.0,0.0,0.0,0.0
6067,3.5937046383124553e6,9.013234857375128e6,0.0,0.0,0.0,0.0
6068,3.593095609968046e6,9.012902407575402e6,0.0,0.0,0.0,0.0
6069,3.5936429578990485e6,9.008780812248534e6,0.0,0.0,0.0,0.0
6070,3.5941903058300507e6,9.004659216921665e6,0.0,0.0,0.0,0.0
6071,3.5951073058300507e6,8.999117083355047e6,0.0,0.0,0.0,0.0
6072,3.5960243058300507e6,8.993574949788427e6,0.0,0.0,0.0,0.0
6073,3.5969803058300507e6,8.987319136818074e6,0.0,0.0,0.0,0.0
6074,3.5979363058300507e6,8.981063323847722e6,0.0,0.0,0.0,0.0
6075,3.5989168058300507e6,8.9747386851486e6,0.0,0.0,0.0,0.0
6076,3.5998973058300507e6,8.968414046449479e6,0.0,0.0,0.0,0.0
6077,3.599948652915025e6,8.964656016065013e6,0.0,0.0,0.0,0.0
6078,3.6e6,8.960897985680545e6,0.0,0.0,0.0,0.0
6079,3.596514952862202e6,8.9584424690312e6,0.0,0.0,0.0,0.0
6080,3.5930299057244044e6,8.955986952381855e6,0.0,0.0,0.0,0.0
6081,3.5923909960813755e6,8.954217500924706e6,0.0,0.0,0.0,0.0
6082,3.5917520864383467e6,8.952448049467558e6,0.0,0.0,0.0,0.0
6083,3.593024616455932e6,8.95671400454808e6,0.0,0.0,0.0,0.0
6084,3.594297146473517e6,8.960979959628604e6,0.0,0.0,0.0,0.0
6085,3.595124639060178e6,8.963528991799539e6,0.0,0.0,0.0,0.0
6086,3.5959521316468385e6,8.966078023970474e6,0.0,0.0,0.0,0.0
6087,3.5960700748312497e6,8.96817193825927e6,0.0,0.0,0.0,0.0
6088,3.596188018015661e6,8.970265852548068e6,0.0,0.0,0.0,0.0
6089,3.5935183655713536e6,8.969722279279899e6,0.0,0.0,0.0,0.0
6090,3.5908487131270464e6,8.969178706011731e6,0.0,0.0,0.0,0.0
6091,3.5899563632237455e6,8.96656755640814e6,0.0,0.0,0.0,0.0
6092,3.589064013320445e6,8.96395640680455e6,0.0,0.0,0.0,0.0
6093,3.5889769188036025e6,8.959062847222557e6,0.0,0.0,0.0,0.0
6094,3.5888898242867594e6,8.954169287640564e6,0.0,0.0,0.0,0.0
6095,3.5898823242867594e6,8.948557708293565e6,0.0,0.0,0.0,0.0
6096,3.5908748242867594e6,8.942946128946565e6,0.0,0.0,0.0,0.0
6097,3.5916848242867594e6,8.936831067691807e6,0.0,0.0,0.0,0.0
6098,3.5924948242867594e6,8.930716006437046e6,0.0,0.0,0.0,0.0
6099,3.5934058242867594e6,8.924657989930458e6,0.0,0.0,0.0,0.0
6100,3.5943168242867594e6,8.918599973423868e6,0.0,0.0,0.0,0.0
6101,3.592529886646491e6,8.914007138872989e6,0.0,0.0,0.0,0.0
6102,3.5907429490062227e6,8.909414304322107e6,0.0,0.0,0.0,0.0
6103,3.586891545816484e6,8.905933842360537e6,0.0,0.0,0.0,0.0
6104,3.583040142626745e6,8.902453380398968e6,0.0,0.0,0.0,0.0
6105,3.5815086237286255e6,8.90102140738039e6,0.0,0.0,0.0,0.0
6106,3.5799771048305053e6,8.899589434361814e6,0.0,0.0,0.0,0.0
6107,3.5810463692246643e6,8.902322001809468e6,0.0,0.0,0.0,0.0
6108,3.5821156336188233e6,8.905054569257123e6,0.0,0.0,0.0,0.0
6109,3.583284820822858e6,8.905758947886698e6,0.0,0.0,0.0,0.0
6110,3.5844540080268923e6,8.906463326516273e6,0.0,0.0,0.0,0.0
6111,3.585193396816604e6,8.90697734930141e6,0.0,0.0,0.0,0.0
6112,3.585932785606315e6,8.90749137208655e6,0.0,0.0,0.0,0.0
6113,3.5835723982530916e6,8.90807856096173e6,0.0,0.0,0.0,0.0
6114,3.581212010899869e6,8.908665749836914e6,0.0,0.0,0.0,0.0
6115,3.5786339625303e6,8.903875118822271e6,0.0,0.0,0.0,0.0
6116,3.5760559141607312e6,8.899084487807628e6,0.0,0.0,0.0,0.0
6117,3.575217409630019e6,8.893629161466485e6,0.0,0.0,0.0,0.0
6118,3.5743789050993067e6,8.888173835125342e6,0.0,0.0,0.0,0.0
6119,3.5754604050993067e6,8.882007309586909e6,0.0,0.0,0.0,0.0
6120,3.5765419050993067e6,8.875840784048473e6,0.0,0.0,0.0,0.0
6121,3.5773014050993067e6,8.869522965917068e6,0.0,0.0,0.0,0.0
6122,3.5780609050993067e6,8.863205147785662e6,0.0,0.0,0.0,0.0
6123,3.5789149050993067e6,8.863817138725266e6,0.0,0.0,0.0,0.0
6124,3.5797689050993067e6,8.86442912966487e6,0.0,0.0,0.0,0.0
6125,3.5810124050993067e6,8.862040998325262e6,0.0,0.0,0.0,0.0
6126,3.5822559050993067e6,8.859652866985653e6,0.0,0.0,0.0,0.0
6127,3.5839334050993067e6,8.855381218094226e6,0.0,0.0,0.0,0.0
6128,3.5856109050993067e6,8.851109569202797e6,0.0,0.0,0.0,0.0
6129,3.5872754050993067e6,8.854911105627026e6,0.0,0.0,0.0,0.0
6130,3.5889399050993067e6,8.858712642051253e6,0.0,0.0,0.0,0.0
6131,3.5909004050993067e6,8.862265537779655e6,0.0,0.0,0.0,0.0
6132,3.5928609050993067e6,8.865818433508055e6,0.0,0.0,0.0,0.0
6133,3.5943404050993067e6,8.867157124935213e6,0.0,0.0,0.0,0.0
6134,3.5958199050993067e6,8.868495816362372e6,0.0,0.0,0.0,0.0
6135,3.5974999050993067e6,8.86925971994656e6,0.0,0.0,0.0,0.0
6136,3.5991799050993067e6,8.870023623530746e6,0.0,0.0,0.0,0.0
6137,3.5970490756964665e6,8.871089492249265e6,0.0,0.0,0.0,0.0
6138,3.5949182462936263e6,8.872155360967787e6,0.0,0.0,0.0,0.0
6139,3.5965912462936263e6,8.868737524218883e6,0.0,0.0,0.0,0.0
6140,3.5982642462936263e6,8.865319687469978e6,0.0,0.0,0.0,0.0
6141,3.5991321231468134e6,8.864803432095138e6,0.0,0.0,0.0,0.0
6142,3.6e6,8.864287176720299e6,0.0,0.0,0.0,0.0
6143,3.6e6,8.865893110391602e6,0.0,0.0,0.0,0.0
6144,3.6e6,8.867499044062903e6,0.0,0.0,0.0,0.0
6145,3.6e6,8.86516572310874e6,0.0,0.0,0.0,0.0
6146,3.6e6,8.862832402154578e6,0.0,0.0,0.0,0.0
6147,3.6e6,8.863696134048061e6,0.0,0.0,0.0,0.0
6148,3.6e6,8.864559865941545e6,0.0,0.0,0.0,0.0
6149,3.59970318e6,8.865467621499378e6,0.0,0.0,0.0,0.0
6150,3.5994063600000003e6,8.86637537705721e6,0.0,0.0,0.0,0.0
6151,3.5917780200000005e6,8.867402802575875e6,0.0,0.0,0.0,0.0
6152,3.58414968e6,8.868430228094542e6,0.0,0.0,0.0,0.0
6153,3.57672734e6,8.869373946645785e6,0.0,0.0,0.0,0.0
6154,3.569305e6,8.87031766519703e6,0.0,0.0,0.0,0.0
6155,3.5704435e6,8.871400275309034e6,0.0,0.0,0.0,0.0
6156,3.571582e6,8.87248288542104e6,0.0,0.0,0.0,0.0
6157,3.572492e6,8.873495429701053e6,0.0,0.0,0.0,0.0
6158,3.573402e6,8.874507973981068e6,0.0,0.0,0.0,0.0
6159,3.5741215e6,8.875275597874917e6,0.0,0.0,0.0,0.0
6160,3.574841e6,8.876043221768767e6,0.0,0.0,0.0,0.0
6161,3.576371e6,8.877243021635164e6,0.0,0.0,0.0,0.0
6162,3.577901e6,8.87844282150156e6,0.0,0.0,0.0,0.0
6163,3.5803015e6,8.881402947890285e6,0.0,0.0,0.0,0.0
6164,3.582702e6,8.884363074279008e6,0.0,0.0,0.0,0.0
6165,3.5848405e6,8.88683956041151e6,0.0,0.0,0.0,0.0
6166,3.586979e6,8.889316046544012e6,0.0,0.0,0.0,0.0
6167,3.587744e6,8.890109712605504e6,0.0,0.0,0.0,0.0
6168,3.588509e6,8.890903378666997e6,0.0,0.0,0.0,0.0
6169,3.589108e6,8.891602176832076e6,0.0,0.0,0.0,0.0
6170,3.589707e6,8.892300974997157e6,0.0,0.0,0.0,0.0
6171,3.5902995e6,8.892937768001184e6,0.0,0.0,0.0,0.0
6172,3.590892e6,8.893574561005209e6,0.0,0.0,0.0,0.0
6173,3.592034e6,8.895532683991298e6,0.0,0.0,0.0,0.0
6174,3.593176e6,8.897490806977388e6,0.0,0.0,0.0,0.0
6175,3.5947585e6,8.901008359763987e6,0.0,0.0,0.0,0.0
6176,3.596341e6,8.904525912550587e6,0.0,0.0,0.0,0.0
6177,3.5981705e6,8.907908914137699e6,0.0,0.0,0.0,0.0
6178,3.6e6,8.911291915724812e6,0.0,0.0,0.0,0.0
6179,3.6e6,8.914323968100358e6,0.0,0.0,0.0,0.0
6180,3.6e6,8.917356020475905e6,0.0,0.0,0.0,0.0
6181,3.6e6,8.918858405528247e6,0.0,0.0,0.0,0.0
6182,3.6e6,8.920360790580587e6,0.0,0.0,0.0,0.0
6183,3.6e6,8.92137209475738e6,0.0,0.0,0.0,0.0
6184,3.6e6,8.922383398934172e6,0.0,0.0,0.0,0.0
6185,3.5963205e6,8.925055821375605e6,0.0,0.0,0.0,0.0
6186,3.592641e6,8.927728243817037e6,0.0,0.0,0.0,0.0
6187,3.593915e6,8.932833748778233e6,0.0,0.0,0.0,0.0
6188,3.595189e6,8.93793925373943e6,0.0,0.0,0.0,0.0
6189,3.5962335e6,8.938042800168902e6,0.0,0.0,0.0,0.0
6190,3.597278e6,8.938146346598376e6,0.0,0.0,0.0,0.0
6191,3.598078e6,8.939546091636699e6,0.0,0.0,0.0,0.0
6192,3.598878e6,8.94094583667502e6,0.0,0.0,0.0,0.0
6193,3.599439e6,8.942074950657815e6,0.0,0.0,0.0,0.0
6194,3.6e6,8.943204064640611e6,0.0,0.0,0.0,0.0
6195,3.6e6,8.943883641205765e6,0.0,0.0,0.0,0.0
6196,3.6e6,8.944563217770917e6,0.0,0.0,0.0,0.0
6197,3.6e6,8.946472976731384e6,0.0,0.0,0.0,0.0
6198,3.6e6,8.948382735691851e6,0.0,0.0,0.0,0.0
6199,3.595916e6,8.951848204143167e6,0.0,0.0,0.0,0.0
6200,3.591832e6,8.95531367259448e6,0.0,0.0,0.0,0.0
6201,3.593461e6,8.958125606648285e6,0.0,0.0,0.0,0.0
6202,3.59509e6,8.96093754070209e6,0.0,0.0,0.0,0.0
6203,3.5960575e6,8.962584397779688e6,0.0,0.0,0.0,0.0
6204,3.597025e6,8.964231254857285e6,0.0,0.0,0.0,0.0
6205,3.5978285e6,8.96531386496929e6,0.0,0.0,0.0,0.0
6206,3.598632e6,8.966396475081295e6,0.0,0.0,0.0,0.0
6207,3.599316e6,8.967587594225144e6,0.0,0.0,0.0,0.0
6208,3.6e6,8.968778713368993e6,0.0,0.0,0.0,0.0
6209,3.6e6,8.970186850576531e6,0.0,0.0,0.0,0.0
6210,3.6e6,8.97159498778407e6,0.0,0.0,0.0,0.0
6211,3.5981335e6,8.974208505322501e6,0.0,0.0,0.0,0.0
6212,3.596267e6,8.976822022860933e6,0.0,0.0,0.0,0.0
6213,3.597339e6,8.977928814985748e6,0.0,0.0,0.0,0.0
6214,3.598411e6,8.979035607110566e6,0.0,0.0,0.0,0.0
6215,3.5992055e6,8.980247808009174e6,0.0,0.0,0.0,0.0
6216,3.6e6,8.981460008907782e6,0.0,0.0,0.0,0.0
6217,3.5922645960736237e6,8.982268556207929e6,0.0,0.0,0.0,0.0
6218,3.584529192147247e6,8.983077103508074e6,0.0,0.0,0.0,0.0
6219,3.585223192147247e6,8.983578105209392e6,0.0,0.0,0.0,0.0
6220,3.585917192147247e6,8.98407910691071e6,0.0,0.0,0.0,0.0
6221,3.5785978521472467e6,8.9853960965315e6,0.0,0.0,0.0,0.0
6222,3.571278512147247e6,8.986713086152289e6,0.0,0.0,0.0,0.0
6223,3.573284012147247e6,8.988437449681204e6,0.0,0.0,0.0,0.0
6224,3.575289512147247e6,8.990161813210119e6,0.0,0.0,0.0,0.0
6225,3.568802172147247e6,8.991737984404113e6,0.0,0.0,0.0,0.0
6226,3.5623148321472467e6,8.99331415559811e6,0.0,0.0,0.0,0.0
6227,3.5643938321472467e6,8.994477372419484e6,0.0,0.0,0.0,0.0
6228,3.5664728321472467e6,8.99564058924086e6,0.0,0.0,0.0,0.0
6229,3.5680188321472467e6,8.996767843068823e6,0.0,0.0,0.0,0.0
6230,3.5695648321472467e6,8.997895096896788e6,0.0,0.0,0.0,0.0
6231,3.5704953321472467e6,8.998947324479876e6,0.0,0.0,0.0,0.0
6232,3.5714258321472467e6,8.999999552062964e6,0.0,0.0,0.0,0.0
6233,3.5730723321472467e6,9.001297940135438e6,0.0,0.0,0.0,0.0
6234,3.5747188321472467e6,9.00259632820791e6,0.0,0.0,0.0,0.0
6235,3.5762078321472467e6,9.006364381845169e6,0.0,0.0,0.0,0.0
6236,3.5776968321472467e6,9.010132435482427e6,0.0,0.0,0.0,0.0
6237,3.5791313321472467e6,9.012102959500726e6,0.0,0.0,0.0,0.0
6238,3.5805658321472467e6,9.014073483519027e6,0.0,0.0,0.0,0.0
6239,3.5818508321472467e6,9.014973178405922e6,0.0,0.0,0.0,0.0
6240,3.5831358321472467e6,9.015872873292817e6,0.0,0.0,0.0,0.0
6241,3.5839023321472467e6,9.016501605625905e6,0.0,0.0,0.0,0.0
6242,3.5846688321472467e6,9.017130337958995e6,0.0,0.0,0.0,0.0
6243,3.5854373321472467e6,9.01784525746595e6,0.0,0.0,0.0,0.0
6244,3.5862058321472467e6,9.018560176972903e6,0.0,0.0,0.0,0.0
6245,3.5877158321472467e6,9.01983934344545e6,0.0,0.0,0.0,0.0
6246,3.5892258321472467e6,9.021118509917997e6,0.0,0.0,0.0,0.0
6247,3.590698777518985e6,9.022927200465946e6,0.0,0.0,0.0,0.0
6248,3.5921717228907235e6,9.024735891013894e6,0.0,0.0,0.0,0.0
6249,3.5946052228907235e6,9.026891810463745e6,0.0,0.0,0.0,0.0
6250,3.5970387228907235e6,9.029047729913598e6,0.0,0.0,0.0,0.0
6251,3.5901373828907236e6,9.03184478272875e6,0.0,0.0,0.0,0.0
6252,3.5832360428907233e6,9.0346418355439e6,0.0,0.0,0.0,0.0
6253,3.5844495428907233e6,9.036033231357954e6,0.0,0.0,0.0,0.0
6254,3.5856630428907233e6,9.03742462717201e6,0.0,0.0,0.0,0.0
6255,3.5866050428907233e6,9.038440271710075e6,0.0,0.0,0.0,0.0
6256,3.5875470428907233e6,9.039455916248143e6,0.0,0.0,0.0,0.0
6257,3.588975276122249e6,9.041507667027423e6,0.0,0.0,0.0,0.0
6258,3.590403509353775e6,9.043559417806704e6,0.0,0.0,0.0,0.0
6259,3.591113975379228e6,9.046688185063457e6,0.0,0.0,0.0,0.0
6260,3.591824441404681e6,9.04981695232021e6,0.0,0.0,0.0,0.0
6261,3.585048601404681e6,9.046017163779212e6,0.0,0.0,0.0,0.0
6262,3.578272761404681e6,9.042217375238214e6,0.0,0.0,0.0,0.0
6263,3.579385761404681e6,9.038641810183354e6,0.0,0.0,0.0,0.0
6264,3.580498761404681e6,9.035066245128492e6,0.0,0.0,0.0,0.0
6265,3.581364761404681e6,9.02890343989972e6,0.0,0.0,0.0,0.0
6266,3.582230761404681e6,9.02274063467095e6,0.0,0.0,0.0,0.0
6267,3.582924761404681e6,9.01798113703069e6,0.0,0.0,0.0,0.0
6268,3.583618761404681e6,9.013221639390431e6,0.0,0.0,0.0,0.0
6269,3.584769261404681e6,9.010534519054614e6,0.0,0.0,0.0,0.0
6270,3.585919761404681e6,9.007847398718799e6,0.0,0.0,0.0,0.0
6271,3.5870773807023405e6,9.012400437695002e6,0.0,0.0,0.0,0.0
6272,3.588235e6,9.016953476671206e6,0.0,0.0,0.0,0.0
6273,3.589613e6,9.021056358178157e6,0.0,0.0,0.0,0.0
6274,3.590991e6,9.025159239685109e6,0.0,0.0,0.0,0.0
6275,3.592066e6,9.028835525684007e6,0.0,0.0,0.0,0.0
6276,3.593141e6,9.032511811682906e6,0.0,0.0,0.0,0.0
6277,3.5942575e6,9.03424423588276e6,0.0,0.0,0.0,0.0
6278,3.595374e6,9.03597666008261e6,0.0,0.0,0.0,0.0
6279,3.596184e6,9.037554071379827e6,0.0,0.0,0.0,0.0
6280,3.596994e6,9.039131482677044e6,0.0,0.0,0.0,0.0
6281,3.598497e6,9.040666110413134e6,0.0,0.0,0.0,0.0
6282,3.6e6,9.042200738149224e6,0.0,0.0,0.0,0.0
6283,3.5956265e6,9.043394837027553e6,0.0,0.0,0.0,0.0
6284,3.591253e6,9.044588935905881e6,0.0,0.0,0.0,0.0
6285,3.592913e6,9.041968924684674e6,0.0,0.0,0.0,0.0
6286,3.594573e6,9.039348913463466e6,0.0,0.0,0.0,0.0
6287,3.595469e6,9.038028821127009e6,0.0,0.0,0.0,0.0
6288,3.596365e6,9.036708728790553e6,0.0,0.0,0.0,0.0
6289,3.5972255e6,9.037703911625471e6,0.0,0.0,0.0,0.0
6290,3.598086e6,9.03869909446039e6,0.0,0.0,0.0,0.0
6291,3.599043e6,9.039721559566174e6,0.0,0.0,0.0,0.0
6292,3.6e6,9.040744024671955e6,0.0,0.0,0.0,0.0
6293,3.5986295e6,9.041686503119979e6,0.0,0.0,0.0,0.0
6294,3.597259e6,9.042628981568001e6,0.0,0.0,0.0,0.0
6295,3.5986295e6,9.044218173845818e6,0.0,0.0,0.0,0.0
6296,3.6e6,9.045807366123635e6,0.0,0.0,0.0,0.0
6297,3.5987085e6,9.048192704669386e6,0.0,0.0,0.0,0.0
6298,3.597417e6,9.050578043215139e6,0.0,0.0,0.0,0.0
6299,3.5987085e6,9.053166758689148e6,0.0,0.0,0.0,0.0
6300,3.6e6,9.055755474163158e6,0.0,0.0,0.0,0.0
6301,3.598833e6,9.05750029939522e6,0.0,0.0,0.0,0.0
6302,3.597666e6,9.059245124627283e6,0.0,0.0,0.0,0.0
6303,3.598833e6,9.06035377690693e6,0.0,0.0,0.0,0.0
6304,3.6e6,9.061462429186579e6,0.0,0.0,0.0,0.0
6305,3.6e6,9.062831503142655e6,0.0,0.0,0.0,0.0
6306,3.6e6,9.06420057709873e6,0.0,0.0,0.0,0.0
6307,3.6e6,9.068682310139721e6,0.0,0.0,0.0,0.0
6308,3.6e6,9.073164043180713e6,0.0,0.0,0.0,0.0
6309,3.5984665e6,9.072776650358345e6,0.0,0.0,0.0,0.0
6310,3.596933e6,9.072389257535977e6,0.0,0.0,0.0,0.0
6311,3.5984665e6,9.073360878409695e6,0.0,0.0,0.0,0.0
6312,3.6e6,9.074332499283414e6,0.0,0.0,0.0,0.0
6313,3.6e6,9.075143526790002e6,0.0,0.0,0.0,0.0
6314,3.6e6,9.07595455429659e6,0.0,0.0,0.0,0.0
6315,3.6e6,9.076769302112842e6,0.0,0.0,0.0,0.0
6316,3.6e6,9.077584049929094e6,0.0,0.0,0.0,0.0
6317,3.5943375e6,9.078441581306472e6,0.0,0.0,0.0,0.0
6318,3.588675e6,9.079299112683851e6,0.0,0.0,0.0,0.0
6319,3.5897595e6,9.080412725376382e6,0.0,0.0,0.0,0.0
6320,3.590844e6,9.081526338068916e6,0.0,0.0,0.0,0.0
6321,3.5921005e6,9.082838367276821e6,0.0,0.0,0.0,0.0
6322,3.593357e6,9.084150396484725e6,0.0,0.0,0.0,0.0
6323,3.5947065e6,9.085788572839774e6,0.0,0.0,0.0,0.0
6324,3.596056e6,9.087426749194825e6,0.0,0.0,0.0,0.0
6325,3.597063e6,9.089103368749728e6,0.0,0.0,0.0,0.0
6326,3.59807e6,9.090779988304632e6,0.0,0.0,0.0,0.0
6327,3.599035e6,9.09227927309892e6,0.0,0.0,0.0,0.0
6328,3.6e6,9.09377855789321e6,0.0,0.0,0.0,0.0
6329,3.6e6,9.09637967439943e6,0.0,0.0,0.0,0.0
6330,3.6e6,9.09898079090565e6,0.0,0.0,0.0,0.0
6331,3.6e6,9.097038676989835e6,0.0,0.0,0.0,0.0
6332,3.6e6,9.095096563074017e6,0.0,0.0,0.0,0.0
6333,3.5943529438204626e6,9.092229952206884e6,0.0,0.0,0.0,0.0
6334,3.588705887640925e6,9.08936334133975e6,0.0,0.0,0.0,0.0
6335,3.5810695476409253e6,9.083368570097435e6,0.0,0.0,0.0,0.0
6336,3.573433207640925e6,9.077373798855122e6,0.0,0.0,0.0,0.0
6337,3.573990207640925e6,9.071162009549119e6,0.0,0.0,0.0,0.0
6338,3.574547207640925e6,9.064950220243115e6,0.0,0.0,0.0,0.0
6339,3.5666928676409246e6,9.058693167169541e6,0.0,0.0,0.0,0.0
6340,3.558838527640925e6,9.05243611409597e6,0.0,0.0,0.0,0.0
6341,3.551912187640925e6,9.048534017039232e6,0.0,0.0,0.0,0.0
6342,3.5449858476409246e6,9.044631919982495e6,0.0,0.0,0.0,0.0
6343,3.542232030186363e6,9.042672528676905e6,0.0,0.0,0.0,0.0
6344,3.5394782127318014e6,9.040713137371313e6,0.0,0.0,0.0,0.0
6345,3.5399436760632666e6,9.045055978851544e6,0.0,0.0,0.0,0.0
6346,3.5404091393947313e6,9.049398820331775e6,0.0,0.0,0.0,0.0
6347,3.5325107993947314e6,9.053127190665958e6,0.0,0.0,0.0,0.0
6348,3.524612459394731e6,9.056855561000142e6,0.0,0.0,0.0,0.0
6349,3.525045459394731e6,9.058485676684255e6,0.0,0.0,0.0,0.0
6350,3.525478459394731e6,9.060115792368367e6,0.0,0.0,0.0,0.0
6351,3.517300619394731e6,9.060846213165585e6,0.0,0.0,0.0,0.0
6352,3.509122779394731e6,9.061576633962803e6,0.0,0.0,0.0,0.0
6353,3.501882439394731e6,9.06352235591668e6,0.0,0.0,0.0,0.0
6354,3.4946420993947308e6,9.065468077870559e6,0.0,0.0,0.0,0.0
6355,3.4875922593947304e6,9.06338707239398e6,0.0,0.0,0.0,0.0
6356,3.4805424193947306e6,9.061306066917403e6,0.0,0.0,0.0,0.0
6357,3.4730775793947307e6,9.058215829049561e6,0.0,0.0,0.0,0.0
6358,3.4656127393947304e6,9.055125591181722e6,0.0,0.0,0.0,0.0
6359,3.45800139939473e6,9.048897680533845e6,0.0,0.0,0.0,0.0
6360,3.4503900593947303e6,9.042669769885967e6,0.0,0.0,0.0,0.0
6361,3.4513745593947303e6,9.036314128606318e6,0.0,0.0,0.0,0.0
6362,3.4523590593947303e6,9.029958487326669e6,0.0,0.0,0.0,0.0
6363,3.4444812193947304e6,9.024916522224437e6,0.0,0.0,0.0,0.0
6364,3.43660337939473e6,9.019874557122204e6,0.0,0.0,0.0,0.0
6365,3.42925653939473e6,9.020835089016803e6,0.0,0.0,0.0,0.0
6366,3.42190969939473e6,9.021795620911403e6,0.0,0.0,0.0,0.0
6367,3.41505685939473e6,9.025723647864182e6,0.0,0.0,0.0,0.0
6368,3.4082040193947298e6,9.02965167481696e6,0.0,0.0,0.0,0.0
6369,3.4010791793947294e6,9.033690691008026e6,0.0,0.0,0.0,0.0
6370,3.3939543393947296e6,9.037729707199091e6,0.0,0.0,0.0,0.0
6371,3.3955573393947296e6,9.040650150284741e6,0.0,0.0,0.0,0.0
6372,3.3971603393947296e6,9.04357059337039e6,0.0,0.0,0.0,0.0
6373,3.3981343393947296e6,9.044708388075732e6,0.0,0.0,0.0,0.0
6374,3.3991083393947296e6,9.045846182781076e6,0.0,0.0,0.0,0.0
6375,3.3913019993947297e6,9.046886009331953e6,0.0,0.0,0.0,0.0
6376,3.3834956593947294e6,9.047925835882831e6,0.0,0.0,0.0,0.0
6377,3.376594819394729e6,9.049686162405157e6,0.0,0.0,0.0,0.0
6378,3.3696939793947292e6,9.051446488927484e6,0.0,0.0,0.0,0.0
6379,3.3626751393947294e6,9.055085571829751e6,0.0,0.0,0.0,0.0
6380,3.355656299394729e6,9.058724654732017e6,0.0,0.0,0.0,0.0
6381,3.3485404593947288e6,9.060104889617082e6,0.0,0.0,0.0,0.0
6382,3.341424619394729e6,9.061485124502147e6,0.0,0.0,0.0,0.0
6383,3.333679779394729e6,9.062070453222498e6,0.0,0.0,0.0,0.0
6384,3.3259349393947287e6,9.062655781942848e6,0.0,0.0,0.0,0.0
6385,3.3267529393947287e6,9.060281659439709e6,0.0,0.0,0.0,0.0
6386,3.3275709393947287e6,9.057907536936572e6,0.0,0.0,0.0,0.0
6387,3.3283089393947287e6,9.057862247666098e6,0.0,0.0,0.0,0.0
6388,3.3290469393947287e6,9.057816958395623e6,0.0,0.0,0.0,0.0
6389,3.3298433674758775e6,9.05929268122871e6,0.0,0.0,0.0,0.0
6390,3.3306397955570268e6,9.060768404061798e6,0.0,0.0,0.0,0.0
6391,3.3276719502280066e6,9.064645586782511e6,0.0,0.0,0.0,0.0
6392,3.3247041048989864e6,9.068522769503227e6,0.0,0.0,0.0,0.0
6393,3.3177944207810224e6,9.072105427708933e6,0.0,0.0,0.0,0.0
6394,3.3108847366630584e6,9.07568808591464e6,0.0,0.0,0.0,0.0
6395,3.3125252366630584e6,9.07857442616171e6,0.0,0.0,0.0,0.0
6396,3.3141657366630584e6,9.081460766408779e6,0.0,0.0,0.0,0.0
6397,3.3150907366630584e6,9.082589880391575e6,0.0,0.0,0.0,0.0
6398,3.3160157366630584e6,9.08371899437437e6,0.0,0.0,0.0,0.0
6399,3.3168262366630584e6,9.084491578681104e6,0.0,0.0,0.0,0.0
6400,3.3176367366630584e6,9.08526416298784e6,0.0,0.0,0.0,0.0
6401,3.3158007438006965e6,9.088122600912433e6,0.0,0.0,0.0,0.0
6402,3.3139647509383345e6,9.090981038837029e6,0.0,0.0,0.0,0.0
6403,3.310993662254854e6,9.093736311610244e6,0.0,0.0,0.0,0.0
6404,3.3080225735713732e6,9.096491584383462e6,0.0,0.0,0.0,0.0
6405,3.3056982065687203e6,9.092905631597893e6,0.0,0.0,0.0,0.0
6406,3.3033738395660673e6,9.089319678812325e6,0.0,0.0,0.0,0.0
6407,3.3044768395660673e6,9.083885744248554e6,0.0,0.0,0.0,0.0
6408,3.3055798395660673e6,9.078451809684783e6,0.0,0.0,0.0,0.0
6409,3.3064203395660673e6,9.074886063177045e6,0.0,0.0,0.0,0.0
6410,3.3072608395660673e6,9.071320316669306e6,0.0,0.0,0.0,0.0
6411,3.3078348395660673e6,9.069303114957215e6,0.0,0.0,0.0,0.0
6412,3.3084088395660673e6,9.067285913245125e6,0.0,0.0,0.0,0.0
6413,3.3077726965076365e6,9.067950259016745e6,0.0,0.0,0.0,0.0
6414,3.307136553449205e6,9.068614604788367e6,0.0,0.0,0.0,0.0
6415,3.3047983322866783e6,9.068267903818086e6,0.0,0.0,0.0,0.0
6416,3.302460111124152e6,9.067921202847805e6,0.0,0.0,0.0,0.0
6417,3.303978360597303e6,9.069309395896692e6,0.0,0.0,0.0,0.0
6418,3.305496610070454e6,9.07069758894558e6,0.0,0.0,0.0,0.0
6419,3.306389610070454e6,9.074975325006705e6,0.0,0.0,0.0,0.0
6420,3.307282610070454e6,9.079253061067829e6,0.0,0.0,0.0,0.0
6421,3.307934610070454e6,9.082126380231077e6,0.0,0.0,0.0,0.0
6422,3.308586610070454e6,9.084999699394325e6,0.0,0.0,0.0,0.0
6423,3.309489110070454e6,9.08776698973217e6,0.0,0.0,0.0,0.0
6424,3.310391610070454e6,9.090534280070016e6,0.0,0.0,0.0,0.0
6425,3.3079165094975224e6,9.092612109219e6,0.0,0.0,0.0,0.0
6426,3.3054414089245903e6,9.094689938367985e6,0.0,0.0,0.0,0.0
6427,3.3031629238690324e6,9.093867637660805e6,0.0,0.0,0.0,0.0
6428,3.3008844388134745e6,9.093045336953627e6,0.0,0.0,0.0,0.0
6429,3.2990950523023657e6,9.08857031220875e6,0.0,0.0,0.0,0.0
6430,3.297305665791257e6,9.084095287463872e6,0.0,0.0,0.0,0.0
6431,3.298336665791257e6,9.07801184884125e6,0.0,0.0,0.0,0.0
6432,3.299367665791257e6,9.071928410218628e6,0.0,0.0,0.0,0.0
6433,3.299919665791257e6,9.06562981368715e6,0.0,0.0,0.0,0.0
6434,3.300471665791257e6,9.059331217155669e6,0.0,0.0,0.0,0.0
6435,3.301015165791257e6,9.053016499282315e6,0.0,0.0,0.0,0.0
6436,3.301558665791257e6,9.046701781408962e6,0.0,0.0,0.0,0.0
6437,3.2977514653153624e6,9.048861421168476e6,0.0,0.0,0.0,0.0
6438,3.293944264839468e6,9.051021060927993e6,0.0,0.0,0.0,0.0
6439,3.2886568695228584e6,9.048761043622501e6,0.0,0.0,0.0,0.0
6440,3.283369474206249e6,9.046501026317008e6,0.0,0.0,0.0,0.0
6441,3.2819108266870277e6,9.04655596584198e6,0.0,0.0,0.0,0.0
6442,3.2804521791678057e6,9.046610905366953e6,0.0,0.0,0.0,0.0
6443,3.2810553993762853e6,9.05010117588269e6,0.0,0.0,0.0,0.0
6444,3.2816586195847653e6,9.053591446398426e6,0.0,0.0,0.0,0.0
6445,3.2828711195847653e6,9.055609714390736e6,0.0,0.0,0.0,0.0
6446,3.2840836195847653e6,9.057627982383048e6,0.0,0.0,0.0,0.0
6447,3.2847886195847653e6,9.059550762427337e6,0.0,0.0,0.0,0.0
6448,3.2854936195847653e6,9.061473542471625e6,0.0,0.0,0.0,0.0
6449,3.284036507252724e6,9.061074861169104e6,0.0,0.0,0.0,0.0
6450,3.282579394920682e6,9.06067617986658e6,0.0,0.0,0.0,0.0
6451,3.282151780658273e6,9.058884118440514e6,0.0,0.0,0.0,0.0
6452,3.2817241663958644e6,9.057092057014449e6,0.0,0.0,0.0,0.0
6453,3.2821493738310654e6,9.052457058954053e6,0.0,0.0,0.0,0.0
6454,3.282574581266266e6,9.047822060893655e6,0.0,0.0,0.0,0.0
6455,3.284211581266266e6,9.042493225081062e6,0.0,0.0,0.0,0.0
6456,3.285848581266266e6,9.037164389268469e6,0.0,0.0,0.0,0.0
6457,3.286469581266266e6,9.030836650311295e6,0.0,0.0,0.0,0.0
6458,3.287090581266266e6,9.024508911354119e6,0.0,0.0,0.0,0.0
6459,3.287617581266266e6,9.018067082900604e6,0.0,0.0,0.0,0.0
6460,3.288144581266266e6,9.01162525444709e6,0.0,0.0,0.0,0.0
6461,3.288981081266266e6,9.012695463526882e6,0.0,0.0,0.0,0.0
6462,3.289817581266266e6,9.013765672606677e6,0.0,0.0,0.0,0.0
6463,3.291347081266266e6,9.009910699472342e6,0.0,0.0,0.0,0.0
6464,3.292876581266266e6,9.006055726338005e6,0.0,0.0,0.0,0.0
6465,3.294049581266266e6,9.004304286412988e6,0.0,0.0,0.0,0.0
6466,3.295222581266266e6,9.00255284648797e6,0.0,0.0,0.0,0.0
6467,3.296146081266266e6,9.005530334321788e6,0.0,0.0,0.0,0.0
6468,3.297069581266266e6,9.008507822155606e6,0.0,0.0,0.0,0.0
6469,3.297506581266266e6,9.009876896111682e6,0.0,0.0,0.0,0.0
6470,3.297943581266266e6,9.011245970067756e6,0.0,0.0,0.0,0.0
6471,3.298553581266266e6,9.012136364180494e6,0.0,0.0,0.0,0.0
6472,3.299163581266266e6,9.01302675829323e6,0.0,0.0,0.0,0.0
6473,3.301133081266266e6,9.009457273259394e6,0.0,0.0,0.0,0.0
6474,3.303102581266266e6,9.005887788225558e6,0.0,0.0,0.0,0.0
6475,3.305425581266266e6,9.003086282777531e6,0.0,0.0,0.0,0.0
6476,3.307748581266266e6,9.000284777329504e6,0.0,0.0,0.0,0.0
6477,3.309665081266266e6,8.995404238831334e6,0.0,0.0,0.0,0.0
6478,3.311581581266266e6,8.990523700333161e6,0.0,0.0,0.0,0.0
6479,3.312508581266266e6,8.986108820594506e6,0.0,0.0,0.0,0.0
6480,3.313435581266266e6,8.981693940855851e6,0.0,0.0,0.0,0.0
6481,3.313638081266266e6,8.976542439803872e6,0.0,0.0,0.0,0.0
6482,3.313840581266266e6,8.971390938751895e6,0.0,0.0,0.0,0.0
6483,3.313976581266266e6,8.965876788834672e6,0.0,0.0,0.0,0.0
6484,3.314112581266266e6,8.960362638917448e6,0.0,0.0,0.0,0.0
6485,3.314325081266266e6,8.957274036847934e6,0.0,0.0,0.0,0.0
6486,3.314537581266266e6,8.954185434778418e6,0.0,0.0,0.0,0.0
6487,3.314984581266266e6,8.950659500019668e6,0.0,0.0,0.0,0.0
6488,3.315431581266266e6,8.947133565260917e6,0.0,0.0,0.0,0.0
6489,3.3075462412662655e6,8.94585975943872e6,0.0,0.0,0.0,0.0
6490,3.2996609012662657e6,8.944585953616522e6,0.0,0.0,0.0,0.0
6491,3.3002384012662657e6,8.945375899368351e6,0.0,0.0,0.0,0.0
6492,3.3008159012662657e6,8.94616584512018e6,0.0,0.0,0.0,0.0
6493,3.3010964012662657e6,8.946975632523548e6,0.0,0.0,0.0,0.0
6494,3.3013769012662657e6,8.947785419926913e6,0.0,0.0,0.0,0.0
6495,3.3017809012662657e6,8.948504679795142e6,0.0,0.0,0.0,0.0
6496,3.3021849012662657e6,8.94922393966337e6,0.0,0.0,0.0,0.0
6497,3.3038084012662657e6,8.950190600124203e6,0.0,0.0,0.0,0.0
6498,3.3054319012662657e6,8.951157260585036e6,0.0,0.0,0.0,0.0
6499,3.3071534012662657e6,8.947863239355497e6,0.0,0.0,0.0,0.0
6500,3.3088749012662657e6,8.944569218125956e6,0.0,0.0,0.0,0.0
6501,3.301374061266266e6,8.939738903808238e6,0.0,0.0,0.0,0.0
6502,3.2938732212662655e6,8.93490858949052e6,0.0,0.0,0.0,0.0
6503,3.2942507212662655e6,8.935568944455747e6,0.0,0.0,0.0,0.0
6504,3.2946282212662655e6,8.936229299420973e6,0.0,0.0,0.0,0.0
6505,3.2949332212662655e6,8.930831266855842e6,0.0,0.0,0.0,0.0
6506,3.2952382212662655e6,8.92543323429071e6,0.0,0.0,0.0,0.0
6507,3.2954212212662655e6,8.925918734701764e6,0.0,0.0,0.0,0.0
6508,3.2956042212662655e6,8.926404235112818e6,0.0,0.0,0.0,0.0
6509,3.287470381266265e6,8.926193837340217e6,0.0,0.0,0.0,0.0
6510,3.2793365412662653e6,8.925983439567616e6,0.0,0.0,0.0,0.0
6511,3.2773786508441e6,8.92652329260565e6,0.0,0.0,0.0,0.0
6512,3.275420760421935e6,8.927063145643683e6,0.0,0.0,0.0,0.0
6513,3.2673444204219347e6,8.92958823769702e6,0.0,0.0,0.0,0.0
6514,3.259268080421935e6,8.932113329750355e6,0.0,0.0,0.0,0.0
6515,3.259848080421935e6,8.935444867053792e6,0.0,0.0,0.0,0.0
6516,3.260428080421935e6,8.93877640435723e6,0.0,0.0,0.0,0.0
6517,3.260953080421935e6,8.941049513561474e6,0.0,0.0,0.0,0.0
6518,3.261478080421935e6,8.943322622765718e6,0.0,0.0,0.0,0.0
6519,3.262002080421935e6,8.945436378706053e6,0.0,0.0,0.0,0.0
6520,3.262526080421935e6,8.947550134646388e6,0.0,0.0,0.0,0.0
6521,3.264248080421935e6,8.947256947628666e6,0.0,0.0,0.0,0.0
6522,3.265970080421935e6,8.946963760610944e6,0.0,0.0,0.0,0.0
6523,3.259063240421935e6,8.945189680681583e6,0.0,0.0,0.0,0.0
6524,3.2521564004219347e6,8.943415600752223e6,0.0,0.0,0.0,0.0
6525,3.2533249004219347e6,8.942110788336163e6,0.0,0.0,0.0,0.0
6526,3.2544934004219347e6,8.940805975920103e6,0.0,0.0,0.0,0.0
6527,3.2554579004219347e6,8.93468533420085e6,0.0,0.0,0.0,0.0
6528,3.2564224004219347e6,8.928564692481596e6,0.0,0.0,0.0,0.0
6529,3.2571039004219347e6,8.922163787434377e6,0.0,0.0,0.0,0.0
6530,3.2577854004219347e6,8.91576288238716e6,0.0,0.0,0.0,0.0
6531,3.2581529004219347e6,8.909455235111207e6,0.0,0.0,0.0,0.0
6532,3.2585204004219347e6,8.903147587835256e6,0.0,0.0,0.0,0.0
6533,3.2599369004219347e6,8.901001684432082e6,0.0,0.0,0.0,0.0
6534,3.2613534004219347e6,8.89885578102891e6,0.0,0.0,0.0,0.0
6535,3.2607102518173065e6,8.898997990505569e6,0.0,0.0,0.0,0.0
6536,3.2600671032126783e6,8.899140199982228e6,0.0,0.0,0.0,0.0
6537,3.2613691032126783e6,8.904519767755283e6,0.0,0.0,0.0,0.0
6538,3.2626711032126783e6,8.909899335528338e6,0.0,0.0,0.0,0.0
6539,3.2634491032126783e6,8.915357649855932e6,0.0,0.0,0.0,0.0
6540,3.2642271032126783e6,8.920815964183526e6,0.0,0.0,0.0,0.0
6541,3.2646681032126783e6,8.92463424200124e6,0.0,0.0,0.0,0.0
6542,3.2651091032126783e6,8.928452519818952e6,0.0,0.0,0.0,0.0
6543,3.2654891032126783e6,8.931815059702918e6,0.0,0.0,0.0,0.0
6544,3.2658691032126783e6,8.935177599586882e6,0.0,0.0,0.0,0.0
6545,3.2673226032126783e6,8.938666009947786e6,0.0,0.0,0.0,0.0
6546,3.2687761032126783e6,8.94215442030869e6,0.0,0.0,0.0,0.0
6547,3.2703861032126783e6,8.94710367226403e6,0.0,0.0,0.0,0.0
6548,3.2719961032126783e6,8.95205292421937e6,0.0,0.0,0.0,0.0
6549,3.264167263212678e6,8.953796509348212e6,0.0,0.0,0.0,0.0
6550,3.256338423212678e6,8.955540094477054e6,0.0,0.0,0.0,0.0
6551,3.256833923212678e6,8.954923171156261e6,0.0,0.0,0.0,0.0
6552,3.257329423212678e6,8.95430624783547e6,0.0,0.0,0.0,0.0
6553,3.257817423212678e6,8.9484247389019e6,0.0,0.0,0.0,0.0
6554,3.258305423212678e6,8.94254322996833e6,0.0,0.0,0.0,0.0
6555,3.258519423212678e6,8.93775885243563e6,0.0,0.0,0.0,0.0
6556,3.258733423212678e6,8.93297447490293e6,0.0,0.0,0.0,0.0
6557,3.260290423212678e6,8.931750782626972e6,0.0,0.0,0.0,0.0
6558,3.261847423212678e6,8.930527090351015e6,0.0,0.0,0.0,0.0
6559,3.263538423212678e6,8.93477521180183e6,0.0,0.0,0.0,0.0
6560,3.265229423212678e6,8.939023333252644e6,0.0,0.0,0.0,0.0
6561,3.266357923212678e6,8.944388639838658e6,0.0,0.0,0.0,0.0
6562,3.267486423212678e6,8.94975394642467e6,0.0,0.0,0.0,0.0
6563,3.268357923212678e6,8.954390072316688e6,0.0,0.0,0.0,0.0
6564,3.269229423212678e6,8.959026198208705e6,0.0,0.0,0.0,0.0
6565,3.269803923212678e6,8.961511985115364e6,0.0,0.0,0.0,0.0
6566,3.270378423212678e6,8.963997772022024e6,0.0,0.0,0.0,0.0
6567,3.270618923212678e6,8.966574706515433e6,0.0,0.0,0.0,0.0
6568,3.270859423212678e6,8.969151641008843e6,0.0,0.0,0.0,0.0
6569,3.272829423212678e6,8.973265063393172e6,0.0,0.0,0.0,0.0
6570,3.274799423212678e6,8.977378485777503e6,0.0,0.0,0.0,0.0
6571,3.276532923212678e6,8.97675894194697e6,0.0,0.0,0.0,0.0
6572,3.278266423212678e6,8.976139398116438e6,0.0,0.0,0.0,0.0
6573,3.279404923212678e6,8.973547470112775e6,0.0,0.0,0.0,0.0
6574,3.280543423212678e6,8.97095554210911e6,0.0,0.0,0.0,0.0
6575,3.281739423212678e6,8.966255438629605e6,0.0,0.0,0.0,0.0
6576,3.282935423212678e6,8.961555335150102e6,0.0,0.0,0.0,0.0
6577,3.283506923212678e6,8.955533901688535e6,0.0,0.0,0.0,0.0
6578,3.284078423212678e6,8.949512468226967e6,0.0,0.0,0.0,0.0
6579,3.284583423212678e6,8.943416628572136e6,0.0,0.0,0.0,0.0
6580,3.285088423212678e6,8.937320788917303e6,0.0,0.0,0.0,0.0
6581,3.287065423212678e6,8.934056467498656e6,0.0,0.0,0.0,0.0
6582,3.289042423212678e6,8.930792146080008e6,0.0,0.0,0.0,0.0
6583,3.291167586567497e6,8.929212142304748e6,0.0,0.0,0.0,0.0
6584,3.293292749922315e6,8.927632138529487e6,0.0,0.0,0.0,0.0
6585,3.295182249922315e6,8.927945197847936e6,0.0,0.0,0.0,0.0
6586,3.297071749922315e6,8.928258257166384e6,0.0,0.0,0.0,0.0
6587,3.298466749922315e6,8.932512431266308e6,0.0,0.0,0.0,0.0
6588,3.299861749922315e6,8.93676660536623e6,0.0,0.0,0.0,0.0
6589,3.300330249922315e6,8.939487391833285e6,0.0,0.0,0.0,0.0
6590,3.300798749922315e6,8.94220817830034e6,0.0,0.0,0.0,0.0
6591,3.301863249922315e6,8.944441604201509e6,0.0,0.0,0.0,0.0
6592,3.302927749922315e6,8.946675030102678e6,0.0,0.0,0.0,0.0
6593,3.305228249922315e6,8.949405247177403e6,0.0,0.0,0.0,0.0
6594,3.307528749922315e6,8.95213546425213e6,0.0,0.0,0.0,0.0
6595,3.309777249922315e6,8.95045315196113e6,0.0,0.0,0.0,0.0
6596,3.312025749922315e6,8.94877083967013e6,0.0,0.0,0.0,0.0
6597,3.313541249922315e6,8.943928124320202e6,0.0,0.0,0.0,0.0
6598,3.315056749922315e6,8.939085408970272e6,0.0,0.0,0.0,0.0
6599,3.316090749922315e6,8.933134041340696e6,0.0,0.0,0.0,0.0
6600,3.317124749922315e6,8.92718267371112e6,0.0,0.0,0.0,0.0
6601,3.317932749922315e6,8.920761306960754e6,0.0,0.0,0.0,0.0
6602,3.318740749922315e6,8.914339940210387e6,0.0,0.0,0.0,0.0
6603,3.319544249922315e6,8.9081231904915e6,0.0,0.0,0.0,0.0
6604,3.320347749922315e6,8.901906440772612e6,0.0,0.0,0.0,0.0
6605,3.322601249922315e6,8.897481640208188e6,0.0,0.0,0.0,0.0
6606,3.324854749922315e6,8.893056839643763e6,0.0,0.0,0.0,0.0
6607,3.323736405763617e6,8.892654228254654e6,0.0,0.0,0.0,0.0
6608,3.3226180616049184e6,8.892251616865542e6,0.0,0.0,0.0,0.0
6609,3.324422460569397e6,8.893892161189277e6,0.0,0.0,0.0,0.0
6610,3.3262268595338757e6,8.89553270551301e6,0.0,0.0,0.0,0.0
6611,3.3282543595338757e6,8.899137685576696e6,0.0,0.0,0.0,0.0
6612,3.3302818595338757e6,8.902742665640382e6,0.0,0.0,0.0,0.0
6613,3.3318393595338757e6,8.904246290795945e6,0.0,0.0,0.0,0.0
6614,3.3333968595338757e6,8.905749915951507e6,0.0,0.0,0.0,0.0
6615,3.3351413595338757e6,8.907006760566074e6,0.0,0.0,0.0,0.0
6616,3.3368858595338757e6,8.908263605180642e6,0.0,0.0,0.0,0.0
6617,3.338300221840938e6,8.910754352500185e6,0.0,0.0,0.0,0.0
6618,3.3397145841480005e6,8.91324509981973e6,0.0,0.0,0.0,0.0
6619,3.340546050525969e6,8.910928474731145e6,0.0,0.0,0.0,0.0
6620,3.341377516903938e6,8.908611849642562e6,0.0,0.0,0.0,0.0
6621,3.342006526254098e6,8.903844780589119e6,0.0,0.0,0.0,0.0
6622,3.3426355356042576e6,8.899077711535677e6,0.0,0.0,0.0,0.0
6623,3.3442795356042576e6,8.89332972083436e6,0.0,0.0,0.0,0.0
6624,3.3459235356042576e6,8.88758173013304e6,0.0,0.0,0.0,0.0
6625,3.3467885356042576e6,8.881264532053243e6,0.0,0.0,0.0,0.0
6626,3.3476535356042576e6,8.874947333973449e6,0.0,0.0,0.0,0.0
6627,3.3484085356042576e6,8.868716323067518e6,0.0,0.0,0.0,0.0
6628,3.3491635356042576e6,8.862485312161587e6,0.0,0.0,0.0,0.0
6629,3.3501175356042576e6,8.856819088698111e6,0.0,0.0,0.0,0.0
6630,3.3510715356042576e6,8.851152865234638e6,0.0,0.0,0.0,0.0
6631,3.3527045356042576e6,8.846583592644958e6,0.0,0.0,0.0,0.0
6632,3.3543375356042576e6,8.842014320055278e6,0.0,0.0,0.0,0.0
6633,3.3564890356042576e6,8.838895968234263e6,0.0,0.0,0.0,0.0
6634,3.3586405356042576e6,8.83577761641325e6,0.0,0.0,0.0,0.0
6635,3.3608590356042576e6,8.835217682959775e6,0.0,0.0,0.0,0.0
6636,3.3630775356042576e6,8.834657749506298e6,0.0,0.0,0.0,0.0
6637,3.3642590356042576e6,8.835922034740191e6,0.0,0.0,0.0,0.0
6638,3.3654405356042576e6,8.837186319974085e6,0.0,0.0,0.0,0.0
6639,3.3667015356042576e6,8.838364418034114e6,0.0,0.0,0.0,0.0
6640,3.3679625356042576e6,8.839542516094143e6,0.0,0.0,0.0,0.0
6641,3.3702755356042576e6,8.836296001819378e6,0.0,0.0,0.0,0.0
6642,3.3725885356042576e6,8.833049487544613e6,0.0,0.0,0.0,0.0
6643,3.3748215356042576e6,8.831554430839997e6,0.0,0.0,0.0,0.0
6644,3.3770545356042576e6,8.83005937413538e6,0.0,0.0,0.0,0.0
6645,3.3786000356042576e6,8.82663595692198e6,0.0,0.0,0.0,0.0
6646,3.3801455356042576e6,8.82321253970858e6,0.0,0.0,0.0,0.0
6647,3.3811800356042576e6,8.818249534346208e6,0.0,0.0,0.0,0.0
6648,3.3822145356042576e6,8.813286528983833e6,0.0,0.0,0.0,0.0
6649,3.3830190356042576e6,8.807702851959307e6,0.0,0.0,0.0,0.0
6650,3.3838235356042576e6,8.802119174934782e6,0.0,0.0,0.0,0.0
6651,3.3845435356042576e6,8.79935925952078e6,0.0,0.0,0.0,0.0
6652,3.3852635356042576e6,8.796599344106777e6,0.0,0.0,0.0,0.0
6653,3.3859775356042576e6,8.797122047614463e6,0.0,0.0,0.0,0.0
6654,3.3866915356042576e6,8.797644751122149e6,0.0,0.0,0.0,0.0
6655,3.3874825356042576e6,8.798330528203407e6,0.0,0.0,0.0,0.0
6656,3.3882735356042576e6,8.799016305284666e6,0.0,0.0,0.0,0.0
6657,3.3891850356042576e6,8.799758507062484e6,0.0,0.0,0.0,0.0
6658,3.3900965356042576e6,8.800500708840301e6,0.0,0.0,0.0,0.0
6659,3.3911990356042576e6,8.801343979030637e6,0.0,0.0,0.0,0.0
6660,3.3923015356042576e6,8.802187249220973e6,0.0,0.0,0.0,0.0
6661,3.3929030356042576e6,8.803104305552963e6,0.0,0.0,0.0,0.0
6662,3.3935045356042576e6,8.804021361884953e6,0.0,0.0,0.0,0.0
6663,3.3941740356042576e6,8.805076069674484e6,0.0,0.0,0.0,0.0
6664,3.3948435356042576e6,8.806130777464015e6,0.0,0.0,0.0,0.0
6665,3.3965435356042576e6,8.807416144452667e6,0.0,0.0,0.0,0.0
6666,3.3982435356042576e6,8.808701511441318e6,0.0,0.0,0.0,0.0
6667,3.4001465356042576e6,8.810507101731215e6,0.0,0.0,0.0,0.0
6668,3.4020495356042576e6,8.812312692021111e6,0.0,0.0,0.0,0.0
6669,3.4033345356042576e6,8.813911805124696e6,0.0,0.0,0.0,0.0
6670,3.4046195356042576e6,8.815510918228282e6,0.0,0.0,0.0,0.0
6671,3.4054965356042576e6,8.816272341606027e6,0.0,0.0,0.0,0.0
6672,3.4063735356042576e6,8.817033764983771e6,0.0,0.0,0.0,0.0
6673,3.4069145356042576e6,8.8175942916397e6,0.0,0.0,0.0,0.0
6674,3.4074555356042576e6,8.81815481829563e6,0.0,0.0,0.0,0.0
6675,3.4080645356042576e6,8.818714724899948e6,0.0,0.0,0.0,0.0
6676,3.4086735356042576e6,8.819274631504267e6,0.0,0.0,0.0,0.0
6677,3.4100370356042576e6,8.820341120274398e6,0.0,0.0,0.0,0.0
6678,3.4114005356042576e6,8.82140760904453e6,0.0,0.0,0.0,0.0
6679,3.4136640356042576e6,8.822852949348701e6,0.0,0.0,0.0,0.0
6680,3.4159275356042576e6,8.824298289652873e6,0.0,0.0,0.0,0.0
6681,3.4181365356042576e6,8.826137982781349e6,0.0,0.0,0.0,0.0
6682,3.4203455356042576e6,8.827977675909825e6,0.0,0.0,0.0,0.0
6683,3.4221780356042576e6,8.829112990408726e6,0.0,0.0,0.0,0.0
6684,3.4240105356042576e6,8.830248304907627e6,0.0,0.0,0.0,0.0
6685,3.4257455356042576e6,8.831332775174465e6,0.0,0.0,0.0,0.0
6686,3.4274805356042576e6,8.8324172454413e6,0.0,0.0,0.0,0.0
6687,3.4293915356042576e6,8.833497995398473e6,0.0,0.0,0.0,0.0
6688,3.4313025356042576e6,8.834578745355647e6,0.0,0.0,0.0,0.0
6689,3.4340810356042576e6,8.837106695771825e6,0.0,0.0,0.0,0.0
6690,3.4368595356042576e6,8.839634646188e6,0.0,0.0,0.0,0.0
6691,3.4384240356042576e6,8.843576934327822e6,0.0,0.0,0.0,0.0
6692,3.4399885356042576e6,8.847519222467642e6,0.0,0.0,0.0,0.0
6693,3.4414565356042576e6,8.849221884190189e6,0.0,0.0,0.0,0.0
6694,3.4429245356042576e6,8.850924545912735e6,0.0,0.0,0.0,0.0
6695,3.4439565356042576e6,8.851759755432134e6,0.0,0.0,0.0,0.0
6696,3.4449885356042576e6,8.852594964951534e6,0.0,0.0,0.0,0.0
6697,3.4454470356042576e6,8.853385530754974e6,0.0,0.0,0.0,0.0
6698,3.4459055356042576e6,8.854176096558414e6,0.0,0.0,0.0,0.0
6699,3.4463980356042576e6,8.854960461845748e6,0.0,0.0,0.0,0.0
6700,3.4468905356042576e6,8.855744827133084e6,0.0,0.0,0.0,0.0
6701,3.4487100356042576e6,8.856935946276933e6,0.0,0.0,0.0,0.0
6702,3.4505295356042576e6,8.858127065420782e6,0.0,0.0,0.0,0.0
6703,3.4525655356042576e6,8.859549463815365e6,0.0,0.0,0.0,0.0
6704,3.4546015356042576e6,8.860971862209946e6,0.0,0.0,0.0,0.0
6705,3.4565885356042576e6,8.862282651314631e6,0.0,0.0,0.0,0.0
6706,3.4585755356042576e6,8.863593440419314e6,0.0,0.0,0.0,0.0
6707,3.4602950356042576e6,8.864670470066825e6,0.0,0.0,0.0,0.0
6708,3.4620145356042576e6,8.865747499714335e6,0.0,0.0,0.0,0.0
6709,3.4633765356042576e6,8.866592010007892e6,0.0,0.0,0.0,0.0
6710,3.4647385356042576e6,8.86743652030145e6,0.0,0.0,0.0,0.0
6711,3.4662650356042576e6,8.86858175562612e6,0.0,0.0,0.0,0.0
6712,3.4677915356042576e6,8.86972699095079e6,0.0,0.0,0.0,0.0
6713,3.4699375356042576e6,8.872401273547053e6,0.0,0.0,0.0,0.0
6714,3.4720835356042576e6,8.875075556143317e6,0.0,0.0,0.0,0.0
6715,3.4735785356042576e6,8.88159725898299e6,0.0,0.0,0.0,0.0
6716,3.4750735356042576e6,8.888118961822663e6,0.0,0.0,0.0,0.0
6717,3.4762150356042576e6,8.89194344015648e6,0.0,0.0,0.0,0.0
6718,3.4773565356042576e6,8.895767918490298e6,0.0,0.0,0.0,0.0
6719,3.4781335356042576e6,8.896970818614747e6,0.0,0.0,0.0,0.0
6720,3.4789105356042576e6,8.898173718739199e6,0.0,0.0,0.0,0.0
6721,3.4795055356042576e6,8.892224087795984e6,0.0,0.0,0.0,0.0
6722,3.4801005356042576e6,8.886274456852768e6,0.0,0.0,0.0,0.0
6723,3.4807475356042576e6,8.882102492791057e6,0.0,0.0,0.0,0.0
6724,3.4813945356042576e6,8.877930528729344e6,0.0,0.0,0.0,0.0
6725,3.4828680356042576e6,8.877854982270045e6,0.0,0.0,0.0,0.0
6726,3.4843415356042576e6,8.877779435810747e6,0.0,0.0,0.0,0.0
6727,3.4864260356042576e6,8.879910753227513e6,0.0,0.0,0.0,0.0
6728,3.4885105356042576e6,8.88204207064428e6,0.0,0.0,0.0,0.0
6729,3.4908485356042576e6,8.887740964996764e6,0.0,0.0,0.0,0.0
6730,3.4931865356042576e6,8.893439859349249e6,0.0,0.0,0.0,0.0
6731,3.4949710356042576e6,8.898857250270547e6,0.0,0.0,0.0,0.0
6732,3.4967555356042576e6,8.904274641191846e6,0.0,0.0,0.0,0.0
6733,3.4982960356042576e6,8.90795650765524e6,0.0,0.0,0.0,0.0
6734,3.4998365356042576e6,8.911638374118634e6,0.0,0.0,0.0,0.0
6735,3.5012780356042576e6,8.914573698442936e6,0.0,0.0,0.0,0.0
6736,3.5027195356042576e6,8.917509022767238e6,0.0,0.0,0.0,0.0
6737,3.5048350356042576e6,8.921241113411086e6,0.0,0.0,0.0,0.0
6738,3.5069505356042576e6,8.924973204054933e6,0.0,0.0,0.0,0.0
6739,3.5090815356042576e6,8.92645860339088e6,0.0,0.0,0.0,0.0
6740,3.5112125356042576e6,8.927944002726829e6,0.0,0.0,0.0,0.0
6741,3.5125875356042576e6,8.923162672486342e6,0.0,0.0,0.0,0.0
6742,3.5139625356042576e6,8.918381342245858e6,0.0,0.0,0.0,0.0
6743,3.5148550356042576e6,8.912222257326752e6,0.0,0.0,0.0,0.0
6744,3.5157475356042576e6,8.906063172407644e6,0.0,0.0,0.0,0.0
6745,3.5168510356042576e6,8.90010598205978e6,0.0,0.0,0.0,0.0
6746,3.5179545356042576e6,8.894148791711917e6,0.0,0.0,0.0,0.0
6747,3.5187460356042576e6,8.890341201950103e6,0.0,0.0,0.0,0.0
6748,3.5195375356042576e6,8.88653361218829e6,0.0,0.0,0.0,0.0
6749,3.520571826339277e6,8.887443350363202e6,0.0,0.0,0.0,0.0
6750,3.5216061170742963e6,8.888353088538112e6,0.0,0.0,0.0,0.0
6751,3.515363777074296e6,8.888640641131852e6,0.0,0.0,0.0,0.0
6752,3.509121437074296e6,8.88892819372559e6,0.0,0.0,0.0,0.0
6753,3.511144937074296e6,8.889512403643338e6,0.0,0.0,0.0,0.0
6754,3.513168437074296e6,8.890096613561086e6,0.0,0.0,0.0,0.0
6755,3.515137937074296e6,8.89469243609842e6,0.0,0.0,0.0,0.0
6756,3.517107437074296e6,8.89928825863575e6,0.0,0.0,0.0,0.0
6757,3.519171437074296e6,8.903520730929304e6,0.0,0.0,0.0,0.0
6758,3.521235437074296e6,8.907753203222858e6,0.0,0.0,0.0,0.0
6759,3.523898437074296e6,8.9106175434828e6,0.0,0.0,0.0,0.0
6760,3.526561437074296e6,8.913481883742742e6,0.0,0.0,0.0,0.0
6761,3.527044439898836e6,8.912641762833923e6,0.0,0.0,0.0,0.0
6762,3.5275274427233757e6,8.911801641925102e6,0.0,0.0,0.0,0.0
6763,3.5230843610539e6,8.910637072728904e6,0.0,0.0,0.0,0.0
6764,3.5186412793844235e6,8.909472503532706e6,0.0,0.0,0.0,0.0
6765,3.5201584725879813e6,8.904443152648006e6,0.0,0.0,0.0,0.0
6766,3.5216756657915395e6,8.899413801763304e6,0.0,0.0,0.0,0.0
6767,3.5229231657915395e6,8.893451273204736e6,0.0,0.0,0.0,0.0
6768,3.5241706657915395e6,8.887488744646171e6,0.0,0.0,0.0,0.0
6769,3.5251211657915395e6,8.881219290540386e6,0.0,0.0,0.0,0.0
6770,3.5260716657915395e6,8.874949836434603e6,0.0,0.0,0.0,0.0
6771,3.5270741657915395e6,8.868763469244631e6,0.0,0.0,0.0,0.0
6772,3.5280766657915395e6,8.86257710205466e6,0.0,0.0,0.0,0.0
6773,3.5290055474740607e6,8.858798166637326e6,0.0,0.0,0.0,0.0
6774,3.529934429156582e6,8.855019231219992e6,0.0,0.0,0.0,0.0
6775,3.5285052001856687e6,8.853131681845903e6,0.0,0.0,0.0,0.0
6776,3.527075971214755e6,8.851244132471813e6,0.0,0.0,0.0,0.0
6777,3.529900471214755e6,8.849552130924389e6,0.0,0.0,0.0,0.0
6778,3.532724971214755e6,8.847860129376963e6,0.0,0.0,0.0,0.0
6779,3.534750971214755e6,8.85254213908816e6,0.0,0.0,0.0,0.0
6780,3.536776971214755e6,8.857224148799356e6,0.0,0.0,0.0,0.0
6781,3.537887471214755e6,8.859724196893059e6,0.0,0.0,0.0,0.0
6782,3.538997971214755e6,8.86222424498676e6,0.0,0.0,0.0,0.0
6783,3.540043471214755e6,8.864391325365601e6,0.0,0.0,0.0,0.0
6784,3.541088971214755e6,8.866558405744443e6,0.0,0.0,0.0,0.0
6785,3.5422515386205055e6,8.86397164621845e6,0.0,0.0,0.0,0.0
6786,3.5434141060262555e6,8.861384886692459e6,0.0,0.0,0.0,0.0
6787,3.5450346060262555e6,8.86071449862986e6,0.0,0.0,0.0,0.0
6788,3.5466551060262555e6,8.860044110567264e6,0.0,0.0,0.0,0.0
6789,3.5470215530131278e6,8.855761921873264e6,0.0,0.0,0.0,0.0
6790,3.547388e6,8.851479733179266e6,0.0,0.0,0.0,0.0
6791,3.548128e6,8.846202361650348e6,0.0,0.0,0.0,0.0
6792,3.548868e6,8.84092499012143e6,0.0,0.0,0.0,0.0
6793,3.549208e6,8.834677857873626e6,0.0,0.0,0.0,0.0
6794,3.549548e6,8.82843072562582e6,0.0,0.0,0.0,0.0
6795,3.5500145e6,8.822634593508394e6,0.0,0.0,0.0,0.0
6796,3.550481e6,8.816838461390968e6,0.0,0.0,0.0,0.0
6797,3.5509345e6,8.814083806566596e6,0.0,0.0,0.0,0.0
6798,3.551388e6,8.811329151742224e6,0.0,0.0,0.0,0.0
6799,3.5523725e6,8.808838497752272e6,0.0,0.0,0.0,0.0
6800,3.553357e6,8.80634784376232e6,0.0,0.0,0.0,0.0
6801,3.554628e6,8.806975585847784e6,0.0,0.0,0.0,0.0
6802,3.555899e6,8.807603327933246e6,0.0,0.0,0.0,0.0
6803,3.5571425e6,8.810227386349056e6,0.0,0.0,0.0,0.0
6804,3.558386e6,8.812851444764867e6,0.0,0.0,0.0,0.0
6805,3.5589895e6,8.814160373714719e6,0.0,0.0,0.0,0.0
6806,3.559593e6,8.815469302664572e6,0.0,0.0,0.0,0.0
6807,3.5606385e6,8.81630141192592e6,0.0,0.0,0.0,0.0
6808,3.561684e6,8.817133521187264e6,0.0,0.0,0.0,0.0
6809,3.5644515e6,8.814836052542388e6,0.0,0.0,0.0,0.0
6810,3.567219e6,8.81253858389751e6,0.0,0.0,0.0,0.0
6811,3.5686625e6,8.809924954087477e6,0.0,0.0,0.0,0.0
6812,3.570106e6,8.807311324277444e6,0.0,0.0,0.0,0.0
6813,3.5714445e6,8.80245186753403e6,0.0,0.0,0.0,0.0
6814,3.572783e6,8.797592410790617e6,0.0,0.0,0.0,0.0
6815,3.573533e6,8.791434565974731e6,0.0,0.0,0.0,0.0
6816,3.574283e6,8.785276721158843e6,0.0,0.0,0.0,0.0
6817,3.574634e6,8.77901904803366e6,0.0,0.0,0.0,0.0
6818,3.574985e6,8.772761374908477e6,0.0,0.0,0.0,0.0
6819,3.575188e6,8.76744310430549e6,0.0,0.0,0.0,0.0
6820,3.575391e6,8.762124833702506e6,0.0,0.0,0.0,0.0
6821,3.575704e6,8.757971058281444e6,0.0,0.0,0.0,0.0
6822,3.576017e6,8.75381728286038e6,0.0,0.0,0.0,0.0
6823,3.576479e6,8.748942881389555e6,0.0,0.0,0.0,0.0
6824,3.576941e6,8.744068479918728e6,0.0,0.0,0.0,0.0
6825,3.577713e6,8.738943641086003e6,0.0,0.0,0.0,0.0
6826,3.578485e6,8.733818802253278e6,0.0,0.0,0.0,0.0
6827,3.579621e6,8.734288692403533e6,0.0,0.0,0.0,0.0
6828,3.580757e6,8.734758582553785e6,0.0,0.0,0.0,0.0
6829,3.581193e6,8.736056350574648e6,0.0,0.0,0.0,0.0
6830,3.581629e6,8.73735411859551e6,0.0,0.0,0.0,0.0
6831,3.5822725e6,8.738162045844045e6,0.0,0.0,0.0,0.0
6832,3.582916e6,8.73896997309258e6,0.0,0.0,0.0,0.0
6833,3.5850805e6,8.734950695198435e6,0.0,0.0,0.0,0.0
6834,3.587245e6,8.730931417304292e6,0.0,0.0,0.0,0.0
6835,3.5888505e6,8.728541626125664e6,0.0,0.0,0.0,0.0
6836,3.590456e6,8.726151834947037e6,0.0,0.0,0.0,0.0
6837,3.5921425e6,8.722116426794033e6,0.0,0.0,0.0,0.0
6838,3.593829e6,8.718081018641029e6,0.0,0.0,0.0,0.0
6839,3.595496e6,8.713163897097835e6,0.0,0.0,0.0,0.0
6840,3.597163e6,8.708246775554642e6,0.0,0.0,0.0,0.0
6841,3.5978805e6,8.70212401315277e6,0.0,0.0,0.0,0.0
6842,3.598598e6,8.6960012507509e6,0.0,0.0,0.0,0.0
6843,3.599299e6,8.692192373085245e6,0.0,0.0,0.0,0.0
6844,3.6e6,8.688383495419592e6,0.0,0.0,0.0,0.0
6845,3.6e6,8.687731699755844e6,0.0,0.0,0.0,0.0
6846,3.6e6,8.687079904092098e6,0.0,0.0,0.0,0.0
6847,3.5974410305655655e6,8.686161076314453e6,0.0,0.0,0.0,0.0
6848,3.5948820611311304e6,8.685242248536808e6,0.0,0.0,0.0,0.0
6849,3.5931416534347134e6,8.684862716599008e6,0.0,0.0,0.0,0.0
6850,3.591401245738296e6,8.684483184661208e6,0.0,0.0,0.0,0.0
6851,3.5874012463919735e6,8.686210028396565e6,0.0,0.0,0.0,0.0
6852,3.5834012470456506e6,8.687936872131921e6,0.0,0.0,0.0,0.0
6853,3.5845347470456506e6,8.68906970642438e6,0.0,0.0,0.0,0.0
6854,3.5856682470456506e6,8.690202540716838e6,0.0,0.0,0.0,0.0
6855,3.5866902470456506e6,8.691356456764055e6,0.0,0.0,0.0,0.0
6856,3.5877122470456506e6,8.692510372811273e6,0.0,0.0,0.0,0.0
6857,3.586408753807109e6,8.694427572391067e6,0.0,0.0,0.0,0.0
6858,3.585105260568567e6,8.696344771970859e6,0.0,0.0,0.0,0.0
6859,3.580972591273009e6,8.694440635087391e6,0.0,0.0,0.0,0.0
6860,3.576839921977451e6,8.692536498203924e6,0.0,0.0,0.0,0.0
6861,3.5775780045173587e6,8.68751644809338e6,0.0,0.0,0.0,0.0
6862,3.5783160870572664e6,8.682496397982838e6,0.0,0.0,0.0,0.0
6863,3.5794865870572664e6,8.677505281709243e6,0.0,0.0,0.0,0.0
6864,3.5806570870572664e6,8.672514165435648e6,0.0,0.0,0.0,0.0
6865,3.5814125870572664e6,8.669822609680148e6,0.0,0.0,0.0,0.0
6866,3.5821680870572664e6,8.667131053924648e6,0.0,0.0,0.0,0.0
6867,3.5827650870572664e6,8.667195474671066e6,0.0,0.0,0.0,0.0
6868,3.5833620870572664e6,8.667259895417482e6,0.0,0.0,0.0,0.0
6869,3.5859480870572664e6,8.667444080556257e6,0.0,0.0,0.0,0.0
6870,3.5885340870572664e6,8.667628265695032e6,0.0,0.0,0.0,0.0
6871,3.585375043528633e6,8.670608853786904e6,0.0,0.0,0.0,0.0
6872,3.582216e6,8.673589441878775e6,0.0,0.0,0.0,0.0
6873,3.5852795e6,8.676778367311789e6,0.0,0.0,0.0,0.0
6874,3.588343e6,8.679967292744802e6,0.0,0.0,0.0,0.0
6875,3.590573e6,8.681870851189163e6,0.0,0.0,0.0,0.0
6876,3.592803e6,8.683774409633525e6,0.0,0.0,0.0,0.0
6877,3.5943625e6,8.685826160412805e6,0.0,0.0,0.0,0.0
6878,3.595922e6,8.687877911192086e6,0.0,0.0,0.0,0.0
6879,3.597961e6,8.689705823339961e6,0.0,0.0,0.0,0.0
6880,3.6e6,8.691533735487837e6,0.0,0.0,0.0,0.0
6881,3.6e6,8.695300549021875e6,0.0,0.0,0.0,0.0
6882,3.6e6,8.699067362555914e6,0.0,0.0,0.0,0.0
6883,3.6e6,8.700100269492403e6,0.0,0.0,0.0,0.0
6884,3.6e6,8.701133176428894e6,0.0,0.0,0.0,0.0
6885,3.5994565e6,8.702421023623988e6,0.0,0.0,0.0,0.0
6886,3.598913e6,8.703708870819082e6,0.0,0.0,0.0,0.0
6887,3.5994565e6,8.704425030429259e6,0.0,0.0,0.0,0.0
6888,3.6e6,8.705141190039434e6,0.0,0.0,0.0,0.0
6889,3.6e6,8.69875826648892e6,0.0,0.0,0.0,0.0
6890,3.6e6,8.692375342938408e6,0.0,0.0,0.0,0.0
6891,3.6e6,8.685975677994411e6,0.0,0.0,0.0,0.0
6892,3.6e6,8.679576013050413e6,0.0,0.0,0.0,0.0
6893,3.5968237080355478e6,8.673847864000631e6,0.0,0.0,0.0,0.0
6894,3.5936474160710955e6,8.66811971495085e6,0.0,0.0,0.0,0.0
6895,3.5876538710019435e6,8.663758159650702e6,0.0,0.0,0.0,0.0
6896,3.5816603259327915e6,8.659396604350554e6,0.0,0.0,0.0,0.0
6897,3.5803588122571027e6,8.657266361215431e6,0.0,0.0,0.0,0.0
6898,3.579057298581414e6,8.655136118080307e6,0.0,0.0,0.0,0.0
6899,3.5809992744093873e6,8.657256694588358e6,0.0,0.0,0.0,0.0
6900,3.5829412502373606e6,8.659377271096408e6,0.0,0.0,0.0,0.0
6901,3.5857357502373606e6,8.660592572253069e6,0.0,0.0,0.0,0.0
6902,3.5885302502373606e6,8.66180787340973e6,0.0,0.0,0.0,0.0
6903,3.5910302502373606e6,8.662720589380447e6,0.0,0.0,0.0,0.0
6904,3.5935302502373606e6,8.663633305351162e6,0.0,0.0,0.0,0.0
6905,3.58964967899012e6,8.661051551754892e6,0.0,0.0,0.0,0.0
6906,3.58576910774288e6,8.65846979815862e6,0.0,0.0,0.0,0.0
6907,3.5830716600655876e6,8.655749519471575e6,0.0,0.0,0.0,0.0
6908,3.5803742123882947e6,8.653029240784528e6,0.0,0.0,0.0,0.0
6909,3.5773625176594146e6,8.647436883037455e6,0.0,0.0,0.0,0.0
6910,3.574350822930534e6,8.641844525290381e6,0.0,0.0,0.0,0.0
6911,3.5744195912113753e6,8.63558995242325e6,0.0,0.0,0.0,0.0
6912,3.5744883594922167e6,8.62933537955612e6,0.0,0.0,0.0,0.0
6913,3.5749838594922167e6,8.62296795729587e6,0.0,0.0,0.0,0.0
6914,3.5754793594922167e6,8.616600535035621e6,0.0,0.0,0.0,0.0
6915,3.5760823594922167e6,8.610257294788182e6,0.0,0.0,0.0,0.0
6916,3.5766853594922167e6,8.603914054540744e6,0.0,0.0,0.0,0.0
6917,3.5729695867502596e6,8.598886563810874e6,0.0,0.0,0.0,0.0
6918,3.569253814008303e6,8.593859073081004e6,0.0,0.0,0.0,0.0
6919,3.564062974008303e6,8.592203423009258e6,0.0,0.0,0.0,0.0
6920,3.558872134008303e6,8.59054777293751e6,0.0,0.0,0.0,0.0
6921,3.5546364981523464e6,8.588712927950317e6,0.0,0.0,0.0,0.0
6922,3.5504008622963894e6,8.586878082963124e6,0.0,0.0,0.0,0.0
6923,3.5484056409108276e6,8.58444674832659e6,0.0,0.0,0.0,0.0
6924,3.546410419525266e6,8.582015413690057e6,0.0,0.0,0.0,0.0
6925,3.5456645584546407e6,8.577925440995324e6,0.0,0.0,0.0,0.0
6926,3.544918697384015e6,8.573835468300594e6,0.0,0.0,0.0,0.0
6927,3.543589037941335e6,8.569419348458719e6,0.0,0.0,0.0,0.0
6928,3.542259378498654e6,8.565003228616841e6,0.0,0.0,0.0,0.0
6929,3.537232538498654e6,8.562931523914421e6,0.0,0.0,0.0,0.0
6930,3.5322056984986537e6,8.560859819212e6,0.0,0.0,0.0,0.0
6931,3.5261073584986534e6,8.560325842503723e6,0.0,0.0,0.0,0.0
6932,3.5200090184986535e6,8.559791865795445e6,0.0,0.0,0.0,0.0
6933,3.5133591784986537e6,8.555577882778604e6,0.0,0.0,0.0,0.0
6934,3.5067093384986534e6,8.551363899761764e6,0.0,0.0,0.0,0.0
6935,3.5021029106263733e6,8.545682874634385e6,0.0,0.0,0.0,0.0
6936,3.4974964827540927e6,8.540001849507004e6,0.0,0.0,0.0,0.0
6937,3.4962466999604525e6,8.534067223270912e6,0.0,0.0,0.0,0.0
6938,3.494996917166812e6,8.528132597034821e6,0.0,0.0,0.0,0.0
6939,3.4894297937396714e6,8.522178129147192e6,0.0,0.0,0.0,0.0
6940,3.483862670312531e6,8.516223661259564e6,0.0,0.0,0.0,0.0
6941,3.4777988303125305e6,8.512871549981376e6,0.0,0.0,0.0,0.0
6942,3.4717349903125307e6,8.509519438703189e6,0.0,0.0,0.0,0.0
6943,3.466760150312531e6,8.509217361297254e6,0.0,0.0,0.0,0.0
6944,3.4617853103125305e6,8.508915283891318e6,0.0,0.0,0.0,0.0
6945,3.45641897031253e6,8.508527019311517e6,0.0,0.0,0.0,0.0
6946,3.4510526303125303e6,8.508138754731717e6,0.0,0.0,0.0,0.0
6947,3.447177394088998e6,8.505864293152649e6,0.0,0.0,0.0,0.0
6948,3.4433021578654656e6,8.503589831573583e6,0.0,0.0,0.0,0.0
6949,3.4409765411094683e6,8.499582945794664e6,0.0,0.0,0.0,0.0
6950,3.438650924353471e6,8.495576060015745e6,0.0,0.0,0.0,0.0
6951,3.4362437700248044e6,8.491497868301615e6,0.0,0.0,0.0,0.0
6952,3.4338366156961373e6,8.487419676587483e6,0.0,0.0,0.0,0.0
6953,3.428656275696137e6,8.485878736063685e6,0.0,0.0,0.0,0.0
6954,3.423475935696137e6,8.48433779553989e6,0.0,0.0,0.0,0.0
6955,3.4171585956961373e6,8.483769715993032e6,0.0,0.0,0.0,0.0
6956,3.410841255696137e6,8.483201636446174e6,0.0,0.0,0.0,0.0
6957,3.4045854156961367e6,8.479266676654078e6,0.0,0.0,0.0,0.0
6958,3.398329575696137e6,8.475331716861982e6,0.0,0.0,0.0,0.0
6959,3.394901480873899e6,8.4698447678887e6,0.0,0.0,0.0,0.0
6960,3.3914733860516613e6,8.46435781891542e6,0.0,0.0,0.0,0.0
6961,3.39183431974685e6,8.458134248628816e6,0.0,0.0,0.0,0.0
6962,3.3921952534420383e6,8.451910678342212e6,0.0,0.0,0.0,0.0
6963,3.3926097534420383e6,8.445651145062197e6,0.0,0.0,0.0,0.0
6964,3.3930242534420383e6,8.439391611782182e6,0.0,0.0,0.0,0.0
6965,3.3929014815540705e6,8.43328585130158e6,0.0,0.0,0.0,0.0
6966,3.392778709666102e6,8.42718009082098e6,0.0,0.0,0.0,0.0
6967,3.390032453612109e6,8.421915120324273e6,0.0,0.0,0.0,0.0
6968,3.387286197558116e6,8.416650149827566e6,0.0,0.0,0.0,0.0
6969,3.385971288787696e6,8.411462685782176e6,0.0,0.0,0.0,0.0
6970,3.384656380017276e6,8.406275221736787e6,0.0,0.0,0.0,0.0
6971,3.385695380017276e6,8.400161400585249e6,0.0,0.0,0.0,0.0
6972,3.386734380017276e6,8.394047579433711e6,0.0,0.0,0.0,0.0
6973,3.387771880017276e6,8.38836488363091e6,0.0,0.0,0.0,0.0
6974,3.388809380017276e6,8.382682187828109e6,0.0,0.0,0.0,0.0
6975,3.389827880017276e6,8.376277562471227e6,0.0,0.0,0.0,0.0
6976,3.390846380017276e6,8.369872937114345e6,0.0,0.0,0.0,0.0
6977,3.3888320419605467e6,8.3649272931970665e6,0.0,0.0,0.0,0.0
6978,3.386817703903817e6,8.359981649279788e6,0.0,0.0,0.0,0.0
6979,3.3827401615323136e6,8.357627201042961e6,0.0,0.0,0.0,0.0
6980,3.3786626191608105e6,8.3552727528061345e6,0.0,0.0,0.0,0.0
6981,3.3708417791608106e6,8.350838651467552e6,0.0,0.0,0.0,0.0
6982,3.3630209391608103e6,8.34640455012897e6,0.0,0.0,0.0,0.0
6983,3.3625271359989233e6,8.340197721235851e6,0.0,0.0,0.0,0.0
6984,3.362033332837036e6,8.333990892342732e6,0.0,0.0,0.0,0.0
6985,3.362512332837036e6,8.327656332817841e6,0.0,0.0,0.0,0.0
6986,3.362991332837036e6,8.321321773292951e6,0.0,0.0,0.0,0.0
6987,3.363308332837036e6,8.315059759806493e6,0.0,0.0,0.0,0.0
6988,3.363625332837036e6,8.308797746320036e6,0.0,0.0,0.0,0.0
6989,3.364113332837036e6,8.302387540498659e6,0.0,0.0,0.0,0.0
6990,3.364601332837036e6,8.295977334677283e6,0.0,0.0,0.0,0.0
6991,3.365352332837036e6,8.290432720904222e6,0.0,0.0,0.0,0.0
6992,3.366103332837036e6,8.28488810713116e6,0.0,0.0,0.0,0.0
6993,3.367338832837036e6,8.279696922776107e6,0.0,0.0,0.0,0.0
6994,3.368574332837036e6,8.274505738421055e6,0.0,0.0,0.0,0.0
6995,3.369737332837036e6,8.269237667666295e6,0.0,0.0,0.0,0.0
6996,3.370900332837036e6,8.263969596911535e6,0.0,0.0,0.0,0.0
6997,3.371656832837036e6,8.259040694387741e6,0.0,0.0,0.0,0.0
6998,3.372413332837036e6,8.254111791863947e6,0.0,0.0,0.0,0.0
6999,3.373380332837036e6,8.24922443279806e6,0.0,0.0,0.0,0.0
7000,3.374347332837036e6,8.244337073732172e6,0.0,0.0,0.0,0.0
7001,3.373185474736103e6,8.24222878598473e6,0.0,0.0,0.0,0.0
7002,3.37202361663517e6,8.240120498237289e6,0.0,0.0,0.0,0.0
7003,3.3721379564679675e6,8.239704951386624e6,0.0,0.0,0.0,0.0
7004,3.3722522963007647e6,8.2392894045359595e6,0.0,0.0,0.0,0.0
7005,3.368586270995603e6,8.236264680508138e6,0.0,0.0,0.0,0.0
7006,3.3649202456904417e6,8.233239956480316e6,0.0,0.0,0.0,0.0
7007,3.3654532456904417e6,8.228420183039977e6,0.0,0.0,0.0,0.0
7008,3.3659862456904417e6,8.223600409599639e6,0.0,0.0,0.0,0.0
7009,3.3663432456904417e6,8.21721128553302e6,0.0,0.0,0.0,0.0
7010,3.3667002456904417e6,8.210822161466402e6,0.0,0.0,0.0,0.0
7011,3.3671322456904417e6,8.204413815799857e6,0.0,0.0,0.0,0.0
7012,3.3675642456904417e6,8.198005470133312e6,0.0,0.0,0.0,0.0
7013,3.3644306141979946e6,8.19346844022738e6,0.0,0.0,0.0,0.0
7014,3.361296982705548e6,8.188931410321449e6,0.0,0.0,0.0,0.0
7015,3.3554866427055476e6,8.187852408247505e6,0.0,0.0,0.0,0.0
7016,3.349676302705548e6,8.186773406173562e6,0.0,0.0,0.0,0.0
7017,3.344761915109789e6,8.185615037493469e6,0.0,0.0,0.0,0.0
7018,3.33984752751403e6,8.184456668813376e6,0.0,0.0,0.0,0.0
7019,3.3426315170477605e6,8.182270254563006e6,0.0,0.0,0.0,0.0
7020,3.345415506581491e6,8.1800838403126355e6,0.0,0.0,0.0,0.0
7021,3.347767506581491e6,8.176774512595575e6,0.0,0.0,0.0,0.0
7022,3.350119506581491e6,8.173465184878515e6,0.0,0.0,0.0,0.0
7023,3.351793506581491e6,8.170233363612773e6,0.0,0.0,0.0,0.0
7024,3.353467506581491e6,8.16700154234703e6,0.0,0.0,0.0,0.0
7025,3.347589666581491e6,8.166360296710128e6,0.0,0.0,0.0,0.0
7026,3.3417118265814907e6,8.165719051073227e6,0.0,0.0,0.0,0.0
7027,3.3351409865814904e6,8.16469337343779e6,0.0,0.0,0.0,0.0
7028,3.3285701465814905e6,8.163667695802353e6,0.0,0.0,0.0,0.0
7029,3.3212363065814907e6,8.159267697302351e6,0.0,0.0,0.0,0.0
7030,3.3139024665814904e6,8.154867698802349e6,0.0,0.0,0.0,0.0
7031,3.314165203423162e6,8.148596384541733e6,0.0,0.0,0.0,0.0
7032,3.314427940264834e6,8.142325070281118e6,0.0,0.0,0.0,0.0
7033,3.315117940264834e6,8.13584541867936e6,0.0,0.0,0.0,0.0
7034,3.315807940264834e6,8.129365767077603e6,0.0,0.0,0.0,0.0
7035,3.316466940264834e6,8.122888595682288e6,0.0,0.0,0.0,0.0
7036,3.317125940264834e6,8.116411424286973e6,0.0,0.0,0.0,0.0
7037,3.3135092981750034e6,8.115003208732186e6,0.0,0.0,0.0,0.0
7038,3.309892656085172e6,8.113594993177398e6,0.0,0.0,0.0,0.0
7039,3.304419816085172e6,8.11490155931073e6,0.0,0.0,0.0,0.0
7040,3.298946976085172e6,8.116208125444061e6,0.0,0.0,0.0,0.0
7041,3.2940512146207485e6,8.118179269513972e6,0.0,0.0,0.0,0.0
7042,3.2891554531563246e6,8.120150413583882e6,0.0,0.0,0.0,0.0
7043,3.288673791900502e6,8.121503366198083e6,0.0,0.0,0.0,0.0
7044,3.2881921306446795e6,8.122856318812284e6,0.0,0.0,0.0,0.0
7045,3.2899061306446795e6,8.123982332537027e6,0.0,0.0,0.0,0.0
7046,3.2916201306446795e6,8.1251083462617695e6,0.0,0.0,0.0,0.0
7047,3.2936241306446795e6,8.126636153430143e6,0.0,0.0,0.0,0.0
7048,3.2956281306446795e6,8.128163960598516e6,0.0,0.0,0.0,0.0
7049,3.2913720112838633e6,8.130663388640608e6,0.0,0.0,0.0,0.0
7050,3.2871158919230476e6,8.133162816682699e6,0.0,0.0,0.0,0.0
7051,3.283873866179212e6,8.13617750761315e6,0.0,0.0,0.0,0.0
7052,3.280631840435377e6,8.139192198543602e6,0.0,0.0,0.0,0.0
7053,3.276401452492425e6,8.140041669250043e6,0.0,0.0,0.0,0.0
7054,3.2721710645494736e6,8.140891139956485e6,0.0,0.0,0.0,0.0
7055,3.270891830698254e6,8.141449806457583e6,0.0,0.0,0.0,0.0
7056,3.2696125968470345e6,8.14200847295868e6,0.0,0.0,0.0,0.0
7057,3.2704150968470345e6,8.135543082543965e6,0.0,0.0,0.0,0.0
7058,3.2712175968470345e6,8.129077692129251e6,0.0,0.0,0.0,0.0
7059,3.2717980968470345e6,8.122598040527493e6,0.0,0.0,0.0,0.0
7060,3.2723785968470345e6,8.116118388925736e6,0.0,0.0,0.0,0.0
7061,3.2742435968470345e6,8.110092615102895e6,0.0,0.0,0.0,0.0
7062,3.2761085968470345e6,8.104066841280053e6,0.0,0.0,0.0,0.0
7063,3.271342150887645e6,8.098969284718192e6,0.0,0.0,0.0,0.0
7064,3.266575704928255e6,8.093871728156331e6,0.0,0.0,0.0,0.0
7065,3.261005364928255e6,8.093007669836633e6,0.0,0.0,0.0,0.0
7066,3.255435024928255e6,8.092143611516936e6,0.0,0.0,0.0,0.0
7067,3.2510425149224564e6,8.094000666090507e6,0.0,0.0,0.0,0.0
7068,3.2466500049166577e6,8.095857720664077e6,0.0,0.0,0.0,0.0
7069,3.2482405049166577e6,8.09690312767945e6,0.0,0.0,0.0,0.0
7070,3.2498310049166577e6,8.0979485346948225e6,0.0,0.0,0.0,0.0
7071,3.2517480049166577e6,8.099553848314513e6,0.0,0.0,0.0,0.0
7072,3.2536650049166577e6,8.101159161934204e6,0.0,0.0,0.0,0.0
7073,3.2483829672880406e6,8.100986464707792e6,0.0,0.0,0.0,0.0
7074,3.243100929659424e6,8.100813767481378e6,0.0,0.0,0.0,0.0
7075,3.240626061560385e6,8.098469240070321e6,0.0,0.0,0.0,0.0
7076,3.2381511934613464e6,8.096124712659262e6,0.0,0.0,0.0,0.0
7077,3.2399191934613464e6,8.091012894910359e6,0.0,0.0,0.0,0.0
7078,3.2416871934613464e6,8.0859010771614555e6,0.0,0.0,0.0,0.0
7079,3.242396275349686e6,8.079590699649376e6,0.0,0.0,0.0,0.0
7080,3.2431053572380254e6,8.073280322137296e6,0.0,0.0,0.0,0.0
7081,3.2435188572380254e6,8.066816791877413e6,0.0,0.0,0.0,0.0
7082,3.2439323572380254e6,8.060353261617529e6,0.0,0.0,0.0,0.0
7083,3.2445433572380254e6,8.053867409499667e6,0.0,0.0,0.0,0.0
7084,3.2451543572380254e6,8.047381557381804e6,0.0,0.0,0.0,0.0
7085,3.244429578789984e6,8.042104185852886e6,0.0,0.0,0.0,0.0
7086,3.243704800341942e6,8.036826814323968e6,0.0,0.0,0.0,0.0
7087,3.246396300341942e6,8.033476563200613e6,0.0,0.0,0.0,0.0
7088,3.249087800341942e6,8.030126312077257e6,0.0,0.0,0.0,0.0
7089,3.251870300341942e6,8.025654387590433e6,0.0,0.0,0.0,0.0
7090,3.254652800341942e6,8.021182463103607e6,0.0,0.0,0.0,0.0
7091,3.257059800341942e6,8.018102571627328e6,0.0,0.0,0.0,0.0
7092,3.259466800341942e6,8.015022680151049e6,0.0,0.0,0.0,0.0
7093,3.261772800341942e6,8.014369366973873e6,0.0,0.0,0.0,0.0
7094,3.264078800341942e6,8.013716053796698e6,0.0,0.0,0.0,0.0
7095,3.266481300341942e6,8.010175088995267e6,0.0,0.0,0.0,0.0
7096,3.268883800341942e6,8.006634124193836e6,0.0,0.0,0.0,0.0
7097,3.272241300341942e6,8.003262171264111e6,0.0,0.0,0.0,0.0
7098,3.275598800341942e6,7.999890218334386e6,0.0,0.0,0.0,0.0
7099,3.277040920484734e6,7.998001428857076e6,0.0,0.0,0.0,0.0
7100,3.278483040627526e6,7.996112639379766e6,0.0,0.0,0.0,0.0
7101,3.280207540627526e6,7.991335649500554e6,0.0,0.0,0.0,0.0
7102,3.281932040627526e6,7.986558659621343e6,0.0,0.0,0.0,0.0
7103,3.282877040627526e6,7.980386553618414e6,0.0,0.0,0.0,0.0
7104,3.283822040627526e6,7.974214447615486e6,0.0,0.0,0.0,0.0
7105,3.284372040627526e6,7.967776959523246e6,0.0,0.0,0.0,0.0
7106,3.284922040627526e6,7.961339471431005e6,0.0,0.0,0.0,0.0
7107,3.285540040627526e6,7.95492058488708e6,0.0,0.0,0.0,0.0
7108,3.286158040627526e6,7.948501698343156e6,0.0,0.0,0.0,0.0
7109,3.287834040627526e6,7.944204008358893e6,0.0,0.0,0.0,0.0
7110,3.289510040627526e6,7.93990631837463e6,0.0,0.0,0.0,0.0
7111,3.292004040627526e6,7.939555256891462e6,0.0,0.0,0.0,0.0
7112,3.294498040627526e6,7.939204195408294e6,0.0,0.0,0.0,0.0
7113,3.296564540627526e6,7.938518926107044e6,0.0,0.0,0.0,0.0
7114,3.298631040627526e6,7.937833656805795e6,0.0,0.0,0.0,0.0
7115,3.300159540627526e6,7.937001435272846e6,0.0,0.0,0.0,0.0
7116,3.301688040627526e6,7.936169213739899e6,0.0,0.0,0.0,0.0
7117,3.303400540627526e6,7.934002021089455e6,0.0,0.0,0.0,0.0
7118,3.305113040627526e6,7.931834828439012e6,0.0,0.0,0.0,0.0
7119,3.307203540627526e6,7.92993239782627e6,0.0,0.0,0.0,0.0
7120,3.309294040627526e6,7.928029967213528e6,0.0,0.0,0.0,0.0
7121,3.312567040627526e6,7.9269249229719415e6,0.0,0.0,0.0,0.0
7122,3.315840040627526e6,7.925819878730356e6,0.0,0.0,0.0,0.0
7123,3.317482540627526e6,7.92550540029221e6,0.0,0.0,0.0,0.0
7124,3.319125040627526e6,7.925190921854064e6,0.0,0.0,0.0,0.0
7125,3.320719040627526e6,7.921247901391031e6,0.0,0.0,0.0,0.0
7126,3.322313040627526e6,7.917304880927998e6,0.0,0.0,0.0,0.0
7127,3.323668540627526e6,7.911030466409329e6,0.0,0.0,0.0,0.0
7128,3.325024040627526e6,7.904756051890661e6,0.0,0.0,0.0,0.0
7129,3.325881540627526e6,7.898231136521334e6,0.0,0.0,0.0,0.0
7130,3.326739040627526e6,7.891706221152008e6,0.0,0.0,0.0,0.0
7131,3.327252040627526e6,7.885185646143954e6,0.0,0.0,0.0,0.0
7132,3.327765040627526e6,7.878665071135902e6,0.0,0.0,0.0,0.0
7133,3.328865040627526e6,7.872342292591611e6,0.0,0.0,0.0,0.0
7134,3.329965040627526e6,7.866019514047321e6,0.0,0.0,0.0,0.0
7135,3.331647540627526e6,7.861122234155664e6,0.0,0.0,0.0,0.0
7136,3.333330040627526e6,7.856224954264008e6,0.0,0.0,0.0,0.0
7137,3.334711540627526e6,7.853445150622351e6,0.0,0.0,0.0,0.0
7138,3.336093040627526e6,7.850665346980693e6,0.0,0.0,0.0,0.0
7139,3.337275040627526e6,7.848213550641011e6,0.0,0.0,0.0,0.0
7140,3.338457040627526e6,7.845761754301329e6,0.0,0.0,0.0,0.0
7141,3.339426540627526e6,7.842768032854035e6,0.0,0.0,0.0,0.0
7142,3.340396040627526e6,7.83977431140674e6,0.0,0.0,0.0,0.0
7143,3.341654540627526e6,7.83596088173031e6,0.0,0.0,0.0,0.0
7144,3.342913040627526e6,7.832147452053879e6,0.0,0.0,0.0,0.0
7145,3.3451670351815787e6,7.829197134219322e6,0.0,0.0,0.0,0.0
7146,3.3474210297356313e6,7.826246816384765e6,0.0,0.0,0.0,0.0
7147,3.348329080151553e6,7.825118830233589e6,0.0,0.0,0.0,0.0
7148,3.3492371305674743e6,7.823990844082413e6,0.0,0.0,0.0,0.0
7149,3.3509996305674743e6,7.819010477274945e6,0.0,0.0,0.0,0.0
7150,3.3527621305674743e6,7.814030110467476e6,0.0,0.0,0.0,0.0
7151,3.3534396305674743e6,7.807872265651589e6,0.0,0.0,0.0,0.0
7152,3.3541171305674743e6,7.801714420835703e6,0.0,0.0,0.0,0.0
7153,3.3544176305674743e6,7.795335217594853e6,0.0,0.0,0.0,0.0
7154,3.3547181305674743e6,7.788956014354004e6,0.0,0.0,0.0,0.0
7155,3.3549341305674743e6,7.782615874364618e6,0.0,0.0,0.0,0.0
7156,3.3551501305674743e6,7.776275734375233e6,0.0,0.0,0.0,0.0
7157,3.3554931305674743e6,7.769945515211616e6,0.0,0.0,0.0,0.0
7158,3.3558361305674743e6,7.763615296047999e6,0.0,0.0,0.0,0.0
7159,3.3564101305674743e6,7.757436989528964e6,0.0,0.0,0.0,0.0
7160,3.3569841305674743e6,7.75125868300993e6,0.0,0.0,0.0,0.0
7161,3.3577376305674743e6,7.745135561084233e6,0.0,0.0,0.0,0.0
7162,3.3584911305674743e6,7.739012439158537e6,0.0,0.0,0.0,0.0
7163,3.3593381305674743e6,7.733252047425007e6,0.0,0.0,0.0,0.0
7164,3.3601851305674743e6,7.727491655691478e6,0.0,0.0,0.0,0.0
7165,3.3607156305674743e6,7.7218534141252255e6,0.0,0.0,0.0,0.0
7166,3.3612461305674743e6,7.716215172558973e6,0.0,0.0,0.0,0.0
7167,3.3614796305674743e6,7.710105071717098e6,0.0,0.0,0.0,0.0
7168,3.3617131305674743e6,7.703994970875223e6,0.0,0.0,0.0,0.0
7169,3.3631576305674743e6,7.699389115240522e6,0.0,0.0,0.0,0.0
7170,3.3646021305674743e6,7.694783259605819e6,0.0,0.0,0.0,0.0
7171,3.3653156840960057e6,7.691594841952815e6,0.0,0.0,0.0,0.0
7172,3.3660292376245377e6,7.68840642429981e6,0.0,0.0,0.0,0.0
7173,3.3668352376245377e6,7.684030607812619e6,0.0,0.0,0.0,0.0
7174,3.3676412376245377e6,7.679654791325428e6,0.0,0.0,0.0,0.0
7175,3.3682982376245377e6,7.673821233501854e6,0.0,0.0,0.0,0.0
7176,3.3689552376245377e6,7.667987675678281e6,0.0,0.0,0.0,0.0
7177,3.3691357376245377e6,7.661634514605074e6,0.0,0.0,0.0,0.0
7178,3.3693162376245377e6,7.655281353531867e6,0.0,0.0,0.0,0.0
7179,3.3693712376245377e6,7.648967875761734e6,0.0,0.0,0.0,0.0
7180,3.3694262376245377e6,7.642654397991602e6,0.0,0.0,0.0,0.0
7181,3.3698517376245377e6,7.636346500685965e6,0.0,0.0,0.0,0.0
7182,3.3702772376245377e6,7.630038603380327e6,0.0,0.0,0.0,0.0
7183,3.3721392376245377e6,7.62531121762996e6,0.0,0.0,0.0,0.0
7184,3.3740012376245377e6,7.620583831879592e6,0.0,0.0,0.0,0.0
7185,3.3750231365748025e6,7.61732968875587e6,0.0,0.0,0.0,0.0
7186,3.3760450355250672e6,7.614075545632147e6,0.0,0.0,0.0,0.0
7187,3.3781960355250672e6,7.610456192109816e6,0.0,0.0,0.0,0.0
7188,3.3803470355250672e6,7.606836838587485e6,0.0,0.0,0.0,0.0
7189,3.3822725355250672e6,7.601824849147879e6,0.0,0.0,0.0,0.0
7190,3.3841980355250672e6,7.596812859708273e6,0.0,0.0,0.0,0.0
7191,3.3857755355250672e6,7.590829869446559e6,0.0,0.0,0.0,0.0
7192,3.3873530355250672e6,7.584846879184845e6,0.0,0.0,0.0,0.0
7193,3.3892433498757416e6,7.580732104425691e6,0.0,0.0,0.0,0.0
7194,3.3911336642264165e6,7.576617329666538e6,0.0,0.0,0.0,0.0
7195,3.3931150410331413e6,7.574409833661409e6,0.0,0.0,0.0,0.0
7196,3.3950964178398657e6,7.572202337656281e6,0.0,0.0,0.0,0.0
7197,3.3961759178398657e6,7.567925109375166e6,0.0,0.0,0.0,0.0
7198,3.3972554178398657e6,7.563647881094051e6,0.0,0.0,0.0,0.0
7199,3.3978744178398657e6,7.557604745826114e6,0.0,0.0,0.0,0.0
7200,3.3984934178398657e6,7.551561610558178e6,0.0,0.0,0.0,0.0
7201,3.3988194178398657e6,7.545264622451835e6,0.0,0.0,0.0,0.0
7202,3.3991454178398657e6,7.538967634345492e6,0.0,0.0,0.0,0.0
7203,3.3992644178398657e6,7.538175277323065e6,0.0,0.0,0.0,0.0
7204,3.3993834178398657e6,7.537382920300639e6,0.0,0.0,0.0,0.0
7205,3.3998644178398657e6,7.534192579948189e6,0.0,0.0,0.0,0.0
7206,3.4003454178398657e6,7.531002239595738e6,0.0,0.0,0.0,0.0
7207,3.4014270079216305e6,7.528872414768796e6,0.0,0.0,0.0,0.0
7208,3.4025085980033954e6,7.526742589941855e6,0.0,0.0,0.0,0.0
7209,3.4049510980033954e6,7.527417009161282e6,0.0,0.0,0.0,0.0
7210,3.4073935980033954e6,7.528091428380709e6,0.0,0.0,0.0,0.0
7211,3.4098460980033954e6,7.531103639104718e6,0.0,0.0,0.0,0.0
7212,3.4122985980033954e6,7.534115849828728e6,0.0,0.0,0.0,0.0
7213,3.4146535980033954e6,7.53638709887814e6,0.0,0.0,0.0,0.0
7214,3.4170085980033954e6,7.538658347927553e6,0.0,0.0,0.0,0.0
7215,3.4190870980033954e6,7.540746061700245e6,0.0,0.0,0.0,0.0
7216,3.4211655980033954e6,7.542833775472937e6,0.0,0.0,0.0,0.0
7217,3.4242685980033954e6,7.544457997890892e6,0.0,0.0,0.0,0.0
7218,3.4273715980033954e6,7.546082220308848e6,0.0,0.0,0.0,0.0
7219,3.427929683748927e6,7.549306895792646e6,0.0,0.0,0.0,0.0
7220,3.428487769494458e6,7.552531571276446e6,0.0,0.0,0.0,0.0
7221,3.430013269494458e6,7.547447035798406e6,0.0,0.0,0.0,0.0
7222,3.431538769494458e6,7.542362500320367e6,0.0,0.0,0.0,0.0
7223,3.432436769494458e6,7.536395248438552e6,0.0,0.0,0.0,0.0
7224,3.433334769494458e6,7.530427996556737e6,0.0,0.0,0.0,0.0
7225,3.433670769494458e6,7.531140435857249e6,0.0,0.0,0.0,0.0
7226,3.434006769494458e6,7.531852875157761e6,0.0,0.0,0.0,0.0
7227,3.434129769494458e6,7.532585776161421e6,0.0,0.0,0.0,0.0
7228,3.434252769494458e6,7.533318677165081e6,0.0,0.0,0.0,0.0
7229,3.434759769494458e6,7.534166907768302e6,0.0,0.0,0.0,0.0
7230,3.435266769494458e6,7.535015138371522e6,0.0,0.0,0.0,0.0
7231,3.436923769494458e6,7.536166574212296e6,0.0,0.0,0.0,0.0
7232,3.438580769494458e6,7.537318010053071e6,0.0,0.0,0.0,0.0
7233,3.435806693204717e6,7.53914964251061e6,0.0,0.0,0.0,0.0
7234,3.4330326169149755e6,7.540981274968148e6,0.0,0.0,0.0,0.0
7235,3.431753699759241e6,7.5426647150907675e6,0.0,0.0,0.0,0.0
7236,3.4304747826035074e6,7.544348155213387e6,0.0,0.0,0.0,0.0
7237,3.4324697826035074e6,7.545449366873708e6,0.0,0.0,0.0,0.0
7238,3.4344647826035074e6,7.546550578534029e6,0.0,0.0,0.0,0.0
7239,3.4362762826035074e6,7.547797502322828e6,0.0,0.0,0.0,0.0
7240,3.4380877826035074e6,7.549044426111626e6,0.0,0.0,0.0,0.0
7241,3.435112988919282e6,7.551870621352473e6,0.0,0.0,0.0,0.0
7242,3.4321381952350563e6,7.55469681659332e6,0.0,0.0,0.0,0.0
7243,3.429386273062475e6,7.559259776395293e6,0.0,0.0,0.0,0.0
7244,3.426634350889894e6,7.563822736197266e6,0.0,0.0,0.0,0.0
7245,3.4271748538926714e6,7.560426045257295e6,0.0,0.0,0.0,0.0
7246,3.4277153568954486e6,7.557029354317322e6,0.0,0.0,0.0,0.0
7247,3.4292083568954486e6,7.556931400690743e6,0.0,0.0,0.0,0.0
7248,3.4307013568954486e6,7.556833447064163e6,0.0,0.0,0.0,0.0
7249,3.4318248568954486e6,7.557602311061234e6,0.0,0.0,0.0,0.0
7250,3.4329483568954486e6,7.558371175058305e6,0.0,0.0,0.0,0.0
7251,3.4338783568954486e6,7.5590302899203105e6,0.0,0.0,0.0,0.0
7252,3.4348083568954486e6,7.559689404782316e6,0.0,0.0,0.0,0.0
7253,3.4364868568954486e6,7.560589099669211e6,0.0,0.0,0.0,0.0
7254,3.4381653568954486e6,7.561488794556106e6,0.0,0.0,0.0,0.0
7255,3.4377222494391315e6,7.558567277107306e6,0.0,0.0,0.0,0.0
7256,3.4372791419828148e6,7.555645759658504e6,0.0,0.0,0.0,0.0
7257,3.4401141419828148e6,7.551793886782221e6,0.0,0.0,0.0,0.0
7258,3.4429491419828148e6,7.547942013905937e6,0.0,0.0,0.0,0.0
7259,3.4451866419828148e6,7.55096490841676e6,0.0,0.0,0.0,0.0
7260,3.4474241419828148e6,7.553987802927583e6,0.0,0.0,0.0,0.0
7261,3.4493841419828148e6,7.556686267536659e6,0.0,0.0,0.0,0.0
7262,3.4513441419828148e6,7.559384732145734e6,0.0,0.0,0.0,0.0
7263,3.4532731419828148e6,7.56016135405569e6,0.0,0.0,0.0,0.0
7264,3.4552021419828148e6,7.560937975965644e6,0.0,0.0,0.0,0.0
7265,3.4558521575278696e6,7.55846075750993e6,0.0,0.0,0.0,0.0
7266,3.4565021730729244e6,7.555983539054217e6,0.0,0.0,0.0,0.0
7267,3.4594651730729244e6,7.554400296139886e6,0.0,0.0,0.0,0.0
7268,3.4624281730729244e6,7.5528170532255545e6,0.0,0.0,0.0,0.0
7269,3.463333482944439e6,7.549999042480733e6,0.0,0.0,0.0,0.0
7270,3.4642387928159544e6,7.547181031735911e6,0.0,0.0,0.0,0.0
7271,3.4651357928159544e6,7.541473498284541e6,0.0,0.0,0.0,0.0
7272,3.4660327928159544e6,7.535765964833172e6,0.0,0.0,0.0,0.0
7273,3.4665017928159544e6,7.529769173137065e6,0.0,0.0,0.0,0.0
7274,3.4669707928159544e6,7.523772381440957e6,0.0,0.0,0.0,0.0
7275,3.4674072928159544e6,7.520283097643305e6,0.0,0.0,0.0,0.0
7276,3.4678437928159544e6,7.516793813845652e6,0.0,0.0,0.0,0.0
7277,3.4685782928159544e6,7.5156027954098545e6,0.0,0.0,0.0,0.0
7278,3.4693127928159544e6,7.514411776974056e6,0.0,0.0,0.0,0.0
7279,3.46950674837226e6,7.511488833809882e6,0.0,0.0,0.0,0.0
7280,3.4697007039285656e6,7.508565890645709e6,0.0,0.0,0.0,0.0
7281,3.4717467039285656e6,7.505163325563751e6,0.0,0.0,0.0,0.0
7282,3.4737927039285656e6,7.501760760481794e6,0.0,0.0,0.0,0.0
7283,3.4759432039285656e6,7.504280030175423e6,0.0,0.0,0.0,0.0
7284,3.4780937039285656e6,7.506799299869052e6,0.0,0.0,0.0,0.0
7285,3.4797052039285656e6,7.508674335939329e6,0.0,0.0,0.0,0.0
7286,3.4813167039285656e6,7.510549372009605e6,0.0,0.0,0.0,0.0
7287,3.4825572039285656e6,7.511852100443352e6,0.0,0.0,0.0,0.0
7288,3.4837977039285656e6,7.513154828877099e6,0.0,0.0,0.0,0.0
7289,3.4850647017869214e6,7.517340177248253e6,0.0,0.0,0.0,0.0
7290,3.4863316996452766e6,7.521525525619405e6,0.0,0.0,0.0,0.0
7291,3.4879496996452766e6,7.521936124729253e6,0.0,0.0,0.0,0.0
7292,3.4895676996452766e6,7.5223467238391e6,0.0,0.0,0.0,0.0
7293,3.4906391996452766e6,7.524215559393272e6,0.0,0.0,0.0,0.0
7294,3.4917106996452766e6,7.526084394947443e6,0.0,0.0,0.0,0.0
7295,3.4926976996452766e6,7.520347095500633e6,0.0,0.0,0.0,0.0
7296,3.4936846996452766e6,7.514609796053822e6,0.0,0.0,0.0,0.0
7297,3.4941346996452766e6,7.515291232773807e6,0.0,0.0,0.0,0.0
7298,3.4945846996452766e6,7.515972669493792e6,0.0,0.0,0.0,0.0
7299,3.4953261996452766e6,7.516700610084567e6,0.0,0.0,0.0,0.0
7300,3.4960676996452766e6,7.517428550675343e6,0.0,0.0,0.0,0.0
7301,3.4964886996452766e6,7.518148430595181e6,0.0,0.0,0.0,0.0
7302,3.4969096996452766e6,7.518868310515019e6,0.0,0.0,0.0,0.0
7303,3.4977816996452766e6,7.519760564782588e6,0.0,0.0,0.0,0.0
7304,3.4986536996452766e6,7.5206528190501565e6,0.0,0.0,0.0,0.0
7305,3.4995361996452766e6,7.522073357289907e6,0.0,0.0,0.0,0.0
7306,3.5004186996452766e6,7.523493895529657e6,0.0,0.0,0.0,0.0
7307,3.5012181996452766e6,7.52559463038617e6,0.0,0.0,0.0,0.0
7308,3.5020176996452766e6,7.527695365242684e6,0.0,0.0,0.0,0.0
7309,3.5027496996452766e6,7.529766337621892e6,0.0,0.0,0.0,0.0
7310,3.5034816996452766e6,7.5318373100010995e6,0.0,0.0,0.0,0.0
7311,3.5044901996452766e6,7.533407280678989e6,0.0,0.0,0.0,0.0
7312,3.5054986996452766e6,7.53497725135688e6,0.0,0.0,0.0,0.0
7313,3.5074781996452766e6,7.531246908596262e6,0.0,0.0,0.0,0.0
7314,3.5094576996452766e6,7.5275165658356445e6,0.0,0.0,0.0,0.0
7315,3.5112116996452766e6,7.526670083115654e6,0.0,0.0,0.0,0.0
7316,3.5129656996452766e6,7.525823600395664e6,0.0,0.0,0.0,0.0
7317,3.5137641996452766e6,7.523564020055249e6,0.0,0.0,0.0,0.0
7318,3.5145626996452766e6,7.521304439714836e6,0.0,0.0,0.0,0.0
7319,3.5153406996452766e6,7.519057888492947e6,0.0,0.0,0.0,0.0
7320,3.5161186996452766e6,7.516811337271059e6,0.0,0.0,0.0,0.0
7321,3.5165166996452766e6,7.514777424365493e6,0.0,0.0,0.0,0.0
7322,3.5169146996452766e6,7.512743511459925e6,0.0,0.0,0.0,0.0
7323,3.5175046996452766e6,7.511236374586279e6,0.0,0.0,0.0,0.0
7324,3.5180946996452766e6,7.509729237712631e6,0.0,0.0,0.0,0.0
7325,3.5185931996452766e6,7.510380291903699e6,0.0,0.0,0.0,0.0
7326,3.5190916996452766e6,7.511031346094768e6,0.0,0.0,0.0,0.0
7327,3.5198671996452766e6,7.51173262446629e6,0.0,0.0,0.0,0.0
7328,3.5206426996452766e6,7.512433902837812e6,0.0,0.0,0.0,0.0
7329,3.5211941996452766e6,7.513364600305234e6,0.0,0.0,0.0,0.0
7330,3.5217456996452766e6,7.514295297772656e6,0.0,0.0,0.0,0.0
7331,3.5222991996452766e6,7.515180111420899e6,0.0,0.0,0.0,0.0
7332,3.5228526996452766e6,7.516064925069141e6,0.0,0.0,0.0,0.0
7333,3.5233846996452766e6,7.516966480110868e6,0.0,0.0,0.0,0.0
7334,3.5239166996452766e6,7.517868035152595e6,0.0,0.0,0.0,0.0
7335,3.5242691996452766e6,7.518982267896737e6,0.0,0.0,0.0,0.0
7336,3.5246216996452766e6,7.520096500640879e6,0.0,0.0,0.0,0.0
7337,3.5260906996452766e6,7.521556102132093e6,0.0,0.0,0.0,0.0
7338,3.5275596996452766e6,7.523015703623307e6,0.0,0.0,0.0,0.0
7339,3.5296841996452766e6,7.525182163950538e6,0.0,0.0,0.0,0.0
7340,3.5318086996452766e6,7.527348624277769e6,0.0,0.0,0.0,0.0
7341,3.5326516996452766e6,7.529315427986406e6,0.0,0.0,0.0,0.0
7342,3.5334946996452766e6,7.531282231695042e6,0.0,0.0,0.0,0.0
7343,3.5342746996452766e6,7.53219556771737e6,0.0,0.0,0.0,0.0
7344,3.5350546996452766e6,7.533108903739696e6,0.0,0.0,0.0,0.0
7345,3.5354196996452766e6,7.533741976434059e6,0.0,0.0,0.0,0.0
7346,3.5357846996452766e6,7.534375049128422e6,0.0,0.0,0.0,0.0
7347,3.5363166996452766e6,7.53491139377154e6,0.0,0.0,0.0,0.0
7348,3.5368486996452766e6,7.535447738414658e6,0.0,0.0,0.0,0.0
7349,3.5378466996452766e6,7.536157077457117e6,0.0,0.0,0.0,0.0
7350,3.5388446996452766e6,7.5368664164995765e6,0.0,0.0,0.0,0.0
7351,3.5405391371931336e6,7.538397943977613e6,0.0,0.0,0.0,0.0
7352,3.5422335747409905e6,7.53992947145565e6,0.0,0.0,0.0,0.0
7353,3.5439180747409905e6,7.541712739887567e6,0.0,0.0,0.0,0.0
7354,3.5456025747409905e6,7.543496008319483e6,0.0,0.0,0.0,0.0
7355,3.5474780747409905e6,7.545844143768603e6,0.0,0.0,0.0,0.0
7356,3.5493535747409905e6,7.548192279217722e6,0.0,0.0,0.0,0.0
7357,3.5513710747409905e6,7.551529396985655e6,0.0,0.0,0.0,0.0
7358,3.5533885747409905e6,7.554866514753588e6,0.0,0.0,0.0,0.0
7359,3.5558595747409905e6,7.557153265093263e6,0.0,0.0,0.0,0.0
7360,3.5583305747409905e6,7.55944001543294e6,0.0,0.0,0.0,0.0
7361,3.559824679824066e6,7.564376866356069e6,0.0,0.0,0.0,0.0
7362,3.5613187849071412e6,7.569313717279198e6,0.0,0.0,0.0,0.0
7363,3.561513954400488e6,7.574406201156572e6,0.0,0.0,0.0,0.0
7364,3.561709123893835e6,7.579498685033947e6,0.0,0.0,0.0,0.0
7365,3.563027623893835e6,7.580910065487736e6,0.0,0.0,0.0,0.0
7366,3.564346123893835e6,7.582321445941525e6,0.0,0.0,0.0,0.0
7367,3.565615123893835e6,7.583374913627834e6,0.0,0.0,0.0,0.0
7368,3.566884123893835e6,7.584428381314144e6,0.0,0.0,0.0,0.0
7369,3.567892623893835e6,7.585290253052795e6,0.0,0.0,0.0,0.0
7370,3.568901123893835e6,7.586152124791448e6,0.0,0.0,0.0,0.0
7371,3.569799623893835e6,7.586838521924317e6,0.0,0.0,0.0,0.0
7372,3.570698123893835e6,7.587524919057187e6,0.0,0.0,0.0,0.0
7373,3.572106123893835e6,7.588568465917727e6,0.0,0.0,0.0,0.0
7374,3.573514123893835e6,7.589612012778268e6,0.0,0.0,0.0,0.0
7375,3.5713746818640344e6,7.5911714425787795e6,0.0,0.0,0.0,0.0
7376,3.569235239834234e6,7.592730872379291e6,0.0,0.0,0.0,0.0
7377,3.571287328203847e6,7.594569325404545e6,0.0,0.0,0.0,0.0
7378,3.57333941657346e6,7.596407778429801e6,0.0,0.0,0.0,0.0
7379,3.5730701135589406e6,7.598537035660399e6,0.0,0.0,0.0,0.0
7380,3.572800810544421e6,7.600666292890998e6,0.0,0.0,0.0,0.0
7381,3.574618310544421e6,7.602297028626721e6,0.0,0.0,0.0,0.0
7382,3.576435810544421e6,7.603927764362444e6,0.0,0.0,0.0,0.0
7383,3.5774824367062263e6,7.605328460950657e6,0.0,0.0,0.0,0.0
7384,3.578529062868032e6,7.606729157538869e6,0.0,0.0,0.0,0.0
7385,3.580775562868032e6,7.611791258887328e6,0.0,0.0,0.0,0.0
7386,3.583022062868032e6,7.616853360235786e6,0.0,0.0,0.0,0.0
7387,3.5839054249763535e6,7.622415223182341e6,0.0,0.0,0.0,0.0
7388,3.5847887870846745e6,7.627977086128895e6,0.0,0.0,0.0,0.0
7389,3.5860902870846745e6,7.629968423412776e6,0.0,0.0,0.0,0.0
7390,3.5873917870846745e6,7.631959760696657e6,0.0,0.0,0.0,0.0
7391,3.5889862870846745e6,7.628377732085617e6,0.0,0.0,0.0,0.0
7392,3.5905807870846745e6,7.6247957034745775e6,0.0,0.0,0.0,0.0
7393,3.5915447870846745e6,7.6187469877421465e6,0.0,0.0,0.0,0.0
7394,3.5925087870846745e6,7.612698272009715e6,0.0,0.0,0.0,0.0
7395,3.5933327870846745e6,7.6088094117881805e6,0.0,0.0,0.0,0.0
7396,3.5941567870846745e6,7.6049205515666455e6,0.0,0.0,0.0,0.0
7397,3.5951572870846745e6,7.605709877266864e6,0.0,0.0,0.0,0.0
7398,3.5961577870846745e6,7.606499202967083e6,0.0,0.0,0.0,0.0
7399,3.589810676293653e6,7.601524416624109e6,0.0,0.0,0.0,0.0
7400,3.5834635655026315e6,7.596549630281135e6,0.0,0.0,0.0,0.0
7401,3.578545884682061e6,7.599478134037722e6,0.0,0.0,0.0,0.0
7402,3.5736282038614904e6,7.602406637794307e6,0.0,0.0,0.0,0.0
7403,3.5747377038614904e6,7.605739415200966e6,0.0,0.0,0.0,0.0
7404,3.5758472038614904e6,7.609072192607625e6,0.0,0.0,0.0,0.0
7405,3.5772552038614904e6,7.611481093114578e6,0.0,0.0,0.0,0.0
7406,3.5786632038614904e6,7.613889993621531e6,0.0,0.0,0.0,0.0
7407,3.5736209882191215e6,7.616267271496346e6,0.0,0.0,0.0,0.0
7408,3.568578772576753e6,7.618644549371161e6,0.0,0.0,0.0,0.0
7409,3.5629121620028475e6,7.618863333637079e6,0.0,0.0,0.0,0.0
7410,3.557245551428942e6,7.619082117902998e6,0.0,0.0,0.0,0.0
7411,3.550703211428942e6,7.618496676911045e6,0.0,0.0,0.0,0.0
7412,3.544160871428942e6,7.617911235919093e6,0.0,0.0,0.0,0.0
7413,3.5445201396288523e6,7.615315587605765e6,0.0,0.0,0.0,0.0
7414,3.5448794078287627e6,7.612719939292438e6,0.0,0.0,0.0,0.0
7415,3.539998703791091e6,7.607195787222525e6,0.0,0.0,0.0,0.0
7416,3.5351179997534193e6,7.601671635152612e6,0.0,0.0,0.0,0.0
7417,3.5355424997534193e6,7.595661362620034e6,0.0,0.0,0.0,0.0
7418,3.5359669997534193e6,7.589651090087457e6,0.0,0.0,0.0,0.0
7419,3.5362189997534193e6,7.58328676808526e6,0.0,0.0,0.0,0.0
7420,3.5364709997534193e6,7.576922446083063e6,0.0,0.0,0.0,0.0
7421,3.5371714997534193e6,7.5708532686474845e6,0.0,0.0,0.0,0.0
7422,3.5378719997534193e6,7.564784091211905e6,0.0,0.0,0.0,0.0
7423,3.5400914997534193e6,7.560111890054875e6,0.0,0.0,0.0,0.0
7424,3.5423109997534193e6,7.555439688897845e6,0.0,0.0,0.0,0.0
7425,3.5399904975901544e6,7.551410481260947e6,0.0,0.0,0.0,0.0
7426,3.5376699954268895e6,7.547381273624049e6,0.0,0.0,0.0,0.0
7427,3.5391949954268895e6,7.548542031667444e6,0.0,0.0,0.0,0.0
7428,3.5407199954268895e6,7.549702789710839e6,0.0,0.0,0.0,0.0
7429,3.5422059954268895e6,7.5503039843098e6,0.0,0.0,0.0,0.0
7430,3.5436919954268895e6,7.550905178908761e6,0.0,0.0,0.0,0.0
7431,3.5455234954268895e6,7.546374349518934e6,0.0,0.0,0.0,0.0
7432,3.5473549954268895e6,7.541843520129108e6,0.0,0.0,0.0,0.0
7433,3.5479140921034943e6,7.541312643678883e6,0.0,0.0,0.0,0.0
7434,3.548473188780099e6,7.540781767228657e6,0.0,0.0,0.0,0.0
7435,3.544708332998343e6,7.5402019067012e6,0.0,0.0,0.0,0.0
7436,3.540943477216587e6,7.539622046173742e6,0.0,0.0,0.0,0.0
7437,3.542112477216587e6,7.5370877829698585e6,0.0,0.0,0.0,0.0
7438,3.543281477216587e6,7.534553519765975e6,0.0,0.0,0.0,0.0
7439,3.544564477216587e6,7.528981003670439e6,0.0,0.0,0.0,0.0
7440,3.545847477216587e6,7.523408487574904e6,0.0,0.0,0.0,0.0
7441,3.546302977216587e6,7.517220880281712e6,0.0,0.0,0.0,0.0
7442,3.546758477216587e6,7.51103327298852e6,0.0,0.0,0.0,0.0
7443,3.547079977216587e6,7.504694373102356e6,0.0,0.0,0.0,0.0
7444,3.547401477216587e6,7.498355473216191e6,0.0,0.0,0.0,0.0
7445,3.548375477216587e6,7.492361942077098e6,0.0,0.0,0.0,0.0
7446,3.549349477216587e6,7.486368410938005e6,0.0,0.0,0.0,0.0
7447,3.550414133924432e6,7.482186050553303e6,0.0,0.0,0.0,0.0
7448,3.5514787906322773e6,7.4780036901686005e6,0.0,0.0,0.0,0.0
7449,3.5534247906322773e6,7.4746807213161085e6,0.0,0.0,0.0,0.0
7450,3.5553707906322773e6,7.471357752463616e6,0.0,0.0,0.0,0.0
7451,3.5568812906322773e6,7.468864330770496e6,0.0,0.0,0.0,0.0
7452,3.5583917906322773e6,7.466370909077376e6,0.0,0.0,0.0,0.0
7453,3.5596307906322773e6,7.467134869239329e6,0.0,0.0,0.0,0.0
7454,3.5608697906322773e6,7.467898829401283e6,0.0,0.0,0.0,0.0
7455,3.5619792906322773e6,7.464159109240448e6,0.0,0.0,0.0,0.0
7456,3.5630887906322773e6,7.460419389079615e6,0.0,0.0,0.0,0.0
7457,3.5653048848503465e6,7.458350784635248e6,0.0,0.0,0.0,0.0
7458,3.5675209790684152e6,7.45628218019088e6,0.0,0.0,0.0,0.0
7459,3.564270492532524e6,7.455338969419645e6,0.0,0.0,0.0,0.0
7460,3.5610200059966324e6,7.4543957586484095e6,0.0,0.0,0.0,0.0
7461,3.5617029486557227e6,7.452224845688303e6,0.0,0.0,0.0,0.0
7462,3.562385891314813e6,7.4500539327281965e6,0.0,0.0,0.0,0.0
7463,3.563187891314813e6,7.444704015160846e6,0.0,0.0,0.0,0.0
7464,3.563989891314813e6,7.439354097593494e6,0.0,0.0,0.0,0.0
7465,3.564295391314813e6,7.433184471797007e6,0.0,0.0,0.0,0.0
7466,3.564600891314813e6,7.4270148460005205e6,0.0,0.0,0.0,0.0
7467,3.564837891314813e6,7.420879943094224e6,0.0,0.0,0.0,0.0
7468,3.565074891314813e6,7.414745040187928e6,0.0,0.0,0.0,0.0
7469,3.565438891314813e6,7.408512789178777e6,0.0,0.0,0.0,0.0
7470,3.565802891314813e6,7.402280538169625e6,0.0,0.0,0.0,0.0
7471,3.566800391314813e6,7.398046608950562e6,0.0,0.0,0.0,0.0
7472,3.567797891314813e6,7.3938126797314985e6,0.0,0.0,0.0,0.0
7473,3.569431891314813e6,7.390534044644467e6,0.0,0.0,0.0,0.0
7474,3.571065891314813e6,7.387255409557435e6,0.0,0.0,0.0,0.0
7475,3.572323891314813e6,7.382973840915047e6,0.0,0.0,0.0,0.0
7476,3.573581891314813e6,7.378692272272658e6,0.0,0.0,0.0,0.0
7477,3.574043391314813e6,7.37708381183061e6,0.0,0.0,0.0,0.0
7478,3.574504891314813e6,7.375475351388562e6,0.0,0.0,0.0,0.0
7479,3.574861391314813e6,7.370188679085486e6,0.0,0.0,0.0,0.0
7480,3.575217891314813e6,7.36490200678241e6,0.0,0.0,0.0,0.0
7481,3.576526891314813e6,7.360771730732993e6,0.0,0.0,0.0,0.0
7482,3.577835891314813e6,7.356641454683577e6,0.0,0.0,0.0,0.0
7483,3.5773329768145806e6,7.354380014188331e6,0.0,0.0,0.0,0.0
7484,3.5768300623143483e6,7.352118573693085e6,0.0,0.0,0.0,0.0
7485,3.5776355623143483e6,7.34802302053386e6,0.0,0.0,0.0,0.0
7486,3.5784410623143483e6,7.343927467374633e6,0.0,0.0,0.0,0.0
7487,3.575444551108552e6,7.3382315610086e6,0.0,0.0,0.0,0.0
7488,3.5724480399027565e6,7.332535654642566e6,0.0,0.0,0.0,0.0
7489,3.5726730399027565e6,7.326383390291175e6,0.0,0.0,0.0,0.0
7490,3.5728980399027565e6,7.320231125939783e6,0.0,0.0,0.0,0.0
7491,3.5729835399027565e6,7.31385874326665e6,0.0,0.0,0.0,0.0
7492,3.5730690399027565e6,7.307486360593515e6,0.0,0.0,0.0,0.0
7493,3.5731740399027565e6,7.301107777404277e6,0.0,0.0,0.0,0.0
7494,3.5732790399027565e6,7.294729194215037e6,0.0,0.0,0.0,0.0
7495,3.5736535399027565e6,7.288385333915988e6,0.0,0.0,0.0,0.0
7496,3.5740280399027565e6,7.282041473616939e6,0.0,0.0,0.0,0.0
7497,3.5747195399027565e6,7.276280461831799e6,0.0,0.0,0.0,0.0
7498,3.5754110399027565e6,7.2705194500466585e6,0.0,0.0,0.0,0.0
7499,3.5763730399027565e6,7.26772470270637e6,0.0,0.0,0.0,0.0
7500,3.5773350399027565e6,7.264929955366081e6,0.0,0.0,0.0,0.0
7501,3.5777345399027565e6,7.266059689400487e6,0.0,0.0,0.0,0.0
7502,3.5781340399027565e6,7.267189423434893e6,0.0,0.0,0.0,0.0
7503,3.5784755399027565e6,7.265576167255403e6,0.0,0.0,0.0,0.0
7504,3.5788170399027565e6,7.263962911075912e6,0.0,0.0,0.0,0.0
7505,3.5800925399027565e6,7.259717925478546e6,0.0,0.0,0.0,0.0
7506,3.5813680399027565e6,7.255472939881179e6,0.0,0.0,0.0,0.0
7507,3.5822040399027565e6,7.254396418013677e6,0.0,0.0,0.0,0.0
7508,3.5830400399027565e6,7.253319896146176e6,0.0,0.0,0.0,0.0
7509,3.5833325399027565e6,7.251982332550637e6,0.0,0.0,0.0,0.0
7510,3.5836250399027565e6,7.250644768955098e6,0.0,0.0,0.0,0.0
7511,3.5837960399027565e6,7.246477909860659e6,0.0,0.0,0.0,0.0
7512,3.5839670399027565e6,7.242311050766221e6,0.0,0.0,0.0,0.0
7513,3.5840330399027565e6,7.236585381922882e6,0.0,0.0,0.0,0.0
7514,3.5840990399027565e6,7.230859713079543e6,0.0,0.0,0.0,0.0
7515,3.5841215399027565e6,7.224959809733641e6,0.0,0.0,0.0,0.0
7516,3.5841440399027565e6,7.21905990638774e6,0.0,0.0,0.0,0.0
7517,3.5843285399027565e6,7.21357419751768e6,0.0,0.0,0.0,0.0
7518,3.5845130399027565e6,7.20808848864762e6,0.0,0.0,0.0,0.0
7519,3.5851595399027565e6,7.2041851514876615e6,0.0,0.0,0.0,0.0
7520,3.5858060399027565e6,7.200281814327703e6,0.0,0.0,0.0,0.0
7521,3.5865470399027565e6,7.197400942273526e6,0.0,0.0,0.0,0.0
7522,3.5872880399027565e6,7.19452007021935e6,0.0,0.0,0.0,0.0
7523,3.5878275399027565e6,7.191579053158952e6,0.0,0.0,0.0,0.0
7524,3.5883670399027565e6,7.188638036098553e6,0.0,0.0,0.0,0.0
7525,3.5887180399027565e6,7.1871068795175925e6,0.0,0.0,0.0,0.0
7526,3.5890690399027565e6,7.185575722936632e6,0.0,0.0,0.0,0.0
7527,3.5895670399027565e6,7.181850960640509e6,0.0,0.0,0.0,0.0
7528,3.5900650399027565e6,7.178126198344386e6,0.0,0.0,0.0,0.0
7529,3.5917845399027565e6,7.176861800838891e6,0.0,0.0,0.0,0.0
7530,3.5935040399027565e6,7.175597403333396e6,0.0,0.0,0.0,0.0
7531,3.593791519951378e6,7.176093952401837e6,0.0,0.0,0.0,0.0
7532,3.594079e6,7.176590501470279e6,0.0,0.0,0.0,0.0
7533,3.594708e6,7.175681393537624e6,0.0,0.0,0.0,0.0
7534,3.595337e6,7.174772285604969e6,0.0,0.0,0.0,0.0
7535,3.596284e6,7.170154028938056e6,0.0,0.0,0.0,0.0
7536,3.597231e6,7.165535772271143e6,0.0,0.0,0.0,0.0
7537,3.597866e6,7.159439932616311e6,0.0,0.0,0.0,0.0
7538,3.598501e6,7.153344092961479e6,0.0,0.0,0.0,0.0
7539,3.598747e6,7.147120522674875e6,0.0,0.0,0.0,0.0
7540,3.598993e6,7.140896952388272e6,0.0,0.0,0.0,0.0
7541,3.5994965e6,7.135019990951961e6,0.0,0.0,0.0,0.0
7542,3.6e6,7.129143029515649e6,0.0,0.0,0.0,0.0
7543,3.595083e6,7.125693570134606e6,0.0,0.0,0.0,0.0
7544,3.590166e6,7.122244110753564e6,0.0,0.0,0.0,0.0
7545,3.592066e6,7.119737129820544e6,0.0,0.0,0.0,0.0
7546,3.593966e6,7.117230148887524e6,0.0,0.0,0.0,0.0
7547,3.5956515e6,7.1149457664826885e6,0.0,0.0,0.0,0.0
7548,3.597337e6,7.1126613840778535e6,0.0,0.0,0.0,0.0
7549,3.5979815e6,7.115719717179062e6,0.0,0.0,0.0,0.0
7550,3.598626e6,7.118778050280271e6,0.0,0.0,0.0,0.0
7551,3.599313e6,7.115681400265627e6,0.0,0.0,0.0,0.0
7552,3.6e6,7.112584750250982e6,0.0,0.0,0.0,0.0
7553,3.6e6,7.111511948693144e6,0.0,0.0,0.0,0.0
7554,3.6e6,7.110439147135306e6,0.0,0.0,0.0,0.0
7555,3.5988125e6,7.111104970293425e6,0.0,0.0,0.0,0.0
7556,3.597625e6,7.111770793451545e6,0.0,0.0,0.0,0.0
7557,3.5981825e6,7.110915009957396e6,0.0,0.0,0.0,0.0
7558,3.59874e6,7.110059226463248e6,0.0,0.0,0.0,0.0
7559,3.59937e6,7.106010797226423e6,0.0,0.0,0.0,0.0
7560,3.6e6,7.101962367989598e6,0.0,0.0,0.0,0.0
7561,3.599077e6,7.09582498487686e6,0.0,0.0,0.0,0.0
7562,3.598154e6,7.089687601764121e6,0.0,0.0,0.0,0.0
7563,3.5987675e6,7.08335180213601e6,0.0,0.0,0.0,0.0
7564,3.599381e6,7.077016002507897e6,0.0,0.0,0.0,0.0
7565,3.5996905e6,7.071145241587691e6,0.0,0.0,0.0,0.0
7566,3.6e6,7.065274480667485e6,0.0,0.0,0.0,0.0
7567,3.599237935718392e6,7.063115348687978e6,0.0,0.0,0.0,0.0
7568,3.5984758714367836e6,7.060956216708472e6,0.0,0.0,0.0,0.0
7569,3.596790435718392e6,7.059541146661615e6,0.0,0.0,0.0,0.0
7570,3.595105e6,7.058126076614758e6,0.0,0.0,0.0,0.0
7571,3.5963035e6,7.056683724297037e6,0.0,0.0,0.0,0.0
7572,3.597502e6,7.055241371979317e6,0.0,0.0,0.0,0.0
7573,3.5981615e6,7.056855359523865e6,0.0,0.0,0.0,0.0
7574,3.598821e6,7.058469347068414e6,0.0,0.0,0.0,0.0
7575,3.5994105e6,7.055973962312354e6,0.0,0.0,0.0,0.0
7576,3.6e6,7.0534785775562925e6,0.0,0.0,0.0,0.0
7577,3.5991379874283103e6,7.052903677441719e6,0.0,0.0,0.0,0.0
7578,3.598275974856621e6,7.052328777327145e6,0.0,0.0,0.0,0.0
7579,3.5977319874283103e6,7.052935695582263e6,0.0,0.0,0.0,0.0
7580,3.597188e6,7.053542613837382e6,0.0,0.0,0.0,0.0
7581,3.597762e6,7.052928650471345e6,0.0,0.0,0.0,0.0
7582,3.598336e6,7.052314687105306e6,0.0,0.0,0.0,0.0
7583,3.5988885e6,7.048282999261966e6,0.0,0.0,0.0,0.0
7584,3.599441e6,7.0442513114186255e6,0.0,0.0,0.0,0.0
7585,3.599598e6,7.038715378368111e6,0.0,0.0,0.0,0.0
7586,3.599755e6,7.033179445317598e6,0.0,0.0,0.0,0.0
7587,3.5998775e6,7.027316125016719e6,0.0,0.0,0.0,0.0
7588,3.6e6,7.021452804715839e6,0.0,0.0,0.0,0.0
7589,3.5966360779820504e6,7.0159906578069795e6,0.0,0.0,0.0,0.0
7590,3.5932721559641007e6,7.010528510898121e6,0.0,0.0,0.0,0.0
7591,3.588301353382887e6,7.007981846662026e6,0.0,0.0,0.0,0.0
7592,3.583330550801673e6,7.005435182425932e6,0.0,0.0,0.0,0.0
7593,3.577344710801673e6,7.003774571941301e6,0.0,0.0,0.0,0.0
7594,3.571358870801673e6,7.0021139614566695e6,0.0,0.0,0.0,0.0
7595,3.57088079668816e6,6.999562956859302e6,0.0,0.0,0.0,0.0
7596,3.5704027225746466e6,6.997011952261933e6,0.0,0.0,0.0,0.0
7597,3.5726077225746466e6,6.994058534169324e6,0.0,0.0,0.0,0.0
7598,3.5748127225746466e6,6.991105116076714e6,0.0,0.0,0.0,0.0
7599,3.5703661747882245e6,6.987689759534251e6,0.0,0.0,0.0,0.0
7600,3.5659196270018024e6,6.984274402991788e6,0.0,0.0,0.0,0.0
7601,3.561884200344469e6,6.983583553226044e6,0.0,0.0,0.0,0.0
7602,3.5578487736871354e6,6.982892703460299e6,0.0,0.0,0.0,0.0
7603,3.554391219572451e6,6.98311270951044e6,0.0,0.0,0.0,0.0
7604,3.5509336654577665e6,6.98333271556058e6,0.0,0.0,0.0,0.0
7605,3.54692116717499e6,6.982313858492859e6,0.0,0.0,0.0,0.0
7606,3.542908668892213e6,6.981295001425138e6,0.0,0.0,0.0,0.0
7607,3.539905683891371e6,6.976966928911958e6,0.0,0.0,0.0,0.0
7608,3.536902698890529e6,6.972638856398779e6,0.0,0.0,0.0,0.0
7609,3.537166198890529e6,6.96680963893648e6,0.0,0.0,0.0,0.0
7610,3.537429698890529e6,6.96098042147418e6,0.0,0.0,0.0,0.0
7611,3.537705698890529e6,6.954930465638528e6,0.0,0.0,0.0,0.0
7612,3.537981698890529e6,6.948880509802876e6,0.0,0.0,0.0,0.0
7613,3.5366307572553474e6,6.943144920133768e6,0.0,0.0,0.0,0.0
7614,3.5352798156201653e6,6.93740933046466e6,0.0,0.0,0.0,0.0
7615,3.5280804756201655e6,6.935680514302869e6,0.0,0.0,0.0,0.0
7616,3.520881135620165e6,6.933951698141078e6,0.0,0.0,0.0,0.0
7617,3.513859795620165e6,6.933183961975627e6,0.0,0.0,0.0,0.0
7618,3.506838455620165e6,6.932416225810175e6,0.0,0.0,0.0,0.0
7619,3.50241508012087e6,6.930444349417052e6,0.0,0.0,0.0,0.0
7620,3.497991704621575e6,6.92847247302393e6,0.0,0.0,0.0,0.0
7621,3.498880204621575e6,6.924797934908261e6,0.0,0.0,0.0,0.0
7622,3.499768704621575e6,6.921123396792592e6,0.0,0.0,0.0,0.0
7623,3.500633704621575e6,6.9160214998694565e6,0.0,0.0,0.0,0.0
7624,3.501498704621575e6,6.910919602946322e6,0.0,0.0,0.0,0.0
7625,3.497292882261848e6,6.908594297135191e6,0.0,0.0,0.0,0.0
7626,3.4930870599021213e6,6.90626899132406e6,0.0,0.0,0.0,0.0
7627,3.4926633073163964e6,6.904775794774275e6,0.0,0.0,0.0,0.0
7628,3.4922395547306715e6,6.90328259822449e6,0.0,0.0,0.0,0.0
7629,3.489007790564118e6,6.899349498587225e6,0.0,0.0,0.0,0.0
7630,3.485776026397564e6,6.89541639894996e6,0.0,0.0,0.0,0.0
7631,3.486560615966061e6,6.889394345436782e6,0.0,0.0,0.0,0.0
7632,3.4873452055345587e6,6.883372291923604e6,0.0,0.0,0.0,0.0
7633,3.4875392055345587e6,6.877061914411524e6,0.0,0.0,0.0,0.0
7634,3.4877332055345587e6,6.870751536899445e6,0.0,0.0,0.0,0.0
7635,3.4878647055345587e6,6.864424417993881e6,0.0,0.0,0.0,0.0
7636,3.4879962055345587e6,6.858097299088316e6,0.0,0.0,0.0,0.0
7637,3.4881497055345587e6,6.851901011072576e6,0.0,0.0,0.0,0.0
7638,3.4883032055345587e6,6.845704723056836e6,0.0,0.0,0.0,0.0
7639,3.4889567055345587e6,6.839481772821843e6,0.0,0.0,0.0,0.0
7640,3.4896102055345587e6,6.833258822586849e6,0.0,0.0,0.0,0.0
7641,3.48737414754963e6,6.827622441175428e6,0.0,0.0,0.0,0.0
7642,3.4851380895647015e6,6.821986059764007e6,0.0,0.0,0.0,0.0
7643,3.4861815895647015e6,6.8162851929850895e6,0.0,0.0,0.0,0.0
7644,3.4872250895647015e6,6.810584326206172e6,0.0,0.0,0.0,0.0
7645,3.4877895895647015e6,6.805327416380402e6,0.0,0.0,0.0,0.0
7646,3.4883540895647015e6,6.8000705065546315e6,0.0,0.0,0.0,0.0
7647,3.4888610895647015e6,6.794781354045114e6,0.0,0.0,0.0,0.0
7648,3.4893680895647015e6,6.789492201535595e6,0.0,0.0,0.0,0.0
7649,3.4917420895647015e6,6.7863118445535265e6,0.0,0.0,0.0,0.0
7650,3.4941160895647015e6,6.783131487571459e6,0.0,0.0,0.0,0.0
7651,3.4956310895647015e6,6.782281904593416e6,0.0,0.0,0.0,0.0
7652,3.4971460895647015e6,6.781432321615373e6,0.0,0.0,0.0,0.0
7653,3.4980745895647015e6,6.779545392292894e6,0.0,0.0,0.0,0.0
7654,3.4990030895647015e6,6.777658462970415e6,0.0,0.0,0.0,0.0
7655,3.4994800895647015e6,6.772610510537397e6,0.0,0.0,0.0,0.0
7656,3.4999570895647015e6,6.76756255810438e6,0.0,0.0,0.0,0.0
7657,3.5001960895647015e6,6.76174450157107e6,0.0,0.0,0.0,0.0
7658,3.5004350895647015e6,6.75592644503776e6,0.0,0.0,0.0,0.0
7659,3.5005520895647015e6,6.750037702620848e6,0.0,0.0,0.0,0.0
7660,3.5006690895647015e6,6.744148960203936e6,0.0,0.0,0.0,0.0
7661,3.5007395895647015e6,6.738185191542149e6,0.0,0.0,0.0,0.0
7662,3.5008100895647015e6,6.732221422880362e6,0.0,0.0,0.0,0.0
7663,3.5009590895647015e6,6.726475292333875e6,0.0,0.0,0.0,0.0
7664,3.5011080895647015e6,6.720729161787388e6,0.0,0.0,0.0,0.0
7665,3.5014485895647015e6,6.71533646065891e6,0.0,0.0,0.0,0.0
7666,3.5017890895647015e6,6.709943759530431e6,0.0,0.0,0.0,0.0
7667,3.5021550895647015e6,6.704516955563372e6,0.0,0.0,0.0,0.0
7668,3.5025210895647015e6,6.699090151596314e6,0.0,0.0,0.0,0.0
7669,3.5027375895647015e6,6.6942313927315455e6,0.0,0.0,0.0,0.0
7670,3.5029540895647015e6,6.689372633866776e6,0.0,0.0,0.0,0.0
7671,3.5031885895647015e6,6.683907386699864e6,0.0,0.0,0.0,0.0
7672,3.5034230895647015e6,6.678442139532952e6,0.0,0.0,0.0,0.0
7673,3.5040620895647015e6,6.674857508900811e6,0.0,0.0,0.0,0.0
7674,3.5047010895647015e6,6.67127287826867e6,0.0,0.0,0.0,0.0
7675,3.5059545895647015e6,6.670697978154097e6,0.0,0.0,0.0,0.0
7676,3.5072080895647015e6,6.670123078039523e6,0.0,0.0,0.0,0.0
7677,3.5081430895647015e6,6.669164986029635e6,0.0,0.0,0.0,0.0
7678,3.5090780895647015e6,6.668206894019747e6,0.0,0.0,0.0,0.0
7679,3.5097030895647015e6,6.663711407571722e6,0.0,0.0,0.0,0.0
7680,3.5103280895647015e6,6.6592159211236965e6,0.0,0.0,0.0,0.0
7681,3.5104655895647015e6,6.652720768231675e6,0.0,0.0,0.0,0.0
7682,3.5106030895647015e6,6.6462256153396545e6,0.0,0.0,0.0,0.0
7683,3.5107585895647015e6,6.639882375092216e6,0.0,0.0,0.0,0.0
7684,3.5109140895647015e6,6.633539134844778e6,0.0,0.0,0.0,0.0
7685,3.5114455895647015e6,6.627668373924572e6,0.0,0.0,0.0,0.0
7686,3.5119770895647015e6,6.621797613004366e6,0.0,0.0,0.0,0.0
7687,3.5113233959771856e6,6.619050052046455e6,0.0,0.0,0.0,0.0
7688,3.5106697023896696e6,6.616302491088546e6,0.0,0.0,0.0,0.0
7689,3.508750117367762e6,6.614849597893447e6,0.0,0.0,0.0,0.0
7690,3.5068305323458547e6,6.613396704698347e6,0.0,0.0,0.0,0.0
7691,3.5080735323458547e6,6.6111259634289425e6,0.0,0.0,0.0,0.0
7692,3.5093165323458547e6,6.608855222159539e6,0.0,0.0,0.0,0.0
7693,3.5100625323458547e6,6.605176963734208e6,0.0,0.0,0.0,0.0
7694,3.5108085323458547e6,6.601498705308875e6,0.0,0.0,0.0,0.0
7695,3.5118040323458547e6,6.597218376769708e6,0.0,0.0,0.0,0.0
7696,3.5127995323458547e6,6.59293804823054e6,0.0,0.0,0.0,0.0
7697,3.511807231486023e6,6.591457252712966e6,0.0,0.0,0.0,0.0
7698,3.510814930626191e6,6.589976457195392e6,0.0,0.0,0.0,0.0
7699,3.510324243091153e6,6.589885197337041e6,0.0,0.0,0.0,0.0
7700,3.509833555556115e6,6.5897939374786895e6,0.0,0.0,0.0,0.0
7701,3.5095478443297045e6,6.5873570223776605e6,0.0,0.0,0.0,0.0
7702,3.5092621331032934e6,6.584920107276632e6,0.0,0.0,0.0,0.0
7703,3.5102141331032934e6,6.579603052444641e6,0.0,0.0,0.0,0.0
7704,3.5111661331032934e6,6.574285997612648e6,0.0,0.0,0.0,0.0
7705,3.5118261331032934e6,6.568103970783951e6,0.0,0.0,0.0,0.0
7706,3.5124861331032934e6,6.561921943955253e6,0.0,0.0,0.0,0.0
7707,3.5127601331032934e6,6.555641948972089e6,0.0,0.0,0.0,0.0
7708,3.5130341331032934e6,6.5493619539889265e6,0.0,0.0,0.0,0.0
7709,3.5137521331032934e6,6.543152644889365e6,0.0,0.0,0.0,0.0
7710,3.5144701331032934e6,6.536943335789803e6,0.0,0.0,0.0,0.0
7711,3.5166266331032934e6,6.533660050240386e6,0.0,0.0,0.0,0.0
7712,3.5187831331032934e6,6.530376764690968e6,0.0,0.0,0.0,0.0
7713,3.5212011331032934e6,6.528401788039792e6,0.0,0.0,0.0,0.0
7714,3.5236191331032934e6,6.526426811388617e6,0.0,0.0,0.0,0.0
7715,3.5264456331032934e6,6.5243346449830495e6,0.0,0.0,0.0,0.0
7716,3.5292721331032934e6,6.522242478577482e6,0.0,0.0,0.0,0.0
7717,3.5315056331032934e6,6.521882835260577e6,0.0,0.0,0.0,0.0
7718,3.5337391331032934e6,6.521523191943672e6,0.0,0.0,0.0,0.0
7719,3.5358831331032934e6,6.519495770922118e6,0.0,0.0,0.0,0.0
7720,3.5380271331032934e6,6.517468349900564e6,0.0,0.0,0.0,0.0
7721,3.5408411331032934e6,6.515685589248656e6,0.0,0.0,0.0,0.0
7722,3.5436551331032934e6,6.513902828596748e6,0.0,0.0,0.0,0.0
7723,3.5462486331032934e6,6.513760104454722e6,0.0,0.0,0.0,0.0
7724,3.5488421331032934e6,6.513617380312696e6,0.0,0.0,0.0,0.0
7725,3.5505666331032934e6,6.511551876126382e6,0.0,0.0,0.0,0.0
7726,3.5522911331032934e6,6.509486371940067e6,0.0,0.0,0.0,0.0
7727,3.5537386331032934e6,6.504153815817811e6,0.0,0.0,0.0,0.0
7728,3.5551861331032934e6,6.498821259695555e6,0.0,0.0,0.0,0.0
7729,3.5557136331032934e6,6.492602029770225e6,0.0,0.0,0.0,0.0
7730,3.5562411331032934e6,6.486382799844895e6,0.0,0.0,0.0,0.0
7731,3.5565281331032934e6,6.4800246783588035e6,0.0,0.0,0.0,0.0
7732,3.5568151331032934e6,6.473666556872712e6,0.0,0.0,0.0,0.0
7733,3.5574716331032934e6,6.467746191823663e6,0.0,0.0,0.0,0.0
7734,3.5581281331032934e6,6.461825826774614e6,0.0,0.0,0.0,0.0
7735,3.5576079269006466e6,6.459472618641008e6,0.0,0.0,0.0,0.0
7736,3.557087720698e6,6.457119410507402e6,0.0,0.0,0.0,0.0
7737,3.5576235157346204e6,6.456428560741657e6,0.0,0.0,0.0,0.0
7738,3.558159310771241e6,6.455737710975913e6,0.0,0.0,0.0,0.0
7739,3.559462810771241e6,6.457956353179283e6,0.0,0.0,0.0,0.0
7740,3.560766310771241e6,6.4601749953826545e6,0.0,0.0,0.0,0.0
7741,3.561696810771241e6,6.465168367361499e6,0.0,0.0,0.0,0.0
7742,3.562627310771241e6,6.470161739340343e6,0.0,0.0,0.0,0.0
7743,3.563359810771241e6,6.470756822927858e6,0.0,0.0,0.0,0.0
7744,3.564092310771241e6,6.471351906515373e6,0.0,0.0,0.0,0.0
7745,3.5629088649782147e6,6.470924578684108e6,0.0,0.0,0.0,0.0
7746,3.5617254191851886e6,6.470497250852844e6,0.0,0.0,0.0,0.0
7747,3.5599602690406283e6,6.471259802062208e6,0.0,0.0,0.0,0.0
7748,3.5581951188960685e6,6.472022353271572e6,0.0,0.0,0.0,0.0
7749,3.5590601188960685e6,6.470672388643822e6,0.0,0.0,0.0,0.0
7750,3.5599251188960685e6,6.469322424016072e6,0.0,0.0,0.0,0.0
7751,3.5607616188960685e6,6.464697966833055e6,0.0,0.0,0.0,0.0
7752,3.5615981188960685e6,6.460073509650037e6,0.0,0.0,0.0,0.0
7753,3.5618691188960685e6,6.453705467338176e6,0.0,0.0,0.0,0.0
7754,3.5621401188960685e6,6.447337425026317e6,0.0,0.0,0.0,0.0
7755,3.5622061188960685e6,6.440960081940299e6,0.0,0.0,0.0,0.0
7756,3.5622721188960685e6,6.434582738854281e6,0.0,0.0,0.0,0.0
7757,3.5626121188960685e6,6.428656793340737e6,0.0,0.0,0.0,0.0
7758,3.5629521188960685e6,6.422730847827192e6,0.0,0.0,0.0,0.0
7759,3.5583011522280155e6,6.420154421113792e6,0.0,0.0,0.0,0.0
7760,3.553650185559963e6,6.417577994400391e6,0.0,0.0,0.0,0.0
7761,3.549717281273805e6,6.416099059037648e6,0.0,0.0,0.0,0.0
7762,3.5457843769876473e6,6.414620123674906e6,0.0,0.0,0.0,0.0
7763,3.5451399326573033e6,6.412803880236029e6,0.0,0.0,0.0,0.0
7764,3.5444954883269593e6,6.4109876367971515e6,0.0,0.0,0.0,0.0
7765,3.5456499883269593e6,6.409087086570894e6,0.0,0.0,0.0,0.0
7766,3.5468044883269593e6,6.407186536344638e6,0.0,0.0,0.0,0.0
7767,3.5475659883269593e6,6.403972076523991e6,0.0,0.0,0.0,0.0
7768,3.5483274883269593e6,6.400757616703344e6,0.0,0.0,0.0,0.0
7769,3.5504784883269593e6,6.3995018999203965e6,0.0,0.0,0.0,0.0
7770,3.5526294883269593e6,6.3982461831374485e6,0.0,0.0,0.0,0.0
7771,3.5516824420381337e6,6.397688024416359e6,0.0,0.0,0.0,0.0
7772,3.5507353957493086e6,6.397129865695271e6,0.0,0.0,0.0,0.0
7773,3.5512263957493086e6,6.394963293096438e6,0.0,0.0,0.0,0.0
7774,3.5517173957493086e6,6.392796720497605e6,0.0,0.0,0.0,0.0
7775,3.5524718957493086e6,6.387356275395115e6,0.0,0.0,0.0,0.0
7776,3.5532263957493086e6,6.381915830292624e6,0.0,0.0,0.0,0.0
7777,3.5534498957493086e6,6.375546547877544e6,0.0,0.0,0.0,0.0
7778,3.5536733957493086e6,6.369177265462463e6,0.0,0.0,0.0,0.0
7779,3.5539481457493086e6,6.3626802524156105e6,0.0,0.0,0.0,0.0
7780,3.5542228957493086e6,6.356183239368758e6,0.0,0.0,0.0,0.0
7781,3.5549538957493086e6,6.349973310217586e6,0.0,0.0,0.0,0.0
7782,3.5556848957493086e6,6.3437633810664145e6,0.0,0.0,0.0,0.0
7783,3.555865045156748e6,6.34004729949284e6,0.0,0.0,0.0,0.0
7784,3.5560451945641874e6,6.336331217919264e6,0.0,0.0,0.0,0.0
7785,3.555441091330694e6,6.334088999023945e6,0.0,0.0,0.0,0.0
7786,3.5548369880972006e6,6.331846780128626e6,0.0,0.0,0.0,0.0
7787,3.5575049880972006e6,6.328834457133016e6,0.0,0.0,0.0,0.0
7788,3.5601729880972006e6,6.325822134137404e6,0.0,0.0,0.0,0.0
7789,3.5628219880972006e6,6.327741193872029e6,0.0,0.0,0.0,0.0
7790,3.5654709880972006e6,6.329660253606654e6,0.0,0.0,0.0,0.0
7791,3.5676514880972006e6,6.325188451407822e6,0.0,0.0,0.0,0.0
7792,3.5698319880972006e6,6.320716649208989e6,0.0,0.0,0.0,0.0
7793,3.5724744880972006e6,6.317311234371614e6,0.0,0.0,0.0,0.0
7794,3.5751169880972006e6,6.313905819534238e6,0.0,0.0,0.0,0.0
7795,3.5766664880972006e6,6.308503197579991e6,0.0,0.0,0.0,0.0
7796,3.5782159880972006e6,6.303100575625744e6,0.0,0.0,0.0,0.0
7797,3.5787569880972006e6,6.297338943788993e6,0.0,0.0,0.0,0.0
7798,3.5792979880972006e6,6.291577311952243e6,0.0,0.0,0.0,0.0
7799,3.5798279880972006e6,6.285654466696751e6,0.0,0.0,0.0,0.0
7800,3.5803579880972006e6,6.27973162144126e6,0.0,0.0,0.0,0.0
7801,3.5808284880972006e6,6.276242487601334e6,0.0,0.0,0.0,0.0
7802,3.5812989880972006e6,6.2727533537614085e6,0.0,0.0,0.0,0.0
7803,3.5815234880972006e6,6.273093300839145e6,0.0,0.0,0.0,0.0
7804,3.5817479880972006e6,6.273433247916882e6,0.0,0.0,0.0,0.0
7805,3.5819769880972006e6,6.274137006494846e6,0.0,0.0,0.0,0.0
7806,3.5822059880972006e6,6.27484076507281e6,0.0,0.0,0.0,0.0
7807,3.5827614880972006e6,6.27579068414016e6,0.0,0.0,0.0,0.0
7808,3.5833169880972006e6,6.276740603207509e6,0.0,0.0,0.0,0.0
7809,3.5840859880972006e6,6.2780588329315195e6,0.0,0.0,0.0,0.0
7810,3.5848549880972006e6,6.27937706265553e6,0.0,0.0,0.0,0.0
7811,3.5856054880972006e6,6.280529738599526e6,0.0,0.0,0.0,0.0
7812,3.5863559880972006e6,6.2816824145435225e6,0.0,0.0,0.0,0.0
7813,3.5869114880972006e6,6.282967161480564e6,0.0,0.0,0.0,0.0
7814,3.5874669880972006e6,6.284251908417605e6,0.0,0.0,0.0,0.0
7815,3.5881289880972006e6,6.2856222224769015e6,0.0,0.0,0.0,0.0
7816,3.5887909880972006e6,6.286992536536197e6,0.0,0.0,0.0,0.0
7817,3.5902664880972006e6,6.289991106124775e6,0.0,0.0,0.0,0.0
7818,3.5917419880972006e6,6.292989675713352e6,0.0,0.0,0.0,0.0
7819,3.5929024880972006e6,6.289909767092193e6,0.0,0.0,0.0,0.0
7820,3.5940629880972006e6,6.286829858471032e6,0.0,0.0,0.0,0.0
7821,3.5952334880972006e6,6.283431243322054e6,0.0,0.0,0.0,0.0
7822,3.5964039880972006e6,6.280032628173076e6,0.0,0.0,0.0,0.0
7823,3.5973444940486e6,6.274868106037276e6,0.0,0.0,0.0,0.0
7824,3.598285e6,6.269703583901477e6,0.0,0.0,0.0,0.0
7825,3.5985095e6,6.2658651275870465e6,0.0,0.0,0.0,0.0
7826,3.598734e6,6.262026671272617e6,0.0,0.0,0.0,0.0
7827,3.598958e6,6.262585957825325e6,0.0,0.0,0.0,0.0
7828,3.599182e6,6.263145244378033e6,0.0,0.0,0.0,0.0
7829,3.599591e6,6.263777076969175e6,0.0,0.0,0.0,0.0
7830,3.6e6,6.264408909560316e6,0.0,0.0,0.0,0.0
7831,3.6e6,6.261667554679581e6,0.0,0.0,0.0,0.0
7832,3.6e6,6.258926199798846e6,0.0,0.0,0.0,0.0
7833,3.598466e6,6.256136564083815e6,0.0,0.0,0.0,0.0
7834,3.596932e6,6.253346928368784e6,0.0,0.0,0.0,0.0
7835,3.5976195e6,6.254761266092428e6,0.0,0.0,0.0,0.0
7836,3.598307e6,6.256175603816072e6,0.0,0.0,0.0,0.0
7837,3.5987715e6,6.257633345152454e6,0.0,0.0,0.0,0.0
7838,3.599236e6,6.259091086488837e6,0.0,0.0,0.0,0.0
7839,3.599618e6,6.259355801355695e6,0.0,0.0,0.0,0.0
7840,3.6e6,6.259620516222553e6,0.0,0.0,0.0,0.0
7841,3.594086451078823e6,6.255320966083459e6,0.0,0.0,0.0,0.0
7842,3.588172902157646e6,6.251021415944364e6,0.0,0.0,0.0,0.0
7843,3.581211562157646e6,6.24918533085395e6,0.0,0.0,0.0,0.0
7844,3.574250222157646e6,6.247349245763536e6,0.0,0.0,0.0,0.0
7845,3.568184555057424e6,6.244895589269022e6,0.0,0.0,0.0,0.0
7846,3.5621188879572023e6,6.242441932774509e6,0.0,0.0,0.0,0.0
7847,3.5550553864938146e6,6.237410101683365e6,0.0,0.0,0.0,0.0
7848,3.547991885030427e6,6.232378270592222e6,0.0,0.0,0.0,0.0
7849,3.543283766577497e6,6.226022629312573e6,0.0,0.0,0.0,0.0
7850,3.538575648124567e6,6.219666988032924e6,0.0,0.0,0.0,0.0
7851,3.5360501053475337e6,6.213115410444343e6,0.0,0.0,0.0,0.0
7852,3.5335245625705e6,6.206563832855764e6,0.0,0.0,0.0,0.0
7853,3.5260192225705003e6,6.20140525752375e6,0.0,0.0,0.0,0.0
7854,3.5185138825705e6,6.196246682191736e6,0.0,0.0,0.0,0.0
7855,3.5133000425704997e6,6.193436496021162e6,0.0,0.0,0.0,0.0
7856,3.5080862025705e6,6.1906263098505875e6,0.0,0.0,0.0,0.0
7857,3.5030803625705e6,6.190662160572397e6,0.0,0.0,0.0,0.0
7858,3.4980745225704997e6,6.190698011294207e6,0.0,0.0,0.0,0.0
7859,3.4923691825704994e6,6.194778679278628e6,0.0,0.0,0.0,0.0
7860,3.4866638425704995e6,6.198859347263049e6,0.0,0.0,0.0,0.0
7861,3.4801365025704997e6,6.20023889808339e6,0.0,0.0,0.0,0.0
7862,3.4736091625704993e6,6.20161844890373e6,0.0,0.0,0.0,0.0
7863,3.466749322570499e6,6.199724047375951e6,0.0,0.0,0.0,0.0
7864,3.459889482570499e6,6.197829645848173e6,0.0,0.0,0.0,0.0
7865,3.4541081425704993e6,6.198663502992749e6,0.0,0.0,0.0,0.0
7866,3.448326802570499e6,6.199497360137325e6,0.0,0.0,0.0,0.0
7867,3.4425329625704987e6,6.20054761529398e6,0.0,0.0,0.0,0.0
7868,3.436739122570499e6,6.2015978704506345e6,0.0,0.0,0.0,0.0
7869,3.430314782570499e6,6.200007945849605e6,0.0,0.0,0.0,0.0
7870,3.4238904425704987e6,6.198418021248575e6,0.0,0.0,0.0,0.0
7871,3.4177096025704984e6,6.193127008584226e6,0.0,0.0,0.0,0.0
7872,3.4115287625704985e6,6.187835995919876e6,0.0,0.0,0.0,0.0
7873,3.4045064225704987e6,6.181469193711237e6,0.0,0.0,0.0,0.0
7874,3.3974840825704983e6,6.175102391502598e6,0.0,0.0,0.0,0.0
7875,3.3933290860283263e6,6.168625840158894e6,0.0,0.0,0.0,0.0
7876,3.389174089486154e6,6.162149288815189e6,0.0,0.0,0.0,0.0
7877,3.382602249486154e6,6.156168778759917e6,0.0,0.0,0.0,0.0
7878,3.3760304094861536e6,6.150188268704645e6,0.0,0.0,0.0,0.0
7879,3.3707505694861533e6,6.149547643119354e6,0.0,0.0,0.0,0.0
7880,3.3654707294861535e6,6.148907017534063e6,0.0,0.0,0.0,0.0
7881,3.3602503894861536e6,6.147990468982082e6,0.0,0.0,0.0,0.0
7882,3.3550300494861533e6,6.1470739204301e6,0.0,0.0,0.0,0.0
7883,3.349618709486153e6,6.145528650052507e6,0.0,0.0,0.0,0.0
7884,3.344207369486153e6,6.143983379674915e6,0.0,0.0,0.0,0.0
7885,3.3386235294861533e6,6.145852265148121e6,0.0,0.0,0.0,0.0
7886,3.333039689486153e6,6.147721150621327e6,0.0,0.0,0.0,0.0
7887,3.3273283494861526e6,6.146039865896342e6,0.0,0.0,0.0,0.0
7888,3.321617009486153e6,6.144358581171357e6,0.0,0.0,0.0,0.0
7889,3.316941669486153e6,6.14416211037182e6,0.0,0.0,0.0,0.0
7890,3.3122663294861526e6,6.143965639572282e6,0.0,0.0,0.0,0.0
7891,3.3075294894861523e6,6.14251026617074e6,0.0,0.0,0.0,0.0
7892,3.3027926494861525e6,6.141054892769198e6,0.0,0.0,0.0,0.0
7893,3.2976210857930332e6,6.137779667890718e6,0.0,0.0,0.0,0.0
7894,3.2924495220999136e6,6.134504443012238e6,0.0,0.0,0.0,0.0
7895,3.2878405477047386e6,6.129051596877536e6,0.0,0.0,0.0,0.0
7896,3.283231573309564e6,6.123598750742835e6,0.0,0.0,0.0,0.0
7897,3.2801352119420012e6,6.11708747650894e6,0.0,0.0,0.0,0.0
7898,3.277038850574438e6,6.110576202275045e6,0.0,0.0,0.0,0.0
7899,3.2774418062906023e6,6.104048186647666e6,0.0,0.0,0.0,0.0
7900,3.277844762006767e6,6.097520171020286e6,0.0,0.0,0.0,0.0
7901,3.2742373323562006e6,6.091239555985512e6,0.0,0.0,0.0,0.0
7902,3.270629902705634e6,6.084958940950739e6,0.0,0.0,0.0,0.0
7903,3.264981562705634e6,6.080531438740224e6,0.0,0.0,0.0,0.0
7904,3.259333222705634e6,6.076103936529709e6,0.0,0.0,0.0,0.0
7905,3.2537203827056335e6,6.074275199130418e6,0.0,0.0,0.0,0.0
7906,3.2481075427056337e6,6.0724464617311265e6,0.0,0.0,0.0,0.0
7907,3.242316202705634e6,6.074905586418533e6,0.0,0.0,0.0,0.0
7908,3.2365248627056335e6,6.077364711105939e6,0.0,0.0,0.0,0.0
7909,3.231939866529273e6,6.078426239463186e6,0.0,0.0,0.0,0.0
7910,3.227354870352912e6,6.079487767820432e6,0.0,0.0,0.0,0.0
7911,3.2231802416315754e6,6.080529454526141e6,0.0,0.0,0.0,0.0
7912,3.2190056129102386e6,6.081571141231851e6,0.0,0.0,0.0,0.0
7913,3.2139152729102382e6,6.081629007780623e6,0.0,0.0,0.0,0.0
7914,3.2088249329102384e6,6.081686874329394e6,0.0,0.0,0.0,0.0
7915,3.2036990929102385e6,6.078055119774852e6,0.0,0.0,0.0,0.0
7916,3.198573252910238e6,6.07442336522031e6,0.0,0.0,0.0,0.0
7917,3.1972836925236303e6,6.06957940976716e6,0.0,0.0,0.0,0.0
7918,3.195994132137023e6,6.064735454314011e6,0.0,0.0,0.0,0.0
7919,3.194094526425232e6,6.058689838839632e6,0.0,0.0,0.0,0.0
7920,3.1921949207134414e6,6.052644223365254e6,0.0,0.0,0.0,0.0
7921,3.1925667161503606e6,6.046371669001417e6,0.0,0.0,0.0,0.0
7922,3.19293851158728e6,6.040099114637581e6,0.0,0.0,0.0,0.0
7923,3.19368401158728e6,6.033802378260933e6,0.0,0.0,0.0,0.0
7924,3.19442951158728e6,6.027505641884285e6,0.0,0.0,0.0,0.0
7925,3.1916672078279844e6,6.0222846280779075e6,0.0,0.0,0.0,0.0
7926,3.188904904068689e6,6.01706361427153e6,0.0,0.0,0.0,0.0
7927,3.183127564068689e6,6.011866849451982e6,0.0,0.0,0.0,0.0
7928,3.1773502240686887e6,6.006670084632435e6,0.0,0.0,0.0,0.0
7929,3.1716008840686884e6,6.001359230316548e6,0.0,0.0,0.0,0.0
7930,3.1658515440686885e6,5.9960483760006605e6,0.0,0.0,0.0,0.0
7931,3.1598052040686887e6,5.995026235349955e6,0.0,0.0,0.0,0.0
7932,3.1537588640686884e6,5.9940040946992505e6,0.0,0.0,0.0,0.0
7933,3.1475822138472237e6,5.994799620915575e6,0.0,0.0,0.0,0.0
7934,3.1414055636257585e6,5.995595147131899e6,0.0,0.0,0.0,0.0
7935,3.1349482236257587e6,5.996273468068753e6,0.0,0.0,0.0,0.0
7936,3.1284908836257583e6,5.996951789005607e6,0.0,0.0,0.0,0.0
7937,3.123410043625758e6,5.992478624415562e6,0.0,0.0,0.0,0.0
7938,3.118329203625758e6,5.988005459825516e6,0.0,0.0,0.0,0.0
7939,3.1126763636257583e6,5.98495221342361e6,0.0,0.0,0.0,0.0
7940,3.107023523625758e6,5.981898967021703e6,0.0,0.0,0.0,0.0
7941,3.1009081836257577e6,5.976448601093444e6,0.0,0.0,0.0,0.0
7942,3.094792843625758e6,5.970998235165185e6,0.0,0.0,0.0,0.0
7943,3.087719003625758e6,5.96477342477536e6,0.0,0.0,0.0,0.0
7944,3.0806451636257577e6,5.958548614385535e6,0.0,0.0,0.0,0.0
7945,3.0731983236257574e6,5.952355426627848e6,0.0,0.0,0.0,0.0
7946,3.0657514836257575e6,5.946162238870161e6,0.0,0.0,0.0,0.0
7947,3.0605239834034215e6,5.939688167732898e6,0.0,0.0,0.0,0.0
7948,3.0552964831810854e6,5.933214096595636e6,0.0,0.0,0.0,0.0
7949,3.0479861431810856e6,5.927117636889193e6,0.0,0.0,0.0,0.0
7950,3.0406758031810853e6,5.92102117718275e6,0.0,0.0,0.0,0.0
7951,3.035182963181085e6,5.91759775996935e6,0.0,0.0,0.0,0.0
7952,3.029690123181085e6,5.91417434275595e6,0.0,0.0,0.0,0.0
7953,3.0243342831810853e6,5.911992888918465e6,0.0,0.0,0.0,0.0
7954,3.018978443181085e6,5.909811435080979e6,0.0,0.0,0.0,0.0
7955,3.0127321031810846e6,5.905345711110259e6,0.0,0.0,0.0,0.0
7956,3.0064857631810848e6,5.90087998713954e6,0.0,0.0,0.0,0.0
7957,3.000917023912943e6,5.8955009271464925e6,0.0,0.0,0.0,0.0
7958,2.995348284644801e6,5.890121867153446e6,0.0,0.0,0.0,0.0
7959,2.989811028237883e6,5.884321792116842e6,0.0,0.0,0.0,0.0
7960,2.984273771830965e6,5.878521717080238e6,0.0,0.0,0.0,0.0
7961,2.978800431830965e6,5.87640536866186e6,0.0,0.0,0.0,0.0
7962,2.9733270918309647e6,5.874289020243481e6,0.0,0.0,0.0,0.0
7963,2.9673302518309643e6,5.871773358587913e6,0.0,0.0,0.0,0.0
7964,2.9613334118309645e6,5.869257696932346e6,0.0,0.0,0.0,0.0
7965,2.9542610718309646e6,5.865268792650132e6,0.0,0.0,0.0,0.0
7966,2.9471887318309643e6,5.861279888367919e6,0.0,0.0,0.0,0.0
7967,2.939721895481249e6,5.8554990349312425e6,0.0,0.0,0.0,0.0
7968,2.9322550591315334e6,5.849718181494565e6,0.0,0.0,0.0,0.0
7969,2.9290920363893975e6,5.843543595285194e6,0.0,0.0,0.0,0.0
7970,2.9259290136472615e6,5.837369009075822e6,0.0,0.0,0.0,0.0
7971,2.9259890136472615e6,5.83089617804178e6,0.0,0.0,0.0,0.0
7972,2.9260490136472615e6,5.824423347007739e6,0.0,0.0,0.0,0.0
7973,2.9262975136472615e6,5.8179226136512235e6,0.0,0.0,0.0,0.0
7974,2.9265460136472615e6,5.811421880294708e6,0.0,0.0,0.0,0.0
7975,2.9233511138593806e6,5.805362623684897e6,0.0,0.0,0.0,0.0
7976,2.920156214071499e6,5.799303367075087e6,0.0,0.0,0.0,0.0
7977,2.9151602220849693e6,5.7933278174327e6,0.0,0.0,0.0,0.0
7978,2.91016423009844e6,5.787352267790312e6,0.0,0.0,0.0,0.0
7979,2.909724210173508e6,5.781146058948804e6,0.0,0.0,0.0,0.0
7980,2.9092841902485765e6,5.7749398501072945e6,0.0,0.0,0.0,0.0
7981,2.9097176902485765e6,5.768886173961978e6,0.0,0.0,0.0,0.0
7982,2.9101511902485765e6,5.762832497816663e6,0.0,0.0,0.0,0.0
7983,2.9104781902485765e6,5.75701072097369e6,0.0,0.0,0.0,0.0
7984,2.9108051902485765e6,5.751188944130717e6,0.0,0.0,0.0,0.0
7985,2.9077809596084068e6,5.746398933167685e6,0.0,0.0,0.0,0.0
7986,2.904756728968237e6,5.741608922204652e6,0.0,0.0,0.0,0.0
7987,2.899313857539253e6,5.738406863416215e6,0.0,0.0,0.0,0.0
7988,2.8938709861102686e6,5.735204804627779e6,0.0,0.0,0.0,0.0
7989,2.891451138306492e6,5.732226584470748e6,0.0,0.0,0.0,0.0
7990,2.889031290502716e6,5.729248364313717e6,0.0,0.0,0.0,0.0
7991,2.889471531615992e6,5.724312641222207e6,0.0,0.0,0.0,0.0
7992,2.8899117727292688e6,5.719376918130698e6,0.0,0.0,0.0,0.0
7993,2.8900252727292688e6,5.713072741134724e6,0.0,0.0,0.0,0.0
7994,2.8901387727292688e6,5.70676856413875e6,0.0,0.0,0.0,0.0
7995,2.8901917727292688e6,5.700161181905221e6,0.0,0.0,0.0,0.0
7996,2.8902447727292688e6,5.693553799671692e6,0.0,0.0,0.0,0.0
7997,2.8903162727292688e6,5.6870425254377965e6,0.0,0.0,0.0,0.0
7998,2.8903877727292688e6,5.680531251203902e6,0.0,0.0,0.0,0.0
7999,2.8904497727292688e6,5.674050979550535e6,0.0,0.0,0.0,0.0
8000,2.8905117727292688e6,5.667570707897167e6,0.0,0.0,0.0,0.0
8001,2.8907482727292688e6,5.661477968500387e6,0.0,0.0,0.0,0.0
8002,2.8909847727292688e6,5.655385229103607e6,0.0,0.0,0.0,0.0
8003,2.8915247727292688e6,5.6491194953074865e6,0.0,0.0,0.0,0.0
8004,2.8920647727292688e6,5.642853761511366e6,0.0,0.0,0.0,0.0
8005,2.8922912727292688e6,5.638197890646672e6,0.0,0.0,0.0,0.0
8006,2.8925177727292688e6,5.633542019781977e6,0.0,0.0,0.0,0.0
8007,2.8927717727292688e6,5.627295507585783e6,0.0,0.0,0.0,0.0
8008,2.8930257727292688e6,5.621048995389589e6,0.0,0.0,0.0,0.0
8009,2.8945147727292688e6,5.616875315727435e6,0.0,0.0,0.0,0.0
8010,2.8960037727292688e6,5.61270163606528e6,0.0,0.0,0.0,0.0
8011,2.8975572727292688e6,5.612120535434602e6,0.0,0.0,0.0,0.0
8012,2.8991107727292688e6,5.611539434803923e6,0.0,0.0,0.0,0.0
8013,2.9000332727292688e6,5.610099562692644e6,0.0,0.0,0.0,0.0
8014,2.9009557727292688e6,5.6086596905813655e6,0.0,0.0,0.0,0.0
8015,2.9018687727292688e6,5.603413321632975e6,0.0,0.0,0.0,0.0
8016,2.9027817727292688e6,5.598166952684584e6,0.0,0.0,0.0,0.0
8017,2.9029722727292688e6,5.591768527843808e6,0.0,0.0,0.0,0.0
8018,2.9031627727292688e6,5.585370103003032e6,0.0,0.0,0.0,0.0
8019,2.9032452727292688e6,5.578836506911157e6,0.0,0.0,0.0,0.0
8020,2.9033277727292688e6,5.572302910819283e6,0.0,0.0,0.0,0.0
8021,2.9038957727292688e6,5.565882164120527e6,0.0,0.0,0.0,0.0
8022,2.9044637727292688e6,5.559461417421771e6,0.0,0.0,0.0,0.0
8023,2.897511615375978e6,5.556201693833554e6,0.0,0.0,0.0,0.0
8024,2.8905594580226867e6,5.552941970245337e6,0.0,0.0,0.0,0.0
8025,2.8860285770006524e6,5.550869645491307e6,0.0,0.0,0.0,0.0
8026,2.8814976959786187e6,5.548797320737276e6,0.0,0.0,0.0,0.0
8027,2.8828971959786187e6,5.545514035187859e6,0.0,0.0,0.0,0.0
8028,2.8842966959786187e6,5.542230749638441e6,0.0,0.0,0.0,0.0
8029,2.8854386959786187e6,5.538825933973357e6,0.0,0.0,0.0,0.0
8030,2.8865806959786187e6,5.535421118308274e6,0.0,0.0,0.0,0.0
8031,2.8877286959786187e6,5.532411275519105e6,0.0,0.0,0.0,0.0
8032,2.8888766959786187e6,5.529401432729936e6,0.0,0.0,0.0,0.0
8033,2.8856536342827147e6,5.528747166009214e6,0.0,0.0,0.0,0.0
8034,2.88243057258681e6,5.52809289928849e6,0.0,0.0,0.0,0.0
8035,2.87888822014629e6,5.528249040022745e6,0.0,0.0,0.0,0.0
8036,2.87534586770577e6,5.528405180756999e6,0.0,0.0,0.0,0.0
8037,2.875637779568899e6,5.527176746244915e6,0.0,0.0,0.0,0.0
8038,2.875929691432028e6,5.525948311732831e6,0.0,0.0,0.0,0.0
8039,2.8762591206761e6,5.522105119579095e6,0.0,0.0,0.0,0.0
8040,2.8765885499201715e6,5.518261927425359e6,0.0,0.0,0.0,0.0
8041,2.8772160499201715e6,5.512416588621186e6,0.0,0.0,0.0,0.0
8042,2.8778435499201715e6,5.506571249817012e6,0.0,0.0,0.0,0.0
8043,2.8781260499201715e6,5.500206927814815e6,0.0,0.0,0.0,0.0
8044,2.8784085499201715e6,5.4938426058126185e6,0.0,0.0,0.0,0.0
8045,2.8779154694618853e6,5.487941462363496e6,0.0,0.0,0.0,0.0
8046,2.8774223890035986e6,5.482040318914373e6,0.0,0.0,0.0,0.0
8047,2.8705860490035983e6,5.480718256609097e6,0.0,0.0,0.0,0.0
8048,2.8637497090035984e6,5.479396194303822e6,0.0,0.0,0.0,0.0
8049,2.8566908690035986e6,5.478256427172045e6,0.0,0.0,0.0,0.0
8050,2.8496320290035983e6,5.477116660040269e6,0.0,0.0,0.0,0.0
8051,2.847083657477162e6,5.474667343907029e6,0.0,0.0,0.0,0.0
8052,2.8445352859507254e6,5.47221802777379e6,0.0,0.0,0.0,0.0
8053,2.8434163755535586e6,5.4687908902507275e6,0.0,0.0,0.0,0.0
8054,2.842297465156392e6,5.465363752727664e6,0.0,0.0,0.0,0.0
8055,2.839423994454654e6,5.4618684095274415e6,0.0,0.0,0.0,0.0
8056,2.836550523752915e6,5.458373066327219e6,0.0,0.0,0.0,0.0
8057,2.831142683752915e6,5.457788245386876e6,0.0,0.0,0.0,0.0
8058,2.825734843752915e6,5.457203424446534e6,0.0,0.0,0.0,0.0
8059,2.820475003752915e6,5.45721261294909e6,0.0,0.0,0.0,0.0
8060,2.815215163752915e6,5.457221801451647e6,0.0,0.0,0.0,0.0
8061,2.8081558237529146e6,5.455776348875873e6,0.0,0.0,0.0,0.0
8062,2.8010964837529147e6,5.4543308963001e6,0.0,0.0,0.0,0.0
8063,2.794036143752915e6,5.450004063890141e6,0.0,0.0,0.0,0.0
8064,2.7869758037529145e6,5.445677231480183e6,0.0,0.0,0.0,0.0
8065,2.7800825306417355e6,5.439378014897093e6,0.0,0.0,0.0,0.0
8066,2.773189257530557e6,5.433078798314003e6,0.0,0.0,0.0,0.0
8067,2.7681980875435676e6,5.426721916931134e6,0.0,0.0,0.0,0.0
8068,2.7632069175565788e6,5.420365035548263e6,0.0,0.0,0.0,0.0
8069,2.7558760775565784e6,5.414152006139038e6,0.0,0.0,0.0,0.0
8070,2.7485452375565786e6,5.407938976729814e6,0.0,0.0,0.0,0.0
8071,2.7422913975565787e6,5.4050016799790785e6,0.0,0.0,0.0,0.0
8072,2.7360375575565784e6,5.402064383228343e6,0.0,0.0,0.0,0.0
8073,2.729421217556578e6,5.39961196683705e6,0.0,0.0,0.0,0.0
8074,2.7228048775565783e6,5.397159550445759e6,0.0,0.0,0.0,0.0
8075,2.7159880375565784e6,5.393808679270793e6,0.0,0.0,0.0,0.0
8076,2.709171197556578e6,5.390457808095826e6,0.0,0.0,0.0,0.0
8077,2.70381154176558e6,5.386609655529205e6,0.0,0.0,0.0,0.0
8078,2.6984518859745814e6,5.382761502962585e6,0.0,0.0,0.0,0.0
8079,2.6911145459745815e6,5.379186793156212e6,0.0,0.0,0.0,0.0
8080,2.683777205974581e6,5.375612083349841e6,0.0,0.0,0.0,0.0
8081,2.678417865974581e6,5.374553542979045e6,0.0,0.0,0.0,0.0
8082,2.673058525974581e6,5.37349500260825e6,0.0,0.0,0.0,0.0
8083,2.668001685974581e6,5.373078215654364e6,0.0,0.0,0.0,0.0
8084,2.662944845974581e6,5.372661428700479e6,0.0,0.0,0.0,0.0
8085,2.6563635059745805e6,5.3698841052652635e6,0.0,0.0,0.0,0.0
8086,2.6497821659745807e6,5.367106781830047e6,0.0,0.0,0.0,0.0
8087,2.642461325974581e6,5.3618907954105735e6,0.0,0.0,0.0,0.0
8088,2.6351404859745805e6,5.356674808991099e6,0.0,0.0,0.0,0.0
8089,2.62735664597458e6,5.350142453002445e6,0.0,0.0,0.0,0.0
8090,2.6195728059745803e6,5.343610097013792e6,0.0,0.0,0.0,0.0
8091,2.612756194523298e6,5.336963651528799e6,0.0,0.0,0.0,0.0
8092,2.605939583072016e6,5.330317206043806e6,0.0,0.0,0.0,0.0
8093,2.598332243072016e6,5.323796631035753e6,0.0,0.0,0.0,0.0
8094,2.590724903072016e6,5.3172760560277e6,0.0,0.0,0.0,0.0
8095,2.5851415630720155e6,5.312034647492194e6,0.0,0.0,0.0,0.0
8096,2.5795582230720157e6,5.306793238956687e6,0.0,0.0,0.0,0.0
8097,2.573223883072016e6,5.302006328251707e6,0.0,0.0,0.0,0.0
8098,2.5668895430720155e6,5.297219417546728e6,0.0,0.0,0.0,0.0
8099,2.559948203072015e6,5.291546453090284e6,0.0,0.0,0.0,0.0
8100,2.5530068630720153e6,5.285873488633841e6,0.0,0.0,0.0,0.0
8101,2.5471172663150104e6,5.280002727713635e6,0.0,0.0,0.0,0.0
8102,2.541227669558006e6,5.274131966793429e6,0.0,0.0,0.0,0.0
8103,2.5339278295580056e6,5.268245704582959e6,0.0,0.0,0.0,0.0
8104,2.5266279895580057e6,5.262359442372491e6,0.0,0.0,0.0,0.0
8105,2.520920149558006e6,5.257852794995476e6,0.0,0.0,0.0,0.0
8106,2.5152123095580055e6,5.2533461476184605e6,0.0,0.0,0.0,0.0
8107,2.508838969558005e6,5.250686013937637e6,0.0,0.0,0.0,0.0
8108,2.5024656295580054e6,5.248025880256813e6,0.0,0.0,0.0,0.0
8109,2.4948322493633116e6,5.244163466503151e6,0.0,0.0,0.0,0.0
8110,2.487198869168618e6,5.240301052749488e6,0.0,0.0,0.0,0.0
8111,2.480057742272297e6,5.234439592603439e6,0.0,0.0,0.0,0.0
8112,2.4729166153759756e6,5.228578132457392e6,0.0,0.0,0.0,0.0
8113,2.470267895385468e6,5.222346501499851e6,0.0,0.0,0.0,0.0
8114,2.46761917539496e6,5.21611487054231e6,0.0,0.0,0.0,0.0
8115,2.46809967539496e6,5.210053753777668e6,0.0,0.0,0.0,0.0
8116,2.46858017539496e6,5.2039926370130265e6,0.0,0.0,0.0,0.0
8117,2.4642955849629436e6,5.198451743549628e6,0.0,0.0,0.0,0.0
8118,2.460010994530927e6,5.192910850086231e6,0.0,0.0,0.0,0.0
8119,2.4544941545309266e6,5.190578103655773e6,0.0,0.0,0.0,0.0
8120,2.4489773145309268e6,5.188245357225316e6,0.0,0.0,0.0,0.0
8121,2.442654974530927e6,5.185927492033511e6,0.0,0.0,0.0,0.0
8122,2.4363326345309266e6,5.183609626841706e6,0.0,0.0,0.0,0.0
8123,2.4300252945309263e6,5.179905326248731e6,0.0,0.0,0.0,0.0
8124,2.4237179545309264e6,5.176201025655757e6,0.0,0.0,0.0,0.0
8125,2.4164771145309266e6,5.171945499181011e6,0.0,0.0,0.0,0.0
8126,2.4092362745309263e6,5.167689972706265e6,0.0,0.0,0.0,0.0
8127,2.401718934530926e6,5.163285013793378e6,0.0,0.0,0.0,0.0
8128,2.394201594530926e6,5.158880054880491e6,0.0,0.0,0.0,0.0
8129,2.3884547545309262e6,5.156068008555085e6,0.0,0.0,0.0,0.0
8130,2.382707914530926e6,5.153255962229679e6,0.0,0.0,0.0,0.0
8131,2.3758735745309256e6,5.151582330661227e6,0.0,0.0,0.0,0.0
8132,2.3690392345309258e6,5.149908699092775e6,0.0,0.0,0.0,0.0
8133,2.361341394530926e6,5.147115254315685e6,0.0,0.0,0.0,0.0
8134,2.3536435545309256e6,5.144321809538594e6,0.0,0.0,0.0,0.0
8135,2.3459007145309253e6,5.13995281361912e6,0.0,0.0,0.0,0.0
8136,2.3381578745309254e6,5.135583817699645e6,0.0,0.0,0.0,0.0
8137,2.338689493658524e6,5.13005904557812e6,0.0,0.0,0.0,0.0
8138,2.339221112786123e6,5.124534273456597e6,0.0,0.0,0.0,0.0
8139,2.339600612786123e6,5.117998197158281e6,0.0,0.0,0.0,0.0
8140,2.339980112786123e6,5.111462120859964e6,0.0,0.0,0.0,0.0
8141,2.340399112786123e6,5.104891941723067e6,0.0,0.0,0.0,0.0
8142,2.340818112786123e6,5.098321762586171e6,0.0,0.0,0.0,0.0
8143,2.3329107727861227e6,5.091896055474531e6,0.0,0.0,0.0,0.0
8144,2.325003432786123e6,5.08547034836289e6,0.0,0.0,0.0,0.0
8145,2.317448592786123e6,5.079811645093489e6,0.0,0.0,0.0,0.0
8146,2.3098937527861227e6,5.074152941824089e6,0.0,0.0,0.0,0.0
8147,2.3107217527861227e6,5.0686027475865325e6,0.0,0.0,0.0,0.0
8148,2.3115497527861227e6,5.063052553348976e6,0.0,0.0,0.0,0.0
8149,2.3119752527861227e6,5.057070803190483e6,0.0,0.0,0.0,0.0
8150,2.3124007527861227e6,5.05108905303199e6,0.0,0.0,0.0,0.0
8151,2.309302212785841e6,5.045070719828475e6,0.0,0.0,0.0,0.0
8152,2.3062036727855587e6,5.039052386624961e6,0.0,0.0,0.0,0.0
8153,2.2994942371913074e6,5.034236953545896e6,0.0,0.0,0.0,0.0
8154,2.2927848015970555e6,5.0294215204668315e6,0.0,0.0,0.0,0.0
8155,2.2864101316233273e6,5.026280226736228e6,0.0,0.0,0.0,0.0
8156,2.280035461649599e6,5.023138933005624e6,0.0,0.0,0.0,0.0
8157,2.2750568625840098e6,5.018765596724875e6,0.0,0.0,0.0,0.0
8158,2.27007826351842e6,5.014392260444127e6,0.0,0.0,0.0,0.0
8159,2.27070476351842e6,5.008424151421066e6,0.0,0.0,0.0,0.0
8160,2.27133126351842e6,5.002456042398006e6,0.0,0.0,0.0,0.0
8161,2.27176676351842e6,4.995937327544784e6,0.0,0.0,0.0,0.0
8162,2.27220226351842e6,4.989418612691563e6,0.0,0.0,0.0,0.0
8163,2.27247976351842e6,4.982817430974139e6,0.0,0.0,0.0,0.0
8164,2.27275726351842e6,4.976216249256716e6,0.0,0.0,0.0,0.0
8165,2.27300776351842e6,4.969586545165207e6,0.0,0.0,0.0,0.0
8166,2.27325826351842e6,4.962956841073699e6,0.0,0.0,0.0,0.0
8167,2.27359576351842e6,4.956361239820771e6,0.0,0.0,0.0,0.0
8168,2.27393326351842e6,4.949765638567843e6,0.0,0.0,0.0,0.0
8169,2.27472776351842e6,4.943468902191195e6,0.0,0.0,0.0,0.0
8170,2.27552226351842e6,4.937172165814547e6,0.0,0.0,0.0,0.0
8171,2.27648876351842e6,4.930906432018426e6,0.0,0.0,0.0,0.0
8172,2.27745526351842e6,4.924640698222306e6,0.0,0.0,0.0,0.0
8173,2.27792726351842e6,4.918268315549172e6,0.0,0.0,0.0,0.0
8174,2.27839926351842e6,4.911895932876038e6,0.0,0.0,0.0,0.0
8175,2.27885826351842e6,4.90554215175122e6,0.0,0.0,0.0,0.0
8176,2.27931726351842e6,4.899188370626403e6,0.0,0.0,0.0,0.0
8177,2.2768030293253693e6,4.893372174247924e6,0.0,0.0,0.0,0.0
8178,2.2742887951323185e6,4.887555977869446e6,0.0,0.0,0.0,0.0
8179,2.2692741256389637e6,4.882646916997191e6,0.0,0.0,0.0,0.0
8180,2.2642594561456093e6,4.877737856124934e6,0.0,0.0,0.0,0.0
8181,2.260769703234633e6,4.872548531924713e6,0.0,0.0,0.0,0.0
8182,2.2572799503236567e6,4.867359207724492e6,0.0,0.0,0.0,0.0
8183,2.251979003628442e6,4.861156719192646e6,0.0,0.0,0.0,0.0
8184,2.246678056933227e6,4.854954230660801e6,0.0,0.0,0.0,0.0
8185,2.243568337592311e6,4.848299724504871e6,0.0,0.0,0.0,0.0
8186,2.2404586182513954e6,4.841645218348941e6,0.0,0.0,0.0,0.0
8187,2.2400167726039854e6,4.834929947135178e6,0.0,0.0,0.0,0.0
8188,2.2395749269565754e6,4.828214675921415e6,0.0,0.0,0.0,0.0
8189,2.2331847886480317e6,4.821604193429833e6,0.0,0.0,0.0,0.0
8190,2.2267946503394884e6,4.814993710938252e6,0.0,0.0,0.0,0.0
8191,2.219809810339488e6,4.808515919491326e6,0.0,0.0,0.0,0.0
8192,2.2128249703394882e6,4.8020381280444e6,0.0,0.0,0.0,0.0
8193,2.2059166303394884e6,4.795766813783785e6,0.0,0.0,0.0,0.0
8194,2.199008290339488e6,4.789495499523169e6,0.0,0.0,0.0,0.0
8195,2.1914719503394878e6,4.783267588875292e6,0.0,0.0,0.0,0.0
8196,2.183935610339488e6,4.777039678227414e6,0.0,0.0,0.0,0.0
8197,2.1778557728946027e6,4.770627612251205e6,0.0,0.0,0.0,0.0
8198,2.1717759354497176e6,4.764215546274997e6,0.0,0.0,0.0,0.0
8199,2.1651274753771974e6,4.757824562053547e6,0.0,0.0,0.0,0.0
8200,2.1584790153046767e6,4.751433577832097e6,0.0,0.0,0.0,0.0
8201,2.1523871753046764e6,4.746249214044761e6,0.0,0.0,0.0,0.0
8202,2.1462953353046766e6,4.741064850257424e6,0.0,0.0,0.0,0.0
8203,2.1391634953046767e6,4.736934574208007e6,0.0,0.0,0.0,0.0
8204,2.1320316553046764e6,4.732804298158591e6,0.0,0.0,0.0,0.0
8205,2.126263711314901e6,4.727614353906759e6,0.0,0.0,0.0,0.0
8206,2.1204957673251256e6,4.722424409654927e6,0.0,0.0,0.0,0.0
8207,2.114290685841039e6,4.7160569873946775e6,0.0,0.0,0.0,0.0
8208,2.108085604356952e6,4.709689565134428e6,0.0,0.0,0.0,0.0
8209,2.1049528128961627e6,4.703023277997898e6,0.0,0.0,0.0,0.0
8210,2.1018200214353735e6,4.696356990861368e6,0.0,0.0,0.0,0.0
8211,2.1007661413482353e6,4.689695044086112e6,0.0,0.0,0.0,0.0
8212,2.0997122612610967e6,4.683033097310855e6,0.0,0.0,0.0,0.0
8213,2.0928153378113462e6,4.67657886782513e6,0.0,0.0,0.0,0.0
8214,2.0859184143615954e6,4.670124638339405e6,0.0,0.0,0.0,0.0
8215,2.0785545743615953e6,4.6638148808789365e6,0.0,0.0,0.0,0.0
8216,2.0711907343615955e6,4.657505123418467e6,0.0,0.0,0.0,0.0
8217,2.0634968943615956e6,4.651808597000823e6,0.0,0.0,0.0,0.0
8218,2.0558030543615955e6,4.64611207058318e6,0.0,0.0,0.0,0.0
8219,2.0480417143615955e6,4.640526533403823e6,0.0,0.0,0.0,0.0
8220,2.0402803743615956e6,4.634940996224466e6,0.0,0.0,0.0,0.0
8221,2.0327615343615958e6,4.629513572205797e6,0.0,0.0,0.0,0.0
8222,2.0252426943615957e6,4.624086148187128e6,0.0,0.0,0.0,0.0
8223,2.0179688543615956e6,4.6182569307248285e6,0.0,0.0,0.0,0.0
8224,2.0106950143615957e6,4.612427713262529e6,0.0,0.0,0.0,0.0
8225,2.004843174361596e6,4.609512738369773e6,0.0,0.0,0.0,0.0
8226,1.9989913343615958e6,4.606597763477017e6,0.0,0.0,0.0,0.0
8227,1.9928124943615957e6,4.605780423182722e6,0.0,0.0,0.0,0.0
8228,1.9866336543615959e6,4.604963082888427e6,0.0,0.0,0.0,0.0
8229,1.978402814361596e6,4.602945942727735e6,0.0,0.0,0.0,0.0
8230,1.970171974361596e6,4.600928802567042e6,0.0,0.0,0.0,0.0
8231,1.9629306343615958e6,4.595460455142078e6,0.0,0.0,0.0,0.0
8232,1.955689294361596e6,4.589992107717114e6,0.0,0.0,0.0,0.0
8233,1.9476708687778534e6,4.583488894154156e6,0.0,0.0,0.0,0.0
8234,1.9396524431941106e6,4.576985680591198e6,0.0,0.0,0.0,0.0
8235,1.9337229735642695e6,4.570296451545077e6,0.0,0.0,0.0,0.0
8236,1.9277935039344286e6,4.563607222498957e6,0.0,0.0,0.0,0.0
8237,1.9198041639344287e6,4.557152372961622e6,0.0,0.0,0.0,0.0
8238,1.9118148239344286e6,4.550697523424285e6,0.0,0.0,0.0,0.0
8239,1.9055404839344285e6,4.546070586034825e6,0.0,0.0,0.0,0.0
8240,1.8992661439344287e6,4.541443648645365e6,0.0,0.0,0.0,0.0
8241,1.8927963039344288e6,4.537742448310442e6,0.0,0.0,0.0,0.0
8242,1.8863264639344288e6,4.53404124797552e6,0.0,0.0,0.0,0.0
8243,1.8791791239344287e6,4.529989098429032e6,0.0,0.0,0.0,0.0
8244,1.8720317839344288e6,4.525936948882543e6,0.0,0.0,0.0,0.0
8245,1.864695943934429e6,4.521542530847035e6,0.0,0.0,0.0,0.0
8246,1.857360103934429e6,4.517148112811528e6,0.0,0.0,0.0,0.0
8247,1.8500997639344288e6,4.513162928838978e6,0.0,0.0,0.0,0.0
8248,1.842839423934429e6,4.509177744866428e6,0.0,0.0,0.0,0.0
8249,1.836337583934429e6,4.508773978996364e6,0.0,0.0,0.0,0.0
8250,1.829835743934429e6,4.5083702131263e6,0.0,0.0,0.0,0.0
8251,1.824068903934429e6,4.507308572497452e6,0.0,0.0,0.0,0.0
8252,1.818302063934429e6,4.506246931868603e6,0.0,0.0,0.0,0.0
8253,1.8111712239344292e6,4.503504331323578e6,0.0,0.0,0.0,0.0
8254,1.8040403839344291e6,4.500761730778553e6,0.0,0.0,0.0,0.0
8255,1.796255543934429e6,4.495091866580162e6,0.0,0.0,0.0,0.0
8256,1.7884707039344292e6,4.489422002381772e6,0.0,0.0,0.0,0.0
8257,1.7803878639344294e6,4.483093023321376e6,0.0,0.0,0.0,0.0
8258,1.7723050239344293e6,4.476764044260981e6,0.0,0.0,0.0,0.0
8259,1.7644661839344292e6,4.470201305743411e6,0.0,0.0,0.0,0.0
8260,1.7566273439344293e6,4.463638567225841e6,0.0,0.0,0.0,0.0
8261,1.7493780039344295e6,4.457277965533307e6,0.0,0.0,0.0,0.0
8262,1.7421286639344294e6,4.450917363840774e6,0.0,0.0,0.0,0.0
8263,1.7372543239344293e6,4.446995425132498e6,0.0,0.0,0.0,0.0
8264,1.7323799839344295e6,4.4430734864242235e6,0.0,0.0,0.0,0.0
8265,1.7276591439344296e6,4.439617826527076e6,0.0,0.0,0.0,0.0
8266,1.7229383039344295e6,4.436162166629928e6,0.0,0.0,0.0,0.0
8267,1.7175569639344295e6,4.432307813547202e6,0.0,0.0,0.0,0.0
8268,1.7121756239344296e6,4.428453460464477e6,0.0,0.0,0.0,0.0
8269,1.7061417839344298e6,4.423975335461546e6,0.0,0.0,0.0,0.0
8270,1.7001079439344297e6,4.419497210458616e6,0.0,0.0,0.0,0.0
8271,1.6935601039344296e6,4.414869032965934e6,0.0,0.0,0.0,0.0
8272,1.6870122639344297e6,4.410240855473253e6,0.0,0.0,0.0,0.0
8273,1.68249892393443e6,4.408328504034743e6,0.0,0.0,0.0,0.0
8274,1.6779855839344298e6,4.406416152596232e6,0.0,0.0,0.0,0.0
8275,1.6732012439344297e6,4.405601292508379e6,0.0,0.0,0.0,0.0
8276,1.6684169039344299e6,4.404786432420526e6,0.0,0.0,0.0,0.0
8277,1.66191556393443e6,4.402010349088531e6,0.0,0.0,0.0,0.0
8278,1.65541422393443e6,4.399234265756536e6,0.0,0.0,0.0,0.0
8279,1.6489568839344298e6,4.393576802590357e6,0.0,0.0,0.0,0.0
8280,1.64249954393443e6,4.387919339424177e6,0.0,0.0,0.0,0.0
8281,1.6348187039344301e6,4.38140620503545e6,0.0,0.0,0.0,0.0
8282,1.62713786393443e6,4.374893070646724e6,0.0,0.0,0.0,0.0
8283,1.6194628397751665e6,4.368326611819491e6,0.0,0.0,0.0,0.0
8284,1.6117878156159027e6,4.361760152992258e6,0.0,0.0,0.0,0.0
8285,1.6044309756159028e6,4.355342506551554e6,0.0,0.0,0.0,0.0
8286,1.5970741356159027e6,4.348924860110851e6,0.0,0.0,0.0,0.0
8287,1.5920557956159026e6,4.344421933043499e6,0.0,0.0,0.0,0.0
8288,1.5870374556159028e6,4.339919005976147e6,0.0,0.0,0.0,0.0
8289,1.582373115615903e6,4.336392660195397e6,0.0,0.0,0.0,0.0
8290,1.5777087756159029e6,4.332866314414647e6,0.0,0.0,0.0,0.0
8291,1.5725564356159028e6,4.328927634312889e6,0.0,0.0,0.0,0.0
8292,1.567404095615903e6,4.324988954211129e6,0.0,0.0,0.0,0.0
8293,1.560945755615903e6,4.32030621217672e6,0.0,0.0,0.0,0.0
8294,1.554487415615903e6,4.315623470142311e6,0.0,0.0,0.0,0.0
8295,1.546953075615903e6,4.310711929063613e6,0.0,0.0,0.0,0.0
8296,1.539418735615903e6,4.305800387984914e6,0.0,0.0,0.0,0.0
8297,1.5332663956159032e6,4.303351691903285e6,0.0,0.0,0.0,0.0
8298,1.527114055615903e6,4.300902995821656e6,0.0,0.0,0.0,0.0
8299,1.520827215615903e6,4.299479245052252e6,0.0,0.0,0.0,0.0
8300,1.5145403756159032e6,4.298055494282847e6,0.0,0.0,0.0,0.0
8301,1.5070990356159033e6,4.294787710023694e6,0.0,0.0,0.0,0.0
8302,1.4996576956159032e6,4.291519925764539e6,0.0,0.0,0.0,0.0
8303,1.4922123556159032e6,4.286452131679984e6,0.0,0.0,0.0,0.0
8304,1.4847670156159033e6,4.281384337595429e6,0.0,0.0,0.0,0.0
8305,1.4764971756159035e6,4.275111163179982e6,0.0,0.0,0.0,0.0
8306,1.4682273356159034e6,4.268837988764535e6,0.0,0.0,0.0,0.0
8307,1.4620772922502086e6,4.262205804466585e6,0.0,0.0,0.0,0.0
8308,1.455927248884514e6,4.255573620168634e6,0.0,0.0,0.0,0.0
8309,1.4482391121116574e6,4.248920354115925e6,0.0,0.0,0.0,0.0
8310,1.4405509753388008e6,4.242267088063216e6,0.0,0.0,0.0,0.0
8311,1.432616135338801e6,4.235955470447915e6,0.0,0.0,0.0,0.0
8312,1.4246812953388009e6,4.229643852832614e6,0.0,0.0,0.0,0.0
8313,1.4169494553388008e6,4.224332378465117e6,0.0,0.0,0.0,0.0
8314,1.409217615338801e6,4.2190209040976195e6,0.0,0.0,0.0,0.0
8315,1.401065775338801e6,4.21417694864447e6,0.0,0.0,0.0,0.0
8316,1.392913935338801e6,4.20933299319132e6,0.0,0.0,0.0,0.0
8317,1.387870827094994e6,4.204782322149957e6,0.0,0.0,0.0,0.0
8318,1.382827718851187e6,4.200231651108593e6,0.0,0.0,0.0,0.0
8319,1.377817246077999e6,4.194746562290143e6,0.0,0.0,0.0,0.0
8320,1.3728067733048107e6,4.189261473471694e6,0.0,0.0,0.0,0.0
8321,1.365679433304811e6,4.1858417765679574e6,0.0,0.0,0.0,0.0
8322,1.3585520933048108e6,4.182422079664221e6,0.0,0.0,0.0,0.0
8323,1.3511057533048107e6,4.180942524249868e6,0.0,0.0,0.0,0.0
8324,1.3436594133048109e6,4.179462968835515e6,0.0,0.0,0.0,0.0
8325,1.335947573304811e6,4.176110237505717e6,0.0,0.0,0.0,0.0
8326,1.328235733304811e6,4.172757506175919e6,0.0,0.0,0.0,0.0
8327,1.3206668933048109e6,4.167219092918963e6,0.0,0.0,0.0,0.0
8328,1.313098053304811e6,4.1616806796620074e6,0.0,0.0,0.0,0.0
8329,1.3048782133048112e6,4.155448428652856e6,0.0,0.0,0.0,0.0
8330,1.296658373304811e6,4.1492161776437047e6,0.0,0.0,0.0,0.0
8331,1.2911818053454948e6,4.142759467951537e6,0.0,0.0,0.0,0.0
8332,1.2857052373861785e6,4.13630275825937e6,0.0,0.0,0.0,0.0
8333,1.2784872611127212e6,4.129742499948242e6,0.0,0.0,0.0,0.0
8334,1.271269284839264e6,4.1231822416371144e6,0.0,0.0,0.0,0.0
8335,1.2629619448392638e6,4.116663526783893e6,0.0,0.0,0.0,0.0
8336,1.254654604839264e6,4.1101448119306713e6,0.0,0.0,0.0,0.0
8337,1.246666764839264e6,4.104034091037186e6,0.0,0.0,0.0,0.0
8338,1.238678924839264e6,4.097923370143701e6,0.0,0.0,0.0,0.0
8339,1.230948084839264e6,4.0916867787732757e6,0.0,0.0,0.0,0.0
8340,1.223217244839264e6,4.0854501874028505e6,0.0,0.0,0.0,0.0
8341,1.2150594048392642e6,4.079082765142601e6,0.0,0.0,0.0,0.0
8342,1.2069015648392641e6,4.0727153428823515e6,0.0,0.0,0.0,0.0
8343,1.199120224839264e6,4.0664179864540934e6,0.0,0.0,0.0,0.0
8344,1.1913388848392642e6,4.0601206300258352e6,0.0,0.0,0.0,0.0
8345,1.1846990448392644e6,4.0543732593761273e6,0.0,0.0,0.0,0.0
8346,1.1780592048392643e6,4.048625888726419e6,0.0,0.0,0.0,0.0
8347,1.1713553648392642e6,4.043917724575978e6,0.0,0.0,0.0,0.0
8348,1.1646515248392643e6,4.0392095604255367e6,0.0,0.0,0.0,0.0
8349,1.1571531848392645e6,4.034134325721655e6,0.0,0.0,0.0,0.0
8350,1.1496548448392644e6,4.029059091017774e6,0.0,0.0,0.0,0.0
8351,1.1417340048392643e6,4.0228187793376856e6,0.0,0.0,0.0,0.0
8352,1.1338131648392645e6,4.016578467657597e6,0.0,0.0,0.0,0.0
8353,1.1255218248392646e6,4.01022530658439e6,0.0,0.0,0.0,0.0
8354,1.1172304848392645e6,4.003872145511183e6,0.0,0.0,0.0,0.0
8355,1.1092708765941001e6,3.99731684761294e6,0.0,0.0,0.0,0.0
8356,1.1013112683489358e6,3.990761549714696e6,0.0,0.0,0.0,0.0
8357,1.0934979283489357e6,3.9844412513768477e6,0.0,0.0,0.0,0.0
8358,1.0856845883489358e6,3.978120953039e6,0.0,0.0,0.0,0.0
8359,1.080192748348936e6,3.9734264300239906e6,0.0,0.0,0.0,0.0
8360,1.074700908348936e6,3.9687319070089813e6,0.0,0.0,0.0,0.0
8361,1.0690610683489358e6,3.963980959297413e6,0.0,0.0,0.0,0.0
8362,1.063421228348936e6,3.959230011585844e6,0.0,0.0,0.0,0.0
8363,1.057572388348936e6,3.953859012263735e6,0.0,0.0,0.0,0.0
8364,1.051723548348936e6,3.948488012941625e6,0.0,0.0,0.0,0.0
8365,1.0450727083489359e6,3.942345669416002e6,0.0,0.0,0.0,0.0
8366,1.038421868348936e6,3.936203325890379e6,0.0,0.0,0.0,0.0
8367,1.031781528348936e6,3.93018003227398e6,0.0,0.0,0.0,0.0
8368,1.0251411883489359e6,3.924156738657581e6,0.0,0.0,0.0,0.0
8369,1.0199223483489358e6,3.920715339947476e6,0.0,0.0,0.0,0.0
8370,1.0147035083489359e6,3.9172739412373705e6,0.0,0.0,0.0,0.0
8371,1.0089776683489359e6,3.915267341954057e6,0.0,0.0,0.0,0.0
8372,1.0032518283489358e6,3.913260742670744e6,0.0,0.0,0.0,0.0
8373,996116.9883489357,3.9090399390861886e6,0.0,0.0,0.0,0.0
8374,988982.1483489358,3.904819135501633e6,0.0,0.0,0.0,0.0
8375,981667.3083489358,3.898479615563858e6,0.0,0.0,0.0,0.0
8376,974352.4683489357,3.8921400956260827e6,0.0,0.0,0.0,0.0
8377,967190.9260043371,3.885694546862905e6,0.0,0.0,0.0,0.0
8378,960029.3836597386,3.8792489980997276e6,0.0,0.0,0.0,0.0
8379,960158.2469045762,3.872575270343871e6,0.0,0.0,0.0,0.0
8380,960287.1101494137,3.865901542588014e6,0.0,0.0,0.0,0.0
8381,954727.622330732,3.859533500276154e6,0.0,0.0,0.0,0.0
8382,949168.1345120501,3.853165457964294e6,0.0,0.0,0.0,0.0
8383,943422.29451205,3.8477653162164893e6,0.0,0.0,0.0,0.0
8384,937676.45451205,3.842365174468684e6,0.0,0.0,0.0,0.0
8385,931574.1145120501,3.8377103347567497e6,0.0,0.0,0.0,0.0
8386,925471.77451205,3.833055495044815e6,0.0,0.0,0.0,0.0
8387,919762.4345120499,3.827941197089469e6,0.0,0.0,0.0,0.0
8388,914053.0945120499,3.8228268991341237e6,0.0,0.0,0.0,0.0
8389,908283.25451205,3.82011615762306e6,0.0,0.0,0.0,0.0
8390,902513.4145120499,3.817405416111996e6,0.0,0.0,0.0,0.0
8391,897189.688390664,3.8119852059133747e6,0.0,0.0,0.0,0.0
8392,891865.9622692781,3.8065649957147534e6,0.0,0.0,0.0,0.0
8393,887195.1222692782,3.8036419601510605e6,0.0,0.0,0.0,0.0
8394,882524.2822692781,3.8007189245873676e6,0.0,0.0,0.0,0.0
8395,876377.942269278,3.799369580011228e6,0.0,0.0,0.0,0.0
8396,870231.602269278,3.7980202354350886e6,0.0,0.0,0.0,0.0
8397,862432.762269278,3.794453586299654e6,0.0,0.0,0.0,0.0
8398,854633.922269278,3.790886937164219e6,0.0,0.0,0.0,0.0
8399,848599.6266805558,3.784608182284277e6,0.0,0.0,0.0,0.0
8400,842565.3310918334,3.7783294274043352e6,0.0,0.0,0.0,0.0
8401,839298.1836178035,3.7718621768347886e6,0.0,0.0,0.0,0.0
8402,836031.0361437735,3.765394926265242e6,0.0,0.0,0.0,0.0
8403,836591.0361437735,3.758881171824905e6,0.0,0.0,0.0,0.0
8404,837151.0361437735,3.7523674173845677e6,0.0,0.0,0.0,0.0
8405,832701.8002452133,3.7460278974467926e6,0.0,0.0,0.0,0.0
8406,828252.5643466533,3.7396883775090175e6,0.0,0.0,0.0,0.0
8407,821309.7243466533,3.7344599900573324e6,0.0,0.0,0.0,0.0
8408,814366.8843466532,3.729231602605647e6,0.0,0.0,0.0,0.0
8409,807363.5443466532,3.7247392164156744e6,0.0,0.0,0.0,0.0
8410,800360.2043466532,3.7202468302257014e6,0.0,0.0,0.0,0.0
8411,793203.3643466532,3.715451238798174e6,0.0,0.0,0.0,0.0
8412,786046.5243466531,3.7106556473706467e6,0.0,0.0,0.0,0.0
8413,780488.8831448307,3.705204661390777e6,0.0,0.0,0.0,0.0
8414,774931.2419430083,3.6997536754109077e6,0.0,0.0,0.0,0.0
8415,767315.9019430082,3.694413058617715e6,0.0,0.0,0.0,0.0
8416,759700.5619430082,3.6890724418245214e6,0.0,0.0,0.0,0.0
8417,753109.7219430082,3.6863465826729806e6,0.0,0.0,0.0,0.0
8418,746518.8819430082,3.68362072352144e6,0.0,0.0,0.0,0.0
8419,739163.0419430081,3.6825386211894434e6,0.0,0.0,0.0,0.0
8420,731807.2019430081,3.6814565188574474e6,0.0,0.0,0.0,0.0
8421,723728.3619430081,3.677899170496171e6,0.0,0.0,0.0,0.0
8422,715649.5219430081,3.6743418221348943e6,0.0,0.0,0.0,0.0
8423,707649.383204307,3.6682069192285975e6,0.0,0.0,0.0,0.0
8424,699649.244465606,3.6620720163223012e6,0.0,0.0,0.0,0.0
8425,695599.1306353551,3.6555471009529745e6,0.0,0.0,0.0,0.0
8426,691549.0168051042,3.6490221855836473e6,0.0,0.0,0.0,0.0
8427,691427.314448545,3.6423540382922855e6,0.0,0.0,0.0,0.0
8428,691305.6120919858,3.6356858910009237e6,0.0,0.0,0.0,0.0
8429,687091.199005233,3.6292477828570725e6,0.0,0.0,0.0,0.0
8430,682876.7859184803,3.6228096747132214e6,0.0,0.0,0.0,0.0
8431,676316.9459184802,3.6176705746934544e6,0.0,0.0,0.0,0.0
8432,669757.1059184802,3.612531474673687e6,0.0,0.0,0.0,0.0
8433,662227.2659184802,3.6084619636821034e6,0.0,0.0,0.0,0.0
8434,654697.4259184801,3.60439245269052e6,0.0,0.0,0.0,0.0
8435,647361.5859184801,3.600087942138541e6,0.0,0.0,0.0,0.0
8436,640025.7459184801,3.595783431586562e6,0.0,0.0,0.0,0.0
8437,632717.0863906161,3.5911949373969557e6,0.0,0.0,0.0,0.0
8438,625408.4268627522,3.5866064432073487e6,0.0,0.0,0.0,0.0
8439,618949.2271587787,3.5818077515217685e6,0.0,0.0,0.0,0.0
8440,612490.0274548052,3.5770090598361883e6,0.0,0.0,0.0,0.0
8441,605732.1874548052,3.5743966701293765e6,0.0,0.0,0.0,0.0
8442,598974.3474548052,3.5717842804225646e6,0.0,0.0,0.0,0.0
8443,591460.5074548051,3.5702979044404957e6,0.0,0.0,0.0,0.0
8444,583946.6674548051,3.5688115284584267e6,0.0,0.0,0.0,0.0
8445,576225.0854634732,3.5656615540052755e6,0.0,0.0,0.0,0.0
8446,568503.5034721413,3.5625115795521247e6,0.0,0.0,0.0,0.0
8447,560798.2940671667,3.556307850917058e6,0.0,0.0,0.0,0.0
8448,553093.0846621922,3.550104122281992e6,0.0,0.0,0.0,0.0
8449,548697.9127047812,3.5435878876352124e6,0.0,0.0,0.0,0.0
8450,544302.7407473701,3.5370716529884334e6,0.0,0.0,0.0,0.0
8451,543094.1529644306,3.530421487193777e6,0.0,0.0,0.0,0.0
8452,541885.5651814911,3.523771321399121e6,0.0,0.0,0.0,0.0
8453,535475.5291300635,3.5173797171260603e6,0.0,0.0,0.0,0.0
8454,529065.4930786359,3.510988112853e6,0.0,0.0,0.0,0.0
8455,521961.1530786359,3.5076031388394535e6,0.0,0.0,0.0,0.0
8456,514856.8130786359,3.5042181648259074e6,0.0,0.0,0.0,0.0
8457,507570.47307863587,3.5023752591677774e6,0.0,0.0,0.0,0.0
8458,500284.1330786359,3.500532353509647e6,0.0,0.0,0.0,0.0
8459,492732.79307863594,3.497507629481825e6,0.0,0.0,0.0,0.0
8460,485181.4530786359,3.4944829054540033e6,0.0,0.0,0.0,0.0
8461,477175.6130786359,3.489988659109199e6,0.0,0.0,0.0,0.0
8462,469169.7730786359,3.4854944127643947e6,0.0,0.0,0.0,0.0
8463,461389.43307863595,3.480414217647629e6,0.0,0.0,0.0,0.0
8464,453609.0930786359,3.475334022530863e6,0.0,0.0,0.0,0.0
8465,446347.2530786359,3.4722795360257355e6,0.0,0.0,0.0,0.0
8466,439085.41307863593,3.4692250495206076e6,0.0,0.0,0.0,0.0
8467,431456.57307863596,3.4670398753734585e6,0.0,0.0,0.0,0.0
8468,423827.73307863594,3.4648547012263094e6,0.0,0.0,0.0,0.0
8469,417033.4713750029,3.460282328378577e6,0.0,0.0,0.0,0.0
8470,410239.20967136987,3.455709955530844e6,0.0,0.0,0.0,0.0
8471,402942.62832157046,3.4495793929858217e6,0.0,0.0,0.0,0.0
8472,395646.046971771,3.443448830440799e6,0.0,0.0,0.0,0.0
8473,392740.1101407559,3.4370696271999488e6,0.0,0.0,0.0,0.0
8474,389834.17330974084,3.430690423959099e6,0.0,0.0,0.0,0.0
8475,390034.67330974084,3.42419713122191e6,0.0,0.0,0.0,0.0
8476,390235.17330974084,3.417703838484721e6,0.0,0.0,0.0,0.0
8477,390094.22678435926,3.41117458275412e6,0.0,0.0,0.0,0.0
8478,389953.28025897767,3.4046453270235197e6,0.0,0.0,0.0,0.0
8479,387408.20036725816,3.39828906569226e6,0.0,0.0,0.0,0.0
8480,384863.1204755386,3.391932804361e6,0.0,0.0,0.0,0.0
8481,382574.4746696194,3.386419193168466e6,0.0,0.0,0.0,0.0
8482,380285.8288637002,3.380905581975932e6,0.0,0.0,0.0,0.0
8483,380884.5432451995,3.3754018916091663e6,0.0,0.0,0.0,0.0
8484,381483.2576266987,3.369898201242401e6,0.0,0.0,0.0,0.0
8485,382146.7576266987,3.36701537806046e6,0.0,0.0,0.0,0.0
8486,382810.2576266987,3.364132554878519e6,0.0,0.0,0.0,0.0
8487,383475.7576266987,3.360278556105738e6,0.0,0.0,0.0,0.0
8488,384141.2576266987,3.356424557332957e6,0.0,0.0,0.0,0.0
8489,383110.0292089573,3.3509506294434974e6,0.0,0.0,0.0,0.0
8490,382078.80079121585,3.345476701554038e6,0.0,0.0,0.0,0.0
8491,380032.17354634544,3.341294341169336e6,0.0,0.0,0.0,0.0
8492,377985.546301475,3.3371119807846337e6,0.0,0.0,0.0,0.0
8493,377924.7821145309,3.3319921023647934e6,0.0,0.0,0.0,0.0
8494,377864.01792758674,3.3268722239449527e6,0.0,0.0,0.0,0.0
8495,376314.89747950085,3.320506661839535e6,0.0,0.0,0.0,0.0
8496,374765.77703141497,3.3141410997341173e6,0.0,0.0,0.0,0.0
8497,375069.27703141497,3.30759262240359e6,0.0,0.0,0.0,0.0
8498,375372.77703141497,3.3010441450730623e6,0.0,0.0,0.0,0.0
8499,375620.77703141497,3.294485126865156e6,0.0,0.0,0.0,0.0
8500,375868.77703141497,3.2879261086572492e6,0.0,0.0,0.0,0.0
8501,376354.27703141497,3.2813317475075414e6,0.0,0.0,0.0,0.0
8502,376839.77703141497,3.274737386357834e6,0.0,0.0,0.0,0.0
8503,377447.27703141497,3.268172167633822e6,0.0,0.0,0.0,0.0
8504,378054.77703141497,3.26160694890981e6,0.0,0.0,0.0,0.0
8505,378826.27703141497,3.2554807267260607e6,0.0,0.0,0.0,0.0
8506,379597.77703141497,3.249354504542312e6,0.0,0.0,0.0,0.0
8507,380593.77703141497,3.2430974514687387e6,0.0,0.0,0.0,0.0
8508,381589.77703141497,3.236840398395166e6,0.0,0.0,0.0,0.0
8509,382648.77703141497,3.2308970914365267e6,0.0,0.0,0.0,0.0
8510,383707.77703141497,3.224953784477887e6,0.0,0.0,0.0,0.0
8511,384743.77703141497,3.218983195248384e6,0.0,0.0,0.0,0.0
8512,385779.77703141497,3.2130126060188813e6,0.0,0.0,0.0,0.0
8513,384821.790109026,3.2083875287842527e6,0.0,0.0,0.0,0.0
8514,383863.8031866371,3.203762451549624e6,0.0,0.0,0.0,0.0
8515,381412.55079830356,3.2011444813783173e6,0.0,0.0,0.0,0.0
8516,378961.29840997007,3.1985265112070106e6,0.0,0.0,0.0,0.0
8517,378031.8302254136,3.196301033705177e6,0.0,0.0,0.0,0.0
8518,377102.36204085714,3.1940755562033425e6,0.0,0.0,0.0,0.0
8519,375167.3396797185,3.188650612391116e6,0.0,0.0,0.0,0.0
8520,373232.3173185799,3.183225668578889e6,0.0,0.0,0.0,0.0
8521,373696.3173185799,3.1767088138804995e6,0.0,0.0,0.0,0.0
8522,374160.3173185799,3.1701919591821097e6,0.0,0.0,0.0,0.0
8523,374570.8173185799,3.163556054574496e6,0.0,0.0,0.0,0.0
8524,374981.3173185799,3.156920149966882e6,0.0,0.0,0.0,0.0
8525,375860.3173185799,3.150447938984451e6,0.0,0.0,0.0,0.0
8526,376739.3173185799,3.14397572800202e6,0.0,0.0,0.0,0.0
8527,371506.8109266507,3.140248485499455e6,0.0,0.0,0.0,0.0
8528,366274.30453472154,3.13652124299689e6,0.0,0.0,0.0,0.0
8529,360734.5886286625,3.1347515034288038e6,0.0,0.0,0.0,0.0
8530,355194.8727226035,3.1329817638607174e6,0.0,0.0,0.0,0.0
8531,353864.0094148795,3.130014704632676e6,0.0,0.0,0.0,0.0
8532,352533.1461071554,3.1270476454046345e6,0.0,0.0,0.0,0.0
8533,353596.6461071554,3.12266748855617e6,0.0,0.0,0.0,0.0
8534,354660.1461071554,3.118287331707705e6,0.0,0.0,0.0,0.0
8535,355535.6461071554,3.112939274295185e6,0.0,0.0,0.0,0.0
8536,356411.1461071554,3.1075912168826656e6,0.0,0.0,0.0,0.0
8537,354108.7894959583,3.105293193342398e6,0.0,0.0,0.0,0.0
8538,351806.4328847612,3.1029951698021307e6,0.0,0.0,0.0,0.0
8539,349816.68361728964,3.101565218516621e6,0.0,0.0,0.0,0.0
8540,347826.9343498181,3.100135267231111e6,0.0,0.0,0.0,0.0
8541,348503.4343498181,3.096984672726349e6,0.0,0.0,0.0,0.0
8542,349179.9343498181,3.0938340782215875e6,0.0,0.0,0.0,0.0
8543,350388.4343498181,3.0877332781538707e6,0.0,0.0,0.0,0.0
8544,351596.9343498181,3.081632478086154e6,0.0,0.0,0.0,0.0
8545,351885.9343498181,3.0750765601363e6,0.0,0.0,0.0,0.0
8546,352174.9343498181,3.068520642186446e6,0.0,0.0,0.0,0.0
8547,352346.4343498181,3.0618686162369587e6,0.0,0.0,0.0,0.0
8548,352517.9343498181,3.0552165902874707e6,0.0,0.0,0.0,0.0
8549,352928.9343498181,3.05241484689866e6,0.0,0.0,0.0,0.0
8550,353339.9343498181,3.0496131035098494e6,0.0,0.0,0.0,0.0
8551,354648.9343498181,3.0444925248757014e6,0.0,0.0,0.0,0.0
8552,355957.9343498181,3.039371946241554e6,0.0,0.0,0.0,0.0
8553,357238.4343498181,3.0372025647750236e6,0.0,0.0,0.0,0.0
8554,358518.9343498181,3.035033183308494e6,0.0,0.0,0.0,0.0
8555,359681.4343498181,3.0373026992223375e6,0.0,0.0,0.0,0.0
8556,360843.9343498181,3.0395722151361806e6,0.0,0.0,0.0,0.0
8557,361646.9343498181,3.0406387039063117e6,0.0,0.0,0.0,0.0
8558,362449.9343498181,3.041705192676442e6,0.0,0.0,0.0,0.0
8559,363366.4343498181,3.04247033636385e6,0.0,0.0,0.0,0.0
8560,364282.9343498181,3.043235480051258e6,0.0,0.0,0.0,0.0
8561,366127.9343498181,3.0404916394030116e6,0.0,0.0,0.0,0.0
8562,367972.9343498181,3.0377477987547647e6,0.0,0.0,0.0,0.0
8563,369780.9343498181,3.0367921869513188e6,0.0,0.0,0.0,0.0
8564,371588.9343498181,3.0358365751478733e6,0.0,0.0,0.0,0.0
8565,372414.9343498181,3.0335348312979424e6,0.0,0.0,0.0,0.0
8566,373240.9343498181,3.0312330874480116e6,0.0,0.0,0.0,0.0
8567,373558.9343498181,3.0256636716105286e6,0.0,0.0,0.0,0.0
8568,373876.9343498181,3.020094255773046e6,0.0,0.0,0.0,0.0
8569,373966.4343498181,3.013537097719971e6,0.0,0.0,0.0,0.0
8570,374055.9343498181,3.006979939666896e6,0.0,0.0,0.0,0.0
8571,374138.4343498181,3.0003954993429575e6,0.0,0.0,0.0,0.0
8572,374220.9343498181,2.9938110590190184e6,0.0,0.0,0.0,0.0
8573,374891.4343498181,2.9875943093001302e6,0.0,0.0,0.0,0.0
8574,375561.9343498181,2.9813775595812425e6,0.0,0.0,0.0,0.0
8575,377087.4343498181,2.9783565558630843e6,0.0,0.0,0.0,0.0
8576,378612.9343498181,2.9753355521449256e6,0.0,0.0,0.0,0.0
8577,380103.4343498181,2.9752901761057544e6,0.0,0.0,0.0,0.0
8578,381593.9343498181,2.975244800066583e6,0.0,0.0,0.0,0.0
8579,383153.4343498181,2.9737962472327566e6,0.0,0.0,0.0,0.0
8580,384712.9343498181,2.9723476943989308e6,0.0,0.0,0.0,0.0
8581,386083.9343498181,2.969138815042778e6,0.0,0.0,0.0,0.0
8582,387454.9343498181,2.9659299356866255e6,0.0,0.0,0.0,0.0
8583,389064.9343498181,2.960779054686258e6,0.0,0.0,0.0,0.0
8584,390674.9343498181,2.9556281736858906e6,0.0,0.0,0.0,0.0
8585,393551.35053605563,2.9531397943011867e6,0.0,0.0,0.0,0.0
8586,396427.76672229316,2.950651414916483e6,0.0,0.0,0.0,0.0
8587,398801.76672229316,2.9488587334388066e6,0.0,0.0,0.0,0.0
8588,401175.76672229316,2.9470660519611305e6,0.0,0.0,0.0,0.0
8589,402313.26672229316,2.9431757358849933e6,0.0,0.0,0.0,0.0
8590,403450.76672229316,2.9392854198088557e6,0.0,0.0,0.0,0.0
8591,403893.76672229316,2.9333644347081957e6,0.0,0.0,0.0,0.0
8592,404336.76672229316,2.927443449607536e6,0.0,0.0,0.0,0.0
8593,404401.26672229316,2.920997900844359e6,0.0,0.0,0.0,0.0
8594,404465.76672229316,2.914552352081181e6,0.0,0.0,0.0,0.0
8595,404491.76672229316,2.9079852732023373e6,0.0,0.0,0.0,0.0
8596,404517.76672229316,2.9014181943234936e6,0.0,0.0,0.0,0.0
8597,404544.26672229316,2.8949627247345475e6,0.0,0.0,0.0,0.0
8598,404570.76672229316,2.888507255145601e6,0.0,0.0,0.0,0.0
8599,404782.26672229316,2.8824386977616325e6,0.0,0.0,0.0,0.0
8600,404993.76672229316,2.876370140377664e6,0.0,0.0,0.0,0.0
8601,405403.26672229316,2.871669416846549e6,0.0,0.0,0.0,0.0
8602,405812.76672229316,2.8669686933154347e6,0.0,0.0,0.0,0.0
8603,406178.76672229316,2.862234486997351e6,0.0,0.0,0.0,0.0
8604,406544.76672229316,2.857500280679267e6,0.0,0.0,0.0,0.0
8605,406852.26672229316,2.855511824200249e6,0.0,0.0,0.0,0.0
8606,407159.76672229316,2.8535233677212307e6,0.0,0.0,0.0,0.0
8607,407682.26672229316,2.852222681567285e6,0.0,0.0,0.0,0.0
8608,408204.76672229316,2.8509219954133397e6,0.0,0.0,0.0,0.0
8609,409214.26672229316,2.846448210771683e6,0.0,0.0,0.0,0.0
8610,410223.76672229316,2.8419744261300266e6,0.0,0.0,0.0,0.0
8611,410782.26672229316,2.838208740427608e6,0.0,0.0,0.0,0.0
8612,411340.76672229316,2.8344430547251897e6,0.0,0.0,0.0,0.0
8613,411858.76672229316,2.829336817440781e6,0.0,0.0,0.0,0.0
8614,412376.76672229316,2.8242305801563724e6,0.0,0.0,0.0,0.0
8615,413069.26672229316,2.818052273637338e6,0.0,0.0,0.0,0.0
8616,413761.76672229316,2.8118739671183038e6,0.0,0.0,0.0,0.0
8617,413895.26672229316,2.8054036162907043e6,0.0,0.0,0.0,0.0
8618,414028.76672229316,2.7989332654631054e6,0.0,0.0,0.0,0.0
8619,414061.26672229316,2.7942661676944993e6,0.0,0.0,0.0,0.0
8620,414093.76672229316,2.789599069925893e6,0.0,0.0,0.0,0.0
8621,414135.76672229316,2.7839322395656514e6,0.0,0.0,0.0,0.0
8622,414177.76672229316,2.7782654092054097e6,0.0,0.0,0.0,0.0
8623,414294.26672229316,2.778243833111657e6,0.0,0.0,0.0,0.0
8624,414410.76672229316,2.778222257017904e6,0.0,0.0,0.0,0.0
8625,414877.26672229316,2.7787839749408597e6,0.0,0.0,0.0,0.0
8626,415343.76672229316,2.7793456928638155e6,0.0,0.0,0.0,0.0
8627,415730.26672229316,2.7801145568608865e6,0.0,0.0,0.0,0.0
8628,416116.76672229316,2.7808834208579576e6,0.0,0.0,0.0,0.0
8629,416255.76672229316,2.7816281028422173e6,0.0,0.0,0.0,0.0
8630,416394.76672229316,2.7823727848264775e6,0.0,0.0,0.0,0.0
8631,416592.26672229316,2.782999036953124e6,0.0,0.0,0.0,0.0
8632,416789.76672229316,2.783625289079771e6,0.0,0.0,0.0,0.0
8633,417806.26672229316,2.7781619020676906e6,0.0,0.0,0.0,0.0
8634,418822.76672229316,2.7726985150556103e6,0.0,0.0,0.0,0.0
8635,419551.76672229316,2.7677169081449206e6,0.0,0.0,0.0,0.0
8636,420280.76672229316,2.762735301234231e6,0.0,0.0,0.0,0.0
8637,420710.26672229316,2.7579601715098512e6,0.0,0.0,0.0,0.0
8638,421139.76672229316,2.7531850417854716e6,0.0,0.0,0.0,0.0
8639,421495.76672229316,2.7471468669304196e6,0.0,0.0,0.0,0.0
8640,421851.76672229316,2.7411086920753676e6,0.0,0.0,0.0,0.0
8641,421921.76672229316,2.734632140731663e6,0.0,0.0,0.0,0.0
8642,421991.76672229316,2.7281555893879584e6,0.0,0.0,0.0,0.0
8643,422038.76672229316,2.7214589197225114e6,0.0,0.0,0.0,0.0
8644,422085.76672229316,2.714762250057065e6,0.0,0.0,0.0,0.0
8645,422142.76672229316,2.714124379592483e6,0.0,0.0,0.0,0.0
8646,422199.76672229316,2.7134865091279005e6,0.0,0.0,0.0,0.0
8647,422468.26672229316,2.710842645780828e6,0.0,0.0,0.0,0.0
8648,422736.76672229316,2.7081987824337557e6,0.0,0.0,0.0,0.0
8649,423358.26672229316,2.7025673614352187e6,0.0,0.0,0.0,0.0
8650,423979.76672229316,2.6969359404366817e6,0.0,0.0,0.0,0.0
8651,424332.26672229316,2.6911191240065927e6,0.0,0.0,0.0,0.0
8652,424684.76672229316,2.685302307576504e6,0.0,0.0,0.0,0.0
8653,425125.76672229316,2.686678202100295e6,0.0,0.0,0.0,0.0
8654,425566.76672229316,2.688054096624086e6,0.0,0.0,0.0,0.0
8655,425794.76672229316,2.685711774824528e6,0.0,0.0,0.0,0.0
8656,426022.76672229316,2.6833694530249704e6,0.0,0.0,0.0,0.0
8657,427061.76672229316,2.6791666309371204e6,0.0,0.0,0.0,0.0
8658,428100.76672229316,2.6749638088492705e6,0.0,0.0,0.0,0.0
8659,428733.76672229316,2.6724853502903357e6,0.0,0.0,0.0,0.0
8660,429366.76672229316,2.6700068917314005e6,0.0,0.0,0.0,0.0
8661,429880.76672229316,2.666453883731398e6,0.0,0.0,0.0,0.0
8662,430394.76672229316,2.6629008757313946e6,0.0,0.0,0.0,0.0
8663,430722.26672229316,2.6573606023196075e6,0.0,0.0,0.0,0.0
8664,431049.76672229316,2.65182032890782e6,0.0,0.0,0.0,0.0
8665,431082.76672229316,2.6457344100787565e6,0.0,0.0,0.0,0.0
8666,431115.76672229316,2.6396484912496926e6,0.0,0.0,0.0,0.0
8667,431161.26672229316,2.6367899634813815e6,0.0,0.0,0.0,0.0
8668,431206.76672229316,2.63393143571307e6,0.0,0.0,0.0,0.0
8669,431304.26672229316,2.631547156524026e6,0.0,0.0,0.0,0.0
8670,431401.76672229316,2.629162877334982e6,0.0,0.0,0.0,0.0
8671,431948.76672229316,2.6296539037401136e6,0.0,0.0,0.0,0.0
8672,432495.76672229316,2.6301449301452446e6,0.0,0.0,0.0,0.0
8673,432911.76672229316,2.624328113715156e6,0.0,0.0,0.0,0.0
8674,433327.76672229316,2.618511297285067e6,0.0,0.0,0.0,0.0
8675,433859.76672229316,2.619816505925256e6,0.0,0.0,0.0,0.0
8676,434391.76672229316,2.621121714565445e6,0.0,0.0,0.0,0.0
8677,434683.26672229316,2.622111936987479e6,0.0,0.0,0.0,0.0
8678,434974.76672229316,2.6231021594095137e6,0.0,0.0,0.0,0.0
8679,435248.76672229316,2.6241798091086345e6,0.0,0.0,0.0,0.0
8680,435522.76672229316,2.625257458807755e6,0.0,0.0,0.0,0.0
8681,436562.26672229316,2.6272496846324233e6,0.0,0.0,0.0,0.0
8682,437601.76672229316,2.6292419104570923e6,0.0,0.0,0.0,0.0
8683,438629.26672229316,2.6254384016064308e6,0.0,0.0,0.0,0.0
8684,439656.76672229316,2.621634892755769e6,0.0,0.0,0.0,0.0
8685,440419.76672229316,2.617288838745884e6,0.0,0.0,0.0,0.0
8686,441182.76672229316,2.612942784735999e6,0.0,0.0,0.0,0.0
8687,441788.26672229316,2.608194918531921e6,0.0,0.0,0.0,0.0
8688,442393.76672229316,2.6034470523278434e6,0.0,0.0,0.0,0.0
8689,442597.26672229316,2.6045836069299653e6,0.0,0.0,0.0,0.0
8690,442800.76672229316,2.6057201615320873e6,0.0,0.0,0.0,0.0
8691,443078.26672229316,2.606624196780256e6,0.0,0.0,0.0,0.0
8692,443355.76672229316,2.607528232028425e6,0.0,0.0,0.0,0.0
8693,443897.76672229316,2.6084744307861114e6,0.0,0.0,0.0,0.0
8694,444439.76672229316,2.609420629543797e6,0.0,0.0,0.0,0.0
8695,445444.76672229316,2.61060368801671e6,0.0,0.0,0.0,0.0
8696,446449.76672229316,2.611786746489622e6,0.0,0.0,0.0,0.0
8697,447318.26672229316,2.613354482837934e6,0.0,0.0,0.0,0.0
8698,448186.76672229316,2.6149222191862464e6,0.0,0.0,0.0,0.0
8699,448917.76672229316,2.6164388654256305e6,0.0,0.0,0.0,0.0
8700,449648.76672229316,2.617955511665014e6,0.0,0.0,0.0,0.0
8701,450621.76672229316,2.619550284407326e6,0.0,0.0,0.0,0.0
8702,451594.76672229316,2.621145057149638e6,0.0,0.0,0.0,0.0
8703,452601.76672229316,2.6225569146668403e6,0.0,0.0,0.0,0.0
8704,453608.76672229316,2.6239687721840427e6,0.0,0.0,0.0,0.0
8705,455468.76672229316,2.6228702126558023e6,0.0,0.0,0.0,0.0
8706,457328.76672229316,2.621771653127562e6,0.0,0.0,0.0,0.0
8707,458675.26672229316,2.618443723862185e6,0.0,0.0,0.0,0.0
8708,460021.76672229316,2.615115794596809e6,0.0,0.0,0.0,0.0
8709,460626.26672229316,2.611387932042633e6,0.0,0.0,0.0,0.0
8710,461230.76672229316,2.607660069488458e6,0.0,0.0,0.0,0.0
8711,461882.76672229316,2.6019213795612976e6,0.0,0.0,0.0,0.0
8712,462534.76672229316,2.596182689634137e6,0.0,0.0,0.0,0.0
8713,463040.76672229316,2.5933969992238274e6,0.0,0.0,0.0,0.0
8714,463546.76672229316,2.590611308813518e6,0.0,0.0,0.0,0.0
8715,463916.26672229316,2.584366656772156e6,0.0,0.0,0.0,0.0
8716,464285.76672229316,2.5781220047307936e6,0.0,0.0,0.0,0.0
8717,464531.26672229316,2.572090030391847e6,0.0,0.0,0.0,0.0
8718,464776.76672229316,2.5660580560529004e6,0.0,0.0,0.0,0.0
8719,465456.76672229316,2.5610152903882125e6,0.0,0.0,0.0,0.0
8720,466136.76672229316,2.5559725247235247e6,0.0,0.0,0.0,0.0
8721,466902.26672229316,2.55316233855295e6,0.0,0.0,0.0,0.0
8722,467667.76672229316,2.5503521523823757e6,0.0,0.0,0.0,0.0
8723,468196.26672229316,2.547435317334788e6,0.0,0.0,0.0,0.0
8724,468724.76672229316,2.5445184822872006e6,0.0,0.0,0.0,0.0
8725,469151.26672229316,2.5457752767588496e6,0.0,0.0,0.0,0.0
8726,469577.76672229316,2.547032071230499e6,0.0,0.0,0.0,0.0
8727,469872.76672229316,2.5489077273523863e6,0.0,0.0,0.0,0.0
8728,470167.76672229316,2.550783383474273e6,0.0,0.0,0.0,0.0
8729,471966.6279108511,2.548461269079557e6,0.0,0.0,0.0,0.0
8730,473765.489099409,2.546139154684841e6,0.0,0.0,0.0,0.0
8731,473485.4119918959,2.5448902584696095e6,0.0,0.0,0.0,0.0
8732,473205.3348843827,2.5436413622543775e6,0.0,0.0,0.0,0.0
8733,473692.3348843827,2.5412515710757496e6,0.0,0.0,0.0,0.0
8734,474179.3348843827,2.538861779897122e6,0.0,0.0,0.0,0.0
8735,474684.8348843827,2.533248340395291e6,0.0,0.0,0.0,0.0
8736,475190.3348843827,2.5276349008934596e6,0.0,0.0,0.0,0.0
8737,475646.8348843827,2.5212209747624192e6,0.0,0.0,0.0,0.0
8738,476103.3348843827,2.5148070486313794e6,0.0,0.0,0.0,0.0
8739,476159.3348843827,2.508262291610515e6,0.0,0.0,0.0,0.0
8740,476215.3348843827,2.501717534589651e6,0.0,0.0,0.0,0.0
8741,476683.8348843827,2.49525648453621e6,0.0,0.0,0.0,0.0
8742,477152.3348843827,2.4887954344827686e6,0.0,0.0,0.0,0.0
8743,477823.8348843827,2.483305385251435e6,0.0,0.0,0.0,0.0
8744,478495.3348843827,2.4778153360201013e6,0.0,0.0,0.0,0.0
8745,478986.8348843827,2.4735219863971123e6,0.0,0.0,0.0,0.0
8746,479478.3348843827,2.469228636774123e6,0.0,0.0,0.0,0.0
8747,480355.3348843827,2.4662878614634927e6,0.0,0.0,0.0,0.0
8748,481232.3348843827,2.4633470861528628e6,0.0,0.0,0.0,0.0
8749,482237.3348843827,2.4642449208849263e6,0.0,0.0,0.0,0.0
8750,483242.3348843827,2.46514275561699e6,0.0,0.0,0.0,0.0
8751,484327.8348843827,2.4661863024775307e6,0.0,0.0,0.0,0.0
8752,485413.3348843827,2.4672298493380714e6,0.0,0.0,0.0,0.0
8753,486841.3348843827,2.461974799667133e6,0.0,0.0,0.0,0.0
8754,488269.3348843827,2.4567197499961946e6,0.0,0.0,0.0,0.0
8755,489225.8348843827,2.452817652939457e6,0.0,0.0,0.0,0.0
8756,490182.3348843827,2.4489155558827193e6,0.0,0.0,0.0,0.0
8757,490431.3348843827,2.4446420479112677e6,0.0,0.0,0.0,0.0
8758,490680.3348843827,2.4403685399398156e6,0.0,0.0,0.0,0.0
8759,490970.8348843827,2.4345957471740753e6,0.0,0.0,0.0,0.0
8760,491261.3348843827,2.428822954408335e6,0.0,0.0,0.0,0.0
8761,491445.8348843827,2.4223011392970607e6,0.0,0.0,0.0,0.0
8762,491630.3348843827,2.415779324185787e6,0.0,0.0,0.0,0.0
8763,491672.3348843827,2.4092420077842493e6,0.0,0.0,0.0,0.0
8764,491714.3348843827,2.4027046913827113e6,0.0,0.0,0.0,0.0
8765,491829.8348843827,2.396370131857821e6,0.0,0.0,0.0,0.0
8766,491945.3348843827,2.39003557233293e6,0.0,0.0,0.0,0.0
8767,492375.8348843827,2.384385549786077e6,0.0,0.0,0.0,0.0
8768,492806.3348843827,2.3787355272392235e6,0.0,0.0,0.0,0.0
8769,494141.3348843827,2.374667256350861e6,0.0,0.0,0.0,0.0
8770,495476.3348843827,2.3705989854624984e6,0.0,0.0,0.0,0.0
8771,496493.8348843827,2.3666417038124227e6,0.0,0.0,0.0,0.0
8772,497511.3348843827,2.362684422162347e6,0.0,0.0,0.0,0.0
8773,498023.8348843827,2.358212497675522e6,0.0,0.0,0.0,0.0
8774,498536.3348843827,2.353740573188697e6,0.0,0.0,0.0,0.0
8775,499536.8348843827,2.349540231307289e6,0.0,0.0,0.0,0.0
8776,500537.3348843827,2.345339889425881e6,0.0,0.0,0.0,0.0
8777,502297.8348843827,2.343364912774706e6,0.0,0.0,0.0,0.0
8778,504058.3348843827,2.3413899361235304e6,0.0,0.0,0.0,0.0
8779,505037.3348843827,2.3409303656085175e6,0.0,0.0,0.0,0.0
8780,506016.3348843827,2.3404707950935047e6,0.0,0.0,0.0,0.0
8781,506388.3348843827,2.3372625357889626e6,0.0,0.0,0.0,0.0
8782,506760.3348843827,2.334054276484421e6,0.0,0.0,0.0,0.0
8783,507291.3348843827,2.329143355457333e6,0.0,0.0,0.0,0.0
8784,507822.3348843827,2.324232434430245e6,0.0,0.0,0.0,0.0
8785,511211.3348843827,2.319169600758574e6,0.0,0.0,0.0,0.0
8786,514600.3348843827,2.3141067670869036e6,0.0,0.0,0.0,0.0
8787,515868.3348843827,2.308095254451105e6,0.0,0.0,0.0,0.0
8788,517136.3348843827,2.3020837418153062e6,0.0,0.0,0.0,0.0
8789,518315.8348843827,2.2961292739276774e6,0.0,0.0,0.0,0.0
8790,519495.3348843827,2.290174806040048e6,0.0,0.0,0.0,0.0
8791,520496.3348843827,2.284490680654615e6,0.0,0.0,0.0,0.0
8792,521497.3348843827,2.278806555269182e6,0.0,0.0,0.0,0.0
8793,522308.3348843827,2.2738336290810397e6,0.0,0.0,0.0,0.0
8794,523119.3348843827,2.2688607028928977e6,0.0,0.0,0.0,0.0
8795,524516.3348843828,2.2636062732735695e6,0.0,0.0,0.0,0.0
8796,525913.3348843828,2.258351843654242e6,0.0,0.0,0.0,0.0
8797,526698.3348843828,2.255899878353738e6,0.0,0.0,0.0,0.0
8798,527483.3348843828,2.253447913053235e6,0.0,0.0,0.0,0.0
8799,528112.3348843828,2.2491624407326854e6,0.0,0.0,0.0,0.0
8800,528741.3348843828,2.2448769684121357e6,0.0,0.0,0.0,0.0
8801,533116.3348843828,2.2409302276394395e6,0.0,0.0,0.0,0.0
8802,537491.3348843828,2.236983486866743e6,0.0,0.0,0.0,0.0
8803,543372.3348843828,2.237183031213735e6,0.0,0.0,0.0,0.0
8804,549253.3348843828,2.2373825755607276e6,0.0,0.0,0.0,0.0
8805,553106.3348843828,2.2376280037269e6,0.0,0.0,0.0,0.0
8806,556959.3348843828,2.2378734318930726e6,0.0,0.0,0.0,0.0
8807,559366.3348843828,2.234602547375866e6,0.0,0.0,0.0,0.0
8808,561773.3348843828,2.2313316628586594e6,0.0,0.0,0.0,0.0
8809,562810.8348843828,2.225597933344383e6,0.0,0.0,0.0,0.0
8810,563848.3348843828,2.2198642038301066e6,0.0,0.0,0.0,0.0
8811,564329.8348843828,2.2136307127177343e6,0.0,0.0,0.0,0.0
8812,564811.3348843828,2.207397221605362e6,0.0,0.0,0.0,0.0
8813,565344.3348843828,2.201357186595478e6,0.0,0.0,0.0,0.0
8814,565877.3348843828,2.1953171515855948e6,0.0,0.0,0.0,0.0
8815,568109.8348843828,2.191106268826808e6,0.0,0.0,0.0,0.0
8816,570342.3348843828,2.1868953860680205e6,0.0,0.0,0.0,0.0
8817,574501.8348843828,2.1859317135936376e6,0.0,0.0,0.0,0.0
8818,578661.3348843828,2.1849680411192547e6,0.0,0.0,0.0,0.0
8819,583630.3348843828,2.184086835509074e6,0.0,0.0,0.0,0.0
8820,588599.3348843828,2.183205629898893e6,0.0,0.0,0.0,0.0
8821,592205.3348843828,2.181775058561773e6,0.0,0.0,0.0,0.0
8822,595811.3348843828,2.1803444872246524e6,0.0,0.0,0.0,0.0
8823,598995.8348843828,2.1775801848732578e6,0.0,0.0,0.0,0.0
8824,602180.3348843828,2.1748158825218636e6,0.0,0.0,0.0,0.0
8825,608252.3348843828,2.1746154935800573e6,0.0,0.0,0.0,0.0
8826,614324.3348843828,2.1744151046382505e6,0.0,0.0,0.0,0.0
8827,620610.8348843828,2.176201361056618e6,0.0,0.0,0.0,0.0
8828,626897.3348843828,2.1779876174749853e6,0.0,0.0,0.0,0.0
8829,630657.8348843828,2.180370983594304e6,0.0,0.0,0.0,0.0
8830,634418.3348843828,2.1827543497136226e6,0.0,0.0,0.0,0.0
8831,637854.3348843828,2.182068460360762e6,0.0,0.0,0.0,0.0
8832,641290.3348843828,2.181382571007902e6,0.0,0.0,0.0,0.0
8833,642710.3348843828,2.1770098547787634e6,0.0,0.0,0.0,0.0
8834,644130.3348843828,2.172637138549625e6,0.0,0.0,0.0,0.0
8835,644854.3348843828,2.1667607971649244e6,0.0,0.0,0.0,0.0
8836,645578.3348843828,2.1608844557802235e6,0.0,0.0,0.0,0.0
8837,646306.3348843828,2.154848141080003e6,0.0,0.0,0.0,0.0
8838,647034.3348843828,2.1488118263797825e6,0.0,0.0,0.0,0.0
8839,648047.8348843828,2.143321777148449e6,0.0,0.0,0.0,0.0
8840,649061.3348843828,2.137831727917115e6,0.0,0.0,0.0,0.0
8841,650650.8348843828,2.134153469491783e6,0.0,0.0,0.0,0.0
8842,652240.3348843828,2.130475211066451e6,0.0,0.0,0.0,0.0
8843,654537.3348843828,2.1270697753497567e6,0.0,0.0,0.0,0.0
8844,656834.3348843828,2.123664339633063e6,0.0,0.0,0.0,0.0
8845,658604.3348843828,2.119029961624276e6,0.0,0.0,0.0,0.0
8846,660374.3348843828,2.1143955836154893e6,0.0,0.0,0.0,0.0
8847,661389.8348843828,2.1097184220455755e6,0.0,0.0,0.0,0.0
8848,662405.3348843828,2.105041260475661e6,0.0,0.0,0.0,0.0
8849,665028.8348843828,2.102144267079611e6,0.0,0.0,0.0,0.0
8850,667652.3348843828,2.0992472736835605e6,0.0,0.0,0.0,0.0
8851,670072.8348843828,2.098999760819353e6,0.0,0.0,0.0,0.0
8852,672493.3348843828,2.0987522479551453e6,0.0,0.0,0.0,0.0
8853,673784.8348843828,2.098344761775418e6,0.0,0.0,0.0,0.0
8854,675076.3348843828,2.0979372755956906e6,0.0,0.0,0.0,0.0
8855,676114.8348843828,2.0943489246538868e6,0.0,0.0,0.0,0.0
8856,677153.3348843828,2.090760573712083e6,0.0,0.0,0.0,0.0
8857,677538.8348843828,2.0849747598625212e6,0.0,0.0,0.0,0.0
8858,677924.3348843828,2.0791889460129596e6,0.0,0.0,0.0,0.0
8859,678087.3348843828,2.072902750513691e6,0.0,0.0,0.0,0.0
8860,678250.3348843828,2.0666165550144226e6,0.0,0.0,0.0,0.0
8861,678412.8348843828,2.060479171901684e6,0.0,0.0,0.0,0.0
8862,678575.3348843828,2.0543417887889454e6,0.0,0.0,0.0,0.0
8863,678780.8348843828,2.0483036139338934e6,0.0,0.0,0.0,0.0
8864,678986.3348843828,2.0422654390788414e6,0.0,0.0,0.0,0.0
8865,679368.3348843828,2.0368361549053409e6,0.0,0.0,0.0,0.0
8866,679750.3348843828,2.0314068707318404e6,0.0,0.0,0.0,0.0
8867,680748.8348843828,2.0258641171136107e6,0.0,0.0,0.0,0.0
8868,681747.3348843828,2.0203213634953813e6,0.0,0.0,0.0,0.0
8869,682769.3348843828,2.014805272096405e6,0.0,0.0,0.0,0.0
8870,683791.3348843828,2.0092891806974288e6,0.0,0.0,0.0,0.0
8871,684313.3348843828,2.0038977196721714e6,0.0,0.0,0.0,0.0
8872,684835.3348843828,1.9985062586469138e6,0.0,0.0,0.0,0.0
8873,687999.3348843828,1.9951981710330746e6,0.0,0.0,0.0,0.0
8874,691163.3348843828,1.9918900834192357e6,0.0,0.0,0.0,0.0
8875,695585.3348843828,1.9918924513540762e6,0.0,0.0,0.0,0.0
8876,700007.3348843828,1.9918948192889164e6,0.0,0.0,0.0,0.0
8877,702149.8348843828,1.9928855494909594e6,0.0,0.0,0.0,0.0
8878,704292.3348843828,1.9938762796930026e6,0.0,0.0,0.0,0.0
8879,705771.8348843828,1.9926577660066872e6,0.0,0.0,0.0,0.0
8880,707251.3348843828,1.991439252320372e6,0.0,0.0,0.0,0.0
8881,707920.3348843828,1.9867974336922588e6,0.0,0.0,0.0,0.0
8882,708589.3348843828,1.9821556150641455e6,0.0,0.0,0.0,0.0
8883,709087.3348843828,1.9764206454466481e6,0.0,0.0,0.0,0.0
8884,709585.3348843828,1.9706856758291507e6,0.0,0.0,0.0,0.0
8885,710844.8348843828,1.9650387535403501e6,0.0,0.0,0.0,0.0
8886,712104.3348843828,1.9593918312515498e6,0.0,0.0,0.0,0.0
8887,715768.3348843828,1.9559299708382965e6,0.0,0.0,0.0,0.0
8888,719432.3348843828,1.9524681104250432e6,0.0,0.0,0.0,0.0
8889,722438.3348843828,1.9524512567599567e6,0.0,0.0,0.0,0.0
8890,725444.3348843828,1.9524344030948703e6,0.0,0.0,0.0,0.0
8891,728339.8348843828,1.9516970494583352e6,0.0,0.0,0.0,0.0
8892,731235.3348843828,1.9509596958217998e6,0.0,0.0,0.0,0.0
8893,733782.8348843828,1.9486331499074474e6,0.0,0.0,0.0,0.0
8894,736330.3348843828,1.946306603993095e6,0.0,0.0,0.0,0.0
8895,738264.8348843828,1.9427337543415548e6,0.0,0.0,0.0,0.0
8896,740199.3348843828,1.9391609046900147e6,0.0,0.0,0.0,0.0
8897,746876.3348843828,1.936632221950626e6,0.0,0.0,0.0,0.0
8898,753553.3348843828,1.934103539211237e6,0.0,0.0,0.0,0.0
8899,759419.3348843828,1.9329761731116716e6,0.0,0.0,0.0,0.0
8900,765285.3348843828,1.9318488070121058e6,0.0,0.0,0.0,0.0
8901,767812.3348843828,1.9309762821244725e6,0.0,0.0,0.0,0.0
8902,770339.3348843828,1.9301037572368393e6,0.0,0.0,0.0,0.0
8903,772732.8348843828,1.9272855103953276e6,0.0,0.0,0.0,0.0
8904,775126.3348843828,1.9244672635538161e6,0.0,0.0,0.0,0.0
8905,776101.8348843828,1.9187329139879295e6,0.0,0.0,0.0,0.0
8906,777077.3348843828,1.9129985644220426e6,0.0,0.0,0.0,0.0
8907,777718.8348843828,1.906988291889465e6,0.0,0.0,0.0,0.0
8908,778360.3348843828,1.9009780193568873e6,0.0,0.0,0.0,0.0
8909,779998.3348843828,1.8950855566303125e6,0.0,0.0,0.0,0.0
8910,781636.3348843828,1.8891930939037376e6,0.0,0.0,0.0,0.0
8911,786321.3348843828,1.883799152672038e6,0.0,0.0,0.0,0.0
8912,791006.3348843828,1.8784052114403383e6,0.0,0.0,0.0,0.0
8913,796402.8348843828,1.8741348037269393e6,0.0,0.0,0.0,0.0
8914,801799.3348843828,1.8698643960135402e6,0.0,0.0,0.0,0.0
8915,806127.3348843828,1.8660026023114878e6,0.0,0.0,0.0,0.0
8916,810455.3348843828,1.8621408086094353e6,0.0,0.0,0.0,0.0
8917,813389.3348843828,1.858006192198745e6,0.0,0.0,0.0,0.0
8918,816323.3348843828,1.8538715757880544e6,0.0,0.0,0.0,0.0
8919,819151.3348843828,1.8491330291086966e6,0.0,0.0,0.0,0.0
8920,821979.3348843828,1.844394482429339e6,0.0,0.0,0.0,0.0
8921,820387.2211252452,1.8418713801544453e6,0.0,0.0,0.0,0.0
8922,818795.1073661076,1.8393482778795513e6,0.0,0.0,0.0,0.0
8923,820655.7706266656,1.8387622168359882e6,0.0,0.0,0.0,0.0
8924,822516.4338872235,1.838176155792425e6,0.0,0.0,0.0,0.0
8925,824554.4338872235,1.8390918597495924e6,0.0,0.0,0.0,0.0
8926,826592.4338872235,1.84000756370676e6,0.0,0.0,0.0,0.0
8927,828179.9338872235,1.8373641714194212e6,0.0,0.0,0.0,0.0
8928,829767.4338872235,1.8347207791320821e6,0.0,0.0,0.0,0.0
8929,830671.9338872235,1.8289033426503828e6,0.0,0.0,0.0,0.0
8930,831576.4338872235,1.8230859061686834e6,0.0,0.0,0.0,0.0
8931,832325.4338872235,1.817092995081201e6,0.0,0.0,0.0,0.0
8932,833074.4338872235,1.8111000839937185e6,0.0,0.0,0.0,0.0
8933,834967.4338872235,1.8056763802847126e6,0.0,0.0,0.0,0.0
8934,836860.4338872235,1.800252676575707e6,0.0,0.0,0.0,0.0
8935,842910.4338872235,1.7979372915903444e6,0.0,0.0,0.0,0.0
8936,848960.4338872235,1.7956219066049817e6,0.0,0.0,0.0,0.0
8937,850614.3391775221,1.7974986905584882e6,0.0,0.0,0.0,0.0
8938,852268.2444678209,1.7993754745119947e6,0.0,0.0,0.0,0.0
8939,856994.7444678209,1.800384806262354e6,0.0,0.0,0.0,0.0
8940,861721.2444678209,1.8013941380127133e6,0.0,0.0,0.0,0.0
8941,865055.7444678209,1.8009612297169538e6,0.0,0.0,0.0,0.0
8942,868390.2444678209,1.8005283214211941e6,0.0,0.0,0.0,0.0
8943,863712.367146604,1.7997345430880995e6,0.0,0.0,0.0,0.0
8944,859034.4898253871,1.798940764755005e6,0.0,0.0,0.0,0.0
8945,855668.1498253872,1.7996878146741055e6,0.0,0.0,0.0,0.0
8946,852301.8098253871,1.8004348645932057e6,0.0,0.0,0.0,0.0
8947,855671.8098253871,1.8037557487476626e6,0.0,0.0,0.0,0.0
8948,859041.8098253871,1.8070766329021195e6,0.0,0.0,0.0,0.0
8949,861082.3098253871,1.8098760536521114e6,0.0,0.0,0.0,0.0
8950,863122.8098253871,1.812675474402103e6,0.0,0.0,0.0,0.0
8951,864876.3098253871,1.8123237928673243e6,0.0,0.0,0.0,0.0
8952,866629.8098253871,1.8119721113325458e6,0.0,0.0,0.0,0.0
8953,867678.3098253871,1.807283788833642e6,0.0,0.0,0.0,0.0
8954,868726.8098253871,1.802595466334738e6,0.0,0.0,0.0,0.0
8955,869608.3098253871,1.7965293891572119e6,0.0,0.0,0.0,0.0
8956,870489.8098253871,1.7904633119796854e6,0.0,0.0,0.0,0.0
8957,871472.3098253871,1.7852144628248524e6,0.0,0.0,0.0,0.0
8958,872454.8098253871,1.7799656136700194e6,0.0,0.0,0.0,0.0
8959,876609.8098253871,1.7787985642673792e6,0.0,0.0,0.0,0.0
8960,880764.8098253871,1.7776315148647388e6,0.0,0.0,0.0,0.0
8961,884556.3098253871,1.778481493351189e6,0.0,0.0,0.0,0.0
8962,888347.8098253871,1.779331471837639e6,0.0,0.0,0.0,0.0
8963,891749.8098253871,1.7795700794360957e6,0.0,0.0,0.0,0.0
8964,895151.8098253871,1.7798086870345522e6,0.0,0.0,0.0,0.0
8965,897411.3098253871,1.7778715335316197e6,0.0,0.0,0.0,0.0
8966,899670.8098253871,1.7759343800286872e6,0.0,0.0,0.0,0.0
8967,901219.8098253871,1.773069629316385e6,0.0,0.0,0.0,0.0
8968,902768.8098253871,1.7702048786040829e6,0.0,0.0,0.0,0.0
8969,907210.3098253871,1.7695958756509298e6,0.0,0.0,0.0,0.0
8970,911651.8098253871,1.7689868726977764e6,0.0,0.0,0.0,0.0
8971,915210.3098253871,1.7696204531721477e6,0.0,0.0,0.0,0.0
8972,918768.8098253871,1.770254033646519e6,0.0,0.0,0.0,0.0
8973,920336.3098253871,1.7694013504104232e6,0.0,0.0,0.0,0.0
8974,921903.8098253871,1.7685486671743272e6,0.0,0.0,0.0,0.0
8975,923881.8098253871,1.7643935890604889e6,0.0,0.0,0.0,0.0
8976,925859.8098253871,1.7602385109466505e6,0.0,0.0,0.0,0.0
8977,927123.3098253871,1.7541246897951125e6,0.0,0.0,0.0,0.0
8978,928386.8098253871,1.7480108686435744e6,0.0,0.0,0.0,0.0
8979,929217.3098253871,1.7418455832083614e6,0.0,0.0,0.0,0.0
8980,930047.8098253871,1.7356802977731484e6,0.0,0.0,0.0,0.0
8981,931465.8098253871,1.7298715420139967e6,0.0,0.0,0.0,0.0
8982,932883.8098253871,1.7240627862548449e6,0.0,0.0,0.0,0.0
8983,938042.8098253871,1.7214336551545484e6,0.0,0.0,0.0,0.0
8984,943201.8098253871,1.7188045240542518e6,0.0,0.0,0.0,0.0
8985,948748.8098253871,1.7182482254879945e6,0.0,0.0,0.0,0.0
8986,954295.8098253871,1.7176919269217374e6,0.0,0.0,0.0,0.0
8987,959417.3098253871,1.7162061709912787e6,0.0,0.0,0.0,0.0
8988,964538.8098253871,1.7147204150608203e6,0.0,0.0,0.0,0.0
8989,967374.3098253871,1.7117750576391479e6,0.0,0.0,0.0,0.0
8990,970209.8098253871,1.7088297002174754e6,0.0,0.0,0.0,0.0
8991,971927.8098253871,1.7048203342321143e6,0.0,0.0,0.0,0.0
8992,973645.8098253871,1.700810968246753e6,0.0,0.0,0.0,0.0
8993,976905.8098253871,1.6993729562903063e6,0.0,0.0,0.0,0.0
8994,980165.8098253871,1.6979349443338595e6,0.0,0.0,0.0,0.0
8995,982873.3098253871,1.6982367971965913e6,0.0,0.0,0.0,0.0
8996,985580.8098253871,1.698538650059323e6,0.0,0.0,0.0,0.0
8997,986650.8098253871,1.697369740501851e6,0.0,0.0,0.0,0.0
8998,987720.8098253871,1.696200830944379e6,0.0,0.0,0.0,0.0
8999,988607.8098253871,1.6936095229923255e6,0.0,0.0,0.0,0.0
9000,989494.8098253871,1.691018215040272e6,0.0,0.0,0.0,0.0
9001,989966.8098253871,1.685081728649349e6,0.0,0.0,0.0,0.0
9002,990438.8098253871,1.6791452422584256e6,0.0,0.0,0.0,0.0
9003,990738.8098253871,1.6728826087203575e6,0.0,0.0,0.0,0.0
9004,991038.8098253871,1.6666199751822897e6,0.0,0.0,0.0,0.0
9005,991463.3098253871,1.6602680542123038e6,0.0,0.0,0.0,0.0
9006,991887.8098253871,1.653916133242318e6,0.0,0.0,0.0,0.0
9007,992456.3098253871,1.648150781095904e6,0.0,0.0,0.0,0.0
9008,993024.8098253871,1.6423854289494902e6,0.0,0.0,0.0,0.0
9009,993917.3098253871,1.6386867088210103e6,0.0,0.0,0.0,0.0
9010,994809.8098253871,1.6349879886925302e6,0.0,0.0,0.0,0.0
9011,996094.8098253871,1.631912420432644e6,0.0,0.0,0.0,0.0
9012,997379.8098253871,1.628836852172758e6,0.0,0.0,0.0,0.0
9013,998213.3098253871,1.6257916664417884e6,0.0,0.0,0.0,0.0
9014,999046.8098253871,1.6227464807108187e6,0.0,0.0,0.0,0.0
9015,999632.8098253871,1.6185492390874634e6,0.0,0.0,0.0,0.0
9016,1.0002188098253871e6,1.6143519974641083e6,0.0,0.0,0.0,0.0
9017,1.0014743098253871e6,1.611325413281455e6,0.0,0.0,0.0,0.0
9018,1.0027298098253871e6,1.6082988290988016e6,0.0,0.0,0.0,0.0
9019,1.0043583098253871e6,1.6078584801837155e6,0.0,0.0,0.0,0.0
9020,1.0059868098253871e6,1.6074181312686296e6,0.0,0.0,0.0,0.0
9021,1.0070698098253871e6,1.6060873882408063e6,0.0,0.0,0.0,0.0
9022,1.0081528098253871e6,1.6047566452129832e6,0.0,0.0,0.0,0.0
9023,1.0104578098253871e6,1.6001811721071978e6,0.0,0.0,0.0,0.0
9024,1.0127628098253871e6,1.5956056990014126e6,0.0,0.0,0.0,0.0
9025,1.0134048098253871e6,1.5895607035786447e6,0.0,0.0,0.0,0.0
9026,1.0140468098253871e6,1.5835157081558767e6,0.0,0.0,0.0,0.0
9027,1.0144488098253871e6,1.5772133913147342e6,0.0,0.0,0.0,0.0
9028,1.0148508098253871e6,1.5709110744735915e6,0.0,0.0,0.0,0.0
9029,1.0152583098253871e6,1.564592636290575e6,0.0,0.0,0.0,0.0
9030,1.0156658098253871e6,1.5582741981075583e6,0.0,0.0,0.0,0.0
9031,1.0161458098253871e6,1.5519253773956252e6,0.0,0.0,0.0,0.0
9032,1.0166258098253871e6,1.545576556683692e6,0.0,0.0,0.0,0.0
9033,1.0172238098253871e6,1.5398025238147303e6,0.0,0.0,0.0,0.0
9034,1.0178218098253871e6,1.534028490945769e6,0.0,0.0,0.0,0.0
9035,1.0191713098253871e6,1.5282600385413026e6,0.0,0.0,0.0,0.0
9036,1.0205208098253871e6,1.5224915861368359e6,0.0,0.0,0.0,0.0
9037,1.0211283098253871e6,1.5211675946677872e6,0.0,0.0,0.0,0.0
9038,1.0217358098253871e6,1.5198436031987383e6,0.0,0.0,0.0,0.0
9039,1.0222168098253871e6,1.5156590453393366e6,0.0,0.0,0.0,0.0
9040,1.0226978098253871e6,1.5114744874799347e6,0.0,0.0,0.0,0.0
9041,1.0254973098253871e6,1.5070608478445006e6,0.0,0.0,0.0,0.0
9042,1.0282968098253871e6,1.5026472082090667e6,0.0,0.0,0.0,0.0
9043,1.0312759770830668e6,1.5024523997317548e6,0.0,0.0,0.0,0.0
9044,1.0342551443407466e6,1.5022575912544432e6,0.0,0.0,0.0,0.0
9045,1.0360756443407466e6,1.502424272866077e6,0.0,0.0,0.0,0.0
9046,1.0378961443407466e6,1.5025909544777109e6,0.0,0.0,0.0,0.0
9047,1.0397731443407466e6,1.4989449387361268e6,0.0,0.0,0.0,0.0
9048,1.0416501443407466e6,1.4952989229945429e6,0.0,0.0,0.0,0.0
9049,1.0422276443407466e6,1.4892161044235318e6,0.0,0.0,0.0,0.0
9050,1.0428051443407466e6,1.483133285852521e6,0.0,0.0,0.0,0.0
9051,1.0432786443407466e6,1.4767844651405877e6,0.0,0.0,0.0,0.0
9052,1.0437521443407466e6,1.4704356444286546e6,0.0,0.0,0.0,0.0
9053,1.0449346443407466e6,1.4644718757668675e6,0.0,0.0,0.0,0.0
9054,1.0461171443407466e6,1.4585081071050805e6,0.0,0.0,0.0,0.0
9055,1.0448470659010308e6,1.4555243064835544e6,0.0,0.0,0.0,0.0
9056,1.043576987461315e6,1.4525405058620283e6,0.0,0.0,0.0,0.0
9057,1.049456487461315e6,1.4512320846921846e6,0.0,0.0,0.0,0.0
9058,1.055335987461315e6,1.4499236635223408e6,0.0,0.0,0.0,0.0
9059,1.059856487461315e6,1.4479530272324393e6,0.0,0.0,0.0,0.0
9060,1.064376987461315e6,1.4459823909425375e6,0.0,0.0,0.0,0.0
9061,1.067318487461315e6,1.4434001592224408e6,0.0,0.0,0.0,0.0
9062,1.070259987461315e6,1.440817927502344e6,0.0,0.0,0.0,0.0
9063,1.072114487461315e6,1.4373216162720816e6,0.0,0.0,0.0,0.0
9064,1.073968987461315e6,1.4338253050418196e6,0.0,0.0,0.0,0.0
9065,1.078837487461315e6,1.4320859480026497e6,0.0,0.0,0.0,0.0
9066,1.083705987461315e6,1.4303465909634798e6,0.0,0.0,0.0,0.0
9067,1.088452487461315e6,1.430122020008862e6,0.0,0.0,0.0,0.0
9068,1.093198987461315e6,1.4298974490542444e6,0.0,0.0,0.0,0.0
9069,1.0907121375149293e6,1.4280998071636837e6,0.0,0.0,0.0,0.0
9070,1.0882252875685438e6,1.426302165273123e6,0.0,0.0,0.0,0.0
9071,1.0856541929277466e6,1.4210743978730482e6,0.0,0.0,0.0,0.0
9072,1.0830830982869493e6,1.4158466304729737e6,0.0,0.0,0.0,0.0
9073,1.0840605982869493e6,1.4096807249861502e6,0.0,0.0,0.0,0.0
9074,1.0850380982869493e6,1.4035148194993266e6,0.0,0.0,0.0,0.0
9075,1.0857345982869493e6,1.3972416450838796e6,0.0,0.0,0.0,0.0
9076,1.0864310982869493e6,1.3909684706684323e6,0.0,0.0,0.0,0.0
9077,1.0876555982869493e6,1.3848819317877581e6,0.0,0.0,0.0,0.0
9078,1.0888800982869493e6,1.378795392907084e6,0.0,0.0,0.0,0.0
9079,1.0927935377136404e6,1.375174799281532e6,0.0,0.0,0.0,0.0
9080,1.0967069771403314e6,1.3715542056559802e6,0.0,0.0,0.0,0.0
9081,1.101710905478499e6,1.3697106799462393e6,0.0,0.0,0.0,0.0
9082,1.1067148338166662e6,1.3678671542364985e6,0.0,0.0,0.0,0.0
9083,1.1116493338166662e6,1.3657384047859088e6,0.0,0.0,0.0,0.0
9084,1.1165838338166662e6,1.363609655335319e6,0.0,0.0,0.0,0.0
9085,1.1200623338166662e6,1.3653460719913826e6,0.0,0.0,0.0,0.0
9086,1.1235408338166662e6,1.3670824886474463e6,0.0,0.0,0.0,0.0
9087,1.1255148338166662e6,1.366589491619783e6,0.0,0.0,0.0,0.0
9088,1.1274888338166662e6,1.36609649459212e6,0.0,0.0,0.0,0.0
9089,1.1256508845615843e6,1.3636223763944588e6,0.0,0.0,0.0,0.0
9090,1.1238129353065025e6,1.3611482581967977e6,0.0,0.0,0.0,0.0
9091,1.1187990953065027e6,1.3615071558076993e6,0.0,0.0,0.0,0.0
9092,1.1137852553065026e6,1.361866053418601e6,0.0,0.0,0.0,0.0
9093,1.1085949068548088e6,1.3598327919160347e6,0.0,0.0,0.0,0.0
9094,1.1034045584031148e6,1.3577995304134681e6,0.0,0.0,0.0,0.0
9095,1.1046110584031148e6,1.3528259841737153e6,0.0,0.0,0.0,0.0
9096,1.1058175584031148e6,1.3478524379339626e6,0.0,0.0,0.0,0.0
9097,1.1065390584031148e6,1.341566242434694e6,0.0,0.0,0.0,0.0
9098,1.1072605584031148e6,1.3352800469354256e6,0.0,0.0,0.0,0.0
9099,1.1078110584031148e6,1.3290849990229066e6,0.0,0.0,0.0,0.0
9100,1.1083615584031148e6,1.3228899511103877e6,0.0,0.0,0.0,0.0
9101,1.1094835584031148e6,1.3172083059313968e6,0.0,0.0,0.0,0.0
9102,1.1106055584031148e6,1.311526660752406e6,0.0,0.0,0.0,0.0
9103,1.105244218403115e6,1.3101642950924453e6,0.0,0.0,0.0,0.0
9104,1.0998828784031149e6,1.3088019294324846e6,0.0,0.0,0.0,0.0
9105,1.0947130384031148e6,1.3086933081290382e6,0.0,0.0,0.0,0.0
9106,1.089543198403115e6,1.3085846868255916e6,0.0,0.0,0.0,0.0
9107,1.0874932545192968e6,1.3080662114075774e6,0.0,0.0,0.0,0.0
9108,1.0854433106354785e6,1.3075477359895632e6,0.0,0.0,0.0,0.0
9109,1.0882278106354785e6,1.3049409267472462e6,0.0,0.0,0.0,0.0
9110,1.0910123106354785e6,1.3023341175049292e6,0.0,0.0,0.0,0.0
9111,1.0906748638498038e6,1.2985709120089528e6,0.0,0.0,0.0,0.0
9112,1.090337417064129e6,1.2948077065129764e6,0.0,0.0,0.0,0.0
9113,1.088029077064129e6,1.2932103412926206e6,0.0,0.0,0.0,0.0
9114,1.085720737064129e6,1.2916129760722646e6,0.0,0.0,0.0,0.0
9115,1.081163397064129e6,1.2913567824855093e6,0.0,0.0,0.0,0.0
9116,1.076606057064129e6,1.291100588898754e6,0.0,0.0,0.0,0.0
9117,1.0724750492312564e6,1.2882749014379159e6,0.0,0.0,0.0,0.0
9118,1.0683440413983837e6,1.285449213977078e6,0.0,0.0,0.0,0.0
9119,1.0701010413983837e6,1.2799628850554076e6,0.0,0.0,0.0,0.0
9120,1.0718580413983837e6,1.2744765561337373e6,0.0,0.0,0.0,0.0
9121,1.0725705413983837e6,1.2685816132007204e6,0.0,0.0,0.0,0.0
9122,1.0732830413983837e6,1.2626866702677032e6,0.0,0.0,0.0,0.0
9123,1.0738685413983837e6,1.2564643400843204e6,0.0,0.0,0.0,0.0
9124,1.0744540413983837e6,1.2502420099009378e6,0.0,0.0,0.0,0.0
9125,1.0757685413983837e6,1.2450126393155693e6,0.0,0.0,0.0,0.0
9126,1.0770830413983837e6,1.2397832687302006e6,0.0,0.0,0.0,0.0
9127,1.0809791056045776e6,1.2352480989791006e6,0.0,0.0,0.0,0.0
9128,1.0848751698107715e6,1.2307129292280003e6,0.0,0.0,0.0,0.0
9129,1.0888851360981772e6,1.2277948540771916e6,0.0,0.0,0.0,0.0
9130,1.092895102385583e6,1.224876778926383e6,0.0,0.0,0.0,0.0
9131,1.098266602385583e6,1.2206212524516368e6,0.0,0.0,0.0,0.0
9132,1.103638102385583e6,1.216365725976891e6,0.0,0.0,0.0,0.0
9133,1.107245602385583e6,1.2112576285376507e6,0.0,0.0,0.0,0.0
9134,1.110853102385583e6,1.2061495310984105e6,0.0,0.0,0.0,0.0
9135,1.113389102385583e6,1.2009062624080721e6,0.0,0.0,0.0,0.0
9136,1.115925102385583e6,1.195662993717734e6,0.0,0.0,0.0,0.0
9137,1.112958144189252e6,1.1921992731496491e6,0.0,0.0,0.0,0.0
9138,1.109991185992921e6,1.188735552581564e6,0.0,0.0,0.0,0.0
9139,1.106714845992921e6,1.1870079765229945e6,0.0,0.0,0.0,0.0
9140,1.103438505992921e6,1.1852804004644249e6,0.0,0.0,0.0,0.0
9141,1.105756505992921e6,1.1814074458333827e6,0.0,0.0,0.0,0.0
9142,1.108074505992921e6,1.1775344912023407e6,0.0,0.0,0.0,0.0
9143,1.110319505992921e6,1.1722893623571708e6,0.0,0.0,0.0,0.0
9144,1.112564505992921e6,1.167044233512001e6,0.0,0.0,0.0,0.0
9145,1.113702005992921e6,1.1609911774182962e6,0.0,0.0,0.0,0.0
9146,1.114839505992921e6,1.154938121324591e6,0.0,0.0,0.0,0.0
9147,1.115684505992921e6,1.1487250919153665e6,0.0,0.0,0.0,0.0
9148,1.116529505992921e6,1.1425120625061418e6,0.0,0.0,0.0,0.0
9149,1.118037505992921e6,1.1365265920379858e6,0.0,0.0,0.0,0.0
9150,1.119545505992921e6,1.1305411215698298e6,0.0,0.0,0.0,0.0
9151,1.1160296659929212e6,1.1258255168000623e6,0.0,0.0,0.0,0.0
9152,1.1125138259929211e6,1.1211099120302945e6,0.0,0.0,0.0,0.0
9153,1.108676485992921e6,1.1186773372905396e6,0.0,0.0,0.0,0.0
9154,1.1048391459929212e6,1.1162447625507847e6,0.0,0.0,0.0,0.0
9155,1.1009178059929213e6,1.1127543797634465e6,0.0,0.0,0.0,0.0
9156,1.0969964659929213e6,1.1092639969761083e6,0.0,0.0,0.0,0.0
9157,1.0921476259929212e6,1.1061258539238055e6,0.0,0.0,0.0,0.0
9158,1.0872987859929213e6,1.1029877108715025e6,0.0,0.0,0.0,0.0
9159,1.0822524459929215e6,1.099539318652133e6,0.0,0.0,0.0,0.0
9160,1.0772061059929214e6,1.0960909264327637e6,0.0,0.0,0.0,0.0
9161,1.0740182659929213e6,1.0920803203441813e6,0.0,0.0,0.0,0.0
9162,1.0708304259929215e6,1.088069714255599e6,0.0,0.0,0.0,0.0
9163,1.0660155859929216e6,1.0865027315641595e6,0.0,0.0,0.0,0.0
9164,1.0612007459929215e6,1.0849357488727202e6,0.0,0.0,0.0,0.0
9165,1.0549529059929214e6,1.0820976603796713e6,0.0,0.0,0.0,0.0
9166,1.0487050659929216e6,1.0792595718866223e6,0.0,0.0,0.0,0.0
9167,1.0435967259929215e6,1.0738253273002375e6,0.0,0.0,0.0,0.0
9168,1.0384883859929215e6,1.0683910827138526e6,0.0,0.0,0.0,0.0
9169,1.0399183859929215e6,1.0623950713683176e6,0.0,0.0,0.0,0.0
9170,1.0413483859929215e6,1.0563990600227823e6,0.0,0.0,0.0,0.0
9171,1.0421618859929215e6,1.050295159697013e6,0.0,0.0,0.0,0.0
9172,1.0429753859929215e6,1.0441912593712435e6,0.0,0.0,0.0,0.0
9173,1.0441368859929215e6,1.0381710660128973e6,0.0,0.0,0.0,0.0
9174,1.0452983859929215e6,1.0321508726545509e6,0.0,0.0,0.0,0.0
9175,1.0392680459929216e6,1.026723448635882e6,0.0,0.0,0.0,0.0
9176,1.0332377059929215e6,1.021296024617213e6,0.0,0.0,0.0,0.0
9177,1.0292993659929214e6,1.018604268304252e6,0.0,0.0,0.0,0.0
9178,1.0253610259929214e6,1.0159125119912908e6,0.0,0.0,0.0,0.0
9179,1.0205412884063795e6,1.0131593705688862e6,0.0,0.0,0.0,0.0
9180,1.0157215508198375e6,1.0104062291464814e6,0.0,0.0,0.0,0.0
9181,1.0181970508198375e6,1.0058791200663182e6,0.0,0.0,0.0,0.0
9182,1.0206725508198375e6,1.0013520109861551e6,0.0,0.0,0.0,0.0
9183,1.0189332139873046e6,995745.3920520397,0.0,0.0,0.0,0.0
9184,1.0171938771547718e6,990138.7731179245,0.0,0.0,0.0,0.0
9185,1.0127360371547719e6,987025.3817097953,0.0,0.0,0.0,0.0
9186,1.0082781971547718e6,983911.9903016662,0.0,0.0,0.0,0.0
9187,1.0029193571547717e6,983819.4903400938,0.0,0.0,0.0,0.0
9188,997560.5171547717,983726.9903785214,0.0,0.0,0.0,0.0
9189,990477.1771547718,982718.6741881797,0.0,0.0,0.0,0.0
9190,983393.8371547717,981710.3579978378,0.0,0.0,0.0,0.0
9191,976488.4971547716,976923.447292858,0.0,0.0,0.0,0.0
9192,969583.1571547716,972136.5365878781,0.0,0.0,0.0,0.0
9193,970596.1571547716,966150.4460681116,0.0,0.0,0.0,0.0
9194,971609.1571547716,960164.355548345,0.0,0.0,0.0,0.0
9195,972215.1571547716,954007.1307840691,0.0,0.0,0.0,0.0
9196,972821.1571547716,947849.9060197931,0.0,0.0,0.0,0.0
9197,973435.1571547716,941691.4411522961,0.0,0.0,0.0,0.0
9198,974049.1571547716,935532.9762847992,0.0,0.0,0.0,0.0
9199,974950.1571547716,929553.7063327485,0.0,0.0,0.0,0.0
9200,975851.1571547716,923574.436380698,0.0,0.0,0.0,0.0
9201,968614.8171547716,918160.0334458505,0.0,0.0,0.0,0.0
9202,961378.4771547716,912745.6305110028,0.0,0.0,0.0,0.0
9203,955382.6371547715,909312.912523445,0.0,0.0,0.0,0.0
9204,949386.7971547715,905880.1945358871,0.0,0.0,0.0,0.0
9205,942286.9571547715,904401.8792247551,0.0,0.0,0.0,0.0
9206,935187.1171547715,902923.5639136231,0.0,0.0,0.0,0.0
9207,927437.2771547714,899165.9388821416,0.0,0.0,0.0,0.0
9208,919687.4371547714,895408.3138506602,0.0,0.0,0.0,0.0
9209,914036.5971547714,891096.3626793548,0.0,0.0,0.0,0.0
9210,908385.7571547714,886784.4115080496,0.0,0.0,0.0,0.0
9211,904470.9171547713,885505.7528155118,0.0,0.0,0.0,0.0
9212,900556.0771547713,884227.0941229741,0.0,0.0,0.0,0.0
9213,894392.7371547713,883200.1763843161,0.0,0.0,0.0,0.0
9214,888229.3971547713,882173.258645658,0.0,0.0,0.0,0.0
9215,881656.0571547712,877938.8139256705,0.0,0.0,0.0,0.0
9216,875082.7171547712,873704.3692056828,0.0,0.0,0.0,0.0
9217,867492.8771547712,867719.5187891372,0.0,0.0,0.0,0.0
9218,859903.0371547712,861734.6683725918,0.0,0.0,0.0,0.0
9219,853397.5741282137,855356.7052349632,0.0,0.0,0.0,0.0
9220,846892.1111016562,848978.7420973347,0.0,0.0,0.0,0.0
9221,839504.2711016561,843477.3786886203,0.0,0.0,0.0,0.0
9222,832116.4311016562,837976.0152799059,0.0,0.0,0.0,0.0
9223,828434.0911016562,839267.254635311,0.0,0.0,0.0,0.0
9224,824751.7511016561,840558.4939907162,0.0,0.0,0.0,0.0
9225,821050.411101656,841637.285357317,0.0,0.0,0.0,0.0
9226,817349.0711016561,842716.0767239176,0.0,0.0,0.0,0.0
9227,814562.7311016561,846177.8248655691,0.0,0.0,0.0,0.0
9228,811776.391101656,849639.5730072206,0.0,0.0,0.0,0.0
9229,808170.5511016559,852297.7342616108,0.0,0.0,0.0,0.0
9230,804564.711101656,854955.8955160009,0.0,0.0,0.0,0.0
9231,800563.871101656,857850.2964340072,0.0,0.0,0.0,0.0
9232,796563.0311016559,860744.6973520136,0.0,0.0,0.0,0.0
9233,793443.1911016558,862450.3853516674,0.0,0.0,0.0,0.0
9234,790323.3511016559,864156.0733513213,0.0,0.0,0.0,0.0
9235,786605.0111016559,863610.3156624432,0.0,0.0,0.0,0.0
9236,782886.6711016558,863064.5579735652,0.0,0.0,0.0,0.0
9237,777103.3311016557,863199.6169530614,0.0,0.0,0.0,0.0
9238,771319.9911016558,863334.6759325576,0.0,0.0,0.0,0.0
9239,766220.6511016558,859497.0642433163,0.0,0.0,0.0,0.0
9240,761121.3111016557,855659.452554075,0.0,0.0,0.0,0.0
9241,764216.3111016557,849544.391299316,0.0,0.0,0.0,0.0
9242,767311.3111016557,843429.3300445568,0.0,0.0,0.0,0.0
9243,769671.3111016557,837251.0235255224,0.0,0.0,0.0,0.0
9244,772031.3111016557,831072.7170064881,0.0,0.0,0.0,0.0
9245,775358.8111016557,825284.4229504842,0.0,0.0,0.0,0.0
9246,778686.3111016557,819496.1288944803,0.0,0.0,0.0,0.0
9247,785159.8111016557,817442.405688766,0.0,0.0,0.0,0.0
9248,791633.3111016557,815388.6824830518,0.0,0.0,0.0,0.0
9249,798620.8111016557,816448.8584654755,0.0,0.0,0.0,0.0
9250,805608.3111016557,817509.0344478992,0.0,0.0,0.0,0.0
9251,812212.3111016557,817507.0620214657,0.0,0.0,0.0,0.0
9252,818816.3111016557,817505.0895950324,0.0,0.0,0.0,0.0
9253,824258.8111016557,816279.7553410012,0.0,0.0,0.0,0.0
9254,829701.3111016557,815054.42108697,0.0,0.0,0.0,0.0
9255,834863.3111016557,812878.5477139791,0.0,0.0,0.0,0.0
9256,840025.3111016557,810702.6743409883,0.0,0.0,0.0,0.0
9257,837188.4711016556,810304.4889354191,0.0,0.0,0.0,0.0
9258,834351.6311016557,809906.3035298499,0.0,0.0,0.0,0.0
9259,840101.1311016557,811677.0586579537,0.0,0.0,0.0,0.0
9260,845850.6311016557,813447.8137860576,0.0,0.0,0.0,0.0
9261,848549.6311016557,814049.7716282913,0.0,0.0,0.0,0.0
9262,851248.6311016557,814651.729470525,0.0,0.0,0.0,0.0
9263,853185.6311016557,810731.0308654712,0.0,0.0,0.0,0.0
9264,855122.6311016557,806810.3322604174,0.0,0.0,0.0,0.0
9265,856838.6311016557,800793.2391601237,0.0,0.0,0.0,0.0
9266,858554.6311016557,794776.1460598302,0.0,0.0,0.0,0.0
9267,860193.6311016557,788541.4148442366,0.0,0.0,0.0,0.0
9268,861832.6311016557,782306.683628643,0.0,0.0,0.0,0.0
9269,864091.6311016557,776301.3715089497,0.0,0.0,0.0,0.0
9270,866350.6311016557,770296.0593892564,0.0,0.0,0.0,0.0
9271,871339.6311016557,766519.2127578482,0.0,0.0,0.0,0.0
9272,876328.6311016557,762742.3661264399,0.0,0.0,0.0,0.0
9273,882543.1311016557,761454.406659744,0.0,0.0,0.0,0.0
9274,888757.6311016557,760166.4471930482,0.0,0.0,0.0,0.0
9275,895201.1311016557,757839.2812270853,0.0,0.0,0.0,0.0
9276,901644.6311016557,755512.1152611224,0.0,0.0,0.0,0.0
9277,906682.1311016557,754968.1119582739,0.0,0.0,0.0,0.0
9278,911719.6311016557,754424.1086554256,0.0,0.0,0.0,0.0
9279,915730.6311016557,750711.127339903,0.0,0.0,0.0,0.0
9280,919741.6311016557,746998.1460243806,0.0,0.0,0.0,0.0
9281,916392.7911016557,744254.305376134,0.0,0.0,0.0,0.0
9282,913043.9511016556,741510.4647278874,0.0,0.0,0.0,0.0
9283,918111.9511016556,739656.3981407675,0.0,0.0,0.0,0.0
9284,923179.9511016556,737802.3315536475,0.0,0.0,0.0,0.0
9285,925880.9511016556,736340.1375843897,0.0,0.0,0.0,0.0
9286,928581.9511016556,734877.9436151317,0.0,0.0,0.0,0.0
9287,931348.9511016556,730078.631877941,0.0,0.0,0.0,0.0
9288,934115.9511016556,725279.3201407503,0.0,0.0,0.0,0.0
9289,936401.9511016556,719035.908202609,0.0,0.0,0.0,0.0
9290,938687.9511016556,712792.496264468,0.0,0.0,0.0,0.0
9291,940123.9511016556,706525.5223651263,0.0,0.0,0.0,0.0
9292,941559.9511016556,700258.5484657845,0.0,0.0,0.0,0.0
9293,943928.9511016556,694187.5108753738,0.0,0.0,0.0,0.0
9294,946297.9511016556,688116.4732849632,0.0,0.0,0.0,0.0
9295,952066.9511016556,683289.2592252982,0.0,0.0,0.0,0.0
9296,957835.9511016556,678462.0451656331,0.0,0.0,0.0,0.0
9297,964255.9511016556,675270.5272545757,0.0,0.0,0.0,0.0
9298,970675.9511016556,672079.0093435184,0.0,0.0,0.0,0.0
9299,976360.9511016556,668172.571925507,0.0,0.0,0.0,0.0
9300,982045.9511016556,664266.1345074957,0.0,0.0,0.0,0.0
9301,986722.4511016556,663393.9067555722,0.0,0.0,0.0,0.0
9302,991398.9511016556,662521.6790036487,0.0,0.0,0.0,0.0
9303,995314.9511016556,659544.1342803857,0.0,0.0,0.0,0.0
9304,999230.9511016556,656566.5895571226,0.0,0.0,0.0,0.0
9305,997171.1111016555,654460.0966053496,0.0,0.0,0.0,0.0
9306,995111.2711016556,652353.6036535765,0.0,0.0,0.0,0.0
9307,999121.6896673697,650714.0749237037,0.0,0.0,0.0,0.0
9308,1.0031321082330839e6,649074.546193831,0.0,0.0,0.0,0.0
9309,1.0063326082330839e6,646751.1005375313,0.0,0.0,0.0,0.0
9310,1.0095331082330839e6,644427.6548812317,0.0,0.0,0.0,0.0
9311,1.0123926082330839e6,639088.2781912596,0.0,0.0,0.0,0.0
9312,1.0152521082330839e6,633748.9015012876,0.0,0.0,0.0,0.0
9313,1.0176281082330839e6,627749.7898976996,0.0,0.0,0.0,0.0
9314,1.0200041082330839e6,621750.6782941117,0.0,0.0,0.0,0.0
9315,1.0214636082330839e6,615646.1579167319,0.0,0.0,0.0,0.0
9316,1.0229231082330839e6,609541.6375393519,0.0,0.0,0.0,0.0
9317,1.0253111082330839e6,603662.1958965985,0.0,0.0,0.0,0.0
9318,1.0276991082330839e6,597782.754253845,0.0,0.0,0.0,0.0
9319,1.0345476082330839e6,593446.6210697286,0.0,0.0,0.0,0.0
9320,1.0413961082330839e6,589110.4878856122,0.0,0.0,0.0,0.0
9321,1.048719108233084e6,586703.3352618895,0.0,0.0,0.0,0.0
9322,1.056042108233084e6,584296.1826381667,0.0,0.0,0.0,0.0
9323,1.062233108233084e6,580695.4306641521,0.0,0.0,0.0,0.0
9324,1.068424108233084e6,577094.6786901376,0.0,0.0,0.0,0.0
9325,1.072788608233084e6,577042.142191268,0.0,0.0,0.0,0.0
9326,1.077153108233084e6,576989.6056923984,0.0,0.0,0.0,0.0
9327,1.080627608233084e6,574272.261060982,0.0,0.0,0.0,0.0
9328,1.084102108233084e6,571554.9164295656,0.0,0.0,0.0,0.0
9329,1.089941108233084e6,567923.161875024,0.0,0.0,0.0,0.0
9330,1.095780108233084e6,564291.4073204824,0.0,0.0,0.0,0.0
9331,1.100702608233084e6,562336.2723208442,0.0,0.0,0.0,0.0
9332,1.105625108233084e6,560381.137321206,0.0,0.0,0.0,0.0
9333,1.108374108233084e6,557481.6637187137,0.0,0.0,0.0,0.0
9334,1.111123108233084e6,554582.1901162212,0.0,0.0,0.0,0.0
9335,1.113714608233084e6,549722.1133211975,0.0,0.0,0.0,0.0
9336,1.116306108233084e6,544862.0365261737,0.0,0.0,0.0,0.0
9337,1.118280608233084e6,539055.7609734641,0.0,0.0,0.0,0.0
9338,1.120255108233084e6,533249.4854207545,0.0,0.0,0.0,0.0
9339,1.121135608233084e6,527259.6745913248,0.0,0.0,0.0,0.0
9340,1.122016108233084e6,521269.8637618949,0.0,0.0,0.0,0.0
9341,1.123332608233084e6,515156.66266196745,0.0,0.0,0.0,0.0
9342,1.124649108233084e6,509043.4615620399,0.0,0.0,0.0,0.0
9343,1.126908608233084e6,503328.9536476904,0.0,0.0,0.0,0.0
9344,1.129168108233084e6,497614.4457333409,0.0,0.0,0.0,0.0
9345,1.132865108233084e6,493480.44937426096,0.0,0.0,0.0,0.0
9346,1.136562108233084e6,489346.453015181,0.0,0.0,0.0,0.0
9347,1.140382108233084e6,490084.0782234211,0.0,0.0,0.0,0.0
9348,1.144202108233084e6,490821.7034316612,0.0,0.0,0.0,0.0
9349,1.146187108233084e6,489813.6524900275,0.0,0.0,0.0,0.0
9350,1.148172108233084e6,488805.60154839384,0.0,0.0,0.0,0.0
9351,1.149879608233084e6,487371.3252300307,0.0,0.0,0.0,0.0
9352,1.151587108233084e6,485937.04891166755,0.0,0.0,0.0,0.0
9353,1.155129108233084e6,482817.6162112877,0.0,0.0,0.0,0.0
9354,1.158671108233084e6,479698.1835109078,0.0,0.0,0.0,0.0
9355,1.162667608233084e6,479016.01446771075,0.0,0.0,0.0,0.0
9356,1.166664108233084e6,478333.8454245136,0.0,0.0,0.0,0.0
9357,1.169298608233084e6,476224.3175738507,0.0,0.0,0.0,0.0
9358,1.171933108233084e6,474114.78972318774,0.0,0.0,0.0,0.0
9359,1.174826108233084e6,469750.75421659695,0.0,0.0,0.0,0.0
9360,1.177719108233084e6,465386.7187100062,0.0,0.0,0.0,0.0
9361,1.179346608233084e6,459524.63851234794,0.0,0.0,0.0,0.0
9362,1.180974108233084e6,453662.5583146896,0.0,0.0,0.0,0.0
9363,1.181919608233084e6,449616.2400905166,0.0,0.0,0.0,0.0
9364,1.182865108233084e6,445569.9218663437,0.0,0.0,0.0,0.0
9365,1.183665608233084e6,444286.6409817828,0.0,0.0,0.0,0.0
9366,1.184466108233084e6,443003.3600972219,0.0,0.0,0.0,0.0
9367,1.185793608233084e6,436878.9980683047,0.0,0.0,0.0,0.0
9368,1.187121108233084e6,430754.63603938743,0.0,0.0,0.0,0.0
9369,1.189176108233084e6,425829.4622678445,0.0,0.0,0.0,0.0
9370,1.191231108233084e6,420904.28849630145,0.0,0.0,0.0,0.0
9371,1.193889108233084e6,415293.9492525229,0.0,0.0,0.0,0.0
9372,1.196547108233084e6,409683.6100087443,0.0,0.0,0.0,0.0
9373,1.198119608233084e6,410373.12329555704,0.0,0.0,0.0,0.0
9374,1.199692108233084e6,411062.6365823698,0.0,0.0,0.0,0.0
9375,1.200478108233084e6,410770.60701373086,0.0,0.0,0.0,0.0
9376,1.201264108233084e6,410478.5774450919,0.0,0.0,0.0,0.0
9377,1.203757108233084e6,411081.00242479437,0.0,0.0,0.0,0.0
9378,1.206250108233084e6,411683.4274044968,0.0,0.0,0.0,0.0
9379,1.209980608233084e6,409625.36383750883,0.0,0.0,0.0,0.0
9380,1.213711108233084e6,407567.3002705208,0.0,0.0,0.0,0.0
9381,1.215585608233084e6,406612.3085186856,0.0,0.0,0.0,0.0
9382,1.217460108233084e6,405657.31676685036,0.0,0.0,0.0,0.0
9383,1.219289608233084e6,401344.125492324,0.0,0.0,0.0,0.0
9384,1.221119108233084e6,397030.9342177976,0.0,0.0,0.0,0.0
9385,1.222167108233084e6,390941.29507907067,0.0,0.0,0.0,0.0
9386,1.223215108233084e6,384851.65594034374,0.0,0.0,0.0,0.0
9387,1.223757108233084e6,378565.46044107527,0.0,0.0,0.0,0.0
9388,1.224299108233084e6,372279.2649418068,0.0,0.0,0.0,0.0
9389,1.225525608233084e6,366201.40678368014,0.0,0.0,0.0,0.0
9390,1.226752108233084e6,360123.5486255535,0.0,0.0,0.0,0.0
9391,1.230766108233084e6,356599.6830512461,0.0,0.0,0.0,0.0
9392,1.234780108233084e6,353075.81747693865,0.0,0.0,0.0,0.0
9393,1.239688608233084e6,351617.34381734394,0.0,0.0,0.0,0.0
9394,1.244597108233084e6,350158.8701577493,0.0,0.0,0.0,0.0
9395,1.249838608233084e6,348769.76904817123,0.0,0.0,0.0,0.0
9396,1.255080108233084e6,347380.66793859325,0.0,0.0,0.0,0.0
9397,1.260330608233084e6,351495.33042614465,0.0,0.0,0.0,0.0
9398,1.265581108233084e6,355609.9929136961,0.0,0.0,0.0,0.0
9399,1.269621608233084e6,355267.45540811797,0.0,0.0,0.0,0.0
9400,1.273662108233084e6,354924.91790253983,0.0,0.0,0.0,0.0
9401,1.278739108233084e6,353503.0272879671,0.0,0.0,0.0,0.0
9402,1.283816108233084e6,352081.13667339436,0.0,0.0,0.0,0.0
9403,1.288117108233084e6,352939.79588239215,0.0,0.0,0.0,0.0
9404,1.292418108233084e6,353798.45509138994,0.0,0.0,0.0,0.0
9405,1.294669608233084e6,353565.20341422467,0.0,0.0,0.0,0.0
9406,1.296921108233084e6,353331.9517370594,0.0,0.0,0.0,0.0
9407,1.299023108233084e6,348782.5207989168,0.0,0.0,0.0,0.0
9408,1.301125108233084e6,344233.0898607742,0.0,0.0,0.0,0.0
9409,1.2940667682330841e6,338069.04452878237,0.0,0.0,0.0,0.0
9410,1.287008428233084e6,331904.9991967905,0.0,0.0,0.0,0.0
9411,1.288093428233084e6,325563.61910418386,0.0,0.0,0.0,0.0
9412,1.289178428233084e6,319222.2390115772,0.0,0.0,0.0,0.0
9413,1.291059428233084e6,313978.9430846941,0.0,0.0,0.0,0.0
9414,1.292940428233084e6,308735.6471578109,0.0,0.0,0.0,0.0
9415,1.298372428233084e6,305613.57502713415,0.0,0.0,0.0,0.0
9416,1.303804428233084e6,302491.50289645744,0.0,0.0,0.0,0.0
9417,1.309280428233084e6,301253.76761021547,0.0,0.0,0.0,0.0
9418,1.314756428233084e6,300016.0323239734,0.0,0.0,0.0,0.0
9419,1.319367428233084e6,304408.47793304734,0.0,0.0,0.0,0.0
9420,1.323978428233084e6,308800.9235421212,0.0,0.0,0.0,0.0
9421,1.328367928233084e6,311356.1562291615,0.0,0.0,0.0,0.0
9422,1.332757428233084e6,313911.3889162018,0.0,0.0,0.0,0.0
9423,1.336078428233084e6,315787.0450380889,0.0,0.0,0.0,0.0
9424,1.339399428233084e6,317662.7011599761,0.0,0.0,0.0,0.0
9425,1.3393175802458327e6,314981.8449137658,0.0,0.0,0.0,0.0
9426,1.3392357322585813e6,312300.9886675555,0.0,0.0,0.0,0.0
9427,1.3412797765697862e6,311524.5717795561,0.0,0.0,0.0,0.0
9428,1.3433238208809912e6,310748.15489155677,0.0,0.0,0.0,0.0
9429,1.3455203208809912e6,307936.10856615065,0.0,0.0,0.0,0.0
9430,1.3477168208809912e6,305124.06224074453,0.0,0.0,0.0,0.0
9431,1.3496518208809912e6,299668.73589960125,0.0,0.0,0.0,0.0
9432,1.3515868208809912e6,294213.40955845796,0.0,0.0,0.0,0.0
9433,1.3527298208809912e6,288234.1396064074,0.0,0.0,0.0,0.0
9434,1.3538728208809912e6,282254.8696543568,0.0,0.0,0.0,0.0
9435,1.3545723208809912e6,276135.4680383239,0.0,0.0,0.0,0.0
9436,1.3552718208809912e6,270016.066422291,0.0,0.0,0.0,0.0
9437,1.3564943208809912e6,264209.1708179709,0.0,0.0,0.0,0.0
9438,1.3577168208809912e6,258402.27521365072,0.0,0.0,0.0,0.0
9439,1.3611388208809912e6,255828.94875830295,0.0,0.0,0.0,0.0
9440,1.3645608208809912e6,253255.6223029552,0.0,0.0,0.0,0.0
9441,1.3681343208809912e6,252016.02686188155,0.0,0.0,0.0,0.0
9442,1.3717078208809912e6,250776.4314208079,0.0,0.0,0.0,0.0
9443,1.3748708208809912e6,250035.55051090478,0.0,0.0,0.0,0.0
9444,1.3780338208809912e6,249294.66960100166,0.0,0.0,0.0,0.0
9445,1.3801913208809912e6,251159.79478086886,0.0,0.0,0.0,0.0
9446,1.3823488208809912e6,253024.91996073604,0.0,0.0,0.0,0.0
9447,1.3837903208809912e6,254857.1724698853,0.0,0.0,0.0,0.0
9448,1.3852318208809912e6,256689.42497903455,0.0,0.0,0.0,0.0
9449,1.3886108208809912e6,253405.51937800657,0.0,0.0,0.0,0.0
9450,1.3919898208809912e6,250121.61377697857,0.0,0.0,0.0,0.0
9451,1.3955083208809912e6,248951.46411628556,0.0,0.0,0.0,0.0
9452,1.3990268208809912e6,247781.3144555925,0.0,0.0,0.0,0.0
9453,1.4009123208809912e6,245687.90794680364,0.0,0.0,0.0,0.0
9454,1.4027978208809912e6,243594.50143801476,0.0,0.0,0.0,0.0
9455,1.4045013208809912e6,239198.84329928638,0.0,0.0,0.0,0.0
9456,1.4062048208809912e6,234803.18516055803,0.0,0.0,0.0,0.0
9457,1.4068653208809912e6,229194.08602000054,0.0,0.0,0.0,0.0
9458,1.4075258208809912e6,223584.98687944305,0.0,0.0,0.0,0.0
9459,1.4081448208809912e6,217652.22079818306,0.0,0.0,0.0,0.0
9460,1.4087638208809912e6,211719.45471692304,0.0,0.0,0.0,0.0
9461,1.4098698208809912e6,208450.62940065877,0.0,0.0,0.0,0.0
9462,1.4109758208809912e6,205181.8040843945,0.0,0.0,0.0,0.0
9463,1.4135278208809912e6,203999.86961055506,0.0,0.0,0.0,0.0
9464,1.4160798208809912e6,202817.93513671565,0.0,0.0,0.0,0.0
9465,1.4196433208809912e6,201037.03463963955,0.0,0.0,0.0,0.0
9466,1.4232068208809912e6,199256.13414256345,0.0,0.0,0.0,0.0
9467,1.4276528208809912e6,201978.391063446,0.0,0.0,0.0,0.0
9468,1.4320988208809912e6,204700.64798432853,0.0,0.0,0.0,0.0
9469,1.4357203208809912e6,206493.21719040314,0.0,0.0,0.0,0.0
9470,1.4393418208809912e6,208285.78639647778,0.0,0.0,0.0,0.0
9471,1.4424733208809912e6,210056.65379618347,0.0,0.0,0.0,0.0
9472,1.4456048208809912e6,211827.52119588913,0.0,0.0,0.0,0.0
9473,1.4505513208809912e6,214128.53272260755,0.0,0.0,0.0,0.0
9474,1.4554978208809912e6,216429.54424932593,0.0,0.0,0.0,0.0
9475,1.4597053208809912e6,214007.8935305975,0.0,0.0,0.0,0.0
9476,1.4639128208809912e6,211586.24281186904,0.0,0.0,0.0,0.0
9477,1.4666148208809912e6,215030.62950842542,0.0,0.0,0.0,0.0
9478,1.4693168208809912e6,218475.0162049818,0.0,0.0,0.0,0.0
9479,1.4713373208809912e6,217628.18614433502,0.0,0.0,0.0,0.0
9480,1.4733578208809912e6,216781.35608368827,0.0,0.0,0.0,0.0
9481,1.4745123208809912e6,218633.45024437484,0.0,0.0,0.0,0.0
9482,1.4756668208809912e6,220485.5444050614,0.0,0.0,0.0,0.0
9483,1.4764383208809912e6,222135.50174071154,0.0,0.0,0.0,0.0
9484,1.4772098208809912e6,223785.45907636167,0.0,0.0,0.0,0.0
9485,1.4786133208809912e6,225657.39488858555,0.0,0.0,0.0,0.0
9486,1.4800168208809912e6,227529.33070080946,0.0,0.0,0.0,0.0
9487,1.4854918208809912e6,230812.5039786251,0.0,0.0,0.0,0.0
9488,1.4909668208809912e6,234095.6772564408,0.0,0.0,0.0,0.0
9489,1.4974133208809912e6,238501.7640009466,0.0,0.0,0.0,0.0
9490,1.5038598208809912e6,242907.8507454524,0.0,0.0,0.0,0.0
9491,1.5086728208809912e6,247511.1139021103,0.0,0.0,0.0,0.0
9492,1.5134858208809912e6,252114.37705876818,0.0,0.0,0.0,0.0
9493,1.5165893208809912e6,257231.0429489542,0.0,0.0,0.0,0.0
9494,1.5196928208809912e6,262347.7088391402,0.0,0.0,0.0,0.0
9495,1.5224673208809912e6,267293.24048481684,0.0,0.0,0.0,0.0
9496,1.5252418208809912e6,272238.7721304935,0.0,0.0,0.0,0.0
9497,1.5305738208809912e6,278008.35236657935,0.0,0.0,0.0,0.0
9498,1.5359058208809912e6,283777.93260266527,0.0,0.0,0.0,0.0
9499,1.5419123208809912e6,291144.7657875053,0.0,0.0,0.0,0.0
9500,1.5479188208809912e6,298511.59897234535,0.0,0.0,0.0,0.0
9501,1.5513428208809912e6,299374.59854261694,0.0,0.0,0.0,0.0
9502,1.5547668208809912e6,300237.5981128885,0.0,0.0,0.0,0.0
9503,1.5586963208809912e6,306234.1172384325,0.0,0.0,0.0,0.0
9504,1.5626258208809912e6,312230.63636397646,0.0,0.0,0.0,0.0
9505,1.5648853208809912e6,317546.95887275675,0.0,0.0,0.0,0.0
9506,1.5671448208809912e6,322863.28138153703,0.0,0.0,0.0,0.0
9507,1.5682678208809912e6,326519.72572889854,0.0,0.0,0.0,0.0
9508,1.5693908208809912e6,330176.17007626,0.0,0.0,0.0,0.0
9509,1.5708013208809912e6,333409.1191736218,0.0,0.0,0.0,0.0
9510,1.5722118208809912e6,336642.06827098364,0.0,0.0,0.0,0.0
9511,1.5750673208809912e6,340239.6077153437,0.0,0.0,0.0,0.0
9512,1.5779228208809912e6,343837.1471597038,0.0,0.0,0.0,0.0
9513,1.5828703208809912e6,348821.7420568445,0.0,0.0,0.0,0.0
9514,1.5878178208809912e6,353806.3369539852,0.0,0.0,0.0,0.0
9515,1.5924608208809912e6,358202.50287272234,0.0,0.0,0.0,0.0
9516,1.5971038208809912e6,362598.66879145947,0.0,0.0,0.0,0.0
9517,1.6001723208809912e6,366902.4470202259,0.0,0.0,0.0,0.0
9518,1.6032408208809912e6,371206.22524899244,0.0,0.0,0.0,0.0
9519,1.6056138208809912e6,375541.6261098965,0.0,0.0,0.0,0.0
9520,1.6079868208809912e6,379877.0269708006,0.0,0.0,0.0,0.0
9521,1.6126503208809912e6,384251.4910831688,0.0,0.0,0.0,0.0
9522,1.6173138208809912e6,388625.95519553695,0.0,0.0,0.0,0.0
9523,1.6226173208809912e6,395724.30603301263,0.0,0.0,0.0,0.0
9524,1.6279208208809912e6,402822.6568704883,0.0,0.0,0.0,0.0
9525,1.6310013208809912e6,409559.9600628794,0.0,0.0,0.0,0.0
9526,1.6340818208809912e6,416297.26325527055,0.0,0.0,0.0,0.0
9527,1.6375678208809912e6,421581.9631319132,0.0,0.0,0.0,0.0
9528,1.6410538208809912e6,426866.6630085559,0.0,0.0,0.0,0.0
9529,1.6426288208809912e6,430324.6908405442,0.0,0.0,0.0,0.0
9530,1.6442038208809912e6,433782.7186725325,0.0,0.0,0.0,0.0
9531,1.6448508208809912e6,437241.98660774186,0.0,0.0,0.0,0.0
9532,1.6454978208809912e6,440701.25454295124,0.0,0.0,0.0,0.0
9533,1.6460628208809912e6,443917.4622468285,0.0,0.0,0.0,0.0
9534,1.6466278208809912e6,447133.66995070566,0.0,0.0,0.0,0.0
9535,1.6475493208809912e6,450727.48908540246,0.0,0.0,0.0,0.0
9536,1.6484708208809912e6,454321.3082200993,0.0,0.0,0.0,0.0
9537,1.6513103208809912e6,459199.8742918375,0.0,0.0,0.0,0.0
9538,1.6541498208809912e6,464078.4403635757,0.0,0.0,0.0,0.0
9539,1.6576598208809912e6,469008.4707189888,0.0,0.0,0.0,0.0
9540,1.6611698208809912e6,473938.5010744019,0.0,0.0,0.0,0.0
9541,1.6622883208809912e6,478203.8361033148,0.0,0.0,0.0,0.0
9542,1.6634068208809912e6,482469.17113222776,0.0,0.0,0.0,0.0
9543,1.6641348208809912e6,486244.0453372026,0.0,0.0,0.0,0.0
9544,1.6648628208809912e6,490018.91954217746,0.0,0.0,0.0,0.0
9545,1.6672193208809912e6,494351.8401966394,0.0,0.0,0.0,0.0
9546,1.6695758208809912e6,498684.7608511013,0.0,0.0,0.0,0.0
9547,1.6745763208809912e6,501036.1289790654,0.0,0.0,0.0,0.0
9548,1.6795768208809912e6,503387.4971070295,0.0,0.0,0.0,0.0
9549,1.6833938208809912e6,503421.4876740075,0.0,0.0,0.0,0.0
9550,1.6872108208809912e6,503455.4782409855,0.0,0.0,0.0,0.0
9551,1.6902593208809912e6,502970.88259046944,0.0,0.0,0.0,0.0
9552,1.6933078208809912e6,502486.28693995334,0.0,0.0,0.0,0.0
9553,1.6946198208809912e6,504043.5443713609,0.0,0.0,0.0,0.0
9554,1.6959318208809912e6,505600.8018027685,0.0,0.0,0.0,0.0
9555,1.6965863208809912e6,502992.81546947325,0.0,0.0,0.0,0.0
9556,1.6972408208809912e6,500384.8291361781,0.0,0.0,0.0,0.0
9557,1.6993753208809912e6,504037.5531738763,0.0,0.0,0.0,0.0
9558,1.7015098208809912e6,507690.27721157455,0.0,0.0,0.0,0.0
9559,1.7005903750855587e6,511874.02621129714,0.0,0.0,0.0,0.0
9560,1.6996709292901263e6,516057.7752110197,0.0,0.0,0.0,0.0
9561,1.6972235892901262e6,518750.0488942299,0.0,0.0,0.0,0.0
9562,1.6947762492901264e6,521442.3225774401,0.0,0.0,0.0,0.0
9563,1.6902354092901265e6,527216.2543981663,0.0,0.0,0.0,0.0
9564,1.6856945692901264e6,532990.1862188925,0.0,0.0,0.0,0.0
9565,1.6800657292901264e6,538788.2888290633,0.0,0.0,0.0,0.0
9566,1.6744368892901265e6,544586.391439234,0.0,0.0,0.0,0.0
9567,1.6686785492901267e6,549185.3142346181,0.0,0.0,0.0,0.0
9568,1.6629202092901266e6,553784.2370300022,0.0,0.0,0.0,0.0
9569,1.6592893692901265e6,560038.6976255313,0.0,0.0,0.0,0.0
9570,1.6556585292901266e6,566293.1582210604,0.0,0.0,0.0,0.0
9571,1.6535036892901268e6,573669.0230661506,0.0,0.0,0.0,0.0
9572,1.6513488492901267e6,581044.8879112408,0.0,0.0,0.0,0.0
9573,1.6466365092901266e6,584773.2465686151,0.0,0.0,0.0,0.0
9574,1.6419241692901268e6,588501.6052259892,0.0,0.0,0.0,0.0
9575,1.636666329290127e6,591144.5914517597,0.0,0.0,0.0,0.0
9576,1.6314084892901268e6,593787.57767753,0.0,0.0,0.0,0.0
9577,1.6338484892901268e6,592483.8239226823,0.0,0.0,0.0,0.0
9578,1.6362884892901268e6,591180.0701678348,0.0,0.0,0.0,0.0
9579,1.6292391517326683e6,593514.1969538254,0.0,0.0,0.0,0.0
9580,1.6221898141752095e6,595848.323739816,0.0,0.0,0.0,0.0
9581,1.6250578141752095e6,591952.4271991837,0.0,0.0,0.0,0.0
9582,1.6279258141752095e6,588056.5306585516,0.0,0.0,0.0,0.0
9583,1.6256459741752096e6,587608.5419688975,0.0,0.0,0.0,0.0
9584,1.6233661341752096e6,587160.5532792433,0.0,0.0,0.0,0.0
9585,1.6215677941752095e6,585725.0215292387,0.0,0.0,0.0,0.0
9586,1.6197694541752096e6,584289.4897792339,0.0,0.0,0.0,0.0
9587,1.6178996141752098e6,589659.1367265207,0.0,0.0,0.0,0.0
9588,1.6160297741752097e6,595028.7836738075,0.0,0.0,0.0,0.0
9589,1.6118454341752096e6,599131.045129148,0.0,0.0,0.0,0.0
9590,1.6076610941752098e6,603233.3065844887,0.0,0.0,0.0,0.0
9591,1.60234475417521e6,607485.0004779698,0.0,0.0,0.0,0.0
9592,1.5970284141752098e6,611736.6943714508,0.0,0.0,0.0,0.0
9593,1.5935910741752097e6,616621.4609592943,0.0,0.0,0.0,0.0
9594,1.59015373417521e6,621506.227547138,0.0,0.0,0.0,0.0
9595,1.58872589417521e6,622567.6436327827,0.0,0.0,0.0,0.0
9596,1.58729805417521e6,623629.0597184275,0.0,0.0,0.0,0.0
9597,1.5827307141752099e6,623048.5791393591,0.0,0.0,0.0,0.0
9598,1.57816337417521e6,622468.0985602908,0.0,0.0,0.0,0.0
9599,1.58190637417521e6,620337.4889548693,0.0,0.0,0.0,0.0
9600,1.58564937417521e6,618206.879349448,0.0,0.0,0.0,0.0
9601,1.58854887417521e6,615059.3851027391,0.0,0.0,0.0,0.0
9602,1.59144837417521e6,611911.8908560302,0.0,0.0,0.0,0.0
9603,1.59337037417521e6,614724.3950143985,0.0,0.0,0.0,0.0
9604,1.59529237417521e6,617536.8991727667,0.0,0.0,0.0,0.0
9605,1.59878487417521e6,614187.2681010214,0.0,0.0,0.0,0.0
9606,1.60227737417521e6,610837.637029276,0.0,0.0,0.0,0.0
9607,1.6005775341752102e6,615756.5064556993,0.0,0.0,0.0,0.0
9608,1.59887769417521e6,620675.3758821227,0.0,0.0,0.0,0.0
9609,1.59769935417521e6,624338.880317217,0.0,0.0,0.0,0.0
9610,1.5965210141752101e6,628002.3847523112,0.0,0.0,0.0,0.0
9611,1.600785180910375e6,633762.0441626285,0.0,0.0,0.0,0.0
9612,1.60504934764554e6,639521.7035729457,0.0,0.0,0.0,0.0
9613,1.6049346828712614e6,644208.0536454162,0.0,0.0,0.0,0.0
9614,1.6048200180969827e6,648894.4037178865,0.0,0.0,0.0,0.0
9615,1.5992416780969827e6,653001.0055345009,0.0,0.0,0.0,0.0
9616,1.5936633380969828e6,657107.6073511153,0.0,0.0,0.0,0.0
9617,1.590604498096983e6,661941.5297068945,0.0,0.0,0.0,0.0
9618,1.5875456580969829e6,666775.4520626738,0.0,0.0,0.0,0.0
9619,1.5855058180969828e6,665675.9882855824,0.0,0.0,0.0,0.0
9620,1.583465978096983e6,664576.524508491,0.0,0.0,0.0,0.0
9621,1.57995732189258e6,663261.902822542,0.0,0.0,0.0,0.0
9622,1.5764486656881769e6,661947.2811365929,0.0,0.0,0.0,0.0
9623,1.5719458256881768e6,659076.9499597959,0.0,0.0,0.0,0.0
9624,1.567442985688177e6,656206.6187829989,0.0,0.0,0.0,0.0
9625,1.562493645688177e6,657701.8556921516,0.0,0.0,0.0,0.0
9626,1.557544305688177e6,659197.0926013043,0.0,0.0,0.0,0.0
9627,1.551506465688177e6,662672.4818783877,0.0,0.0,0.0,0.0
9628,1.545468625688177e6,666147.8711554712,0.0,0.0,0.0,0.0
9629,1.5400597856881772e6,669799.9751415588,0.0,0.0,0.0,0.0
9630,1.5346509456881771e6,673452.0791276465,0.0,0.0,0.0,0.0
9631,1.533065605688177e6,679131.1318285933,0.0,0.0,0.0,0.0
9632,1.5314802656881772e6,684810.1845295402,0.0,0.0,0.0,0.0
9633,1.5310344256881773e6,688923.0247752473,0.0,0.0,0.0,0.0
9634,1.5305885856881773e6,693035.8650209543,0.0,0.0,0.0,0.0
9635,1.5370049324088811e6,698411.092432736,0.0,0.0,0.0,0.0
9636,1.543421279129585e6,703786.3198445176,0.0,0.0,0.0,0.0
9637,1.5471011394245941e6,708550.1763683057,0.0,0.0,0.0,0.0
9638,1.550780999719603e6,713314.0328920938,0.0,0.0,0.0,0.0
9639,1.5517665919125085e6,717307.1652639791,0.0,0.0,0.0,0.0
9640,1.5527521841054142e6,721300.2976358645,0.0,0.0,0.0,0.0
9641,1.550389344105414e6,726385.3408939128,0.0,0.0,0.0,0.0
9642,1.5480265041054143e6,731470.3841519613,0.0,0.0,0.0,0.0
9643,1.5459796641054144e6,731783.3979436829,0.0,0.0,0.0,0.0
9644,1.5439328241054143e6,732096.4117354044,0.0,0.0,0.0,0.0
9645,1.5460568577421843e6,731569.2555948426,0.0,0.0,0.0,0.0
9646,1.548180891378954e6,731042.0994542808,0.0,0.0,0.0,0.0
9647,1.552450391378954e6,729346.1460278488,0.0,0.0,0.0,0.0
9648,1.556719891378954e6,727650.1926014168,0.0,0.0,0.0,0.0
9649,1.5508205513789542e6,724034.5593887493,0.0,0.0,0.0,0.0
9650,1.5449212113789541e6,720418.9261760818,0.0,0.0,0.0,0.0
9651,1.5470557113789541e6,717619.3311547979,0.0,0.0,0.0,0.0
9652,1.5491902113789541e6,714819.7361335142,0.0,0.0,0.0,0.0
9653,1.543351371378954e6,714486.7153121973,0.0,0.0,0.0,0.0
9654,1.5375125313789542e6,714153.6944908806,0.0,0.0,0.0,0.0
9655,1.5359816913789543e6,715996.9820822785,0.0,0.0,0.0,0.0
9656,1.5344508513789542e6,717840.2696736762,0.0,0.0,0.0,0.0
9657,1.5424693513789542e6,719121.8040810631,0.0,0.0,0.0,0.0
9658,1.5504878513789542e6,720403.33848845,0.0,0.0,0.0,0.0
9659,1.5487110113789542e6,726203.921305063,0.0,0.0,0.0,0.0
9660,1.5469341713789543e6,732004.504121676,0.0,0.0,0.0,0.0
9661,1.5520836713789543e6,737360.5099335308,0.0,0.0,0.0,0.0
9662,1.5572331713789543e6,742716.5157453858,0.0,0.0,0.0,0.0
9663,1.5606721713789543e6,747778.6170938441,0.0,0.0,0.0,0.0
9664,1.5641111713789543e6,752840.7184423025,0.0,0.0,0.0,0.0
9665,1.5604313313789545e6,754519.1905202954,0.0,0.0,0.0,0.0
9666,1.5567514913789544e6,756197.6625982883,0.0,0.0,0.0,0.0
9667,1.5547921513789543e6,757652.1914050162,0.0,0.0,0.0,0.0
9668,1.5528328113789544e6,759106.7202117441,0.0,0.0,0.0,0.0
9669,1.5524773817222896e6,759601.4091253541,0.0,0.0,0.0,0.0
9670,1.552121952065625e6,760096.0980389643,0.0,0.0,0.0,0.0
9671,1.548218612065625e6,759888.2684778313,0.0,0.0,0.0,0.0
9672,1.544315272065625e6,759680.4389166982,0.0,0.0,0.0,0.0
9673,1.547385772065625e6,757607.4941110571,0.0,0.0,0.0,0.0
9674,1.550456272065625e6,755534.5493054162,0.0,0.0,0.0,0.0
9675,1.552423772065625e6,752052.8472406255,0.0,0.0,0.0,0.0
9676,1.554391272065625e6,748571.1451758349,0.0,0.0,0.0,0.0
9677,1.556829272065625e6,744944.9710857882,0.0,0.0,0.0,0.0
9678,1.559267272065625e6,741318.7969957414,0.0,0.0,0.0,0.0
9679,1.562921272065625e6,738542.0936121361,0.0,0.0,0.0,0.0
9680,1.566575272065625e6,735765.3902285309,0.0,0.0,0.0,0.0
9681,1.571978272065625e6,737337.108789651,0.0,0.0,0.0,0.0
9682,1.577381272065625e6,738908.8273507712,0.0,0.0,0.0,0.0
9683,1.581685772065625e6,740837.0755879525,0.0,0.0,0.0,0.0
9684,1.585990272065625e6,742765.3238251338,0.0,0.0,0.0,0.0
9685,1.589186272065625e6,746412.9632711016,0.0,0.0,0.0,0.0
9686,1.592382272065625e6,750060.6027170693,0.0,0.0,0.0,0.0
9687,1.594465772065625e6,749833.5515560094,0.0,0.0,0.0,0.0
9688,1.596549272065625e6,749606.5003949496,0.0,0.0,0.0,0.0
9689,1.600575272065625e6,749758.920819541,0.0,0.0,0.0,0.0
9690,1.604601272065625e6,749911.3412441323,0.0,0.0,0.0,0.0
9691,1.609581772065625e6,751424.7749538615,0.0,0.0,0.0,0.0
9692,1.614562272065625e6,752938.2086635908,0.0,0.0,0.0,0.0
9693,1.618523272065625e6,753041.6450109495,0.0,0.0,0.0,0.0
9694,1.622484272065625e6,753145.0813583081,0.0,0.0,0.0,0.0
9695,1.626861272065625e6,751627.702795712,0.0,0.0,0.0,0.0
9696,1.631238272065625e6,750110.3242331159,0.0,0.0,0.0,0.0
9697,1.634084772065625e6,746482.2899882375,0.0,0.0,0.0,0.0
9698,1.636931272065625e6,742854.2557433592,0.0,0.0,0.0,0.0
9699,1.638926272065625e6,738553.4655010437,0.0,0.0,0.0,0.0
9700,1.640921272065625e6,734252.6752587281,0.0,0.0,0.0,0.0
9701,1.643042772065625e6,730127.9796738062,0.0,0.0,0.0,0.0
9702,1.645164272065625e6,726003.2840888844,0.0,0.0,0.0,0.0
9703,1.647185272065625e6,722070.8045032303,0.0,0.0,0.0,0.0
9704,1.649206272065625e6,718138.3249175762,0.0,0.0,0.0,0.0
9705,1.652443272065625e6,715127.2420251863,0.0,0.0,0.0,0.0
9706,1.655680272065625e6,712116.1591327965,0.0,0.0,0.0,0.0
9707,1.659240772065625e6,716139.6740335983,0.0,0.0,0.0,0.0
9708,1.662801272065625e6,720163.1889344002,0.0,0.0,0.0,0.0
9709,1.665084772065625e6,724116.0179516004,0.0,0.0,0.0,0.0
9710,1.667368272065625e6,728068.8469688005,0.0,0.0,0.0,0.0
9711,1.669237772065625e6,731441.3076785342,0.0,0.0,0.0,0.0
9712,1.671107272065625e6,734813.7683882677,0.0,0.0,0.0,0.0
9713,1.674250772065625e6,738704.5922444138,0.0,0.0,0.0,0.0
9714,1.677394272065625e6,742595.4161005599,0.0,0.0,0.0,0.0
9715,1.682884272065625e6,740921.1644804969,0.0,0.0,0.0,0.0
9716,1.688374272065625e6,739246.9128604338,0.0,0.0,0.0,0.0
9717,1.692585772065625e6,737203.7305320988,0.0,0.0,0.0,0.0
9718,1.696797272065625e6,735160.5482037638,0.0,0.0,0.0,0.0
9719,1.700442772065625e6,731806.5767707446,0.0,0.0,0.0,0.0
9720,1.704088272065625e6,728452.6053377255,0.0,0.0,0.0,0.0
9721,1.706704272065625e6,724202.0392758638,0.0,0.0,0.0,0.0
9722,1.709320272065625e6,719951.4732140021,0.0,0.0,0.0,0.0
9723,1.711471272065625e6,718582.59637328,0.0,0.0,0.0,0.0
9724,1.713622272065625e6,717213.719532558,0.0,0.0,0.0,0.0
9725,1.716764272065625e6,718391.2007574969,0.0,0.0,0.0,0.0
9726,1.719906272065625e6,719568.6819824358,0.0,0.0,0.0,0.0
9727,1.726699272065625e6,721771.6180047683,0.0,0.0,0.0,0.0
9728,1.733492272065625e6,723974.5540271008,0.0,0.0,0.0,0.0
9729,1.739488272065625e6,722735.5786376377,0.0,0.0,0.0,0.0
9730,1.745484272065625e6,721496.6032481747,0.0,0.0,0.0,0.0
9731,1.750689272065625e6,726615.7493448028,0.0,0.0,0.0,0.0
9732,1.755894272065625e6,731734.895441431,0.0,0.0,0.0,0.0
9733,1.760554772065625e6,736733.7515256142,0.0,0.0,0.0,0.0
9734,1.765215272065625e6,741732.6076097973,0.0,0.0,0.0,0.0
9735,1.768295272065625e6,745554.6057371732,0.0,0.0,0.0,0.0
9736,1.771375272065625e6,749376.6038645492,0.0,0.0,0.0,0.0
9737,1.7672604320656252e6,752447.8441627469,0.0,0.0,0.0,0.0
9738,1.7631455920656251e6,755519.0844609446,0.0,0.0,0.0,0.0
9739,1.761046752065625e6,758082.8855989308,0.0,0.0,0.0,0.0
9740,1.7589479120656252e6,760646.6867369169,0.0,0.0,0.0,0.0
9741,1.7626199120656252e6,760067.4462610696,0.0,0.0,0.0,0.0
9742,1.7662919120656252e6,759488.2057852224,0.0,0.0,0.0,0.0
9743,1.7703029120656252e6,756702.8216790694,0.0,0.0,0.0,0.0
9744,1.7743139120656252e6,753917.4375729166,0.0,0.0,0.0,0.0
9745,1.7680030720656253e6,749970.0767486095,0.0,0.0,0.0,0.0
9746,1.7616922320656253e6,746022.7159243025,0.0,0.0,0.0,0.0
9747,1.7547933920656252e6,741926.5427134655,0.0,0.0,0.0,0.0
9748,1.7478945520656253e6,737830.3695026286,0.0,0.0,0.0,0.0
9749,1.7421697120656255e6,733718.0749499176,0.0,0.0,0.0,0.0
9750,1.7364448720656254e6,729605.7803972065,0.0,0.0,0.0,0.0
9751,1.7340015320656253e6,728408.9685172602,0.0,0.0,0.0,0.0
9752,1.7315581920656255e6,727212.1566373139,0.0,0.0,0.0,0.0
9753,1.7297368520656256e6,728072.0559495328,0.0,0.0,0.0,0.0
9754,1.7279155120656255e6,728931.9552617517,0.0,0.0,0.0,0.0
9755,1.7254356720656254e6,727852.9531878082,0.0,0.0,0.0,0.0
9756,1.7229558320656256e6,726773.9511138648,0.0,0.0,0.0,0.0
9757,1.7185734920656257e6,725871.6637489256,0.0,0.0,0.0,0.0
9758,1.7141911520656256e6,724969.3763839863,0.0,0.0,0.0,0.0
9759,1.7087708120656256e6,723920.1367873489,0.0,0.0,0.0,0.0
9760,1.7033504720656257e6,722870.8971907113,0.0,0.0,0.0,0.0
9761,1.6996301320656259e6,722632.6851006618,0.0,0.0,0.0,0.0
9762,1.6959097920656258e6,722394.4730106122,0.0,0.0,0.0,0.0
9763,1.6939474520656257e6,723974.2522426695,0.0,0.0,0.0,0.0
9764,1.6919851120656258e6,725554.0314747266,0.0,0.0,0.0,0.0
9765,1.686718772065626e6,725897.4277953648,0.0,0.0,0.0,0.0
9766,1.681452432065626e6,726240.8241160028,0.0,0.0,0.0,0.0
9767,1.6756965920656258e6,723991.1646013575,0.0,0.0,0.0,0.0
9768,1.669940752065626e6,721741.5050867123,0.0,0.0,0.0,0.0
9769,1.6640554120656261e6,718249.882196153,0.0,0.0,0.0,0.0
9770,1.658170072065626e6,714758.2593055937,0.0,0.0,0.0,0.0
9771,1.651724232065626e6,711244.9346086655,0.0,0.0,0.0,0.0
9772,1.645278392065626e6,707731.6099117373,0.0,0.0,0.0,0.0
9773,1.6403520520656263e6,704706.265832305,0.0,0.0,0.0,0.0
9774,1.6354257120656262e6,701680.9217528726,0.0,0.0,0.0,0.0
9775,1.633471372065626e6,700890.2436778308,0.0,0.0,0.0,0.0
9776,1.6315170320656262e6,700099.565602789,0.0,0.0,0.0,0.0
9777,1.6289116920656264e6,701334.5961393854,0.0,0.0,0.0,0.0
9778,1.6263063520656263e6,702569.6266759817,0.0,0.0,0.0,0.0
9779,1.6224925120656262e6,703762.4937030612,0.0,0.0,0.0,0.0
9780,1.6186786720656264e6,704955.3607301407,0.0,0.0,0.0,0.0
9781,1.6133163320656265e6,704812.0165365039,0.0,0.0,0.0,0.0
9782,1.6079539920656264e6,704668.6723428671,0.0,0.0,0.0,0.0
9783,1.6018951520656263e6,703695.6990943262,0.0,0.0,0.0,0.0
9784,1.5958363120656265e6,702722.7258457852,0.0,0.0,0.0,0.0
9785,1.5914524720656266e6,702393.3661689861,0.0,0.0,0.0,0.0
9786,1.5870686320656266e6,702064.0064921869,0.0,0.0,0.0,0.0
9787,1.5846327920656265e6,703106.8210295155,0.0,0.0,0.0,0.0
9788,1.5821969520656266e6,704149.635566844,0.0,0.0,0.0,0.0
9789,1.5765891120656268e6,704907.8464149341,0.0,0.0,0.0,0.0
9790,1.5709812720656267e6,705666.0572630243,0.0,0.0,0.0,0.0
9791,1.5654949320656266e6,704461.8047637515,0.0,0.0,0.0,0.0
9792,1.5600085920656268e6,703257.5522644786,0.0,0.0,0.0,0.0
9793,1.554283252065627e6,700160.2821982235,0.0,0.0,0.0,0.0
9794,1.5485579120656268e6,697063.0121319685,0.0,0.0,0.0,0.0
9795,1.5411905720656267e6,693744.3836407502,0.0,0.0,0.0,0.0
9796,1.533823232065627e6,690425.7551495319,0.0,0.0,0.0,0.0
9797,1.527389892065627e6,687747.0199203921,0.0,0.0,0.0,0.0
9798,1.520956552065627e6,685068.2846912523,0.0,0.0,0.0,0.0
9799,1.5187237120656269e6,684673.8195953462,0.0,0.0,0.0,0.0
9800,1.516490872065627e6,684279.3544994403,0.0,0.0,0.0,0.0
9801,1.5142345320656272e6,684653.1333489949,0.0,0.0,0.0,0.0
9802,1.511978192065627e6,685026.9121985495,0.0,0.0,0.0,0.0
9803,1.508866852065627e6,686335.1088251896,0.0,0.0,0.0,0.0
9804,1.5057555120656271e6,687643.3054518298,0.0,0.0,0.0,0.0
9805,1.5004506720656273e6,687218.4578270073,0.0,0.0,0.0,0.0
9806,1.4951458320656272e6,686793.6102021848,0.0,0.0,0.0,0.0
9807,1.4894934920656271e6,685896.2832501298,0.0,0.0,0.0,0.0
9808,1.4838411520656273e6,684998.9562980749,0.0,0.0,0.0,0.0
9809,1.4793858120656274e6,685155.71708394,0.0,0.0,0.0,0.0
9810,1.4749304720656273e6,685312.4778698052,0.0,0.0,0.0,0.0
9811,1.4719706320656273e6,686367.073387734,0.0,0.0,0.0,0.0
9812,1.4690107920656274e6,687421.6689056628,0.0,0.0,0.0,0.0
9813,1.4629199520656276e6,688283.4283727133,0.0,0.0,0.0,0.0
9814,1.4568291120656275e6,689145.1878397638,0.0,0.0,0.0,0.0
9815,1.4514052720656274e6,687399.6302844886,0.0,0.0,0.0,0.0
9816,1.4459814320656275e6,685654.0727292133,0.0,0.0,0.0,0.0
9817,1.4396575920656277e6,682829.0053199858,0.0,0.0,0.0,0.0
9818,1.4333337520656276e6,680003.9379107583,0.0,0.0,0.0,0.0
9819,1.4262564120656275e6,676628.2646713702,0.0,0.0,0.0,0.0
9820,1.4191790720656277e6,673252.5914319821,0.0,0.0,0.0,0.0
9821,1.4123577320656278e6,670108.8174949365,0.0,0.0,0.0,0.0
9822,1.4055363920656277e6,666965.0435578908,0.0,0.0,0.0,0.0
9823,1.4025555520656276e6,666184.9063602282,0.0,0.0,0.0,0.0
9824,1.3995747120656278e6,665404.7691625656,0.0,0.0,0.0,0.0
9825,1.397051372065628e6,665009.6840150491,0.0,0.0,0.0,0.0
9826,1.3945280320656279e6,664614.5988675326,0.0,0.0,0.0,0.0
9827,1.3915696085915286e6,663087.2994791678,0.0,0.0,0.0,0.0
9828,1.3886111851174296e6,661560.000090803,0.0,0.0,0.0,0.0
9829,1.3876764997703256e6,660368.0332281191,0.0,0.0,0.0,0.0
9830,1.3867418144232216e6,659176.0663654354,0.0,0.0,0.0,0.0
9831,1.385578338930625e6,656149.4821827819,0.0,0.0,0.0,0.0
9832,1.3844148634380284e6,653122.8980001286,0.0,0.0,0.0,0.0
9833,1.382734780001233e6,650900.5207563471,0.0,0.0,0.0,0.0
9834,1.3810546965644378e6,648678.1435125656,0.0,0.0,0.0,0.0
9835,1.375965856564438e6,647973.652611389,0.0,0.0,0.0,0.0
9836,1.370877016564438e6,647269.1617102125,0.0,0.0,0.0,0.0
9837,1.3639136765644378e6,645875.1734181141,0.0,0.0,0.0,0.0
9838,1.356950336564438e6,644481.1851260157,0.0,0.0,0.0,0.0
9839,1.350587496564438e6,642018.8479089548,0.0,0.0,0.0,0.0
9840,1.344224656564438e6,639556.5106918939,0.0,0.0,0.0,0.0
9841,1.3389204033480329e6,636551.6283156094,0.0,0.0,0.0,0.0
9842,1.3336161501316275e6,633546.745939325,0.0,0.0,0.0,0.0
9843,1.3344541501316275e6,629081.0219686055,0.0,0.0,0.0,0.0
9844,1.3352921501316275e6,624615.297997886,0.0,0.0,0.0,0.0
9845,1.3360851501316275e6,620235.1411494211,0.0,0.0,0.0,0.0
9846,1.3368781501316275e6,615854.9843009562,0.0,0.0,0.0,0.0
9847,1.3357678245710307e6,612678.3476285519,0.0,0.0,0.0,0.0
9848,1.3346574990104341e6,609501.7109561475,0.0,0.0,0.0,0.0
9849,1.3300556033859504e6,607558.3569371096,0.0,0.0,0.0,0.0
9850,1.3254537077614665e6,605615.0029180717,0.0,0.0,0.0,0.0
9851,1.3231389188517989e6,603481.2930545977,0.0,0.0,0.0,0.0
9852,1.3208241299421315e6,601347.5831911236,0.0,0.0,0.0,0.0
9853,1.3187404440987385e6,599028.7796808728,0.0,0.0,0.0,0.0
9854,1.3166567582553453e6,596709.9761706219,0.0,0.0,0.0,0.0
9855,1.3141301073717624e6,592579.0800695947,0.0,0.0,0.0,0.0
9856,1.3116034564881795e6,588448.1839685674,0.0,0.0,0.0,0.0
9857,1.3073281939826098e6,585115.9143419173,0.0,0.0,0.0,0.0
9858,1.30305293147704e6,581783.644715267,0.0,0.0,0.0,0.0
9859,1.2985685914770402e6,580909.8797244127,0.0,0.0,0.0,0.0
9860,1.2940842514770401e6,580036.1147335584,0.0,0.0,0.0,0.0
9861,1.28817391147704e6,577811.8773349454,0.0,0.0,0.0,0.0
9862,1.2822635714770402e6,575587.6399363322,0.0,0.0,0.0,0.0
9863,1.2765612314770403e6,572174.1435487012,0.0,0.0,0.0,0.0
9864,1.2708588914770402e6,568760.64716107,0.0,0.0,0.0,0.0
9865,1.2637665514770402e6,564399.0918609214,0.0,0.0,0.0,0.0
9866,1.2566742114770403e6,560037.5365607728,0.0,0.0,0.0,0.0
9867,1.2523475537505806e6,555854.5561244601,0.0,0.0,0.0,0.0
9868,1.248020896024121e6,551671.5756881473,0.0,0.0,0.0,0.0
9869,1.2444726882631467e6,547362.7247748948,0.0,0.0,0.0,0.0
9870,1.2409244805021724e6,543053.8738616421,0.0,0.0,0.0,0.0
9871,1.236516552556553e6,538910.576728404,0.0,0.0,0.0,0.0
9872,1.2321086246109332e6,534767.2795951659,0.0,0.0,0.0,0.0
9873,1.2252772846109332e6,531222.3322661,0.0,0.0,0.0,0.0
9874,1.2184459446109333e6,527677.3849370342,0.0,0.0,0.0,0.0
9875,1.213531928921603e6,524825.035256943,0.0,0.0,0.0,0.0
9876,1.2086179132322725e6,521972.6855768516,0.0,0.0,0.0,0.0
9877,1.2061281598204253e6,519005.62634881015,0.0,0.0,0.0,0.0
9878,1.2036384064085784e6,516038.5671207687,0.0,0.0,0.0,0.0
9879,1.201454199662686e6,512250.55956037075,0.0,0.0,0.0,0.0
9880,1.1992699929167938e6,508462.5519999727,0.0,0.0,0.0,0.0
9881,1.1926751529167937e6,505612.0624747131,0.0,0.0,0.0,0.0
9882,1.1860803129167939e6,502761.5729494534,0.0,0.0,0.0,0.0
9883,1.180920472916794e6,502512.8199820246,0.0,0.0,0.0,0.0
9884,1.175760632916794e6,502264.0670145958,0.0,0.0,0.0,0.0
9885,1.1694567929167938e6,502542.357916127,0.0,0.0,0.0,0.0
9886,1.163152952916794e6,502820.64881765825,0.0,0.0,0.0,0.0
9887,1.1571021129167941e6,501295.2095841251,0.0,0.0,0.0,0.0
9888,1.151051272916794e6,499769.770350592,0.0,0.0,0.0,0.0
9889,1.144361432916794e6,496120.0342993447,0.0,0.0,0.0,0.0
9890,1.1376715929167941e6,492470.2982480974,0.0,0.0,0.0,0.0
9891,1.1305492529167943e6,488655.6284684462,0.0,0.0,0.0,0.0
9892,1.1234269129167942e6,484840.9586887949,0.0,0.0,0.0,0.0
9893,1.116863572916794e6,481331.35430152994,0.0,0.0,0.0,0.0
9894,1.1103002329167943e6,477821.74991426495,0.0,0.0,0.0,0.0
9895,1.1057953929167944e6,476769.41005957476,0.0,0.0,0.0,0.0
9896,1.1012905529167943e6,475717.07020488457,0.0,0.0,0.0,0.0
9897,1.0978552129167942e6,475072.72430993046,0.0,0.0,0.0,0.0
9898,1.0944198729167944e6,474428.3784149764,0.0,0.0,0.0,0.0
9899,1.0902535329167945e6,473971.28810640576,0.0,0.0,0.0,0.0
9900,1.0860871929167944e6,473514.1977978351,0.0,0.0,0.0,0.0
9901,1.0811208529167944e6,472795.3774755695,0.0,0.0,0.0,0.0
9902,1.0761545129167945e6,472076.5571533038,0.0,0.0,0.0,0.0
9903,1.0707246729167947e6,470794.9862224406,0.0,0.0,0.0,0.0
9904,1.0652948329167946e6,469513.41529157734,0.0,0.0,0.0,0.0
9905,1.0613944929167945e6,468873.409757897,0.0,0.0,0.0,0.0
9906,1.0574941529167946e6,468233.40422421676,0.0,0.0,0.0,0.0
9907,1.0539358129167948e6,469026.3379624972,0.0,0.0,0.0,0.0
9908,1.0503774729167947e6,469819.27170077764,0.0,0.0,0.0,0.0
9909,1.0447121329167946e6,468549.29373078747,0.0,0.0,0.0,0.0
9910,1.0390467929167947e6,467279.3157607973,0.0,0.0,0.0,0.0
9911,1.0326804529167947e6,463813.1149862702,0.0,0.0,0.0,0.0
9912,1.0263141129167946e6,460346.9142117431,0.0,0.0,0.0,0.0
9913,1.0191322729167945e6,456108.1291304816,0.0,0.0,0.0,0.0
9914,1.0119504329167946e6,451869.3440492202,0.0,0.0,0.0,0.0
9915,1.0072310148213361e6,447458.8046718389,0.0,0.0,0.0,0.0
9916,1.0025115967258778e6,443048.2652944575,0.0,0.0,0.0,0.0
9917,995419.7567258778,439841.7565840601,0.0,0.0,0.0,0.0
9918,988327.9167258778,436635.2478736627,0.0,0.0,0.0,0.0
9919,983667.0767258778,437223.6164891429,0.0,0.0,0.0,0.0
9920,979006.2367258777,437811.9851046231,0.0,0.0,0.0,0.0
9921,975263.3967258777,441099.4803114685,0.0,0.0,0.0,0.0
9922,971520.5567258777,444386.9755183139,0.0,0.0,0.0,0.0
9923,967722.2167258777,449122.3096680171,0.0,0.0,0.0,0.0
9924,963923.8767258776,453857.64381772024,0.0,0.0,0.0,0.0
9925,959722.5367258776,458318.2951039537,0.0,0.0,0.0,0.0
9926,955521.1967258776,462778.9463901871,0.0,0.0,0.0,0.0
9927,950640.3567258776,466462.05295680184,0.0,0.0,0.0,0.0
9928,945759.5167258775,470145.15952341654,0.0,0.0,0.0,0.0
9929,941678.1767258774,473138.87592965894,0.0,0.0,0.0,0.0
9930,937596.8367258775,476132.59233590134,0.0,0.0,0.0,0.0
9931,934488.9967258775,477075.57856393274,0.0,0.0,0.0,0.0
9932,931381.1567258774,478018.56479196413,0.0,0.0,0.0,0.0
9933,926360.8167258773,477496.9891158972,0.0,0.0,0.0,0.0
9934,921340.4767258774,476975.4134398303,0.0,0.0,0.0,0.0
9935,916055.1367258774,474097.6416437068,0.0,0.0,0.0,0.0
9936,910769.7967258773,471219.8698475833,0.0,0.0,0.0,0.0
9937,904915.4567258772,467562.07312539895,0.0,0.0,0.0,0.0
9938,899061.1167258773,463904.2764032146,0.0,0.0,0.0,0.0
9939,892397.2767258773,459631.3884833734,0.0,0.0,0.0,0.0
9940,885733.4367258772,455358.5005635322,0.0,0.0,0.0,0.0
9941,879891.5967258771,451558.7120225339,0.0,0.0,0.0,0.0
9942,874049.7567258772,447758.92348153563,0.0,0.0,0.0,0.0
9943,870166.9167258772,446103.89346139936,0.0,0.0,0.0,0.0
9944,866284.0767258771,444448.86344126315,0.0,0.0,0.0,0.0
9945,862316.736725877,444013.47493906145,0.0,0.0,0.0,0.0
9946,858349.3967258771,443578.08643685974,0.0,0.0,0.0,0.0
9947,853421.5567258771,443535.1906041306,0.0,0.0,0.0,0.0
9948,848493.716725877,443492.2947714015,0.0,0.0,0.0,0.0
9949,842626.8767258769,443358.9170563573,0.0,0.0,0.0,0.0
9950,836760.036725877,443225.5393413131,0.0,0.0,0.0,0.0
9951,830673.196725877,441535.7864309866,0.0,0.0,0.0,0.0
9952,824586.3567258769,439846.03352066,0.0,0.0,0.0,0.0
9953,819913.0167258768,439298.41567695036,0.0,0.0,0.0,0.0
9954,815239.6767258769,438750.7978332407,0.0,0.0,0.0,0.0
9955,812375.3367258769,439886.62011215044,0.0,0.0,0.0,0.0
9956,809510.9967258768,441022.4423910601,0.0,0.0,0.0,0.0
9957,804757.1567258767,441876.7612387841,0.0,0.0,0.0,0.0
9958,800003.3167258768,442731.0800865081,0.0,0.0,0.0,0.0
9959,794874.9767258768,441045.66753745533,0.0,0.0,0.0,0.0
9960,789746.6367258767,439360.2549884026,0.0,0.0,0.0,0.0
9961,783367.2967258766,436672.2189851047,0.0,0.0,0.0,0.0
9962,776987.9567258767,433984.1829818068,0.0,0.0,0.0,0.0
9963,770053.6167258767,431479.0622036186,0.0,0.0,0.0,0.0
9964,763119.2767258766,428973.94142543036,0.0,0.0,0.0,0.0
9965,756944.4367258765,426728.00222044834,0.0,0.0,0.0,0.0
9966,750769.5967258766,424482.0630154663,0.0,0.0,0.0,0.0
9967,746742.7567258766,424968.0712065288,0.0,0.0,0.0,0.0
9968,742715.9167258765,425454.07939759135,0.0,0.0,0.0,0.0
9969,739120.5767258764,426133.54369114275,0.0,0.0,0.0,0.0
9970,735525.2367258765,426813.00798469415,0.0,0.0,0.0,0.0
9971,732385.5425354717,427321.33803373616,0.0,0.0,0.0,0.0
9972,729245.848345067,427829.66808277817,0.0,0.0,0.0,0.0
9973,729406.4070182071,428014.33119111764,0.0,0.0,0.0,0.0
9974,729566.9656913473,428198.9942994572,0.0,0.0,0.0,0.0
9975,729536.4396015382,427725.1625974019,0.0,0.0,0.0,0.0
9976,729505.9135117291,427251.33089534665,0.0,0.0,0.0,0.0
9977,724377.073511729,428118.670826892,0.0,0.0,0.0,0.0
9978,719248.233511729,428986.0107584374,0.0,0.0,0.0,0.0
9979,715790.8935117291,432259.1509388826,0.0,0.0,0.0,0.0
9980,712333.553511729,435532.2911193278,0.0,0.0,0.0,0.0
9981,706620.7135117289,437925.57806441514,0.0,0.0,0.0,0.0
9982,700907.873511729,440318.8650095024,0.0,0.0,0.0,0.0
9983,695289.533511729,440115.37580964307,0.0,0.0,0.0,0.0
9984,689671.1935117289,439911.8866097838,0.0,0.0,0.0,0.0
9985,683293.3535117288,437363.98227046826,0.0,0.0,0.0,0.0
9986,676915.5135117288,434816.07793115266,0.0,0.0,0.0,0.0
9987,677049.247933781,432105.72006987524,0.0,0.0,0.0,0.0
9988,677182.9823558332,429395.3622085979,0.0,0.0,0.0,0.0
9989,678753.9823558332,427300.09554497735,0.0,0.0,0.0,0.0
9990,680324.9823558332,425204.82888135687,0.0,0.0,0.0,0.0
9991,676191.6423558332,426245.78326385375,0.0,0.0,0.0,0.0
9992,672058.3023558331,427286.7376463507,0.0,0.0,0.0,0.0
9993,671239.6134722993,429188.94371588936,0.0,0.0,0.0,0.0
9994,670420.9245887655,431091.14978542796,0.0,0.0,0.0,0.0
9995,675214.4245887655,431574.6777700483,0.0,0.0,0.0,0.0
9996,680007.9245887655,432058.2057546687,0.0,0.0,0.0,0.0
9997,683798.4245887655,431049.26951271633,0.0,0.0,0.0,0.0
9998,687588.9245887655,430040.33327076404,0.0,0.0,0.0,0.0
9999,690358.9245887655,428898.08593254536,0.0,0.0,0.0,0.0
10000,693128.9245887655,427755.8385943267,0.0,0.0,0.0,0.0
10001,693130.101652392,427641.63682638534,0.0,0.0,0.0,0.0
10002,693131.2787160183,427527.435058444,0.0,0.0,0.0,0.0
10003,697984.2787160183,429205.80249657726,0.0,0.0,0.0,0.0
10004,702837.2787160183,430884.1699347105,0.0,0.0,0.0,0.0
10005,697999.1243440933,432359.16044458625,0.0,0.0,0.0,0.0
10006,693160.9699721683,433834.150954462,0.0,0.0,0.0,0.0
10007,696404.9699721683,433607.7198450127,0.0,0.0,0.0,0.0
10008,699648.9699721683,433381.2887355634,0.0,0.0,0.0,0.0
10009,701615.9699721683,431692.1558768474,0.0,0.0,0.0,0.0
10010,703582.9699721683,430003.0230181314,0.0,0.0,0.0,0.0
10011,704534.4699721683,427460.69914331066,0.0,0.0,0.0,0.0
10012,705485.9699721683,424918.37526849,0.0,0.0,0.0,0.0
10013,704495.4551151721,423664.88260091684,0.0,0.0,0.0,0.0
10014,703504.940258176,422411.3899333437,0.0,0.0,0.0,0.0
10015,699036.3147003327,421757.11261111265,0.0,0.0,0.0,0.0
10016,694567.6891424893,421102.8352888816,0.0,0.0,0.0,0.0
10017,688689.8491424893,421673.7905505883,0.0,0.0,0.0,0.0
10018,682812.0091424893,422244.74581229495,0.0,0.0,0.0,0.0
10019,678842.8465599243,427769.6437509104,0.0,0.0,0.0,0.0
10020,674873.6839773593,433294.5416895259,0.0,0.0,0.0,0.0
10021,672747.3700389038,438199.76998051733,0.0,0.0,0.0,0.0
10022,670621.0561004484,443104.9982715088,0.0,0.0,0.0,0.0
10023,668833.6385677184,446607.0497678455,0.0,0.0,0.0,0.0
10024,667046.2210349886,450109.1012641822,0.0,0.0,0.0,0.0
10025,661764.4248754715,454192.14111959597,0.0,0.0,0.0,0.0
10026,656482.6287159544,458275.1809750098,0.0,0.0,0.0,0.0
10027,651853.7887159544,458332.2660054533,0.0,0.0,0.0,0.0
10028,647224.9487159543,458389.35103589675,0.0,0.0,0.0,0.0
10029,641164.4602007035,461489.2334061816,0.0,0.0,0.0,0.0
10030,635103.9716854525,464589.1157764665,0.0,0.0,0.0,0.0
10031,630248.6316854525,462746.83016994677,0.0,0.0,0.0,0.0
10032,625393.2916854525,460904.5445634271,0.0,0.0,0.0,0.0
10033,619602.5125070759,458935.78061659914,0.0,0.0,0.0,0.0
10034,613811.7333286994,456967.01666977117,0.0,0.0,0.0,0.0
10035,610079.0957387952,456809.8890833237,0.0,0.0,0.0,0.0
10036,606346.4581488911,456652.76149687625,0.0,0.0,0.0,0.0
10037,601002.1350376785,458779.1013514823,0.0,0.0,0.0,0.0
10038,595657.811926466,460905.44120608835,0.0,0.0,0.0,0.0
10039,590134.2448252728,464827.26764276146,0.0,0.0,0.0,0.0
10040,584610.6777240798,468749.0940794346,0.0,0.0,0.0,0.0
10041,581689.3821580508,470079.951280892,0.0,0.0,0.0,0.0
10042,578768.0865920217,471410.8084823494,0.0,0.0,0.0,0.0
10043,580073.5865920217,476794.71661667863,0.0,0.0,0.0,0.0
10044,581379.0865920217,482178.62475100794,0.0,0.0,0.0,0.0
10045,582300.0865920217,486407.9967865095,0.0,0.0,0.0,0.0
10046,583221.0865920217,490637.36882201105,0.0,0.0,0.0,0.0
10047,584093.5865920217,494360.77874331095,0.0,0.0,0.0,0.0
10048,584966.0865920217,498084.1886646109,0.0,0.0,0.0,0.0
10049,586695.5865920217,502598.78444096143,0.0,0.0,0.0,0.0
10050,588425.0865920217,507113.3802173119,0.0,0.0,0.0,0.0
10051,588302.0230628904,507577.6866020055,0.0,0.0,0.0,0.0
10052,588178.9595337592,508041.9929866991,0.0,0.0,0.0,0.0
10053,590177.4595337592,508301.6823399141,0.0,0.0,0.0,0.0
10054,592175.9595337592,508561.37169312907,0.0,0.0,0.0,0.0
10055,593878.4123382391,506647.1600997866,0.0,0.0,0.0,0.0
10056,595580.8651427192,504732.9485064441,0.0,0.0,0.0,0.0
10057,596759.8651427192,501330.61304780276,0.0,0.0,0.0,0.0
10058,597938.8651427192,497928.2775891614,0.0,0.0,0.0,0.0
10059,598836.3651427192,498222.34858030366,0.0,0.0,0.0,0.0
10060,599733.8651427192,498516.4195714459,0.0,0.0,0.0,0.0
10061,601347.4706772333,501617.401225487,0.0,0.0,0.0,0.0
10062,602961.0762117475,504718.3828795281,0.0,0.0,0.0,0.0
10063,598955.7362117474,510448.89986414986,0.0,0.0,0.0,0.0
10064,594950.3962117474,516179.4168487717,0.0,0.0,0.0,0.0
10065,592216.6598602589,522844.6173503441,0.0,0.0,0.0,0.0
10066,589482.9235087705,529509.8178519165,0.0,0.0,0.0,0.0
10067,590118.6975093852,536395.4909869765,0.0,0.0,0.0,0.0
10068,590754.4715099997,543281.1641220367,0.0,0.0,0.0,0.0
10069,593420.4909409133,548096.4849294997,0.0,0.0,0.0,0.0
10070,596086.510371827,552911.8057369626,0.0,0.0,0.0,0.0
10071,598013.510371827,557244.7263914245,0.0,0.0,0.0,0.0
10072,599940.510371827,561577.6470458865,0.0,0.0,0.0,0.0
10073,598534.6015774794,566300.5801633789,0.0,0.0,0.0,0.0
10074,597128.6927831317,571023.5132808712,0.0,0.0,0.0,0.0
10075,592891.8527831316,578590.0030843054,0.0,0.0,0.0,0.0
10076,588655.0127831317,586156.4928877398,0.0,0.0,0.0,0.0
10077,586331.313056076,592864.831262185,0.0,0.0,0.0,0.0
10078,584007.6133290202,599573.1696366303,0.0,0.0,0.0,0.0
10079,581577.8650534202,603458.4130282815,0.0,0.0,0.0,0.0
10080,579148.1167778202,607343.6564199327,0.0,0.0,0.0,0.0
10081,577832.0415441593,607620.1926572098,0.0,0.0,0.0,0.0
10082,576515.9663104984,607896.7288944869,0.0,0.0,0.0,0.0
10083,577416.9663104984,611096.1952048795,0.0,0.0,0.0,0.0
10084,578317.9663104984,614295.6615152721,0.0,0.0,0.0,0.0
10085,575823.8201682786,617874.599411316,0.0,0.0,0.0,0.0
10086,573329.6740260589,621453.5373073597,0.0,0.0,0.0,0.0
10087,568783.8340260589,627791.7048703119,0.0,0.0,0.0,0.0
10088,564237.9940260588,634129.872433264,0.0,0.0,0.0,0.0
10089,560161.6540260587,642575.5954204458,0.0,0.0,0.0,0.0
10090,556085.3140260588,651021.3184076275,0.0,0.0,0.0,0.0
10091,555203.6837758695,658246.1597736536,0.0,0.0,0.0,0.0
10092,554322.0535256803,665471.0011396797,0.0,0.0,0.0,0.0
10093,554173.534048131,671002.4815573178,0.0,0.0,0.0,0.0
10094,554025.0145705817,676533.9619749559,0.0,0.0,0.0,0.0
10095,552808.568955259,681037.3968223166,0.0,0.0,0.0,0.0
10096,551592.1233399364,685540.8316696774,0.0,0.0,0.0,0.0
10097,547000.486937389,691162.8396224545,0.0,0.0,0.0,0.0
10098,542408.8505348418,696784.8475752316,0.0,0.0,0.0,0.0
10099,538623.5105348418,702468.7795248806,0.0,0.0,0.0,0.0
10100,534838.1705348417,708152.7114745296,0.0,0.0,0.0,0.0
10101,530512.65806837,708913.4025290619,0.0,0.0,0.0,0.0
10102,526187.1456018982,709674.0935835942,0.0,0.0,0.0,0.0
10103,520663.80560189823,707572.0063522577,0.0,0.0,0.0,0.0
10104,515140.4656018982,705469.9191209213,0.0,0.0,0.0,0.0
10105,509161.29960292426,702089.2854686489,0.0,0.0,0.0,0.0
10106,503182.13360395026,698708.6518163765,0.0,0.0,0.0,0.0
10107,499687.37762940174,698198.4711944655,0.0,0.0,0.0,0.0
10108,496192.62165485317,697688.2905725546,0.0,0.0,0.0,0.0
10109,489029.78165485314,700485.6120931553,0.0,0.0,0.0,0.0
10110,481866.9416548532,703282.933613756,0.0,0.0,0.0,0.0
10111,476830.1016548532,707697.4292038239,0.0,0.0,0.0,0.0
10112,471793.2616548532,712111.9247938918,0.0,0.0,0.0,0.0
10113,467017.92165485315,716935.7959661635,0.0,0.0,0.0,0.0
10114,462242.5816548532,721759.6671384352,0.0,0.0,0.0,0.0
10115,457211.7416548532,727890.1174118561,0.0,0.0,0.0,0.0
10116,452180.9016548532,734020.567685277,0.0,0.0,0.0,0.0
10117,446459.56165485317,739284.8058587718,0.0,0.0,0.0,0.0
10118,440738.2216548532,744549.0440322666,0.0,0.0,0.0,0.0
10119,434462.38165485323,748995.4341314576,0.0,0.0,0.0,0.0
10120,428186.5416548532,753441.8242306486,0.0,0.0,0.0,0.0
10121,423714.7016548532,758686.220752606,0.0,0.0,0.0,0.0
10122,419242.8616548532,763930.6172745635,0.0,0.0,0.0,0.0
10123,415811.02165485325,765311.9799912475,0.0,0.0,0.0,0.0
10124,412379.1816548532,766693.3427079315,0.0,0.0,0.0,0.0
10125,406312.3416548532,767819.2441610727,0.0,0.0,0.0,0.0
10126,400245.50165485323,768945.1456142137,0.0,0.0,0.0,0.0
10127,394479.66165485326,766559.0747452494,0.0,0.0,0.0,0.0
10128,388713.82165485324,764173.003876285,0.0,0.0,0.0,0.0
10129,382344.9816548532,760646.6580955355,0.0,0.0,0.0,0.0
10130,375976.14165485324,757120.3123147859,0.0,0.0,0.0,0.0
10131,372251.8843411186,754942.0996771802,0.0,0.0,0.0,0.0
10132,368527.627027384,752763.8870395746,0.0,0.0,0.0,0.0
10133,362538.07253804547,752444.547535694,0.0,0.0,0.0,0.0
10134,356548.518048707,752125.2080318135,0.0,0.0,0.0,0.0
10135,352234.17804870696,752491.2401743052,0.0,0.0,0.0,0.0
10136,347919.838048707,752857.2723167969,0.0,0.0,0.0,0.0
10137,343948.998048707,753302.3571015638,0.0,0.0,0.0,0.0
10138,339978.158048707,753747.4418863306,0.0,0.0,0.0,0.0
10139,336288.818048707,761276.108541522,0.0,0.0,0.0,0.0
10140,332599.478048707,768804.7751967132,0.0,0.0,0.0,0.0
10141,328484.63804870704,775428.7865521249,0.0,0.0,0.0,0.0
10142,324369.798048707,782052.7979075365,0.0,0.0,0.0,0.0
10143,320361.1618482999,787938.9478464042,0.0,0.0,0.0,0.0
10144,316352.5256478928,793825.0977852718,0.0,0.0,0.0,0.0
10145,311047.18564789277,796671.2922215392,0.0,0.0,0.0,0.0
10146,305741.8456478928,799517.4866578067,0.0,0.0,0.0,0.0
10147,301890.50564789283,801203.914766877,0.0,0.0,0.0,0.0
10148,298039.1656478928,802890.3428759472,0.0,0.0,0.0,0.0
10149,295059.3732851538,803977.8011292347,0.0,0.0,0.0,0.0
10150,292079.58092241484,805065.2593825222,0.0,0.0,0.0,0.0
10151,289402.8695458664,803242.8154275399,0.0,0.0,0.0,0.0
10152,286726.158169318,801420.3714725574,0.0,0.0,0.0,0.0
10153,287677.38992040756,798086.8617426861,0.0,0.0,0.0,0.0
10154,288628.6216714971,794753.3520128148,0.0,0.0,0.0,0.0
10155,289974.1216714971,792552.7953036237,0.0,0.0,0.0,0.0
10156,291319.6216714971,790352.2385944324,0.0,0.0,0.0,0.0
10157,292772.99337878113,791837.7852828933,0.0,0.0,0.0,0.0
10158,294226.3650860652,793323.3319713542,0.0,0.0,0.0,0.0
10159,290581.5250860652,795718.4218876907,0.0,0.0,0.0,0.0
10160,286936.6850860652,798113.5118040273,0.0,0.0,0.0,0.0
10161,285322.4181709542,800424.8280069437,0.0,0.0,0.0,0.0
10162,283708.1512558432,802736.1442098601,0.0,0.0,0.0,0.0
10163,283818.1327249311,809591.4348160037,0.0,0.0,0.0,0.0
10164,283928.1141940191,816446.7254221472,0.0,0.0,0.0,0.0
10165,283700.4813868658,822381.8594382475,0.0,0.0,0.0,0.0
10166,283472.84857971244,828316.993454348,0.0,0.0,0.0,0.0
10167,281869.9973461097,833330.7307771841,0.0,0.0,0.0,0.0
10168,280267.14611250703,838344.4681000203,0.0,0.0,0.0,0.0
10169,274751.806112507,844388.1111479654,0.0,0.0,0.0,0.0
10170,269236.46611250704,850431.7541959105,0.0,0.0,0.0,0.0
10171,265741.1261125071,851705.2279323604,0.0,0.0,0.0,0.0
10172,262245.78611250705,852978.7016688102,0.0,0.0,0.0,0.0
10173,257393.94611250705,854462.9929528441,0.0,0.0,0.0,0.0
10174,252542.10611250706,855947.2842368779,0.0,0.0,0.0,0.0
10175,248424.76611250706,855970.1138748662,0.0,0.0,0.0,0.0
10176,244307.42611250706,855992.9435128544,0.0,0.0,0.0,0.0
10177,239840.99448618802,853706.7009531872,0.0,0.0,0.0,0.0
10178,235374.56285986898,851420.45839352,0.0,0.0,0.0,0.0
10179,234429.12800502303,848355.431011013,0.0,0.0,0.0,0.0
10180,233483.69315017707,845290.4036285061,0.0,0.0,0.0,0.0
10181,232100.7682603809,842331.4050714017,0.0,0.0,0.0,0.0
10182,230717.8433705847,839372.4065142974,0.0,0.0,0.0,0.0
10183,229537.1561462407,837073.1428708087,0.0,0.0,0.0,0.0
10184,228356.46892189668,834773.8792273202,0.0,0.0,0.0,0.0
10185,228384.56747933448,834037.1456423955,0.0,0.0,0.0,0.0
10186,228412.66603677228,833300.4120574708,0.0,0.0,0.0,0.0
10187,231231.66603677228,835713.7443158585,0.0,0.0,0.0,0.0
10188,234050.66603677228,838127.0765742462,0.0,0.0,0.0,0.0
10189,235849.66603677228,843798.6886558665,0.0,0.0,0.0,0.0
10190,237648.66603677228,849470.3007374869,0.0,0.0,0.0,0.0
10191,239256.66603677228,854682.4545756963,0.0,0.0,0.0,0.0
10192,240864.66603677228,859894.6084139056,0.0,0.0,0.0,0.0
10193,243981.66603677228,858632.8777789515,0.0,0.0,0.0,0.0
10194,247098.66603677228,857371.1471439975,0.0,0.0,0.0,0.0
10195,251369.66603677228,858209.9647014579,0.0,0.0,0.0,0.0
10196,255640.66603677228,859048.7822589184,0.0,0.0,0.0,0.0
10197,258435.66603677228,859849.7766681358,0.0,0.0,0.0,0.0
10198,261230.66603677228,860650.7710773533,0.0,0.0,0.0,0.0
10199,264135.1660367723,858931.2556897207,0.0,0.0,0.0,0.0
10200,267039.6660367723,857211.7403020882,0.0,0.0,0.0,0.0
10201,268492.1660367723,854327.1479382487,0.0,0.0,0.0,0.0
10202,269944.6660367723,851442.5555744093,0.0,0.0,0.0,0.0
10203,270797.1660367723,849839.6259533729,0.0,0.0,0.0,0.0
10204,271649.6660367723,848236.6963323365,0.0,0.0,0.0,0.0
10205,272426.1660367723,849057.4759600325,0.0,0.0,0.0,0.0
10206,273202.6660367723,849878.2555877286,0.0,0.0,0.0,0.0
10207,274115.1660367723,847069.7686869227,0.0,0.0,0.0,0.0
10208,275027.6660367723,844261.281786117,0.0,0.0,0.0,0.0
10209,276838.1660367723,842935.4991711781,0.0,0.0,0.0,0.0
10210,278648.6660367723,841609.7165562393,0.0,0.0,0.0,0.0
10211,280492.6660367723,842496.9981892734,0.0,0.0,0.0,0.0
10212,282336.6660367723,843384.2798223075,0.0,0.0,0.0,0.0
10213,283752.1660367723,848030.3265400927,0.0,0.0,0.0,0.0
10214,285167.6660367723,852676.373257878,0.0,0.0,0.0,0.0
10215,286014.1660367723,857164.9268665859,0.0,0.0,0.0,0.0
10216,286860.6660367723,861653.4804752936,0.0,0.0,0.0,0.0
10217,288181.6660367723,865396.1565751869,0.0,0.0,0.0,0.0
10218,289502.6660367723,869138.8326750803,0.0,0.0,0.0,0.0
10219,292391.6660367723,869451.8464668018,0.0,0.0,0.0,0.0
10220,295280.6660367723,869764.8602585234,0.0,0.0,0.0,0.0
10221,297421.1660367723,869956.9639861893,0.0,0.0,0.0,0.0
10222,299561.6660367723,870149.0677138554,0.0,0.0,0.0,0.0
10223,301010.6660367723,868077.3630114355,0.0,0.0,0.0,0.0
10224,302459.6660367723,866005.6583090156,0.0,0.0,0.0,0.0
10225,303378.6660367723,864779.6736884657,0.0,0.0,0.0,0.0
10226,304297.6660367723,863553.6890679159,0.0,0.0,0.0,0.0
10227,305290.6660367723,866660.0598180791,0.0,0.0,0.0,0.0
10228,306283.6660367723,869766.4305682423,0.0,0.0,0.0,0.0
10229,308364.1660367723,868919.2501792641,0.0,0.0,0.0,0.0
10230,310444.6660367723,868072.0697902859,0.0,0.0,0.0,0.0
10231,314885.1660367723,868584.6559398158,0.0,0.0,0.0,0.0
10232,319325.6660367723,869097.2420893457,0.0,0.0,0.0,0.0
10233,323257.6660367723,870597.0346636431,0.0,0.0,0.0,0.0
10234,327189.6660367723,872096.8272379405,0.0,0.0,0.0,0.0
10235,329751.6660367723,879079.6396937333,0.0,0.0,0.0,0.0
10236,332313.6660367723,886062.4521495261,0.0,0.0,0.0,0.0
10237,334506.6660367723,893249.4703673092,0.0,0.0,0.0,0.0
10238,336699.6660367723,900436.4885850922,0.0,0.0,0.0,0.0
10239,338302.1660367723,906820.5399672245,0.0,0.0,0.0,0.0
10240,339904.6660367723,913204.5913493567,0.0,0.0,0.0,0.0
10241,342432.6660367723,917513.0678307917,0.0,0.0,0.0,0.0
10242,344960.6660367723,921821.5443122267,0.0,0.0,0.0,0.0
10243,348633.2588094332,925422.6917946483,0.0,0.0,0.0,0.0
10244,352305.85158209404,929023.8392770698,0.0,0.0,0.0,0.0
10245,355882.35158209404,931808.3787884086,0.0,0.0,0.0,0.0
10246,359458.85158209404,934592.9182997473,0.0,0.0,0.0,0.0
10247,362250.85158209404,934347.8856419817,0.0,0.0,0.0,0.0
10248,365042.85158209404,934102.8529842162,0.0,0.0,0.0,0.0
10249,360332.52116813953,932239.485622938,0.0,0.0,0.0,0.0
10250,355622.190754185,930376.11826166,0.0,0.0,0.0,0.0
10251,353705.9233038033,927843.715212608,0.0,0.0,0.0,0.0
10252,351789.65585342154,925311.3121635559,0.0,0.0,0.0,0.0
10253,349348.93339586357,923535.372079364,0.0,0.0,0.0,0.0
10254,346908.2109383056,921759.4319951723,0.0,0.0,0.0,0.0
10255,342554.3709383056,923416.7176785471,0.0,0.0,0.0,0.0
10256,338200.5309383056,925074.003361922,0.0,0.0,0.0,0.0
10257,336604.44086880836,927688.0286803619,0.0,0.0,0.0,0.0
10258,335008.3507993111,930302.0539988019,0.0,0.0,0.0,0.0
10259,337688.8507993111,932836.7127110926,0.0,0.0,0.0,0.0
10260,340369.3507993111,935371.3714233831,0.0,0.0,0.0,0.0
10261,342607.3507993111,939058.8309529974,0.0,0.0,0.0,0.0
10262,344845.3507993111,942746.2904826117,0.0,0.0,0.0,0.0
10263,346770.8507993111,946103.6270140053,0.0,0.0,0.0,0.0
10264,348696.3507993111,949460.9635453989,0.0,0.0,0.0,0.0
10265,348691.3307967555,950524.2397858753,0.0,0.0,0.0,0.0
10266,348686.31079419993,951587.5160263517,0.0,0.0,0.0,0.0
10267,345036.47079419997,955080.1544769285,0.0,0.0,0.0,0.0
10268,341386.63079419994,958572.7929275053,0.0,0.0,0.0,0.0
10269,336245.69463686296,961187.4382975558,0.0,0.0,0.0,0.0
10270,331104.7584795259,963802.0836676063,0.0,0.0,0.0,0.0
10271,325023.41847952595,963669.9004029593,0.0,0.0,0.0,0.0
10272,318942.0784795259,963537.7171383123,0.0,0.0,0.0,0.0
10273,318484.6530888994,961418.8885134913,0.0,0.0,0.0,0.0
10274,318027.22769827285,959300.0598886702,0.0,0.0,0.0,0.0
10275,319336.72769827285,957267.4184377145,0.0,0.0,0.0,0.0
10276,320646.22769827285,955234.7769867586,0.0,0.0,0.0,0.0
10277,317944.9896222935,953429.0744252608,0.0,0.0,0.0,0.0
10278,315243.7515463142,951623.3718637631,0.0,0.0,0.0,0.0
10279,310945.91154631425,952271.8335767874,0.0,0.0,0.0,0.0
10280,306648.0715463142,952920.2952898117,0.0,0.0,0.0,0.0
10281,304050.76812251,953961.2496723086,0.0,0.0,0.0,0.0
10282,301453.46469870576,955002.2040548055,0.0,0.0,0.0,0.0
10283,302800.7787614523,958566.458370471,0.0,0.0,0.0,0.0
10284,304148.09282419883,962130.7126861366,0.0,0.0,0.0,0.0
10285,306843.28858689,967616.3092845946,0.0,0.0,0.0,0.0
10286,309538.4843495811,973101.9058830526,0.0,0.0,0.0,0.0
10287,312157.4843495811,978820.0218354636,0.0,0.0,0.0,0.0
10288,314776.4843495811,984538.1377878746,0.0,0.0,0.0,0.0
10289,312681.0990591618,987901.4302980041,0.0,0.0,0.0,0.0
10290,310585.71376874245,991264.7228081336,0.0,0.0,0.0,0.0
10291,307053.8737687424,992698.7899117137,0.0,0.0,0.0,0.0
10292,303522.03376874246,994132.8570152937,0.0,0.0,0.0,0.0
10293,303990.74586053035,994391.9263168981,0.0,0.0,0.0,0.0
10294,304459.45795231825,994650.9956185026,0.0,0.0,0.0,0.0
10295,303352.73712663935,992863.2745537106,0.0,0.0,0.0,0.0
10296,302246.0163009605,991075.5534889185,0.0,0.0,0.0,0.0
10297,300106.37095485977,988652.8995749322,0.0,0.0,0.0,0.0
10298,297966.725608759,986230.245660946,0.0,0.0,0.0,0.0
10299,296264.8324877209,984138.0792553782,0.0,0.0,0.0,0.0
10300,294562.93936668284,982045.9128498104,0.0,0.0,0.0,0.0
10301,289173.0993666828,980154.643166058,0.0,0.0,0.0,0.0
10302,283783.25936668285,978263.3734823056,0.0,0.0,0.0,0.0
10303,280724.9193666829,977592.3653680983,0.0,0.0,0.0,0.0
10304,277666.57936668285,976921.3572538908,0.0,0.0,0.0,0.0
10305,273568.7393666828,978409.8066082436,0.0,0.0,0.0,0.0
10306,269470.89936668286,979898.2559625963,0.0,0.0,0.0,0.0
10307,270331.3111415878,985983.4424684476,0.0,0.0,0.0,0.0
10308,271191.7229164928,992068.628974299,0.0,0.0,0.0,0.0
10309,273423.2229164928,997941.7578293453,0.0,0.0,0.0,0.0
10310,275654.7229164928,1.0038148866843915e6,0.0,0.0,0.0,0.0
10311,277264.2229164928,1.0098448885969047e6,0.0,0.0,0.0,0.0
10312,278873.7229164928,1.015874890509418e6,0.0,0.0,0.0,0.0
10313,275295.14242221985,1.0206645226342838e6,0.0,0.0,0.0,0.0
10314,271716.5619279469,1.0254541547591495e6,0.0,0.0,0.0,0.0
10315,268238.2219279469,1.0276980092660964e6,0.0,0.0,0.0,0.0
10316,264759.88192794693,1.0299418637730432e6,0.0,0.0,0.0,0.0
10317,258998.04192794694,1.031893673971425e6,0.0,0.0,0.0,0.0
10318,253236.20192794694,1.033845484169807e6,0.0,0.0,0.0,0.0
10319,247766.36192794694,1.0329469171145312e6,0.0,0.0,0.0,0.0
10320,242296.52192794695,1.0320483500592551e6,0.0,0.0,0.0,0.0
10321,236415.68192794695,1.0301744418205979e6,0.0,0.0,0.0,0.0
10322,230534.84192794695,1.0283005335819406e6,0.0,0.0,0.0,0.0
10323,225470.45858287453,1.0264359261174414e6,0.0,0.0,0.0,0.0
10324,220406.0752378021,1.0245713186529422e6,0.0,0.0,0.0,0.0
10325,215250.73523780212,1.0229113282199216e6,0.0,0.0,0.0,0.0
10326,210095.39523780212,1.021251337786901e6,0.0,0.0,0.0,0.0
10327,207198.05523780212,1.0219897069834538e6,0.0,0.0,0.0,0.0
10328,204300.71523780213,1.0227280761800066e6,0.0,0.0,0.0,0.0
10329,200423.37523780213,1.0246699655526199e6,0.0,0.0,0.0,0.0
10330,196546.03523780213,1.0266118549252332e6,0.0,0.0,0.0,0.0
10331,196051.7293585422,1.0280378613578761e6,0.0,0.0,0.0,0.0
10332,195557.42347928227,1.0294638677905191e6,0.0,0.0,0.0,0.0
10333,197515.1406976484,1.0302683859908389e6,0.0,0.0,0.0,0.0
10334,199472.85791601456,1.0310729041911586e6,0.0,0.0,0.0,0.0
10335,201996.85791601456,1.0314659046406399e6,0.0,0.0,0.0,0.0
10336,204520.85791601456,1.0318589050901213e6,0.0,0.0,0.0,0.0
10337,201313.79392782744,1.0327615879634675e6,0.0,0.0,0.0,0.0
10338,198106.72993964033,1.0336642708368137e6,0.0,0.0,0.0,0.0
10339,194703.38993964033,1.0373702070414168e6,0.0,0.0,0.0,0.0
10340,191300.04993964033,1.0410761432460197e6,0.0,0.0,0.0,0.0
10341,185983.70993964034,1.0442891384202425e6,0.0,0.0,0.0,0.0
10342,180667.36993964034,1.0475021335944652e6,0.0,0.0,0.0,0.0
10343,175730.52993964034,1.0482994076940194e6,0.0,0.0,0.0,0.0
10344,170793.68993964035,1.0490966817935735e6,0.0,0.0,0.0,0.0
10345,169884.34563395393,1.0484083122342711e6,0.0,0.0,0.0,0.0
10346,168975.0013282675,1.0477199426749685e6,0.0,0.0,0.0,0.0
10347,170857.0013282675,1.0462552684992685e6,0.0,0.0,0.0,0.0
10348,172739.0013282675,1.0447905943235683e6,0.0,0.0,0.0,0.0
10349,173870.45616624656,1.0431380445098742e6,0.0,0.0,0.0,0.0
10350,175001.91100422558,1.0414854946961801e6,0.0,0.0,0.0,0.0
10351,175478.23952449948,1.0402744216291914e6,0.0,0.0,0.0,0.0
10352,175954.5680447734,1.0390633485622026e6,0.0,0.0,0.0,0.0
10353,178095.37024577218,1.0384475250413334e6,0.0,0.0,0.0,0.0
10354,180236.172446771,1.0378317015204643e6,0.0,0.0,0.0,0.0
10355,182611.672446771,1.0368655488396393e6,0.0,0.0,0.0,0.0
10356,184987.172446771,1.0358993961588143e6,0.0,0.0,0.0,0.0
10357,186772.672446771,1.0347794706785751e6,0.0,0.0,0.0,0.0
10358,188558.172446771,1.0336595451983359e6,0.0,0.0,0.0,0.0
10359,189740.672446771,1.0319245285204398e6,0.0,0.0,0.0,0.0
10360,190923.172446771,1.0301895118425437e6,0.0,0.0,0.0,0.0
10361,192973.672446771,1.0292723432389515e6,0.0,0.0,0.0,0.0
10362,195024.172446771,1.0283551746353593e6,0.0,0.0,0.0,0.0
10363,192525.58434790038,1.0299399142803008e6,0.0,0.0,0.0,0.0
10364,190026.99624902976,1.0315246539252424e6,0.0,0.0,0.0,0.0
10365,186372.8332571513,1.0332879684340197e6,0.0,0.0,0.0,0.0
10366,182718.67026527287,1.0350512829427972e6,0.0,0.0,0.0,0.0
10367,177164.33026527287,1.0347293638853244e6,0.0,0.0,0.0,0.0
10368,171609.99026527288,1.0344074448278518e6,0.0,0.0,0.0,0.0
10369,171912.73901428614,1.0329483511166465e6,0.0,0.0,0.0,0.0
10370,172215.4877632994,1.0314892574054414e6,0.0,0.0,0.0,0.0
10371,173341.4877632994,1.0297840032048513e6,0.0,0.0,0.0,0.0
10372,174467.4877632994,1.0280787490042612e6,0.0,0.0,0.0,0.0
10373,175624.9877632994,1.0263796953197765e6,0.0,0.0,0.0,0.0
10374,176782.4877632994,1.0246806416352919e6,0.0,0.0,0.0,0.0
10375,177963.9877632994,1.0228333956158878e6,0.0,0.0,0.0,0.0
10376,179145.4877632994,1.0209861495964838e6,0.0,0.0,0.0,0.0
10377,180392.4877632994,1.0186050391404037e6,0.0,0.0,0.0,0.0
10378,181639.4877632994,1.0162239286843238e6,0.0,0.0,0.0,0.0
10379,182666.9877632994,1.0134267635975706e6,0.0,0.0,0.0,0.0
10380,183694.4877632994,1.0106295985108175e6,0.0,0.0,0.0,0.0
10381,184437.4877632994,1.0130204338978138e6,0.0,0.0,0.0,0.0
10382,185180.4877632994,1.0154112692848099e6,0.0,0.0,0.0,0.0
10383,186046.9877632994,1.018849157319037e6,0.0,0.0,0.0,0.0
10384,186913.4877632994,1.022287045353264e6,0.0,0.0,0.0,0.0
10385,188154.4877632994,1.0202717653474032e6,0.0,0.0,0.0,0.0
10386,189395.4877632994,1.0182564853415426e6,0.0,0.0,0.0,0.0
10387,189756.44043374198,1.0189675722672316e6,0.0,0.0,0.0,0.0
10388,190117.39310418456,1.0196786591929207e6,0.0,0.0,0.0,0.0
10389,192170.84610197137,1.0209316712262227e6,0.0,0.0,0.0,0.0
10390,194224.29909975818,1.0221846832595246e6,0.0,0.0,0.0,0.0
10391,194557.70256427242,1.0210566971083484e6,0.0,0.0,0.0,0.0
10392,194891.10602878666,1.0199287109571722e6,0.0,0.0,0.0,0.0
10393,196122.10602878666,1.0177639985131711e6,0.0,0.0,0.0,0.0
10394,197353.10602878666,1.01559928606917e6,0.0,0.0,0.0,0.0
10395,198274.60602878666,1.012953413575389e6,0.0,0.0,0.0,0.0
10396,199196.10602878666,1.0103075410816078e6,0.0,0.0,0.0,0.0
10397,196656.73033600056,1.0083778281980018e6,0.0,0.0,0.0,0.0
10398,194117.3546432145,1.0064481153143959e6,0.0,0.0,0.0,0.0
10399,188938.0146432145,1.0072274079172444e6,0.0,0.0,0.0,0.0
10400,183758.6746432145,1.0080067005200929e6,0.0,0.0,0.0,0.0
10401,179304.5335591432,1.0091927469794564e6,0.0,0.0,0.0,0.0
10402,174850.39247507186,1.0103787934388199e6,0.0,0.0,0.0,0.0
10403,173578.47334672153,1.0112715554863975e6,0.0,0.0,0.0,0.0
10404,172306.5542183712,1.012164317533975e6,0.0,0.0,0.0,0.0
10405,172862.61819856951,1.0138649640134302e6,0.0,0.0,0.0,0.0
10406,173418.68217876783,1.0155656104928853e6,0.0,0.0,0.0,0.0
10407,173910.11143656756,1.0164283167076543e6,0.0,0.0,0.0,0.0
10408,174401.5406943673,1.0172910229224232e6,0.0,0.0,0.0,0.0
10409,171214.99617156392,1.017691463991231e6,0.0,0.0,0.0,0.0
10410,168028.45164876056,1.0180919050600389e6,0.0,0.0,0.0,0.0
10411,163573.11164876056,1.0209173679776734e6,0.0,0.0,0.0,0.0
10412,159117.77164876056,1.0237428308953078e6,0.0,0.0,0.0,0.0
10413,154127.70700549526,1.025757886357965e6,0.0,0.0,0.0,0.0
10414,149137.64236222993,1.0277729418206221e6,0.0,0.0,0.0,0.0
10415,144690.90159845774,1.026927079152242e6,0.0,0.0,0.0,0.0
10416,140244.16083468555,1.0260812164838621e6,0.0,0.0,0.0,0.0
10417,132588.74626564526,1.0237428895889095e6,0.0,0.0,0.0,0.0
10418,124933.33169660496,1.0214045626939569e6,0.0,0.0,0.0,0.0
10419,120009.93379162272,1.018792172987145e6,0.0,0.0,0.0,0.0
10420,115086.53588664049,1.0161797832803332e6,0.0,0.0,0.0,0.0
10421,108704.44788200632,1.0144850699571222e6,0.0,0.0,0.0,0.0
10422,102322.35987737216,1.0127903566339114e6,0.0,0.0,0.0,0.0
10423,98335.01987737216,1.0137159814168476e6,0.0,0.0,0.0,0.0
10424,94347.67987737217,1.0146416061997839e6,0.0,0.0,0.0,0.0
10425,90317.57029741415,1.0160948949032907e6,0.0,0.0,0.0,0.0
10426,86287.46071745611,1.0175481836067975e6,0.0,0.0,0.0,0.0
10427,85064.33622335453,1.0184074628674057e6,0.0,0.0,0.0,0.0
10428,83841.21172925296,1.0192667421280141e6,0.0,0.0,0.0,0.0
10429,83866.36616595145,1.0229974468492807e6,0.0,0.0,0.0,0.0
10430,83891.52060264992,1.0267281515705474e6,0.0,0.0,0.0,0.0
10431,83848.5385218557,1.0286590060820703e6,0.0,0.0,0.0,0.0
10432,83805.55644106149,1.0305898605935932e6,0.0,0.0,0.0,0.0
10433,81892.24687211639,1.0309580589786529e6,0.0,0.0,0.0,0.0
10434,79978.93730317129,1.0313262573637126e6,0.0,0.0,0.0,0.0
10435,75370.0973031713,1.0343960206159004e6,0.0,0.0,0.0,0.0
10436,70761.2573031713,1.037465783868088e6,0.0,0.0,0.0,0.0
10437,66358.52495457238,1.0398138070456057e6,0.0,0.0,0.0,0.0
10438,61955.79260597346,1.0421618302231235e6,0.0,0.0,0.0,0.0
10439,62436.28874840816,1.0411671551682136e6,0.0,0.0,0.0,0.0
10440,62916.78489084286,1.0401724801133038e6,0.0,0.0,0.0,0.0
10441,60408.93819045092,1.0373120697622754e6,0.0,0.0,0.0,0.0
10442,57901.091490058985,1.0344516594112471e6,0.0,0.0,0.0,0.0
10443,57516.45872041201,1.0314684788413316e6,0.0,0.0,0.0,0.0
10444,57131.82595076504,1.0284852982714161e6,0.0,0.0,0.0,0.0
10445,56022.23214957842,1.026357168872437e6,0.0,0.0,0.0,0.0
10446,54912.6383483918,1.0242290394734577e6,0.0,0.0,0.0,0.0
10447,50377.29834839181,1.0242134259115924e6,0.0,0.0,0.0,0.0
10448,45841.9583483918,1.0241978123497271e6,0.0,0.0,0.0,0.0
10449,40380.1183483918,1.0251885425517702e6,0.0,0.0,0.0,0.0
10450,34918.2783483918,1.0261792727538133e6,0.0,0.0,0.0,0.0
10451,37660.2783483918,1.0265877744935581e6,0.0,0.0,0.0,0.0
10452,40402.2783483918,1.026996276233303e6,0.0,0.0,0.0,0.0
10453,42369.7783483918,1.0263847930737076e6,0.0,0.0,0.0,0.0
10454,44337.2783483918,1.0257733099141122e6,0.0,0.0,0.0,0.0
10455,46017.7783483918,1.0245188332343856e6,0.0,0.0,0.0,0.0
10456,47698.2783483918,1.023264356554659e6,0.0,0.0,0.0,0.0
10457,48029.52055438669,1.0231507748383281e6,0.0,0.0,0.0,0.0
10458,48360.76276038157,1.0230371931219973e6,0.0,0.0,0.0,0.0
10459,43941.92276038157,1.0254769839378751e6,0.0,0.0,0.0,0.0
10460,39523.08276038157,1.027916774753753e6,0.0,0.0,0.0,0.0
10461,35293.315975465914,1.0296187041530868e6,0.0,0.0,0.0,0.0
10462,31063.54919055025,1.0313206335524207e6,0.0,0.0,0.0,0.0
10463,26403.374400697834,1.0299433866538068e6,0.0,0.0,0.0,0.0
10464,21743.19961084542,1.028566139755193e6,0.0,0.0,0.0,0.0
10465,18790.208432818043,1.0254558486051166e6,0.0,0.0,0.0,0.0
10466,15837.217254790667,1.0223455574550402e6,0.0,0.0,0.0,0.0
10467,15864.874168289929,1.0189791849898102e6,0.0,0.0,0.0,0.0
10468,15892.531081789191,1.0156128125245803e6,0.0,0.0,0.0,0.0
10469,12080.105540894596,1.012753642276773e6,0.0,0.0,0.0,0.0
10470,8267.68,1.0098944720289657e6,0.0,0.0,0.0,0.0
10471,4133.84,1.0107053872639518e6,0.0,0.0,0.0,0.0
10472,0.0,1.0115163024989379e6,0.0,0.0,0.0,0.0
10473,0.0,1.0130309763118883e6,0.0,0.0,0.0,0.0
10474,0.0,1.0145456501248387e6,0.0,0.0,0.0,0.0
10475,2802.5,1.0143923851054332e6,0.0,0.0,0.0,0.0
10476,5605.0,1.0142391200860278e6,0.0,0.0,0.0,0.0
10477,7309.0,1.0131681786830213e6,0.0,0.0,0.0,0.0
10478,9013.0,1.0120972372800149e6,0.0,0.0,0.0,0.0
10479,10562.0,1.0099792140680256e6,0.0,0.0,0.0,0.0
10480,12111.0,1.0078611908560364e6,0.0,0.0,0.0,0.0
10481,14806.0,1.0062830472356072e6,0.0,0.0,0.0,0.0
10482,17501.0,1.0047049036151781e6,0.0,0.0,0.0,0.0
10483,17943.949997152464,1.004874065433254e6,0.0,0.0,0.0,0.0
10484,18386.899994304924,1.00504322725133e6,0.0,0.0,0.0,0.0
10485,18710.812685150304,1.0036827217462009e6,0.0,0.0,0.0,0.0
10486,19034.725375995688,1.0023222162410717e6,0.0,0.0,0.0,0.0
10487,21246.725375995688,999999.3906363826,0.0,0.0,0.0,0.0
10488,23458.725375995688,997676.5650316934,0.0,0.0,0.0,0.0
10489,22206.178528518823,995064.7953764922,0.0,0.0,0.0,0.0
10490,20953.631681041956,992453.0257212908,0.0,0.0,0.0,0.0
10491,21885.631681041956,988552.7888193849,0.0,0.0,0.0,0.0
10492,22817.631681041956,984652.5519174789,0.0,0.0,0.0,0.0
10493,23795.068249739335,981287.41955547,0.0,0.0,0.0,0.0
10494,24772.50481843672,977922.2871934611,0.0,0.0,0.0,0.0
10495,22512.270380001704,976106.6638061947,0.0,0.0,0.0,0.0
10496,20252.035941566686,974291.0404189283,0.0,0.0,0.0,0.0
10497,20765.301028446716,973673.3567432275,0.0,0.0,0.0,0.0
10498,21278.566115326743,973055.6730675267,0.0,0.0,0.0,0.0
10499,24127.066115326743,973321.8336193758,0.0,0.0,0.0,0.0
10500,26975.566115326743,973587.994171225,0.0,0.0,0.0,0.0
10501,29424.566115326743,976205.1908643215,0.0,0.0,0.0,0.0
10502,31873.566115326743,978822.3875574181,0.0,0.0,0.0,0.0
10503,33889.06611532674,977202.243575239,0.0,0.0,0.0,0.0
10504,35904.56611532674,975582.0995930599,0.0,0.0,0.0,0.0
10505,37004.728044624484,973419.8673555009,0.0,0.0,0.0,0.0
10506,38104.889973922225,971257.635117942,0.0,0.0,0.0,0.0
10507,37590.95339910049,972933.522349633,0.0,0.0,0.0,0.0
10508,37077.016824278755,974609.4095813242,0.0,0.0,0.0,0.0
10509,38075.21927422218,975279.5731007175,0.0,0.0,0.0,0.0
10510,39073.4217241656,975949.7366201107,0.0,0.0,0.0,0.0
10511,38728.969952931104,974121.092149023,0.0,0.0,0.0,0.0
10512,38384.51818169661,972292.4476779351,0.0,0.0,0.0,0.0
10513,39517.51818169661,969633.5541003327,0.0,0.0,0.0,0.0
10514,40650.51818169661,966974.6605227302,0.0,0.0,0.0,0.0
10515,41655.01818169661,962958.473969653,0.0,0.0,0.0,0.0
10516,42659.51818169661,958942.287416576,0.0,0.0,0.0,0.0
10517,43794.51818169661,954769.8478576425,0.0,0.0,0.0,0.0
10518,44929.51818169661,950597.4082987088,0.0,0.0,0.0,0.0
10519,46733.51818169661,946653.7677840651,0.0,0.0,0.0,0.0
10520,48537.51818169661,942710.1272694212,0.0,0.0,0.0,0.0
10521,52414.01818169661,939486.3666746158,0.0,0.0,0.0,0.0
10522,56290.51818169661,936262.6060798103,0.0,0.0,0.0,0.0
10523,59091.51818169661,935334.9835503319,0.0,0.0,0.0,0.0
10524,61892.51818169661,934407.3610208535,0.0,0.0,0.0,0.0
10525,64175.51818169661,937443.1337060633,0.0,0.0,0.0,0.0
10526,66458.5181816966,940478.906391273,0.0,0.0,0.0,0.0
10527,67890.0181816966,942750.1554406855,0.0,0.0,0.0,0.0
10528,69321.5181816966,945021.4044900979,0.0,0.0,0.0,0.0
10529,71323.0181816966,941141.9133232969,0.0,0.0,0.0,0.0
10530,73324.5181816966,937262.4221564959,0.0,0.0,0.0,0.0
10531,76197.88086709783,937311.9140137373,0.0,0.0,0.0,0.0
10532,79071.24355249906,937361.405870979,0.0,0.0,0.0,0.0
10533,82498.74355249906,937854.854681368,0.0,0.0,0.0,0.0
10534,85926.24355249906,938348.303491757,0.0,0.0,0.0,0.0
10535,85440.96837727929,936901.6108127626,0.0,0.0,0.0,0.0
10536,84955.69320205954,935454.9181337683,0.0,0.0,0.0,0.0
10537,85524.77064869413,931286.8189361085,0.0,0.0,0.0,0.0
10538,86093.8480953287,927118.7197384487,0.0,0.0,0.0,0.0
10539,87287.8480953287,922277.8645433518,0.0,0.0,0.0,0.0
10540,88481.8480953287,917437.0093482549,0.0,0.0,0.0,0.0
10541,89397.3480953287,912725.1248881505,0.0,0.0,0.0,0.0
10542,90312.8480953287,908013.2404280461,0.0,0.0,0.0,0.0
10543,91280.8480953287,903845.1412303863,0.0,0.0,0.0,0.0
10544,92248.8480953287,899677.0420327266,0.0,0.0,0.0,0.0
10545,94237.8480953287,895928.0977237928,0.0,0.0,0.0,0.0
10546,96226.8480953287,892179.1534148589,0.0,0.0,0.0,0.0
10547,98792.3480953287,888647.8472212249,0.0,0.0,0.0,0.0
10548,101357.8480953287,885116.541027591,0.0,0.0,0.0,0.0
10549,103003.3480953287,882139.860076708,0.0,0.0,0.0,0.0
10550,104648.8480953287,879163.1791258251,0.0,0.0,0.0,0.0
10551,105555.3480953287,874946.0958509326,0.0,0.0,0.0,0.0
10552,106461.8480953287,870729.0125760401,0.0,0.0,0.0,0.0
10553,106785.35114431143,867450.687439507,0.0,0.0,0.0,0.0
10554,107108.85419329416,864172.3623029739,0.0,0.0,0.0,0.0
10555,105875.07460714744,865395.6118589699,0.0,0.0,0.0,0.0
10556,104641.29502100073,866618.8614149659,0.0,0.0,0.0,0.0
10557,102693.49441640527,868432.4001041972,0.0,0.0,0.0,0.0
10558,100745.69381180983,870245.9387934285,0.0,0.0,0.0,0.0
10559,95969.44495244339,869112.9922293678,0.0,0.0,0.0,0.0
10560,91193.19609307694,867980.0456653073,0.0,0.0,0.0,0.0
10561,88577.00202026483,863950.2179767983,0.0,0.0,0.0,0.0
10562,85960.8079474527,859920.3902882892,0.0,0.0,0.0,0.0
10563,85367.02198657874,855698.3466005123,0.0,0.0,0.0,0.0
10564,84773.23602570478,851476.3029127355,0.0,0.0,0.0,0.0
10565,78506.14363740107,848348.6503175639,0.0,0.0,0.0,0.0
10566,72239.05124909735,845220.9977223923,0.0,0.0,0.0,0.0
10567,66886.21124909735,846860.921960672,0.0,0.0,0.0,0.0
10568,61533.37124909735,848500.8461989517,0.0,0.0,0.0,0.0
10569,56094.531249097345,850985.9007823991,0.0,0.0,0.0,0.0
10570,50655.69124909735,853470.9553658464,0.0,0.0,0.0,0.0
10571,47797.03386813653,855516.3933574201,0.0,0.0,0.0,0.0
10572,44938.376487175716,857561.8313489937,0.0,0.0,0.0,0.0
10573,43509.0778051559,859467.3051007867,0.0,0.0,0.0,0.0
10574,42079.77912313609,861372.7788525798,0.0,0.0,0.0,0.0
10575,40161.27570493189,861534.7764601305,0.0,0.0,0.0,0.0
10576,38242.7722867277,861696.7740676813,0.0,0.0,0.0,0.0
10577,32402.932286727697,860902.3756829762,0.0,0.0,0.0,0.0
10578,26563.092286727697,860107.9772982711,0.0,0.0,0.0,0.0
10579,22987.621879607585,862702.1609651737,0.0,0.0,0.0,0.0
10580,19412.151472487476,865296.3446320763,0.0,0.0,0.0,0.0
10581,13218.311472487476,866616.3222393168,0.0,0.0,0.0,0.0
10582,7024.471472487476,867936.2998465572,0.0,0.0,0.0,0.0
10583,3512.235736243738,865542.7883582665,0.0,0.0,0.0,0.0
10584,0.0,863149.2768699756,0.0,0.0,0.0,0.0
10585,1471.7337281974537,859502.0210251705,0.0,0.0,0.0,0.0
10586,2943.4674563949075,855854.7651803653,0.0,0.0,0.0,0.0
10587,4227.9674563949075,851477.0885383426,0.0,0.0,0.0,0.0
10588,5512.4674563949075,847099.41189632,0.0,0.0,0.0,0.0
10589,6149.345529395925,843671.6543216463,0.0,0.0,0.0,0.0
10590,6786.223602396942,840243.8967469728,0.0,0.0,0.0,0.0
10591,3393.111801198471,842090.1862957643,0.0,0.0,0.0,0.0
10592,0.0,843936.4758445557,0.0,0.0,0.0,0.0
10593,0.0,845774.8165982086,0.0,0.0,0.0,0.0
10594,0.0,847613.1573518615,0.0,0.0,0.0,0.0
10595,3423.0,852422.2565057015,0.0,0.0,0.0,0.0
10596,6846.0,857231.3556595416,0.0,0.0,0.0,0.0
10597,9243.0,862692.7702451885,0.0,0.0,0.0,0.0
10598,11640.0,868154.1848308354,0.0,0.0,0.0,0.0
10599,13129.5,872473.2283685999,0.0,0.0,0.0,0.0
10600,14619.0,876792.2719063645,0.0,0.0,0.0,0.0
10601,12737.951438034937,876624.7456999165,0.0,0.0,0.0,0.0
10602,10856.902876069875,876457.2194934686,0.0,0.0,0.0,0.0
10603,10807.890539319937,878097.763783359,0.0,0.0,0.0,0.0
10604,10758.878202569998,879738.3080732492,0.0,0.0,0.0,0.0
10605,13001.378202569998,879341.9828225116,0.0,0.0,0.0,0.0
10606,15243.878202569998,878945.657571774,0.0,0.0,0.0,0.0
10607,14421.159898766542,875534.0213389745,0.0,0.0,0.0,0.0
10608,13598.441594963086,872122.385106175,0.0,0.0,0.0,0.0
10609,13650.411409041446,867309.4322335524,0.0,0.0,0.0,0.0
10610,13702.381223119806,862496.4793609298,0.0,0.0,0.0,0.0
10611,14456.381223119806,857207.3268514115,0.0,0.0,0.0,0.0
10612,15210.381223119806,851918.1743418933,0.0,0.0,0.0,0.0
10613,13441.318965086828,848929.6166244256,0.0,0.0,0.0,0.0
10614,11672.25670705385,845941.0589069581,0.0,0.0,0.0,0.0
10615,6692.665002568092,846216.2495504366,0.0,0.0,0.0,0.0
10616,1713.073298082334,846491.4401939152,0.0,0.0,0.0,0.0
10617,856.536649041167,848414.7280182121,0.0,0.0,0.0,0.0
10618,0.0,850338.0158425092,0.0,0.0,0.0,0.0
10619,2817.0,855061.143418717,0.0,0.0,0.0,0.0
10620,5634.0,859784.2709949248,0.0,0.0,0.0,0.0
10621,7370.0,861088.7473119018,0.0,0.0,0.0,0.0
10622,9106.0,862393.2236288787,0.0,0.0,0.0,0.0
10623,10023.0,862618.810143514,0.0,0.0,0.0,0.0
10624,10940.0,862844.3966581492,0.0,0.0,0.0,0.0
10625,12617.0,864230.1809929773,0.0,0.0,0.0,0.0
10626,14294.0,865615.9653278055,0.0,0.0,0.0,0.0
10627,14630.364905522662,867544.2135649868,0.0,0.0,0.0,0.0
10628,14966.729811045323,869472.4618021683,0.0,0.0,0.0,0.0
10629,16304.729811045323,868591.8762435981,0.0,0.0,0.0,0.0
10630,17642.729811045323,867711.2906850277,0.0,0.0,0.0,0.0
10631,18673.655028928624,863927.6234859035,0.0,0.0,0.0,0.0
10632,19704.580246811925,860143.9562867794,0.0,0.0,0.0,0.0
10633,20329.080246811925,855399.2090913163,0.0,0.0,0.0,0.0
10634,20953.580246811925,850654.4618958533,0.0,0.0,0.0,0.0
10635,21357.580246811925,845159.4522516354,0.0,0.0,0.0,0.0
10636,21761.580246811925,839664.4426074175,0.0,0.0,0.0,0.0
10637,22979.580246811925,836780.5744684028,0.0,0.0,0.0,0.0
10638,24197.580246811925,833896.7063293881,0.0,0.0,0.0,0.0
10639,21389.825921609827,832255.7436685907,0.0,0.0,0.0,0.0
10640,18582.071596407728,830614.7810077931,0.0,0.0,0.0,0.0
10641,22215.071596407728,830759.2282513231,0.0,0.0,0.0,0.0
10642,25848.071596407728,830903.675494853,0.0,0.0,0.0,0.0
10643,29141.571596407728,835344.4851295492,0.0,0.0,0.0,0.0
10644,32435.071596407728,839785.2947642453,0.0,0.0,0.0,0.0
10645,35510.571596407724,839203.175658965,0.0,0.0,0.0,0.0
10646,38586.071596407724,838621.0565536849,0.0,0.0,0.0,0.0
10647,41310.571596407724,835092.3511789349,0.0,0.0,0.0,0.0
10648,44035.071596407724,831563.645804185,0.0,0.0,0.0,0.0
10649,47792.071596407724,827438.9502192631,0.0,0.0,0.0,0.0
10650,51549.071596407724,823314.2546343412,0.0,0.0,0.0,0.0
10651,47724.02069726532,821760.2930267232,0.0,0.0,0.0,0.0
10652,43898.96979812291,820206.3314191052,0.0,0.0,0.0,0.0
10653,42189.04041319969,818393.8082898915,0.0,0.0,0.0,0.0
10654,40479.11102827647,816581.2851606777,0.0,0.0,0.0,0.0
10655,38505.08265341117,811693.9260947902,0.0,0.0,0.0,0.0
10656,36531.05427854587,806806.5670289027,0.0,0.0,0.0,0.0
10657,36924.217072372965,803480.2414625194,0.0,0.0,0.0,0.0
10658,37317.37986620007,800153.9158961361,0.0,0.0,0.0,0.0
10659,37773.87986620007,799750.06604439,0.0,0.0,0.0,0.0
10660,38230.37986620007,799346.2161926437,0.0,0.0,0.0,0.0
10661,37078.62786381249,801096.001837591,0.0,0.0,0.0,0.0
10662,35926.87586142491,802845.7874825383,0.0,0.0,0.0,0.0
10663,35684.01519527589,805560.3734334877,0.0,0.0,0.0,0.0
10664,35441.15452912687,808274.9593844371,0.0,0.0,0.0,0.0
10665,31362.717692197326,813097.609802593,0.0,0.0,0.0,0.0
10666,27284.28085526778,817920.2602207488,0.0,0.0,0.0,0.0
10667,25234.815975120917,823219.8413360445,0.0,0.0,0.0,0.0
10668,23185.35109497405,828519.4224513401,0.0,0.0,0.0,0.0
10669,22471.925678562904,831863.6255459157,0.0,0.0,0.0,0.0
10670,21758.500262151756,835207.8286404914,0.0,0.0,0.0,0.0
10671,20723.903920120596,838663.7786949642,0.0,0.0,0.0,0.0
10672,19689.30757808944,842119.728749437,0.0,0.0,0.0,0.0
10673,16627.798939784,844114.3821788298,0.0,0.0,0.0,0.0
10674,13566.290301478562,846109.0356082224,0.0,0.0,0.0,0.0
10675,9421.114284740537,845891.9052729311,0.0,0.0,0.0,0.0
10676,5275.938268002512,845674.77493764,0.0,0.0,0.0,0.0
10677,4082.1366383170916,844781.1682952483,0.0,0.0,0.0,0.0
10678,2888.3350086316714,843887.5616528566,0.0,0.0,0.0,0.0
10679,2218.786403152515,840687.3630192517,0.0,0.0,0.0,0.0
10680,1549.2377976733587,837487.1643856468,0.0,0.0,0.0,0.0
10681,774.6188988366794,832512.378042673,0.0,0.0,0.0,0.0
10682,0.0,827537.5916996992,0.0,0.0,0.0,0.0
10683,1290.0,824831.9673180375,0.0,0.0,0.0,0.0
10684,2580.0,822126.342936376,0.0,0.0,0.0,0.0
10685,3551.5,821692.3506960215,0.0,0.0,0.0,0.0
10686,4523.0,821258.358455667,0.0,0.0,0.0,0.0
10687,6494.213137991821,820292.110685728,0.0,0.0,0.0,0.0
10688,8465.426275983642,819325.8629157891,0.0,0.0,0.0,0.0
10689,10887.926275983642,818128.1821016194,0.0,0.0,0.0,0.0
10690,13310.426275983642,816930.5012874497,0.0,0.0,0.0,0.0
10691,15334.426275983642,819723.6228239372,0.0,0.0,0.0,0.0
10692,17358.426275983642,822516.7443604247,0.0,0.0,0.0,0.0
10693,19232.426275983642,828979.5148752525,0.0,0.0,0.0,0.0
10694,21106.426275983642,835442.2853900803,0.0,0.0,0.0,0.0
10695,22303.426275983642,840914.8609047169,0.0,0.0,0.0,0.0
10696,23500.426275983642,846387.4364193536,0.0,0.0,0.0,0.0
10697,25303.926275983642,847174.0057492887,0.0,0.0,0.0,0.0
10698,27107.426275983642,847960.5750792238,0.0,0.0,0.0,0.0
10699,29516.840687460026,849020.1310100369,0.0,0.0,0.0,0.0
10700,31926.255098936406,850079.6869408501,0.0,0.0,0.0,0.0
10701,33931.25509893641,850793.8741245918,0.0,0.0,0.0,0.0
10702,35936.25509893641,851508.0613083335,0.0,0.0,0.0,0.0
10703,37009.34488821931,849350.789483659,0.0,0.0,0.0,0.0
10704,38082.43467750221,847193.5176589843,0.0,0.0,0.0,0.0
10705,38814.93467750221,842729.6538430965,0.0,0.0,0.0,0.0
10706,39547.43467750221,838265.7900272085,0.0,0.0,0.0,0.0
10707,39856.93467750221,832981.5229937248,0.0,0.0,0.0,0.0
10708,40166.43467750221,827697.2559602411,0.0,0.0,0.0,0.0
10709,40570.43467750221,825316.2310846255,0.0,0.0,0.0,0.0
10710,40974.43467750221,822935.2062090099,0.0,0.0,0.0,0.0
10711,41568.43467750221,821519.173844073,0.0,0.0,0.0,0.0
10712,42162.43467750221,820103.1414791361,0.0,0.0,0.0,0.0
10713,42925.43467750221,821739.77624981,0.0,0.0,0.0,0.0
10714,43688.43467750221,823376.4110204839,0.0,0.0,0.0,0.0
10715,44776.93467750221,825710.9053341716,0.0,0.0,0.0,0.0
10716,45865.43467750221,828045.3996478592,0.0,0.0,0.0,0.0
10717,46818.43467750221,830586.9911994676,0.0,0.0,0.0,0.0
10718,47771.43467750221,833128.582751076,0.0,0.0,0.0,0.0
10719,48583.43467750221,835398.7936683553,0.0,0.0,0.0,0.0
10720,49395.43467750221,837669.0045856348,0.0,0.0,0.0,0.0
10721,50600.93467750221,833683.8206130847,0.0,0.0,0.0,0.0
10722,51806.43467750221,829698.6366405346,0.0,0.0,0.0,0.0
10723,53051.16317140863,829345.7150025349,0.0,0.0,0.0,0.0
10724,54295.89166531505,828992.7933645352,0.0,0.0,0.0,0.0
10725,55340.76867211645,829569.3290907368,0.0,0.0,0.0,0.0
10726,56385.645678917856,830145.8648169383,0.0,0.0,0.0,0.0
10727,53899.21305729667,828317.8403974611,0.0,0.0,0.0,0.0
10728,51412.78043567549,826489.8159779838,0.0,0.0,0.0,0.0
10729,49008.443892268435,821936.664730178,0.0,0.0,0.0,0.0
10730,46604.10734886138,817383.513482372,0.0,0.0,0.0,0.0
10731,45686.2010460271,812702.0115511841,0.0,0.0,0.0,0.0
10732,44768.29474319282,808020.5096199963,0.0,0.0,0.0,0.0
10733,37926.45474319282,804535.707297153,0.0,0.0,0.0,0.0
10734,31084.61474319282,801050.9049743096,0.0,0.0,0.0,0.0
10735,26448.27474319282,801724.7888033661,0.0,0.0,0.0,0.0
10736,21811.934743192818,802398.6726324226,0.0,0.0,0.0,0.0
10737,17110.594743192818,805414.040102564,0.0,0.0,0.0,0.0
10738,12409.254743192818,808429.4075727055,0.0,0.0,0.0,0.0
10739,14757.754743192818,816309.7015517234,0.0,0.0,0.0,0.0
10740,17106.254743192818,824189.9955307413,0.0,0.0,0.0,0.0
10741,18379.754743192818,831957.3820559909,0.0,0.0,0.0,0.0
10742,19653.254743192818,839724.7685812406,0.0,0.0,0.0,0.0
10743,20502.254743192818,845418.7025208403,0.0,0.0,0.0,0.0
10744,21351.254743192818,851112.6364604402,0.0,0.0,0.0,0.0
10745,23383.254743192818,856370.6741178297,0.0,0.0,0.0,0.0
10746,25415.254743192818,861628.7117752191,0.0,0.0,0.0,0.0
10747,20395.414743192818,865615.8514226119,0.0,0.0,0.0,0.0
10748,15375.574743192818,869602.9910700046,0.0,0.0,0.0,0.0
10749,12285.745376736499,867625.5490314409,0.0,0.0,0.0,0.0
10750,9195.91601028018,865648.106992877,0.0,0.0,0.0,0.0
10751,4597.95800514009,864446.6030583051,0.0,0.0,0.0,0.0
10752,0.0,863245.0991237331,0.0,0.0,0.0,0.0
10753,581.5,863981.1741902803,0.0,0.0,0.0,0.0
10754,1163.0,864717.2492568275,0.0,0.0,0.0,0.0
10755,1530.5,866498.0374823019,0.0,0.0,0.0,0.0
10756,1898.0,868278.8257077762,0.0,0.0,0.0,0.0
10757,2978.0,870080.0756363985,0.0,0.0,0.0,0.0
10758,4058.0,871881.3255650207,0.0,0.0,0.0,0.0
10759,2029.0,876097.6765167008,0.0,0.0,0.0,0.0
10760,0.0,880314.027468381,0.0,0.0,0.0,0.0
10761,2591.25628814395,887047.1679072479,0.0,0.0,0.0,0.0
10762,5182.5125762879,893780.3083461148,0.0,0.0,0.0,0.0
10763,8098.5125762879,900525.8498171926,0.0,0.0,0.0,0.0
10764,11014.5125762879,907271.3912882704,0.0,0.0,0.0,0.0
10765,10940.149858345327,912534.389358544,0.0,0.0,0.0,0.0
10766,10865.787140402754,917797.3874288178,0.0,0.0,0.0,0.0
10767,5432.893570201377,921398.0271312306,0.0,0.0,0.0,0.0
10768,0.0,924998.6668336433,0.0,0.0,0.0,0.0
10769,0.0,928747.4988709755,0.0,0.0,0.0,0.0
10770,0.0,932496.3309083076,0.0,0.0,0.0,0.0
10771,0.0,938649.103039708,0.0,0.0,0.0,0.0
10772,0.0,944801.8751711083,0.0,0.0,0.0,0.0
10773,0.0,945087.7052227093,0.0,0.0,0.0,0.0
10774,0.0,945373.5352743103,0.0,0.0,0.0,0.0
10775,1511.527273837777,947938.0687355087,0.0,0.0,0.0,0.0
10776,3023.054547675554,950502.6021967072,0.0,0.0,0.0,0.0
10777,1511.527273837777,952478.0866278914,0.0,0.0,0.0,0.0
10778,0.0,954453.5710590756,0.0,0.0,0.0,0.0
10779,468.0,956024.1617885765,0.0,0.0,0.0,0.0
10780,936.0,957594.7525180774,0.0,0.0,0.0,0.0
10781,468.0,959495.8307559968,0.0,0.0,0.0,0.0
10782,0.0,961396.908993916,0.0,0.0,0.0,0.0
10783,0.0,963982.5242098728,0.0,0.0,0.0,0.0
10784,0.0,966568.1394258296,0.0,0.0,0.0,0.0
10785,0.0,969957.3415290478,0.0,0.0,0.0,0.0
10786,0.0,973346.5436322661,0.0,0.0,0.0,0.0
10787,0.0,976200.0211439767,0.0,0.0,0.0,0.0
10788,0.0,979053.4986556873,0.0,0.0,0.0,0.0
10789,2588.5,981549.2063881157,0.0,0.0,0.0,0.0
10790,5177.0,984044.914120544,0.0,0.0,0.0,0.0
10791,6433.5,986380.0284858422,0.0,0.0,0.0,0.0
10792,7690.0,988715.1428511404,0.0,0.0,0.0,0.0
10793,9465.0,991255.4942995277,0.0,0.0,0.0,0.0
10794,11240.0,993795.845747915,0.0,0.0,0.0,0.0
10795,13377.273087670137,999388.0912233861,0.0,0.0,0.0,0.0
10796,15514.546175340274,1.0049803366988571e6,0.0,0.0,0.0,0.0
10797,14213.613087670137,1.0062635071295409e6,0.0,0.0,0.0,0.0
10798,12912.68,1.0075466775602247e6,0.0,0.0,0.0,0.0
10799,6456.34,1.0069727382283653e6,0.0,0.0,0.0,0.0
10800,0.0,1.006398798896506e6,0.0,0.0,0.0,0.0
10801,0.0,1.0081386637156846e6,0.0,0.0,0.0,0.0
10802,0.0,1.0098785285348631e6,0.0,0.0,0.0,0.0
10803,1168.5,1.0071961916470553e6,0.0,0.0,0.0,0.0
10804,2337.0,1.0045138547592476e6,0.0,0.0,0.0,0.0
10805,1168.5,1.0062344979784994e6,0.0,0.0,0.0,0.0
10806,0.0,1.0079551411977513e6,0.0,0.0,0.0,0.0
10807,0.0,1.0113362826300324e6,0.0,0.0,0.0,0.0
10808,0.0,1.0147174240623136e6,0.0,0.0,0.0,0.0
10809,0.0,1.0193864126896888e6,0.0,0.0,0.0,0.0
10810,0.0,1.0240554013170642e6,0.0,0.0,0.0,0.0
10811,2433.5,1.0277453284513948e6,0.0,0.0,0.0,0.0
10812,4867.0,1.0314352555857255e6,0.0,0.0,0.0,0.0
10813,7153.0,1.0349757502819158e6,0.0,0.0,0.0,0.0
10814,9439.0,1.0385162449781061e6,0.0,0.0,0.0,0.0
10815,11811.5,1.0409666889429649e6,0.0,0.0,0.0,0.0
10816,14184.0,1.0434171329078238e6,0.0,0.0,0.0,0.0
10817,13674.179179147724,1.0464857683283922e6,0.0,0.0,0.0,0.0
10818,13164.358358295449,1.0495544037489607e6,0.0,0.0,0.0,0.0
10819,10776.194042798861,1.055331424604373e6,0.0,0.0,0.0,0.0
10820,8388.029727302273,1.0611084454597854e6,0.0,0.0,0.0,0.0
10821,7751.322034788898,1.0627522922478192e6,0.0,0.0,0.0,0.0
10822,7114.614342275523,1.0643961390358529e6,0.0,0.0,0.0,0.0
10823,5538.573061971087,1.0670425193096427e6,0.0,0.0,0.0,0.0
10824,3962.53178166665,1.0696888995834326e6,0.0,0.0,0.0,0.0
10825,4631.105890833325,1.0656672050363936e6,0.0,0.0,0.0,0.0
10826,5299.68,1.0616455104893546e6,0.0,0.0,0.0,0.0
10827,6157.68,1.0635081455274203e6,0.0,0.0,0.0,0.0
10828,7015.68,1.065370780565486e6,0.0,0.0,0.0,0.0
10829,8477.18,1.0676197077569189e6,0.0,0.0,0.0,0.0
10830,9938.68,1.069868634948352e6,0.0,0.0,0.0,0.0
10831,4969.34,1.07365901044359e6,0.0,0.0,0.0,0.0
10832,0.0,1.0774493859388286e6,0.0,0.0,0.0,0.0
10833,0.0,1.0823527540749884e6,0.0,0.0,0.0,0.0
10834,0.0,1.0872561222111483e6,0.0,0.0,0.0,0.0
10835,1657.0,1.0914086078469427e6,0.0,0.0,0.0,0.0
10836,3314.0,1.0955610934827372e6,0.0,0.0,0.0,0.0
10837,4419.5,1.0989186729538178e6,0.0,0.0,0.0,0.0
10838,5525.0,1.1022762524248983e6,0.0,0.0,0.0,0.0
10839,6411.0,1.1047831210863164e6,0.0,0.0,0.0,0.0
10840,7297.0,1.1072899897477345e6,0.0,0.0,0.0,0.0
10841,8739.5,1.1100691939969833e6,0.0,0.0,0.0,0.0
10842,10182.0,1.1128483982462322e6,0.0,0.0,0.0,0.0
10843,6680.5474112142965,1.1174062017048234e6,0.0,0.0,0.0,0.0
10844,3179.094822428593,1.1219640051634149e6,0.0,0.0,0.0,0.0
10845,1589.5474112142965,1.121274704301922e6,0.0,0.0,0.0,0.0
10846,0.0,1.120585403440429e6,0.0,0.0,0.0,0.0
10847,0.0,1.118508660244294e6,0.0,0.0,0.0,0.0
10848,0.0,1.1164319170481588e6,0.0,0.0,0.0,0.0
10849,0.0,1.1118595442004262e6,0.0,0.0,0.0,0.0
10850,0.0,1.1072871713526936e6,0.0,0.0,0.0,0.0
10851,681.0,1.1082063844267908e6,0.0,0.0,0.0,0.0
10852,1362.0,1.109125597500888e6,0.0,0.0,0.0,0.0
10853,681.0,1.111055198112892e6,0.0,0.0,0.0,0.0
10854,0.0,1.1129847987248963e6,0.0,0.0,0.0,0.0
10855,0.0,1.1151686204972225e6,0.0,0.0,0.0,0.0
10856,0.0,1.1173524422695485e6,0.0,0.0,0.0,0.0
10857,1790.5506793296827,1.1204353388771594e6,0.0,0.0,0.0,0.0
10858,3581.1013586593654,1.1235182354847703e6,0.0,0.0,0.0,0.0
10859,5077.101358659365,1.1267009604016782e6,0.0,0.0,0.0,0.0
10860,6573.101358659365,1.1298836853185862e6,0.0,0.0,0.0,0.0
10861,7348.101358659365,1.1323496305737086e6,0.0,0.0,0.0,0.0
10862,8123.101358659365,1.134815575828831e6,0.0,0.0,0.0,0.0
10863,8597.601358659365,1.1371010860652858e6,0.0,0.0,0.0,0.0
10864,9072.101358659365,1.1393865963017407e6,0.0,0.0,0.0,0.0
10865,9959.601358659365,1.1418060376860725e6,0.0,0.0,0.0,0.0
10866,10847.101358659365,1.1442254790704043e6,0.0,0.0,0.0,0.0
10867,12955.101358659365,1.1496999147398726e6,0.0,0.0,0.0,0.0
10868,15063.101358659365,1.1551743504093408e6,0.0,0.0,0.0,0.0
10869,16101.101358659365,1.1596349187859744e6,0.0,0.0,0.0,0.0
10870,17139.101358659365,1.1640954871626082e6,0.0,0.0,0.0,0.0
10871,18032.601358659365,1.1666106408476657e6,0.0,0.0,0.0,0.0
10872,18926.101358659365,1.1691257945327233e6,0.0,0.0,0.0,0.0
10873,19391.101358659365,1.1714286662142733e6,0.0,0.0,0.0,0.0
10874,19856.101358659365,1.1737315378958234e6,0.0,0.0,0.0,0.0
10875,20040.601358659365,1.1753622736315466e6,0.0,0.0,0.0,0.0
10876,20225.101358659365,1.1769930093672702e6,0.0,0.0,0.0,0.0
10877,20388.601358659365,1.1783980463167564e6,0.0,0.0,0.0,0.0
10878,20552.101358659365,1.1798030832662429e6,0.0,0.0,0.0,0.0
10879,20834.101358659365,1.1818628947164607e6,0.0,0.0,0.0,0.0
10880,21116.101358659365,1.1839227061666786e6,0.0,0.0,0.0,0.0
10881,21596.101358659365,1.1869913415872469e6,0.0,0.0,0.0,0.0
10882,22076.101358659365,1.1900599770078154e6,0.0,0.0,0.0,0.0
10883,22762.101358659365,1.1930839687124249e6,0.0,0.0,0.0,0.0
10884,23448.101358659365,1.1961079604170343e6,0.0,0.0,0.0,0.0
10885,23928.601358659365,1.1982551991443385e6,0.0,0.0,0.0,0.0
10886,24409.101358659365,1.2004024378716426e6,0.0,0.0,0.0,0.0
10887,24809.101358659365,1.202538515669957e6,0.0,0.0,0.0,0.0
10888,25209.101358659365,1.2046745934682714e6,0.0,0.0,0.0,0.0
10889,26017.601358659365,1.207081013768782e6,0.0,0.0,0.0,0.0
10890,26826.101358659365,1.2094874340692922e6,0.0,0.0,0.0,0.0
10891,28306.101358659365,1.2141818448126996e6,0.0,0.0,0.0,0.0
10892,29786.101358659365,1.218876255556107e6,0.0,0.0,0.0,0.0
10893,31156.601358659365,1.2229851937006556e6,0.0,0.0,0.0,0.0
10894,32527.101358659365,1.2270941318452042e6,0.0,0.0,0.0,0.0
10895,33317.10135865936,1.2294032040428596e6,0.0,0.0,0.0,0.0
10896,34107.10135865936,1.231712276240515e6,0.0,0.0,0.0,0.0
10897,34562.10135865936,1.2331383949447598e6,0.0,0.0,0.0,0.0
10898,35017.10135865936,1.2345645136490045e6,0.0,0.0,0.0,0.0
10899,35483.10135865936,1.2359614899275538e6,0.0,0.0,0.0,0.0
10900,35949.10135865936,1.237358466206103e6,0.0,0.0,0.0,0.0
10901,37399.10135865936,1.2398876567255007e6,0.0,0.0,0.0,0.0
10902,38849.10135865936,1.2424168472448983e6,0.0,0.0,0.0,0.0
10903,41553.10135865936,1.246710704647896e6,0.0,0.0,0.0,0.0
10904,44257.10135865936,1.251004562050894e6,0.0,0.0,0.0,0.0
10905,46600.10135865936,1.256273760637273e6,0.0,0.0,0.0,0.0
10906,48943.10135865936,1.2615429592236523e6,0.0,0.0,0.0,0.0
10907,50692.60135865936,1.2659949297873382e6,0.0,0.0,0.0,0.0
10908,52442.10135865936,1.270446900351024e6,0.0,0.0,0.0,0.0
10909,53618.10135865936,1.2736680684677856e6,0.0,0.0,0.0,0.0
10910,54794.10135865936,1.2768892365845472e6,0.0,0.0,0.0,0.0
10911,55815.60135865936,1.2802381353330803e6,0.0,0.0,0.0,0.0
10912,56837.10135865936,1.2835870340816132e6,0.0,0.0,0.0,0.0
10913,59334.10135865936,1.287285021886881e6,0.0,0.0,0.0,0.0
10914,61831.10135865936,1.2909830096921485e6,0.0,0.0,0.0,0.0
10915,63532.60135865936,1.2970644758883365e6,0.0,0.0,0.0,0.0
10916,65234.10135865936,1.3031459420845248e6,0.0,0.0,0.0,0.0
10917,66205.10135865936,1.307927160053408e6,0.0,0.0,0.0,0.0
10918,67176.10135865936,1.3127083780222912e6,0.0,0.0,0.0,0.0
10919,67866.60135865936,1.314714244982392e6,0.0,0.0,0.0,0.0
10920,68557.10135865936,1.316720111942493e6,0.0,0.0,0.0,0.0
10921,69428.10135865936,1.3133741521137482e6,0.0,0.0,0.0,0.0
10922,70299.10135865936,1.3100281922850038e6,0.0,0.0,0.0,0.0
10923,70845.10135865936,1.3115621999694826e6,0.0,0.0,0.0,0.0
10924,71391.10135865936,1.3130962076539616e6,0.0,0.0,0.0,0.0
10925,73187.60135865936,1.316591524794715e6,0.0,0.0,0.0,0.0
10926,74984.10135865936,1.3200868419354686e6,0.0,0.0,0.0,0.0
10927,78269.10135865936,1.326524837807718e6,0.0,0.0,0.0,0.0
10928,81554.10135865936,1.3329628336799673e6,0.0,0.0,0.0,0.0
10929,84347.10135865936,1.3394398928036806e6,0.0,0.0,0.0,0.0
10930,87140.10135865936,1.3459169519273941e6,0.0,0.0,0.0,0.0
10931,89459.60135865936,1.351175609636394e6,0.0,0.0,0.0,0.0
10932,91779.10135865936,1.356434267345394e6,0.0,0.0,0.0,0.0
10933,93400.10135865936,1.360865776205932e6,0.0,0.0,0.0,0.0
10934,95021.10135865936,1.36529728506647e6,0.0,0.0,0.0,0.0
10935,96235.60135865936,1.3690578980844026e6,0.0,0.0,0.0,0.0
10936,97450.10135865936,1.3728185111023348e6,0.0,0.0,0.0,0.0
10937,99012.60135865936,1.3772593207370308e6,0.0,0.0,0.0,0.0
10938,100575.10135865936,1.381700130371727e6,0.0,0.0,0.0,0.0
10939,103488.10135865936,1.3878634433805067e6,0.0,0.0,0.0,0.0
10940,106401.10135865936,1.3940267563892861e6,0.0,0.0,0.0,0.0
10941,108986.10135865936,1.3981153767091949e6,0.0,0.0,0.0,0.0
10942,111571.10135865936,1.4022039970291036e6,0.0,0.0,0.0,0.0
10943,112939.60135865936,1.40082317675367e6,0.0,0.0,0.0,0.0
10944,114308.10135865936,1.3994423564782366e6,0.0,0.0,0.0,0.0
10945,115170.60135865936,1.4001243672145214e6,0.0,0.0,0.0,0.0
10946,116033.10135865936,1.400806377950806e6,0.0,0.0,0.0,0.0
10947,116761.10135865936,1.4026448309760606e6,0.0,0.0,0.0,0.0
10948,117489.10135865936,1.4044832840013152e6,0.0,0.0,0.0,0.0
10949,120123.10135865936,1.4078762064141966e6,0.0,0.0,0.0,0.0
10950,122757.10135865936,1.4112691288270783e6,0.0,0.0,0.0,0.0
10951,126207.67117098319,1.4161098717505734e6,0.0,0.0,0.0,0.0
10952,129658.24098330701,1.4209506146740685e6,0.0,0.0,0.0,0.0
10953,132923.240983307,1.425876304668208e6,0.0,0.0,0.0,0.0
10954,136188.240983307,1.4308019946623472e6,0.0,0.0,0.0,0.0
10955,138849.240983307,1.4356117350053154e6,0.0,0.0,0.0,0.0
10956,141510.240983307,1.4404214753482835e6,0.0,0.0,0.0,0.0
10957,143296.240983307,1.443942748444547e6,0.0,0.0,0.0,0.0
10958,145082.240983307,1.4474640215408106e6,0.0,0.0,0.0,0.0
10959,146184.240983307,1.4508606642633553e6,0.0,0.0,0.0,0.0
10960,147286.240983307,1.4542573069859e6,0.0,0.0,0.0,0.0
10961,149283.240983307,1.4591005301158372e6,0.0,0.0,0.0,0.0
10962,151280.240983307,1.4639437532457747e6,0.0,0.0,0.0,0.0
10963,154870.740983307,1.4712554018372765e6,0.0,0.0,0.0,0.0
10964,158461.240983307,1.4785670504287784e6,0.0,0.0,0.0,0.0
10965,161290.740983307,1.483812687053957e6,0.0,0.0,0.0,0.0
10966,164120.240983307,1.4890583236791356e6,0.0,0.0,0.0,0.0
10967,165211.740983307,1.4911131747164694e6,0.0,0.0,0.0,0.0
10968,166303.240983307,1.4931680257538029e6,0.0,0.0,0.0,0.0
10969,167132.740983307,1.4940265891380045e6,0.0,0.0,0.0,0.0
10970,167962.240983307,1.4948851525222058e6,0.0,0.0,0.0,0.0
10971,168813.240983307,1.4964979067612235e6,0.0,0.0,0.0,0.0
10972,169664.240983307,1.4981106610002413e6,0.0,0.0,0.0,0.0
10973,172249.740983307,1.500001818412392e6,0.0,0.0,0.0,0.0
10974,174835.240983307,1.5018929758245426e6,0.0,0.0,0.0,0.0
10975,172384.43959131307,1.5043080768476005e6,0.0,0.0,0.0,0.0
10976,169933.63819931916,1.5067231778706585e6,0.0,0.0,0.0,0.0
10977,173495.13819931916,1.5110920615185318e6,0.0,0.0,0.0,0.0
10978,177056.63819931916,1.515460945166405e6,0.0,0.0,0.0,0.0
10979,179781.63819931916,1.5198118473175727e6,0.0,0.0,0.0,0.0
10980,182506.63819931916,1.5241627494687403e6,0.0,0.0,0.0,0.0
10981,184287.13819931916,1.5272220841151506e6,0.0,0.0,0.0,0.0
10982,186067.63819931916,1.530281418761561e6,0.0,0.0,0.0,0.0
10983,187958.63819931916,1.5331088541056288e6,0.0,0.0,0.0,0.0
10984,189849.63819931916,1.5359362894496967e6,0.0,0.0,0.0,0.0
10985,187514.23654943987,1.540577995806208e6,0.0,0.0,0.0,0.0
10986,185178.83489956058,1.5452197021627196e6,0.0,0.0,0.0,0.0
10987,178701.99489956058,1.5525691739024646e6,0.0,0.0,0.0,0.0
10988,172225.15489956058,1.5599186456422093e6,0.0,0.0,0.0,0.0
10989,165648.8148995606,1.5650272508614582e6,0.0,0.0,0.0,0.0
10990,159072.4748995606,1.5701358560807072e6,0.0,0.0,0.0,0.0
10991,152213.0934996644,1.5730677163176863e6,0.0,0.0,0.0,0.0
10992,145353.71209976822,1.575999576554665e6,0.0,0.0,0.0,0.0
10993,146433.21209976822,1.5779353776827748e6,0.0,0.0,0.0,0.0
10994,147512.71209976822,1.5798711788108845e6,0.0,0.0,0.0,0.0
10995,148450.21209976822,1.5815819012043676e6,0.0,0.0,0.0,0.0
10996,149387.71209976822,1.5832926235978508e6,0.0,0.0,0.0,0.0
10997,145915.5589139723,1.5852191239518023e6,0.0,0.0,0.0,0.0
10998,142443.40572817635,1.5871456243057537e6,0.0,0.0,0.0,0.0
10999,136942.06572817636,1.5893598286069962e6,0.0,0.0,0.0,0.0
11000,131440.72572817636,1.591574032908239e6,0.0,0.0,0.0,0.0
11001,129309.74895559423,1.594570122290374e6,0.0,0.0,0.0,0.0
11002,127178.7721830121,1.597566211672509e6,0.0,0.0,0.0,0.0
11003,128057.32983013244,1.6005685015707496e6,0.0,0.0,0.0,0.0
11004,128935.88747725278,1.60357079146899e6,0.0,0.0,0.0,0.0
11005,129800.85593453846,1.606248174323307e6,0.0,0.0,0.0,0.0
11006,130665.82439182414,1.608925557177624e6,0.0,0.0,0.0,0.0
11007,130843.61264131032,1.611012030847095e6,0.0,0.0,0.0,0.0
11008,131021.40089079649,1.6130985045165662e6,0.0,0.0,0.0,0.0
11009,130665.06030413698,1.615151661791062e6,0.0,0.0,0.0,0.0
11010,130308.71971747745,1.6172048190655576e6,0.0,0.0,0.0,0.0
11011,124040.37971747745,1.6176918136368997e6,0.0,0.0,0.0,0.0
11012,117772.03971747746,1.6181788082082418e6,0.0,0.0,0.0,0.0
11013,116102.75577295589,1.6228928539535913e6,0.0,0.0,0.0,0.0
11014,114433.47182843434,1.6276068996989408e6,0.0,0.0,0.0,0.0
11015,115620.20071363013,1.629398545347937e6,0.0,0.0,0.0,0.0
11016,116806.9295988259,1.631190190996933e6,0.0,0.0,0.0,0.0
11017,117597.9295988259,1.6285393762209183e6,0.0,0.0,0.0,0.0
11018,118388.9295988259,1.6258885614449037e6,0.0,0.0,0.0,0.0
11019,119241.9295988259,1.6264985495672203e6,0.0,0.0,0.0,0.0
11020,120094.9295988259,1.6271085376895366e6,0.0,0.0,0.0,0.0
11021,120912.4295988259,1.6288521228183783e6,0.0,0.0,0.0,0.0
11022,121729.9295988259,1.6305957079472202e6,0.0,0.0,0.0,0.0
11023,123093.11100520313,1.632767748738946e6,0.0,0.0,0.0,0.0
11024,124456.29241158038,1.634939789530672e6,0.0,0.0,0.0,0.0
11025,126047.79241158038,1.6378744938033633e6,0.0,0.0,0.0,0.0
11026,127639.29241158038,1.640809198076055e6,0.0,0.0,0.0,0.0
11027,129356.79241158039,1.6433098662213676e6,0.0,0.0,0.0,0.0
11028,131074.2924115804,1.6458105343666803e6,0.0,0.0,0.0,0.0
11029,131756.7924115804,1.6488642885485957e6,0.0,0.0,0.0,0.0
11030,132439.2924115804,1.6519180427305112e6,0.0,0.0,0.0,0.0
11031,133262.2924115804,1.6550852663571555e6,0.0,0.0,0.0,0.0
11032,134085.2924115804,1.6582524899838e6,0.0,0.0,0.0,0.0
11033,135314.2924115804,1.6622505827685697e6,0.0,0.0,0.0,0.0
11034,136543.2924115804,1.6662486755533395e6,0.0,0.0,0.0,0.0
11035,138211.7924115804,1.6723276615430855e6,0.0,0.0,0.0,0.0
11036,139880.2924115804,1.6784066475328314e6,0.0,0.0,0.0,0.0
11037,141498.7924115804,1.6839058852667212e6,0.0,0.0,0.0,0.0
11038,143117.2924115804,1.6894051230006113e6,0.0,0.0,0.0,0.0
11039,144070.7924115804,1.6915536018311367e6,0.0,0.0,0.0,0.0
11040,145024.2924115804,1.693702080661662e6,0.0,0.0,0.0,0.0
11041,145466.2924115804,1.695187104268908e6,0.0,0.0,0.0,0.0
11042,145908.2924115804,1.6966721278761544e6,0.0,0.0,0.0,0.0
11043,146438.7924115804,1.6982396183476024e6,0.0,0.0,0.0,0.0
11044,146969.2924115804,1.6998071088190507e6,0.0,0.0,0.0,0.0
11045,147540.7924115804,1.701762131547087e6,0.0,0.0,0.0,0.0
11046,148112.2924115804,1.7037171542751235e6,0.0,0.0,0.0,0.0
11047,149054.7924115804,1.7060683899822957e6,0.0,0.0,0.0,0.0
11048,149997.2924115804,1.7084196256894679e6,0.0,0.0,0.0,0.0
11049,150955.2924115804,1.7107820223256298e6,0.0,0.0,0.0,0.0
11050,151913.2924115804,1.7131444189617918e6,0.0,0.0,0.0,0.0
11051,152641.2924115804,1.7159352712608378e6,0.0,0.0,0.0,0.0
11052,153369.2924115804,1.7187261235598838e6,0.0,0.0,0.0,0.0
11053,153881.7924115804,1.7216496669035857e6,0.0,0.0,0.0,0.0
11054,154394.2924115804,1.7245732102472873e6,0.0,0.0,0.0,0.0
11055,154745.2924115804,1.727700750570857e6,0.0,0.0,0.0,0.0
11056,155096.2924115804,1.7308282908944269e6,0.0,0.0,0.0,0.0
11057,155846.2924115804,1.734968995549621e6,0.0,0.0,0.0,0.0
11058,156596.2924115804,1.7391097002048152e6,0.0,0.0,0.0,0.0
11059,158665.7924115804,1.7458843841015883e6,0.0,0.0,0.0,0.0
11060,160735.2924115804,1.7526590679983615e6,0.0,0.0,0.0,0.0
11061,163173.2924115804,1.7591745703219285e6,0.0,0.0,0.0,0.0
11062,165611.2924115804,1.7656900726454954e6,0.0,0.0,0.0,0.0
11063,166561.7924115804,1.7679594615400762e6,0.0,0.0,0.0,0.0
11064,167512.2924115804,1.770228850434657e6,0.0,0.0,0.0,0.0
11065,167849.7924115804,1.7719935173182571e6,0.0,0.0,0.0,0.0
11066,168187.2924115804,1.7737581842018575e6,0.0,0.0,0.0,0.0
11067,168653.2924115804,1.775465806337288e6,0.0,0.0,0.0,0.0
11068,169119.2924115804,1.7771734284727185e6,0.0,0.0,0.0,0.0
11069,169805.2924115804,1.7794353767479728e6,0.0,0.0,0.0,0.0
11070,170491.2924115804,1.7816973250232271e6,0.0,0.0,0.0,0.0
11071,171481.7924115804,1.7852607616290073e6,0.0,0.0,0.0,0.0
11072,172472.2924115804,1.7888241982347877e6,0.0,0.0,0.0,0.0
11073,173641.7924115804,1.7934665246429096e6,0.0,0.0,0.0,0.0
11074,174811.2924115804,1.7981088510510316e6,0.0,0.0,0.0,0.0
11075,175438.7924115804,1.803035781148392e6,0.0,0.0,0.0,0.0
11076,176066.2924115804,1.8079627112457524e6,0.0,0.0,0.0,0.0
11077,176343.7924115804,1.8120426508431137e6,0.0,0.0,0.0,0.0
11078,176621.2924115804,1.8161225904404747e6,0.0,0.0,0.0,0.0
11079,177028.7924115804,1.8191317009064313e6,0.0,0.0,0.0,0.0
11080,177436.2924115804,1.8221408113723877e6,0.0,0.0,0.0,0.0
11081,178233.2924115804,1.8252237079799986e6,0.0,0.0,0.0,0.0
11082,179030.2924115804,1.8283066045876094e6,0.0,0.0,0.0,0.0
11083,180390.7924115804,1.8332118328786008e6,0.0,0.0,0.0,0.0
11084,181751.2924115804,1.8381170611695924e6,0.0,0.0,0.0,0.0
11085,183425.2924115804,1.842549190081741e6,0.0,0.0,0.0,0.0
11086,185099.2924115804,1.8469813189938895e6,0.0,0.0,0.0,0.0
11087,185031.41594651176,1.8488371334642393e6,0.0,0.0,0.0,0.0
11088,184963.53948144312,1.850692947934589e6,0.0,0.0,0.0,0.0
11089,185549.03948144312,1.8493788178778607e6,0.0,0.0,0.0,0.0
11090,186134.53948144312,1.8480646878211324e6,0.0,0.0,0.0,0.0
11091,186300.824089985,1.849653260047339e6,0.0,0.0,0.0,0.0
11092,186467.10869852683,1.8512418322735454e6,0.0,0.0,0.0,0.0
11093,181675.28457722417,1.854066787411171e6,0.0,0.0,0.0,0.0
11094,176883.4604559215,1.8568917425487968e6,0.0,0.0,0.0,0.0
11095,171230.55131547822,1.861771548723756e6,0.0,0.0,0.0,0.0
11096,165577.6421750349,1.8666513548987154e6,0.0,0.0,0.0,0.0
11097,167954.6421750349,1.8710748030883162e6,0.0,0.0,0.0,0.0
11098,170331.6421750349,1.8754982512779173e6,0.0,0.0,0.0,0.0
11099,171783.6421750349,1.879782807906757e6,0.0,0.0,0.0,0.0
11100,173235.6421750349,1.8840673645355967e6,0.0,0.0,0.0,0.0
11101,174732.1421750349,1.887353638071465e6,0.0,0.0,0.0,0.0
11102,176228.6421750349,1.8906399116073335e6,0.0,0.0,0.0,0.0
11103,177160.1421750349,1.8930853951593079e6,0.0,0.0,0.0,0.0
11104,178091.6421750349,1.8955308787112825e6,0.0,0.0,0.0,0.0
11105,179198.1421750349,1.8977407426512514e6,0.0,0.0,0.0,0.0
11106,180304.6421750349,1.8999506065912202e6,0.0,0.0,0.0,0.0
11107,179217.18287420116,1.9047212836827242e6,0.0,0.0,0.0,0.0
11108,178129.72357336743,1.9094919607742282e6,0.0,0.0,0.0,0.0
11109,172689.3102814986,1.9124310054081935e6,0.0,0.0,0.0,0.0
11110,167248.89698962975,1.915370050042159e6,0.0,0.0,0.0,0.0
11111,163742.22946145062,1.9167611599344988e6,0.0,0.0,0.0,0.0
11112,160235.5619332715,1.9181522698268387e6,0.0,0.0,0.0,0.0
11113,159804.88544630172,1.9194909612539972e6,0.0,0.0,0.0,0.0
11114,159374.2089593319,1.9208296526811556e6,0.0,0.0,0.0,0.0
11115,159932.88136865123,1.922160283437377e6,0.0,0.0,0.0,0.0
11116,160491.55377797052,1.9234909141935986e6,0.0,0.0,0.0,0.0
11117,156647.40855896828,1.92549740120531e6,0.0,0.0,0.0,0.0
11118,152803.26333996607,1.9275038882170212e6,0.0,0.0,0.0,0.0
11119,146658.42333996607,1.9316253712722887e6,0.0,0.0,0.0,0.0
11120,140513.58333996608,1.935746854327556e6,0.0,0.0,0.0,0.0
11121,139504.8678342374,1.9396866622609347e6,0.0,0.0,0.0,0.0
11122,138496.15232850873,1.9436264701943137e6,0.0,0.0,0.0,0.0
11123,139719.15232850873,1.9472915952642227e6,0.0,0.0,0.0,0.0
11124,140942.15232850873,1.9509567203341317e6,0.0,0.0,0.0,0.0
11125,142168.65232850873,1.953874063161728e6,0.0,0.0,0.0,0.0
11126,143395.15232850873,1.9567914059893244e6,0.0,0.0,0.0,0.0
11127,144392.65232850873,1.9589200431683124e6,0.0,0.0,0.0,0.0
11128,145390.15232850873,1.9610486803473004e6,0.0,0.0,0.0,0.0
11129,145500.97132341057,1.963540047718455e6,0.0,0.0,0.0,0.0
11130,145611.7903183124,1.9660314150896096e6,0.0,0.0,0.0,0.0
11131,143864.78124646406,1.967963255749401e6,0.0,0.0,0.0,0.0
11132,142117.7721746157,1.9698950964091923e6,0.0,0.0,0.0,0.0
11133,139592.39788282063,1.974259639695792e6,0.0,0.0,0.0,0.0
11134,137067.02359102553,1.9786241829823914e6,0.0,0.0,0.0,0.0
11135,136154.2772303418,1.9806474113875874e6,0.0,0.0,0.0,0.0
11136,135241.53086965805,1.9826706397927834e6,0.0,0.0,0.0,0.0
11137,135945.53086965805,1.977656170146735e6,0.0,0.0,0.0,0.0
11138,136649.53086965805,1.9726417005006864e6,0.0,0.0,0.0,0.0
11139,137269.53086965805,1.9693935238275025e6,0.0,0.0,0.0,0.0
11140,137889.53086965805,1.9661453471543184e6,0.0,0.0,0.0,0.0
11141,136701.36110389407,1.9671391312618048e6,0.0,0.0,0.0,0.0
11142,135513.19133813013,1.9681329153692913e6,0.0,0.0,0.0,0.0
11143,133012.3891465967,1.9699768097694414e6,0.0,0.0,0.0,0.0
11144,130511.58695506325,1.9718207041695917e6,0.0,0.0,0.0,0.0
11145,128876.09674222849,1.9738435575105618e6,0.0,0.0,0.0,0.0
11146,127240.60652939373,1.975866410851532e6,0.0,0.0,0.0,0.0
11147,128490.10652939373,1.9826206330451572e6,0.0,0.0,0.0,0.0
11148,129739.60652939373,1.9893748552387825e6,0.0,0.0,0.0,0.0
11149,131043.10652939373,1.9946297926381193e6,0.0,0.0,0.0,0.0
11150,132346.60652939373,1.999884730037456e6,0.0,0.0,0.0,0.0
11151,133287.10652939373,2.0048290215799115e6,0.0,0.0,0.0,0.0
11152,134227.60652939373,2.009773313122367e6,0.0,0.0,0.0,0.0
11153,133367.60412970715,2.0141942811055258e6,0.0,0.0,0.0,0.0
11154,132507.6017300206,2.0186152490886846e6,0.0,0.0,0.0,0.0
11155,129816.34651851645,2.0192351884276238e6,0.0,0.0,0.0,0.0
11156,127125.0913070123,2.0198551277665633e6,0.0,0.0,0.0,0.0
11157,123623.14807926869,2.0252148538880814e6,0.0,0.0,0.0,0.0
11158,120121.20485152506,2.0305745800095997e6,0.0,0.0,0.0,0.0
11159,118890.8290678531,2.0257461258467135e6,0.0,0.0,0.0,0.0
11160,117660.45328418115,2.0209176716838274e6,0.0,0.0,0.0,0.0
11161,118383.45328418115,2.0154184009192642e6,0.0,0.0,0.0,0.0
11162,119106.45328418115,2.0099191301547007e6,0.0,0.0,0.0,0.0
11163,119912.45328418115,2.0068630040435225e6,0.0,0.0,0.0,0.0
11164,120718.45328418115,2.0038068779323443e6,0.0,0.0,0.0,0.0
11165,123199.45328418115,2.0041985601660097e6,0.0,0.0,0.0,0.0
11166,125680.45328418115,2.0045902423996748e6,0.0,0.0,0.0,0.0
11167,126982.25408065302,2.0061137594607088e6,0.0,0.0,0.0,0.0
11168,128284.0548771249,2.0076372765217428e6,0.0,0.0,0.0,0.0
11169,130441.5548771249,2.0102587819828666e6,0.0,0.0,0.0,0.0
11170,132599.0548771249,2.0128802874439906e6,0.0,0.0,0.0,0.0
11171,134439.5548771249,2.018236913307456e6,0.0,0.0,0.0,0.0
11172,136280.0548771249,2.0235935391709215e6,0.0,0.0,0.0,0.0
11173,137522.5548771249,2.027385154769381e6,0.0,0.0,0.0,0.0
11174,138765.0548771249,2.0311767703678405e6,0.0,0.0,0.0,0.0
11175,139850.0548771249,2.0345045873616152e6,0.0,0.0,0.0,0.0
11176,140935.0548771249,2.0378324043553898e6,0.0,0.0,0.0,0.0
11177,142669.0548771249,2.038670736988829e6,0.0,0.0,0.0,0.0
11178,144403.0548771249,2.0395090696222682e6,0.0,0.0,0.0,0.0
11179,146885.0548771249,2.0394196699187486e6,0.0,0.0,0.0,0.0
11180,149367.0548771249,2.039330270215229e6,0.0,0.0,0.0,0.0
11181,152127.0548771249,2.0383535766570247e6,0.0,0.0,0.0,0.0
11182,154887.0548771249,2.0373768830988205e6,0.0,0.0,0.0,0.0
11183,156609.0548771249,2.034822158191789e6,0.0,0.0,0.0,0.0
11184,158331.0548771249,2.0322674332847574e6,0.0,0.0,0.0,0.0
11185,159031.5548771249,2.0281018142935399e6,0.0,0.0,0.0,0.0
11186,159732.0548771249,2.0239361953023223e6,0.0,0.0,0.0,0.0
11187,160186.0548771249,2.0187840741987335e6,0.0,0.0,0.0,0.0
11188,160640.0548771249,2.013631953095145e6,0.0,0.0,0.0,0.0
11189,161316.0548771249,2.0089120079641035e6,0.0,0.0,0.0,0.0
11190,161992.0548771249,2.0041920628330621e6,0.0,0.0,0.0,0.0
11191,162853.0548771249,2.000830030729106e6,0.0,0.0,0.0,0.0
11192,163714.0548771249,1.9974679986251497e6,0.0,0.0,0.0,0.0
11193,164569.0548771249,1.99756904011846e6,0.0,0.0,0.0,0.0
11194,165424.0548771249,1.9976700816117702e6,0.0,0.0,0.0,0.0
11195,166205.0548771249,2.0029360607004627e6,0.0,0.0,0.0,0.0
11196,166986.0548771249,2.008202039789155e6,0.0,0.0,0.0,0.0
11197,167506.5548771249,2.0120531803422263e6,0.0,0.0,0.0,0.0
11198,168027.0548771249,2.0159043208952977e6,0.0,0.0,0.0,0.0
11199,168639.0548771249,2.018582323801225e6,0.0,0.0,0.0,0.0
11200,169251.0548771249,2.0212603267071526e6,0.0,0.0,0.0,0.0
11201,170573.0548771249,2.021001711904124e6,0.0,0.0,0.0,0.0
11202,171895.0548771249,2.0207430971010951e6,0.0,0.0,0.0,0.0
11203,174959.0548771249,2.0189063919590702e6,0.0,0.0,0.0,0.0
11204,178023.0548771249,2.0170696868170456e6,0.0,0.0,0.0,0.0
11205,181499.0548771249,2.014559605625973e6,0.0,0.0,0.0,0.0
11206,184975.0548771249,2.0120495244349004e6,0.0,0.0,0.0,0.0
11207,187628.0548771249,2.0073841438455866e6,0.0,0.0,0.0,0.0
11208,190281.0548771249,2.0027187632562728e6,0.0,0.0,0.0,0.0
11209,191284.0548771249,1.9974705341530503e6,0.0,0.0,0.0,0.0
11210,192287.0548771249,1.9922223050498278e6,0.0,0.0,0.0,0.0
11211,192557.0548771249,1.9885939652710557e6,0.0,0.0,0.0,0.0
11212,192827.0548771249,1.9849656254922836e6,0.0,0.0,0.0,0.0
11213,193254.0548771249,1.983886748538356e6,0.0,0.0,0.0,0.0
11214,193681.0548771249,1.9828078715844285e6,0.0,0.0,0.0,0.0
11215,194582.5548771249,1.9817402708682048e6,0.0,0.0,0.0,0.0
11216,195484.0548771249,1.980672670151981e6,0.0,0.0,0.0,0.0
11217,196554.5548771249,1.982801307330969e6,0.0,0.0,0.0,0.0
11218,197625.0548771249,1.984929944509957e6,0.0,0.0,0.0,0.0
11219,198137.0548771249,1.9868700859993403e6,0.0,0.0,0.0,0.0
11220,198649.0548771249,1.9888102274887238e6,0.0,0.0,0.0,0.0
11221,198815.5548771249,1.9906058969528512e6,0.0,0.0,0.0,0.0
11222,198982.0548771249,1.9924015664169784e6,0.0,0.0,0.0,0.0
11223,199315.0548771249,1.9942226579971379e6,0.0,0.0,0.0,0.0
11224,199648.0548771249,1.9960437495772974e6,0.0,0.0,0.0,0.0
11225,200432.0548771249,1.9976763454678524e6,0.0,0.0,0.0,0.0
11226,201216.0548771249,1.9993089413584073e6,0.0,0.0,0.0,0.0
11227,202250.5548771249,2.002985227357306e6,0.0,0.0,0.0,0.0
11228,203285.0548771249,2.0066615133562048e6,0.0,0.0,0.0,0.0
11229,204415.0548771249,2.0103570209550303e6,0.0,0.0,0.0,0.0
11230,205545.0548771249,2.014052528553856e6,0.0,0.0,0.0,0.0
11231,206382.5548771249,2.0154631459678374e6,0.0,0.0,0.0,0.0
11232,207220.0548771249,2.0168737633818185e6,0.0,0.0,0.0,0.0
11233,207786.5548771249,2.01789498838438e6,0.0,0.0,0.0,0.0
11234,208353.0548771249,2.0189162133869412e6,0.0,0.0,0.0,0.0
11235,208890.0548771249,2.0200050240150515e6,0.0,0.0,0.0,0.0
11236,209427.0548771249,2.0210938346431619e6,0.0,0.0,0.0,0.0
11237,210879.5548771249,2.0230866805194411e6,0.0,0.0,0.0,0.0
11238,212332.0548771249,2.0250795263957207e6,0.0,0.0,0.0,0.0
11239,213829.0785827202,2.0287415512075769e6,0.0,0.0,0.0,0.0
11240,215326.10228831545,2.0324035760194333e6,0.0,0.0,0.0,0.0
11241,216974.10228831545,2.035829981219284e6,0.0,0.0,0.0,0.0
11242,218622.10228831545,2.0392563864191347e6,0.0,0.0,0.0,0.0
11243,220132.10228831545,2.0421185446533929e6,0.0,0.0,0.0,0.0
11244,221642.10228831545,2.044980702887651e6,0.0,0.0,0.0,0.0
11245,223054.10228831545,2.0466951455907975e6,0.0,0.0,0.0,0.0
11246,224466.10228831545,2.0484095882939438e6,0.0,0.0,0.0,0.0
11247,225674.10228831545,2.0501079096552161e6,0.0,0.0,0.0,0.0
11248,226882.10228831545,2.0518062310164885e6,0.0,0.0,0.0,0.0
11249,228579.60228831545,2.0546473074959884e6,0.0,0.0,0.0,0.0
11250,230277.10228831545,2.0574883839754881e6,0.0,0.0,0.0,0.0
11251,232540.60228831545,2.0621201695062309e6,0.0,0.0,0.0,0.0
11252,234804.10228831545,2.0667519550369738e6,0.0,0.0,0.0,0.0
11253,236967.60228831545,2.0703401937071758e6,0.0,0.0,0.0,0.0
11254,239131.10228831545,2.0739284323773778e6,0.0,0.0,0.0,0.0
11255,240015.10228831545,2.0756143527064393e6,0.0,0.0,0.0,0.0
11256,240899.10228831545,2.077300273035501e6,0.0,0.0,0.0,0.0
11257,241170.60228831545,2.0766594674299965e6,0.0,0.0,0.0,0.0
11258,241442.10228831545,2.0760186618244918e6,0.0,0.0,0.0,0.0
11259,241822.10228831545,2.0770206652271263e6,0.0,0.0,0.0,0.0
11260,242202.10228831545,2.078022668629761e6,0.0,0.0,0.0,0.0
11261,243541.10228831545,2.079635422868779e6,0.0,0.0,0.0,0.0
11262,244880.10228831545,2.0812481771077965e6,0.0,0.0,0.0,0.0
11263,247311.10228831545,2.0848717587197993e6,0.0,0.0,0.0,0.0
11264,249742.10228831545,2.0884953403318021e6,0.0,0.0,0.0,0.0
11265,251634.10228831545,2.0925380768325308e6,0.0,0.0,0.0,0.0
11266,253526.10228831545,2.0965808133332594e6,0.0,0.0,0.0,0.0
11267,255242.60228831545,2.0987664952604175e6,0.0,0.0,0.0,0.0
11268,256959.10228831545,2.100952177187575e6,0.0,0.0,0.0,0.0
11269,258367.10228831545,2.1029363423413066e6,0.0,0.0,0.0,0.0
11270,259775.10228831545,2.1049205074950387e6,0.0,0.0,0.0,0.0
11271,261170.10228831542,2.1069722582743196e6,0.0,0.0,0.0,0.0
11272,262565.1022883154,2.1090240090536005e6,0.0,0.0,0.0,0.0
11273,264516.1022883154,2.1118768665137e6,0.0,0.0,0.0,0.0
11274,266467.1022883154,2.1147297239738004e6,0.0,0.0,0.0,0.0
11275,269023.6022883154,2.1197031579419514e6,0.0,0.0,0.0,0.0
11276,271580.1022883154,2.1246765919101024e6,0.0,0.0,0.0,0.0
11277,274013.1022883154,2.1266302285291958e6,0.0,0.0,0.0,0.0
11278,276446.1022883154,2.128583865148289e6,0.0,0.0,0.0,0.0
11279,277352.6022883154,2.1271036959076826e6,0.0,0.0,0.0,0.0
11280,278259.1022883154,2.125623526667076e6,0.0,0.0,0.0,0.0
11281,278783.1022883154,2.127272863951116e6,0.0,0.0,0.0,0.0
11282,279307.1022883154,2.1289222012351556e6,0.0,0.0,0.0,0.0
11283,279948.1022883154,2.1300724814474722e6,0.0,0.0,0.0,0.0
11284,280589.1022883154,2.1312227616597884e6,0.0,0.0,0.0,0.0
11285,282218.6022883154,2.133338377754955e6,0.0,0.0,0.0,0.0
11286,283848.1022883154,2.1354539938501217e6,0.0,0.0,0.0,0.0
11287,286824.6022883154,2.1394685071484577e6,0.0,0.0,0.0,0.0
11288,289801.1022883154,2.143483020446794e6,0.0,0.0,0.0,0.0
11289,292245.1022883154,2.1449703993028626e6,0.0,0.0,0.0,0.0
11290,294689.1022883154,2.1464577781589306e6,0.0,0.0,0.0,0.0
11291,296664.1022883154,2.1507503954587076e6,0.0,0.0,0.0,0.0
11292,298639.1022883154,2.155043012758484e6,0.0,0.0,0.0,0.0
11293,300779.6022883154,2.158034141727735e6,0.0,0.0,0.0,0.0
11294,302920.1022883154,2.1610252706969855e6,0.0,0.0,0.0,0.0
11295,304901.1022883154,2.163514157861698e6,0.0,0.0,0.0,0.0
11296,306882.1022883154,2.1660030450264104e6,0.0,0.0,0.0,0.0
11297,309246.1022883154,2.1698424045988815e6,0.0,0.0,0.0,0.0
11298,311610.1022883154,2.1736817641713526e6,0.0,0.0,0.0,0.0
11299,313910.1022883154,2.1798376365608056e6,0.0,0.0,0.0,0.0
11300,316210.1022883154,2.1859935089502586e6,0.0,0.0,0.0,0.0
11301,318747.1022883154,2.1875937998648398e6,0.0,0.0,0.0,0.0
11302,321284.1022883154,2.1891940907794205e6,0.0,0.0,0.0,0.0
11303,322624.6022883154,2.185855261151095e6,0.0,0.0,0.0,0.0
11304,323965.1022883154,2.18251643152277e6,0.0,0.0,0.0,0.0
11305,324590.6022883154,2.1770536645623e6,0.0,0.0,0.0,0.0
11306,325216.1022883154,2.1715908976018303e6,0.0,0.0,0.0,0.0
11307,325745.1022883154,2.165776561378184e6,0.0,0.0,0.0,0.0
11308,326274.1022883154,2.1599622251545372e6,0.0,0.0,0.0,0.0
11309,327955.6022883154,2.15995718755309e6,0.0,0.0,0.0,0.0
11310,329637.1022883154,2.1599521499516433e6,0.0,0.0,0.0,0.0
11311,332745.1022883154,2.1599704709569393e6,0.0,0.0,0.0,0.0
11312,335853.1022883154,2.1599887919622352e6,0.0,0.0,0.0,0.0
11313,339022.1022883154,2.163166058894585e6,0.0,0.0,0.0,0.0
11314,342191.1022883154,2.166343325826934e6,0.0,0.0,0.0,0.0
11315,344594.1022883154,2.1709769715125086e6,0.0,0.0,0.0,0.0
11316,346997.1022883154,2.175610617198083e6,0.0,0.0,0.0,0.0
11317,349184.1022883154,2.1785496618320486e6,0.0,0.0,0.0,0.0
11318,351371.1022883154,2.1814887064660136e6,0.0,0.0,0.0,0.0
11319,353292.1022883154,2.183412726613523e6,0.0,0.0,0.0,0.0
11320,355213.1022883154,2.1853367467610324e6,0.0,0.0,0.0,0.0
11321,357941.1022883154,2.187335173101807e6,0.0,0.0,0.0,0.0
11322,360669.1022883154,2.189333599442581e6,0.0,0.0,0.0,0.0
11323,363033.6022883154,2.187097581063368e6,0.0,0.0,0.0,0.0
11324,365398.1022883154,2.1848615626841546e6,0.0,0.0,0.0,0.0
11325,367294.1022883154,2.181634701831296e6,0.0,0.0,0.0,0.0
11326,369190.1022883154,2.178407840978438e6,0.0,0.0,0.0,0.0
11327,370405.1022883154,2.175526158849311e6,0.0,0.0,0.0,0.0
11328,371620.1022883154,2.172644476720184e6,0.0,0.0,0.0,0.0
11329,372389.6022883154,2.1740141707278695e6,0.0,0.0,0.0,0.0
11330,373159.1022883154,2.175383864735555e6,0.0,0.0,0.0,0.0
11331,373768.1022883154,2.176713875440166e6,0.0,0.0,0.0,0.0
11332,374377.1022883154,2.178043886144777e6,0.0,0.0,0.0,0.0
11333,375710.6022883154,2.175115529580501e6,0.0,0.0,0.0,0.0
11334,377044.1022883154,2.1721871730162245e6,0.0,0.0,0.0,0.0
11335,380258.6022883154,2.1710901473958753e6,0.0,0.0,0.0,0.0
11336,383473.1022883154,2.169993121775526e6,0.0,0.0,0.0,0.0
11337,387290.1022883154,2.1709202675737515e6,0.0,0.0,0.0,0.0
11338,391107.1022883154,2.171847413371977e6,0.0,0.0,0.0,0.0
11339,393657.6022883154,2.1767036575857354e6,0.0,0.0,0.0,0.0
11340,396208.1022883154,2.1815599017994944e6,0.0,0.0,0.0,0.0
11341,398172.1022883154,2.1843265720857293e6,0.0,0.0,0.0,0.0
11342,400136.1022883154,2.1870932423719643e6,0.0,0.0,0.0,0.0
11343,401669.1022883154,2.189424636427599e6,0.0,0.0,0.0,0.0
11344,403202.1022883154,2.191756030483234e6,0.0,0.0,0.0,0.0
11345,405079.6022883154,2.192521242203161e6,0.0,0.0,0.0,0.0
11346,406957.1022883154,2.193286453923088e6,0.0,0.0,0.0,0.0
11347,408653.1022883154,2.1915874002386034e6,0.0,0.0,0.0,0.0
11348,410349.1022883154,2.1898883465541187e6,0.0,0.0,0.0,0.0
11349,412075.6022883154,2.1877980403033826e6,0.0,0.0,0.0,0.0
11350,413802.1022883154,2.1857077340526464e6,0.0,0.0,0.0,0.0
11351,414941.6022883154,2.1824746726836828e6,0.0,0.0,0.0,0.0
11352,416081.1022883154,2.179241611314719e6,0.0,0.0,0.0,0.0
11353,416890.1022883154,2.175665661405126e6,0.0,0.0,0.0,0.0
11354,417699.1022883154,2.172089711495533e6,0.0,0.0,0.0,0.0
11355,418440.6022883154,2.168081364381434e6,0.0,0.0,0.0,0.0
11356,419182.1022883154,2.1640730172673347e6,0.0,0.0,0.0,0.0
11357,419971.1022883154,2.1625022328184657e6,0.0,0.0,0.0,0.0
11358,420760.1022883154,2.160931448369597e6,0.0,0.0,0.0,0.0
11359,421817.1022883154,2.161293502050746e6,0.0,0.0,0.0,0.0
11360,422874.1022883154,2.161655555731896e6,0.0,0.0,0.0,0.0
11361,423859.1022883154,2.1645921201594193e6,0.0,0.0,0.0,0.0
11362,424844.1022883154,2.167528684586942e6,0.0,0.0,0.0,0.0
11363,425649.1022883154,2.16990906271981e6,0.0,0.0,0.0,0.0
11364,426454.1022883154,2.1722894408526774e6,0.0,0.0,0.0,0.0
11365,426977.6022883154,2.1743920358640226e6,0.0,0.0,0.0,0.0
11366,427501.1022883154,2.1764946308753677e6,0.0,0.0,0.0,0.0
11367,428143.6022883154,2.178874388956625e6,0.0,0.0,0.0,0.0
11368,428786.1022883154,2.181254147037882e6,0.0,0.0,0.0,0.0
11369,429851.1022883154,2.183712031622067e6,0.0,0.0,0.0,0.0
11370,430916.1022883154,2.1861699162062528e6,0.0,0.0,0.0,0.0
11371,432552.1022883154,2.186435717339201e6,0.0,0.0,0.0,0.0
11372,434188.1022883154,2.1867015184721486e6,0.0,0.0,0.0,0.0
11373,436168.1022883154,2.1882807697587553e6,0.0,0.0,0.0,0.0
11374,438148.1022883154,2.189860021045362e6,0.0,0.0,0.0,0.0
11375,438913.6022883154,2.1908718573412756e6,0.0,0.0,0.0,0.0
11376,439679.1022883154,2.1918836936371885e6,0.0,0.0,0.0,0.0
11377,440282.1022883154,2.1880786816494246e6,0.0,0.0,0.0,0.0
11378,440885.1022883154,2.1842736696616607e6,0.0,0.0,0.0,0.0
11379,441339.6022883154,2.186665208723518e6,0.0,0.0,0.0,0.0
11380,441794.1022883154,2.1890567477853755e6,0.0,0.0,0.0,0.0
11381,442190.6022883154,2.1915555557758566e6,0.0,0.0,0.0,0.0
11382,442587.1022883154,2.1940543637663377e6,0.0,0.0,0.0,0.0
11383,443151.6022883154,2.196492406698986e6,0.0,0.0,0.0,0.0
11384,443716.1022883154,2.1989304496316337e6,0.0,0.0,0.0,0.0
11385,444474.6022883154,2.200540103612599e6,0.0,0.0,0.0,0.0
11386,445233.1022883154,2.2021497575935638e6,0.0,0.0,0.0,0.0
11387,445852.1022883154,2.204080598308789e6,0.0,0.0,0.0,0.0
11388,446471.1022883154,2.2060114390240144e6,0.0,0.0,0.0,0.0
11389,446791.6022883154,2.2081561975448765e6,0.0,0.0,0.0,0.0
11390,447112.1022883154,2.2103009560657386e6,0.0,0.0,0.0,0.0
11391,447778.1022883154,2.212540582483013e6,0.0,0.0,0.0,0.0
11392,448444.1022883154,2.214780208900288e6,0.0,0.0,0.0,0.0
11393,449456.1022883154,2.217825282359656e6,0.0,0.0,0.0,0.0
11394,450468.1022883154,2.2208703558190237e6,0.0,0.0,0.0,0.0
11395,452244.1022883154,2.2258065866905423e6,0.0,0.0,0.0,0.0
11396,454020.1022883154,2.230742817562061e6,0.0,0.0,0.0,0.0
11397,456070.1022883154,2.23523261127399e6,0.0,0.0,0.0,0.0
11398,458120.1022883154,2.2397224049859187e6,0.0,0.0,0.0,0.0
11399,459072.1022883154,2.238280409868369e6,0.0,0.0,0.0,0.0
11400,460024.1022883154,2.2368384147508186e6,0.0,0.0,0.0,0.0
11401,460734.6022883154,2.2345363451360883e6,0.0,0.0,0.0,0.0
11402,461445.1022883154,2.2322342755213575e6,0.0,0.0,0.0,0.0
11403,462153.1022883154,2.2324475778587293e6,0.0,0.0,0.0,0.0
11404,462861.1022883154,2.2326608801961015e6,0.0,0.0,0.0,0.0
11405,464932.6022883154,2.2362286571631553e6,0.0,0.0,0.0,0.0
11406,467004.1022883154,2.2397964341302095e6,0.0,0.0,0.0,0.0
11407,470068.6022883154,2.244839313878741e6,0.0,0.0,0.0,0.0
11408,473133.1022883154,2.2498821936272727e6,0.0,0.0,0.0,0.0
11409,475916.1022883154,2.254490417196815e6,0.0,0.0,0.0,0.0
11410,478699.1022883154,2.259098640766357e6,0.0,0.0,0.0,0.0
11411,480567.6022883154,2.2630682111770418e6,0.0,0.0,0.0,0.0
11412,482436.1022883154,2.2670377815877264e6,0.0,0.0,0.0,0.0
11413,484124.1022883154,2.270411482400681e6,0.0,0.0,0.0,0.0
11414,485812.1022883154,2.273785183213636e6,0.0,0.0,0.0,0.0
11415,486743.6022883154,2.2768842011631206e6,0.0,0.0,0.0,0.0
11416,487675.1022883154,2.279983219112606e6,0.0,0.0,0.0,0.0
11417,489127.6022883154,2.282915443178855e6,0.0,0.0,0.0,0.0
11418,490580.1022883154,2.2858476672451044e6,0.0,0.0,0.0,0.0
11419,492814.6022883154,2.2900212346356576e6,0.0,0.0,0.0,0.0
11420,495049.1022883154,2.2941948020262104e6,0.0,0.0,0.0,0.0
11421,497031.6022883154,2.2969056676674965e6,0.0,0.0,0.0,0.0
11422,499014.1022883154,2.2996165333087826e6,0.0,0.0,0.0,0.0
11423,499870.1022883154,2.30179043425534e6,0.0,0.0,0.0,0.0
11424,500726.1022883154,2.3039643352018977e6,0.0,0.0,0.0,0.0
11425,501123.1022883154,2.301124879726153e6,0.0,0.0,0.0,0.0
11426,501520.1022883154,2.298285424250408e6,0.0,0.0,0.0,0.0
11427,502006.6022883154,2.2975562551967083e6,0.0,0.0,0.0,0.0
11428,502493.1022883154,2.296827086143009e6,0.0,0.0,0.0,0.0
11429,504182.6022883154,2.2991535330653987e6,0.0,0.0,0.0,0.0
11430,505872.1022883154,2.3014799799877885e6,0.0,0.0,0.0,0.0
11431,506755.42522609397,2.3054861334434953e6,0.0,0.0,0.0,0.0
11432,507638.74816387246,2.309492286899202e6,0.0,0.0,0.0,0.0
11433,509645.74816387246,2.3133583086909265e6,0.0,0.0,0.0,0.0
11434,511652.74816387246,2.317224330482651e6,0.0,0.0,0.0,0.0
11435,513040.74816387246,2.320056726239603e6,0.0,0.0,0.0,0.0
11436,514428.74816387246,2.3228891219965555e6,0.0,0.0,0.0,0.0
11437,515447.74816387246,2.3246816912026303e6,0.0,0.0,0.0,0.0
11438,516466.74816387246,2.3264742604087046e6,0.0,0.0,0.0,0.0
11439,517072.74816387246,2.328236447085863e6,0.0,0.0,0.0,0.0
11440,517678.74816387246,2.329998633763021e6,0.0,0.0,0.0,0.0
11441,519109.24816387246,2.3323126663735607e6,0.0,0.0,0.0,0.0
11442,520539.74816387246,2.3346266989841005e6,0.0,0.0,0.0,0.0
11443,522539.7481638724,2.338351969060232e6,0.0,0.0,0.0,0.0
11444,524539.7481638724,2.3420772391363634e6,0.0,0.0,0.0,0.0
11445,526433.2481638724,2.344677735590973e6,0.0,0.0,0.0,0.0
11446,528326.7481638724,2.347278232045583e6,0.0,0.0,0.0,0.0
11447,528721.2481638724,2.349470114488846e6,0.0,0.0,0.0,0.0
11448,529115.7481638724,2.3516619969321094e6,0.0,0.0,0.0,0.0
11449,529326.2481638724,2.353832797620614e6,0.0,0.0,0.0,0.0
11450,529536.7481638724,2.3560035983091188e6,0.0,0.0,0.0,0.0
11451,529757.2481638724,2.3583120504551637e6,0.0,0.0,0.0,0.0
11452,529977.7481638724,2.3606205026012086e6,0.0,0.0,0.0,0.0
11453,531231.2481638724,2.3631937167849545e6,0.0,0.0,0.0,0.0
11454,532484.7481638724,2.3657669309687004e6,0.0,0.0,0.0,0.0
11455,535281.2481638724,2.3697594432889754e6,0.0,0.0,0.0,0.0
11456,538077.7481638724,2.37375195560925e6,0.0,0.0,0.0,0.0
11457,540071.7481638724,2.3779286232578554e6,0.0,0.0,0.0,0.0
11458,542065.7481638724,2.382105290906461e6,0.0,0.0,0.0,0.0
11459,543167.2481638724,2.386101523536399e6,0.0,0.0,0.0,0.0
11460,544268.7481638724,2.390097756166337e6,0.0,0.0,0.0,0.0
11461,545187.7481638724,2.392921471200742e6,0.0,0.0,0.0,0.0
11462,546106.7481638724,2.395745186235146e6,0.0,0.0,0.0,0.0
11463,547401.2481638724,2.39786948305286e6,0.0,0.0,0.0,0.0
11464,548695.7481638724,2.3999937798705744e6,0.0,0.0,0.0,0.0
11465,550283.2481638724,2.4023567965583466e6,0.0,0.0,0.0,0.0
11466,551870.7481638724,2.4047198132461193e6,0.0,0.0,0.0,0.0
11467,553852.2481638724,2.4042105044508125e6,0.0,0.0,0.0,0.0
11468,555833.7481638724,2.4037011956555056e6,0.0,0.0,0.0,0.0
11469,557403.7481638724,2.4017944246814894e6,0.0,0.0,0.0,0.0
11470,558973.7481638724,2.3998876537074735e6,0.0,0.0,0.0,0.0
11471,559640.7481638724,2.3966713337319945e6,0.0,0.0,0.0,0.0
11472,560307.7481638724,2.3934550137565155e6,0.0,0.0,0.0,0.0
11473,560809.2481638724,2.391250282668434e6,0.0,0.0,0.0,0.0
11474,561310.7481638724,2.389045551580353e6,0.0,0.0,0.0,0.0
11475,561920.7481638724,2.3893654455282474e6,0.0,0.0,0.0,0.0
11476,562530.7481638724,2.389685339476141e6,0.0,0.0,0.0,0.0
11477,564404.7481638724,2.3863524497978804e6,0.0,0.0,0.0,0.0
11478,566278.7481638724,2.3830195601196196e6,0.0,0.0,0.0,0.0
11479,565243.2474143675,2.388534299143773e6,0.0,0.0,0.0,0.0
11480,564207.7466648625,2.3940490381679265e6,0.0,0.0,0.0,0.0
11481,566628.8533888925,2.393138083274669e6,0.0,0.0,0.0,0.0
11482,569049.9601129224,2.392227128381412e6,0.0,0.0,0.0,0.0
11483,571104.4601129224,2.396672278377382e6,0.0,0.0,0.0,0.0
11484,573158.9601129224,2.4011174283733517e6,0.0,0.0,0.0,0.0
11485,574580.4601129224,2.404290232464491e6,0.0,0.0,0.0,0.0
11486,576001.9601129224,2.40746303655563e6,0.0,0.0,0.0,0.0
11487,577118.4601129224,2.4103623978865207e6,0.0,0.0,0.0,0.0
11488,578234.9601129224,2.4132617592174113e6,0.0,0.0,0.0,0.0
11489,580182.1732504965,2.416804734120044e6,0.0,0.0,0.0,0.0
11490,582129.3863880706,2.420347709022676e6,0.0,0.0,0.0,0.0
11491,582806.5591752303,2.4193542740709875e6,0.0,0.0,0.0,0.0
11492,583483.7319623899,2.4183608391192984e6,0.0,0.0,0.0,0.0
11493,581748.1062569069,2.416525374080495e6,0.0,0.0,0.0,0.0
11494,580012.4805514237,2.414689909041691e6,0.0,0.0,0.0,0.0
11495,580073.2901772754,2.410475305973241e6,0.0,0.0,0.0,0.0
11496,580134.0998031272,2.4062607029047906e6,0.0,0.0,0.0,0.0
11497,580657.0998031272,2.4029631534752124e6,0.0,0.0,0.0,0.0
11498,581180.0998031272,2.399665604045634e6,0.0,0.0,0.0,0.0
11499,582018.5998031272,2.3953685341129815e6,0.0,0.0,0.0,0.0
11500,582857.0998031272,2.3910714641803293e6,0.0,0.0,0.0,0.0
11501,585303.5998031272,2.3873225198713955e6,0.0,0.0,0.0,0.0
11502,587750.0998031272,2.3835735755624617e6,0.0,0.0,0.0,0.0
11503,589203.3604793507,2.381475828692399e6,0.0,0.0,0.0,0.0
11504,590656.6211555741,2.379378081822336e6,0.0,0.0,0.0,0.0
11505,593337.6211555741,2.3776412049896084e6,0.0,0.0,0.0,0.0
11506,596018.6211555741,2.375904328156881e6,0.0,0.0,0.0,0.0
11507,598155.1211555741,2.379909861560977e6,0.0,0.0,0.0,0.0
11508,600291.6211555741,2.3839153949650736e6,0.0,0.0,0.0,0.0
11509,602080.6211555741,2.386270350981909e6,0.0,0.0,0.0,0.0
11510,603869.6211555741,2.3886253069987446e6,0.0,0.0,0.0,0.0
11511,604879.1211555741,2.390620633081466e6,0.0,0.0,0.0,0.0
11512,605888.6211555741,2.392615959164188e6,0.0,0.0,0.0,0.0
11513,608116.6211555741,2.39076247197643e6,0.0,0.0,0.0,0.0
11514,610344.6211555741,2.3889089847886725e6,0.0,0.0,0.0,0.0
11515,612427.0701140508,2.386171964708142e6,0.0,0.0,0.0,0.0
11516,614509.5190725274,2.3834349446276114e6,0.0,0.0,0.0,0.0
11517,613172.6066459054,2.3791992598044025e6,0.0,0.0,0.0,0.0
11518,611835.6942192833,2.374963574981194e6,0.0,0.0,0.0,0.0
11519,612851.1942192833,2.370576597565013e6,0.0,0.0,0.0,0.0
11520,613866.6942192833,2.3661896201488324e6,0.0,0.0,0.0,0.0
11521,614354.6942192833,2.3632522298162226e6,0.0,0.0,0.0,0.0
11522,614842.6942192833,2.360314839483612e6,0.0,0.0,0.0,0.0
11523,615148.1942192833,2.360878976636014e6,0.0,0.0,0.0,0.0
11524,615453.6942192833,2.361443113788416e6,0.0,0.0,0.0,0.0
11525,615777.1942192833,2.364085153700932e6,0.0,0.0,0.0,0.0
11526,616100.6942192833,2.366727193613448e6,0.0,0.0,0.0,0.0
11527,617243.6942192833,2.3694820829190826e6,0.0,0.0,0.0,0.0
11528,618386.6942192833,2.3722369722247175e6,0.0,0.0,0.0,0.0
11529,619838.6942192833,2.375312428213002e6,0.0,0.0,0.0,0.0
11530,621290.6942192833,2.3783878842012864e6,0.0,0.0,0.0,0.0
11531,622636.6942192833,2.3810001616364964e6,0.0,0.0,0.0,0.0
11532,623982.6942192833,2.3836124390717065e6,0.0,0.0,0.0,0.0
11533,624552.6942192833,2.3855085568967415e6,0.0,0.0,0.0,0.0
11534,625122.6942192833,2.3874046747217765e6,0.0,0.0,0.0,0.0
11535,625559.1942192833,2.3890974156185538e6,0.0,0.0,0.0,0.0
11536,625995.6942192833,2.3907901565153315e6,0.0,0.0,0.0,0.0
11537,627680.6942192833,2.3923291246126946e6,0.0,0.0,0.0,0.0
11538,629365.6942192833,2.393868092710058e6,0.0,0.0,0.0,0.0
11539,630928.6942192833,2.396249710946147e6,0.0,0.0,0.0,0.0
11540,632491.6942192833,2.3986313291822355e6,0.0,0.0,0.0,0.0
11541,633848.6942192833,2.401120216346948e6,0.0,0.0,0.0,0.0
11542,635205.6942192833,2.4036091035116604e6,0.0,0.0,0.0,0.0
11543,635953.6942192833,2.4063336102883783e6,0.0,0.0,0.0,0.0
11544,636701.6942192833,2.4090581170650963e6,0.0,0.0,0.0,0.0
11545,637115.6942192833,2.4123406702913013e6,0.0,0.0,0.0,0.0
11546,637529.6942192833,2.4156232235175064e6,0.0,0.0,0.0,0.0
11547,637939.1942192833,2.4185907905255565e6,0.0,0.0,0.0,0.0
11548,638348.6942192833,2.4215583575336067e6,0.0,0.0,0.0,0.0
11549,638670.1942192833,2.424571808360837e6,0.0,0.0,0.0,0.0
11550,638991.6942192833,2.427585259188067e6,0.0,0.0,0.0,0.0
11551,639383.1942192833,2.430839910091798e6,0.0,0.0,0.0,0.0
11552,639774.6942192833,2.434094560995529e6,0.0,0.0,0.0,0.0
11553,640248.6942192833,2.4367886852433304e6,0.0,0.0,0.0,0.0
11554,640722.6942192833,2.439482809491132e6,0.0,0.0,0.0,0.0
11555,641514.1942192833,2.441732976785786e6,0.0,0.0,0.0,0.0
11556,642305.6942192833,2.44398314408044e6,0.0,0.0,0.0,0.0
11557,642688.1942192833,2.445900963711844e6,0.0,0.0,0.0,0.0
11558,643070.6942192833,2.447818783343248e6,0.0,0.0,0.0,0.0
11559,643642.6942192833,2.449937499696467e6,0.0,0.0,0.0,0.0
11560,644214.6942192833,2.4520562160496865e6,0.0,0.0,0.0,0.0
11561,645161.1942192833,2.4543187843765514e6,0.0,0.0,0.0,0.0
11562,646107.6942192833,2.4565813527034163e6,0.0,0.0,0.0,0.0
11563,647764.1942192833,2.4596692097239112e6,0.0,0.0,0.0,0.0
11564,649420.6942192833,2.4627570667444067e6,0.0,0.0,0.0,0.0
11565,650875.6942192833,2.4658250821133647e6,0.0,0.0,0.0,0.0
11566,652330.6942192833,2.4688930974823222e6,0.0,0.0,0.0,0.0
11567,653175.1942192833,2.471582261317239e6,0.0,0.0,0.0,0.0
11568,654019.6942192833,2.4742714251521565e6,0.0,0.0,0.0,0.0
11569,654673.6942192833,2.4771397839025203e6,0.0,0.0,0.0,0.0
11570,655327.6942192833,2.4800081426528837e6,0.0,0.0,0.0,0.0
11571,655675.1942192833,2.4833018568080785e6,0.0,0.0,0.0,0.0
11572,656022.6942192833,2.4865955709632733e6,0.0,0.0,0.0,0.0
11573,656855.1942192833,2.4891551440115874e6,0.0,0.0,0.0,0.0
11574,657687.6942192833,2.4917147170599014e6,0.0,0.0,0.0,0.0
11575,659730.6942192833,2.494988589563559e6,0.0,0.0,0.0,0.0
11576,661773.6942192833,2.4982624620672166e6,0.0,0.0,0.0,0.0
11577,664183.1942192833,2.5011971663399083e6,0.0,0.0,0.0,0.0
11578,666592.6942192833,2.5041318706126e6,0.0,0.0,0.0,0.0
11579,669268.1942192833,2.5070659548336808e6,0.0,0.0,0.0,0.0
11580,671943.6942192833,2.5100000390547616e6,0.0,0.0,0.0,0.0
11581,673714.1942192833,2.5123636757941446e6,0.0,0.0,0.0,0.0
11582,675484.6942192833,2.5147273125335276e6,0.0,0.0,0.0,0.0
11583,676442.1942192833,2.5168292874932624e6,0.0,0.0,0.0,0.0
11584,677399.6942192833,2.518931262452997e6,0.0,0.0,0.0,0.0
11585,678855.1942192833,2.521140506341355e6,0.0,0.0,0.0,0.0
11586,680310.6942192833,2.5233497502297135e6,0.0,0.0,0.0,0.0
11587,681696.6942192833,2.527541299116972e6,0.0,0.0,0.0,0.0
11588,683082.6942192833,2.5317328480042308e6,0.0,0.0,0.0,0.0
11589,684884.1942192833,2.535174754494345e6,0.0,0.0,0.0,0.0
11590,686685.6942192833,2.5386166609844593e6,0.0,0.0,0.0,0.0
11591,687572.1942192833,2.5409871182915587e6,0.0,0.0,0.0,0.0
11592,688458.6942192833,2.5433575755986576e6,0.0,0.0,0.0,0.0
11593,689096.1942192833,2.542520118105691e6,0.0,0.0,0.0,0.0
11594,689733.6942192833,2.5416826606127247e6,0.0,0.0,0.0,0.0
11595,690431.6942192833,2.5447457155687986e6,0.0,0.0,0.0,0.0
11596,691129.6942192833,2.547808770524872e6,0.0,0.0,0.0,0.0
11597,692673.1942192833,2.550730453713742e6,0.0,0.0,0.0,0.0
11598,694216.6942192833,2.553652136902612e6,0.0,0.0,0.0,0.0
11599,695470.77934112,2.5576812322679088e6,0.0,0.0,0.0,0.0
11600,696724.8644629567,2.561710327633206e6,0.0,0.0,0.0,0.0
11601,699229.8644629567,2.565598051231299e6,0.0,0.0,0.0,0.0
11602,701734.8644629567,2.5694857748293923e6,0.0,0.0,0.0,0.0
11603,703692.3644629567,2.5733846593564753e6,0.0,0.0,0.0,0.0
11604,705649.8644629567,2.5772835438835584e6,0.0,0.0,0.0,0.0
11605,707141.8644629567,2.5809771913275523e6,0.0,0.0,0.0,0.0
11606,708633.8644629567,2.5846708387715463e6,0.0,0.0,0.0,0.0
11607,709635.3644629567,2.5878138803853793e6,0.0,0.0,0.0,0.0
11608,710636.8644629567,2.590956921999213e6,0.0,0.0,0.0,0.0
11609,711996.8644629567,2.594298380128419e6,0.0,0.0,0.0,0.0
11610,713356.8644629567,2.5976398382576257e6,0.0,0.0,0.0,0.0
11611,712961.6601411616,2.6032314636814864e6,0.0,0.0,0.0,0.0
11612,712566.4558193667,2.6088230891053467e6,0.0,0.0,0.0,0.0
11613,709890.5261717199,2.614100348362663e6,0.0,0.0,0.0,0.0
11614,707214.5965240732,2.619377607619979e6,0.0,0.0,0.0,0.0
11615,706004.7628450212,2.623890343241498e6,0.0,0.0,0.0,0.0
11616,704794.9291659693,2.628403078863017e6,0.0,0.0,0.0,0.0
11617,705538.9291659693,2.6297102231887877e6,0.0,0.0,0.0,0.0
11618,706282.9291659693,2.631017367514558e6,0.0,0.0,0.0,0.0
11619,707236.9291659693,2.6286392720837537e6,0.0,0.0,0.0,0.0
11620,708190.9291659693,2.62626117665295e6,0.0,0.0,0.0,0.0
11621,707384.7491047775,2.627425767645605e6,0.0,0.0,0.0,0.0
11622,706578.5690435857,2.6285903586382596e6,0.0,0.0,0.0,0.0
11623,704525.7264011416,2.627860074564198e6,0.0,0.0,0.0,0.0
11624,702472.8837586977,2.627129790490137e6,0.0,0.0,0.0,0.0
11625,704846.1997700952,2.6324547937214645e6,0.0,0.0,0.0,0.0
11626,707219.5157814927,2.6377797969527924e6,0.0,0.0,0.0,0.0
11627,708817.0157814927,2.641864076911427e6,0.0,0.0,0.0,0.0
11628,710414.5157814927,2.645948356870062e6,0.0,0.0,0.0,0.0
11629,711848.5157814927,2.648620779311495e6,0.0,0.0,0.0,0.0
11630,713282.5157814927,2.651293201752927e6,0.0,0.0,0.0,0.0
11631,714571.0157814927,2.6538602154205674e6,0.0,0.0,0.0,0.0
11632,715859.5157814927,2.656427229088208e6,0.0,0.0,0.0,0.0
11633,717273.5157814927,2.6589384381109e6,0.0,0.0,0.0,0.0
11634,718687.5157814927,2.661449647133592e6,0.0,0.0,0.0,0.0
11635,720720.4457935798,2.6663474348052572e6,0.0,0.0,0.0,0.0
11636,722753.3758056669,2.671245222476922e6,0.0,0.0,0.0,0.0
11637,723902.4941553755,2.6716365678073894e6,0.0,0.0,0.0,0.0
11638,725051.6125050843,2.6720279131378564e6,0.0,0.0,0.0,0.0
11639,726412.1125050843,2.6730337705515176e6,0.0,0.0,0.0,0.0
11640,727772.6125050843,2.674039627965179e6,0.0,0.0,0.0,0.0
11641,728380.1125050843,2.676598580961882e6,0.0,0.0,0.0,0.0
11642,728987.6125050843,2.679157533958586e6,0.0,0.0,0.0,0.0
11643,729379.6125050843,2.681333858364884e6,0.0,0.0,0.0,0.0
11644,729771.6125050843,2.6835101827711817e6,0.0,0.0,0.0,0.0
11645,731181.1194711825,2.6849621225616857e6,0.0,0.0,0.0,0.0
11646,732590.6264372807,2.6864140623521893e6,0.0,0.0,0.0,0.0
11647,731920.7817896983,2.6872187491801945e6,0.0,0.0,0.0,0.0
11648,731250.9371421159,2.6880234360081996e6,0.0,0.0,0.0,0.0
11649,734256.9371421159,2.6928976617186638e6,0.0,0.0,0.0,0.0
11650,737262.9371421159,2.6977718874291284e6,0.0,0.0,0.0,0.0
11651,739935.9371421159,2.7013979492475735e6,0.0,0.0,0.0,0.0
11652,742608.9371421159,2.705024011066018e6,0.0,0.0,0.0,0.0
11653,745567.4371421159,2.7077844808361474e6,0.0,0.0,0.0,0.0
11654,748525.9371421159,2.710544950606277e6,0.0,0.0,0.0,0.0
11655,750802.4371421159,2.713195671241341e6,0.0,0.0,0.0,0.0
11656,753078.9371421159,2.7158463918764046e6,0.0,0.0,0.0,0.0
11657,756045.8692702895,2.7181232213903116e6,0.0,0.0,0.0,0.0
11658,759012.8013984631,2.720400050904219e6,0.0,0.0,0.0,0.0
11659,759295.2358038293,2.7240248726194426e6,0.0,0.0,0.0,0.0
11660,759577.6702091953,2.7276496943346667e6,0.0,0.0,0.0,0.0
11661,757555.6230991636,2.73049449112383e6,0.0,0.0,0.0,0.0
11662,755533.575989132,2.7333392879129928e6,0.0,0.0,0.0,0.0
11663,756837.075989132,2.736156802431292e6,0.0,0.0,0.0,0.0
11664,758140.575989132,2.738974316949591e6,0.0,0.0,0.0,0.0
11665,759026.575989132,2.741281528992415e6,0.0,0.0,0.0,0.0
11666,759912.575989132,2.743588741035239e6,0.0,0.0,0.0,0.0
11667,760721.075989132,2.7466703975396287e6,0.0,0.0,0.0,0.0
11668,761529.575989132,2.7497520540440185e6,0.0,0.0,0.0,0.0
11669,762326.075989132,2.753052588766929e6,0.0,0.0,0.0,0.0
11670,763122.575989132,2.75635312348984e6,0.0,0.0,0.0,0.0
11671,764034.075989132,2.759487484381126e6,0.0,0.0,0.0,0.0
11672,764945.575989132,2.7626218452724116e6,0.0,0.0,0.0,0.0
11673,766335.075989132,2.7654089772617943e6,0.0,0.0,0.0,0.0
11674,767724.575989132,2.768196109251177e6,0.0,0.0,0.0,0.0
11675,769471.075989132,2.7728706783430474e6,0.0,0.0,0.0,0.0
11676,771217.575989132,2.7775452474349174e6,0.0,0.0,0.0,0.0
11677,772095.575989132,2.7814087890201993e6,0.0,0.0,0.0,0.0
11678,772973.575989132,2.7852723306054818e6,0.0,0.0,0.0,0.0
11679,773930.075989132,2.788549923418802e6,0.0,0.0,0.0,0.0
11680,774886.575989132,2.791827516232123e6,0.0,0.0,0.0,0.0
11681,776441.575989132,2.7943071026226776e6,0.0,0.0,0.0,0.0
11682,777996.575989132,2.7967866890132315e6,0.0,0.0,0.0,0.0
11683,780019.075989132,2.800521259863521e6,0.0,0.0,0.0,0.0
11684,782041.575989132,2.804255830713811e6,0.0,0.0,0.0,0.0
11685,784091.575989132,2.8083835142851835e6,0.0,0.0,0.0,0.0
11686,786141.575989132,2.8125111978565566e6,0.0,0.0,0.0,0.0
11687,787609.575989132,2.8148270906219278e6,0.0,0.0,0.0,0.0
11688,789077.575989132,2.8171429833872993e6,0.0,0.0,0.0,0.0
11689,790182.575989132,2.819439654552744e6,0.0,0.0,0.0,0.0
11690,791287.575989132,2.8217363257181887e6,0.0,0.0,0.0,0.0
11691,792336.575989132,2.8241111233865614e6,0.0,0.0,0.0,0.0
11692,793385.575989132,2.826485921054934e6,0.0,0.0,0.0,0.0
11693,794830.575989132,2.8290262725033215e6,0.0,0.0,0.0,0.0
11694,796275.575989132,2.831566623951709e6,0.0,0.0,0.0,0.0
11695,798241.575989132,2.8339755244586617e6,0.0,0.0,0.0,0.0
11696,800207.575989132,2.836384424965614e6,0.0,0.0,0.0,0.0
11697,802189.575989132,2.8385459248799607e6,0.0,0.0,0.0,0.0
11698,804171.575989132,2.8407074247943074e6,0.0,0.0,0.0,0.0
11699,806355.075989132,2.8429402306438666e6,0.0,0.0,0.0,0.0
11700,808538.575989132,2.8451730364934253e6,0.0,0.0,0.0,0.0
11701,810050.075989132,2.847647042419485e6,0.0,0.0,0.0,0.0
11702,811561.575989132,2.850121048345544e6,0.0,0.0,0.0,0.0
11703,813100.075989132,2.853231847275629e6,0.0,0.0,0.0,0.0
11704,814638.575989132,2.8563426462057144e6,0.0,0.0,0.0,0.0
11705,816941.575989132,2.860177045365301e6,0.0,0.0,0.0,0.0
11706,819244.575989132,2.864011444524888e6,0.0,0.0,0.0,0.0
11707,822239.075989132,2.8678514241489694e6,0.0,0.0,0.0,0.0
11708,825233.575989132,2.871691403773051e6,0.0,0.0,0.0,0.0
11709,828111.075989132,2.875041542624805e6,0.0,0.0,0.0,0.0
11710,830988.575989132,2.8783916814765595e6,0.0,0.0,0.0,0.0
11711,833060.075989132,2.881514261387245e6,0.0,0.0,0.0,0.0
11712,835131.575989132,2.8846368412979306e6,0.0,0.0,0.0,0.0
11713,836345.075989132,2.887446915196903e6,0.0,0.0,0.0,0.0
11714,837558.575989132,2.890256989095876e6,0.0,0.0,0.0,0.0
11715,838734.075989132,2.8932530784780113e6,0.0,0.0,0.0,0.0
11716,839909.575989132,2.896249167860146e6,0.0,0.0,0.0,0.0
11717,841071.075989132,2.899408950867464e6,0.0,0.0,0.0,0.0
11718,842232.575989132,2.902568733874782e6,0.0,0.0,0.0,0.0
11719,843492.075989132,2.9054011296317345e6,0.0,0.0,0.0,0.0
11720,844751.575989132,2.9082335253886865e6,0.0,0.0,0.0,0.0
11721,846212.575989132,2.910607703005449e6,0.0,0.0,0.0,0.0
11722,847673.575989132,2.912981880622211e6,0.0,0.0,0.0,0.0
11723,849234.575989132,2.915298393439193e6,0.0,0.0,0.0,0.0
11724,850795.575989132,2.9176149062561747e6,0.0,0.0,0.0,0.0
11725,851932.075989132,2.9197869470479004e6,0.0,0.0,0.0,0.0
11726,853068.575989132,2.921958987839626e6,0.0,0.0,0.0,0.0
11727,854185.075989132,2.924375328965905e6,0.0,0.0,0.0,0.0
11728,855301.575989132,2.926791670092184e6,0.0,0.0,0.0,0.0
11729,856602.575989132,2.929945872635007e6,0.0,0.0,0.0,0.0
11730,857903.575989132,2.93310007517783e6,0.0,0.0,0.0,0.0
11731,859532.075989132,2.9382812264355123e6,0.0,0.0,0.0,0.0
11732,861160.575989132,2.943462377693195e6,0.0,0.0,0.0,0.0
11733,863586.575989132,2.946849707751614e6,0.0,0.0,0.0,0.0
11734,866012.575989132,2.950237037810033e6,0.0,0.0,0.0,0.0
11735,867173.575989132,2.9509793729803683e6,0.0,0.0,0.0,0.0
11736,868334.575989132,2.9517217081507035e6,0.0,0.0,0.0,0.0
11737,869787.575989132,2.954816385738915e6,0.0,0.0,0.0,0.0
11738,871240.575989132,2.9579110633271257e6,0.0,0.0,0.0,0.0
11739,872687.075989132,2.9607800421291e6,0.0,0.0,0.0,0.0
11740,874133.575989132,2.963649020931074e6,0.0,0.0,0.0,0.0
11741,875895.575989132,2.966596746287587e6,0.0,0.0,0.0,0.0
11742,877657.575989132,2.9695444716441e6,0.0,0.0,0.0,0.0
11743,878844.3710921207,2.9736436328413878e6,0.0,0.0,0.0,0.0
11744,880031.1661951091,2.9777427940386757e6,0.0,0.0,0.0,0.0
11745,883431.6661951091,2.981675161352728e6,0.0,0.0,0.0,0.0
11746,886832.1661951091,2.9856075286667803e6,0.0,0.0,0.0,0.0
11747,890428.6661951091,2.988759871054772e6,0.0,0.0,0.0,0.0
11748,894025.1661951091,2.9919122134427633e6,0.0,0.0,0.0,0.0
11749,897360.6661951091,2.994389939678486e6,0.0,0.0,0.0,0.0
11750,900696.1661951091,2.9968676659142086e6,0.0,0.0,0.0,0.0
11751,903303.6661951091,3.000002646857105e6,0.0,0.0,0.0,0.0
11752,905911.1661951091,3.0031376278000013e6,0.0,0.0,0.0,0.0
11753,908996.1661951091,3.0055459082553433e6,0.0,0.0,0.0,0.0
11754,912081.1661951091,3.0079541887106854e6,0.0,0.0,0.0,0.0
11755,914280.1661951091,3.0108541700931867e6,0.0,0.0,0.0,0.0
11756,916479.1661951091,3.013754151475688e6,0.0,0.0,0.0,0.0
11757,918214.1661951091,3.01638007004633e6,0.0,0.0,0.0,0.0
11758,919949.1661951091,3.0190059886169718e6,0.0,0.0,0.0,0.0
11759,921053.6661951091,3.0232434213234102e6,0.0,0.0,0.0,0.0
11760,922158.1661951091,3.0274808540298487e6,0.0,0.0,0.0,0.0
11761,923308.1661951091,3.0313908994859215e6,0.0,0.0,0.0,0.0
11762,924458.1661951091,3.0353009449419943e6,0.0,0.0,0.0,0.0
11763,925628.1661951091,3.039158906062782e6,0.0,0.0,0.0,0.0
11764,926798.1661951091,3.043016867183569e6,0.0,0.0,0.0,0.0
11765,928302.6661951091,3.0460098563076514e6,0.0,0.0,0.0,0.0
11766,929807.1661951091,3.049002845431734e6,0.0,0.0,0.0,0.0
11767,932640.1661951091,3.0535199214145266e6,0.0,0.0,0.0,0.0
11768,935473.1661951091,3.0580369973973194e6,0.0,0.0,0.0,0.0
11769,938240.6661951091,3.063815258355953e6,0.0,0.0,0.0,0.0
11770,941008.1661951091,3.069593519314586e6,0.0,0.0,0.0,0.0
11771,942990.6661951091,3.075906264761506e6,0.0,0.0,0.0,0.0
11772,944973.1661951091,3.082219010208426e6,0.0,0.0,0.0,0.0
11773,946655.1661951091,3.0873121141374116e6,0.0,0.0,0.0,0.0
11774,948337.1661951091,3.092405218066397e6,0.0,0.0,0.0,0.0
11775,949803.1661951091,3.096757360320786e6,0.0,0.0,0.0,0.0
11776,951269.1661951091,3.1011095025751744e6,0.0,0.0,0.0,0.0
11777,953012.1661951091,3.1049575428701933e6,0.0,0.0,0.0,0.0
11778,954755.1661951091,3.108805583165212e6,0.0,0.0,0.0,0.0
11779,956589.1661951091,3.1145199788079597e6,0.0,0.0,0.0,0.0
11780,958423.1661951091,3.1202343744507073e6,0.0,0.0,0.0,0.0
11781,960477.6661951091,3.119790173447989e6,0.0,0.0,0.0,0.0
11782,962532.1661951091,3.119345972445271e6,0.0,0.0,0.0,0.0
11783,963867.1661951091,3.116105470456981e6,0.0,0.0,0.0,0.0
11784,965202.1661951091,3.1128649684686908e6,0.0,0.0,0.0,0.0
11785,966646.1661951091,3.110801071709302e6,0.0,0.0,0.0,0.0
11786,968090.1661951091,3.108737174949913e6,0.0,0.0,0.0,0.0
11787,969517.6661951091,3.1122906907299245e6,0.0,0.0,0.0,0.0
11788,970945.1661951091,3.115844206509936e6,0.0,0.0,0.0,0.0
11789,973035.1661951091,3.119738130624135e6,0.0,0.0,0.0,0.0
11790,975125.1661951091,3.1236320547383334e6,0.0,0.0,0.0,0.0
11791,978596.6661951091,3.1294208565743463e6,0.0,0.0,0.0,0.0
11792,982068.1661951091,3.1352096584103587e6,0.0,0.0,0.0,0.0
11793,984435.6661951091,3.1411786066666385e6,0.0,0.0,0.0,0.0
11794,986803.1661951091,3.1471475549229183e6,0.0,0.0,0.0,0.0
11795,989019.6661951091,3.153232121377159e6,0.0,0.0,0.0,0.0
11796,991236.1661951091,3.1593166878314e6,0.0,0.0,0.0,0.0
11797,992998.1661951091,3.1641158872969886e6,0.0,0.0,0.0,0.0
11798,994760.1661951091,3.1689150867625778e6,0.0,0.0,0.0,0.0
11799,996389.6661951091,3.1736640620477125e6,0.0,0.0,0.0,0.0
11800,998019.1661951091,3.1784130373328477e6,0.0,0.0,0.0,0.0
11801,999978.6661951091,3.1819224904048867e6,0.0,0.0,0.0,0.0
11802,1.0019381661951091e6,3.1854319434769256e6,0.0,0.0,0.0,0.0
11803,1.0037661661951091e6,3.1893495564260148e6,0.0,0.0,0.0,0.0
11804,1.0055941661951091e6,3.1932671693751044e6,0.0,0.0,0.0,0.0
11805,1.0080311661951091e6,3.192790857466607e6,0.0,0.0,0.0,0.0
11806,1.0104681661951091e6,3.1923145455581094e6,0.0,0.0,0.0,0.0
11807,1.0117356661951091e6,3.190085967798223e6,0.0,0.0,0.0,0.0
11808,1.0130031661951091e6,3.1878573900383357e6,0.0,0.0,0.0,0.0
11809,1.0141226661951091e6,3.189744270122853e6,0.0,0.0,0.0,0.0
11810,1.0152421661951091e6,3.1916311502073705e6,0.0,0.0,0.0,0.0
11811,1.0164491661951091e6,3.1936565877936445e6,0.0,0.0,0.0,0.0
11812,1.0176561661951091e6,3.195682025379919e6,0.0,0.0,0.0,0.0
11813,1.0196361661951091e6,3.199939919789505e6,0.0,0.0,0.0,0.0
11814,1.0216161661951091e6,3.204197814199092e6,0.0,0.0,0.0,0.0
11815,1.0240173103502644e6,3.2092692163217086e6,0.0,0.0,0.0,0.0
11816,1.0264184545054196e6,3.214340618444325e6,0.0,0.0,0.0,0.0
11817,1.0293629545054196e6,3.2192576277159164e6,0.0,0.0,0.0,0.0
11818,1.0323074545054196e6,3.2241746369875083e6,0.0,0.0,0.0,0.0
11819,1.0357699545054196e6,3.228655749976889e6,0.0,0.0,0.0,0.0
11820,1.0392324545054196e6,3.2331368629662707e6,0.0,0.0,0.0,0.0
11821,1.0417329545054196e6,3.236957000938815e6,0.0,0.0,0.0,0.0
11822,1.0442334545054196e6,3.2407771389113595e6,0.0,0.0,0.0,0.0
11823,1.0456979545054196e6,3.2445650342001556e6,0.0,0.0,0.0,0.0
11824,1.0471624545054196e6,3.248352929488952e6,0.0,0.0,0.0,0.0
11825,1.0497659545054196e6,3.2522592546353615e6,0.0,0.0,0.0,0.0
11826,1.0523694545054196e6,3.256165579781771e6,0.0,0.0,0.0,0.0
11827,1.0555989545054196e6,3.2606419050928336e6,0.0,0.0,0.0,0.0
11828,1.0588284545054196e6,3.2651182304038955e6,0.0,0.0,0.0,0.0
11829,1.0619437386239036e6,3.2635325010862695e6,0.0,0.0,0.0,0.0
11830,1.0650590227423876e6,3.2619467717686435e6,0.0,0.0,0.0,0.0
11831,1.0670325227423876e6,3.2669667096075853e6,0.0,0.0,0.0,0.0
11832,1.0690060227423876e6,3.2719866474465267e6,0.0,0.0,0.0,0.0
11833,1.0701650227423876e6,3.2768639734150437e6,0.0,0.0,0.0,0.0
11834,1.0713240227423876e6,3.2817412993835607e6,0.0,0.0,0.0,0.0
11835,1.0723690227423876e6,3.286652108139047e6,0.0,0.0,0.0,0.0
11836,1.0734140227423876e6,3.291562916894533e6,0.0,0.0,0.0,0.0
11837,1.0747465227423876e6,3.296036589264588e6,0.0,0.0,0.0,0.0
11838,1.0760790227423876e6,3.3005102616346427e6,0.0,0.0,0.0,0.0
11839,1.0784260227423876e6,3.304863023940642e6,0.0,0.0,0.0,0.0
11840,1.0807730227423876e6,3.309215786246641e6,0.0,0.0,0.0,0.0
11841,1.0838105227423876e6,3.313672717223211e6,0.0,0.0,0.0,0.0
11842,1.0868480227423876e6,3.3181296481997813e6,0.0,0.0,0.0,0.0
11843,1.0890990227423876e6,3.3225406953571714e6,0.0,0.0,0.0,0.0
11844,1.0913500227423876e6,3.3269517425145614e6,0.0,0.0,0.0,0.0
11845,1.0923060227423876e6,3.331212737182201e6,0.0,0.0,0.0,0.0
11846,1.0932620227423876e6,3.33547373184984e6,0.0,0.0,0.0,0.0
11847,1.0943760227423876e6,3.3395623521697484e6,0.0,0.0,0.0,0.0
11848,1.0954900227423876e6,3.3436509724896573e6,0.0,0.0,0.0,0.0
11849,1.0972460227423876e6,3.348091162072743e6,0.0,0.0,0.0,0.0
11850,1.0990020227423876e6,3.3525313516558283e6,0.0,0.0,0.0,0.0
11851,1.1012530227423876e6,3.357699758650597e6,0.0,0.0,0.0,0.0
11852,1.1035040227423876e6,3.3628681656453656e6,0.0,0.0,0.0,0.0
11853,1.1056735227423876e6,3.368758655945507e6,0.0,0.0,0.0,0.0
11854,1.1078430227423876e6,3.3746491462456486e6,0.0,0.0,0.0,0.0
11855,1.1094360227423876e6,3.3789146091372347e6,0.0,0.0,0.0,0.0
11856,1.1110290227423876e6,3.383180072028821e6,0.0,0.0,0.0,0.0
11857,1.1120905227423876e6,3.3871608033684953e6,0.0,0.0,0.0,0.0
11858,1.1131520227423876e6,3.3911415347081698e6,0.0,0.0,0.0,0.0
11859,1.1139750227423876e6,3.395252476886058e6,0.0,0.0,0.0,0.0
11860,1.1147980227423876e6,3.399363419063946e6,0.0,0.0,0.0,0.0
11861,1.1156940227423876e6,3.3975104410240604e6,0.0,0.0,0.0,0.0
11862,1.1165900227423876e6,3.3956574629841745e6,0.0,0.0,0.0,0.0
11863,1.1180370227423876e6,3.4004932454947853e6,0.0,0.0,0.0,0.0
11864,1.1194840227423876e6,3.405329028005396e6,0.0,0.0,0.0,0.0
11865,1.1207560227423876e6,3.4106428703077342e6,0.0,0.0,0.0,0.0
11866,1.1220280227423876e6,3.4159567126100725e6,0.0,0.0,0.0,0.0
11867,1.1232360227423876e6,3.4206647644889117e6,0.0,0.0,0.0,0.0
11868,1.1244440227423876e6,3.425372816367751e6,0.0,0.0,0.0,0.0
11869,1.1253225227423876e6,3.4289300524574257e6,0.0,0.0,0.0,0.0
11870,1.1262010227423876e6,3.432487288547101e6,0.0,0.0,0.0,0.0
11871,1.1270590227423876e6,3.435914933850173e6,0.0,0.0,0.0,0.0
11872,1.1279170227423876e6,3.4393425791532444e6,0.0,0.0,0.0,0.0
11873,1.1294335227423876e6,3.444232926205583e6,0.0,0.0,0.0,0.0
11874,1.1309500227423876e6,3.4491232732579214e6,0.0,0.0,0.0,0.0
11875,1.1324280227423876e6,3.455876875399936e6,0.0,0.0,0.0,0.0
11876,1.1339060227423876e6,3.462630477541951e6,0.0,0.0,0.0,0.0
11877,1.1359015227423876e6,3.4660586108999006e6,0.0,0.0,0.0,0.0
11878,1.1378970227423876e6,3.46948674425785e6,0.0,0.0,0.0,0.0
11879,1.1390715227423876e6,3.4715065539464317e6,0.0,0.0,0.0,0.0
11880,1.1402460227423876e6,3.4735263636350133e6,0.0,0.0,0.0,0.0
11881,1.1412345227423876e6,3.477673268806313e6,0.0,0.0,0.0,0.0
11882,1.1422230227423876e6,3.4818201739776125e6,0.0,0.0,0.0,0.0
11883,1.1429615227423876e6,3.4856093093696297e6,0.0,0.0,0.0,0.0
11884,1.1437000227423876e6,3.489398444761647e6,0.0,0.0,0.0,0.0
11885,1.1444700227423876e6,3.489170708713953e6,0.0,0.0,0.0,0.0
11886,1.1452400227423876e6,3.488942972666259e6,0.0,0.0,0.0,0.0
11887,1.1463560227423876e6,3.493190326198466e6,0.0,0.0,0.0,0.0
11888,1.1474720227423876e6,3.4974376797306733e6,0.0,0.0,0.0,0.0
11889,1.1486615227423876e6,3.50104265979436e6,0.0,0.0,0.0,0.0
11890,1.1498510227423876e6,3.5046476398580465e6,0.0,0.0,0.0,0.0
11891,1.1510330227423876e6,3.508705877649039e6,0.0,0.0,0.0,0.0
11892,1.1522150227423876e6,3.512764115440031e6,0.0,0.0,0.0,0.0
11893,1.1530225227423876e6,3.517080294701008e6,0.0,0.0,0.0,0.0
11894,1.1538300227423876e6,3.5213964739619857e6,0.0,0.0,0.0,0.0
11895,1.1546690227423876e6,3.525889367931967e6,0.0,0.0,0.0,0.0
11896,1.1555080227423876e6,3.5303822619019486e6,0.0,0.0,0.0,0.0
11897,1.1578460227423876e6,3.5353104321025303e6,0.0,0.0,0.0,0.0
11898,1.1601840227423876e6,3.5402386023031115e6,0.0,0.0,0.0,0.0
11899,1.1624760227423876e6,3.5422263635605555e6,0.0,0.0,0.0,0.0
11900,1.1647680227423876e6,3.5442141248179995e6,0.0,0.0,0.0,0.0
11901,1.1672635227423876e6,3.548883219013053e6,0.0,0.0,0.0,0.0
11902,1.1697590227423876e6,3.553552313208107e6,0.0,0.0,0.0,0.0
11903,1.1714155227423876e6,3.5563282842685e6,0.0,0.0,0.0,0.0
11904,1.1730720227423876e6,3.5591042553288927e6,0.0,0.0,0.0,0.0
11905,1.1742220227423876e6,3.557977251946955e6,0.0,0.0,0.0,0.0
11906,1.1753720227423876e6,3.5568502485650177e6,0.0,0.0,0.0,0.0
11907,1.1764860227423876e6,3.5601625642685285e6,0.0,0.0,0.0,0.0
11908,1.1776000227423876e6,3.5634748799720397e6,0.0,0.0,0.0,0.0
11909,1.1794625227423876e6,3.5634942154852487e6,0.0,0.0,0.0,0.0
11910,1.1813250227423876e6,3.563513550998458e6,0.0,0.0,0.0,0.0
11911,1.1842305227423876e6,3.5662497465203097e6,0.0,0.0,0.0,0.0
11912,1.1871360227423876e6,3.5689859420421612e6,0.0,0.0,0.0,0.0
11913,1.1901735227423876e6,3.57526272449567e6,0.0,0.0,0.0,0.0
11914,1.1932110227423876e6,3.5815395069491784e6,0.0,0.0,0.0,0.0
11915,1.1953930227423876e6,3.5874101555977827e6,0.0,0.0,0.0,0.0
11916,1.1975750227423876e6,3.5932808042463865e6,0.0,0.0,0.0,0.0
11917,1.1991915227423876e6,3.5974475510692233e6,0.0,0.0,0.0,0.0
11918,1.2008080227423876e6,3.60161429789206e6,0.0,0.0,0.0,0.0
11919,1.2024870227423876e6,3.6064482202478396e6,0.0,0.0,0.0,0.0
11920,1.2041660227423876e6,3.6112821426036186e6,0.0,0.0,0.0,0.0
11921,1.2079335227423876e6,3.61678262044073e6,0.0,0.0,0.0,0.0
11922,1.2117010227423876e6,3.6222830982778408e6,0.0,0.0,0.0,0.0
11923,1.2154605227423876e6,3.628843864368977e6,0.0,0.0,0.0,0.0
11924,1.2192200227423876e6,3.6354046304601138e6,0.0,0.0,0.0,0.0
11925,1.2220180227423876e6,3.6404134073700653e6,0.0,0.0,0.0,0.0
11926,1.2248160227423876e6,3.6454221842800174e6,0.0,0.0,0.0,0.0
11927,1.2264010227423876e6,3.647982365772442e6,0.0,0.0,0.0,0.0
11928,1.2279860227423876e6,3.650542547264867e6,0.0,0.0,0.0,0.0
11929,1.2290715227423876e6,3.6508035453242804e6,0.0,0.0,0.0,0.0
11930,1.2301570227423876e6,3.651064543383694e6,0.0,0.0,0.0,0.0
11931,1.2311395227423876e6,3.65369553755394e6,0.0,0.0,0.0,0.0
11932,1.2321220227423876e6,3.656326531724186e6,0.0,0.0,0.0,0.0
11933,1.2342220227423876e6,3.6602396774383117e6,0.0,0.0,0.0,0.0
11934,1.2363220227423876e6,3.6641528231524373e6,0.0,0.0,0.0,0.0
11935,1.2402055227423876e6,3.6702838934774688e6,0.0,0.0,0.0,0.0
11936,1.2440890227423876e6,3.6764149638025e6,0.0,0.0,0.0,0.0
11937,1.2478370227423876e6,3.68346061025308e6,0.0,0.0,0.0,0.0
11938,1.2515850227423876e6,3.6905062567036594e6,0.0,0.0,0.0,0.0
11939,1.2540925227423876e6,3.6974446342256153e6,0.0,0.0,0.0,0.0
11940,1.2566000227423876e6,3.7043830117475716e6,0.0,0.0,0.0,0.0
11941,1.2577685227423876e6,3.7093731871092073e6,0.0,0.0,0.0,0.0
11942,1.2589370227423876e6,3.714363362470843e6,0.0,0.0,0.0,0.0
11943,1.2605500227423876e6,3.719739209934235e6,0.0,0.0,0.0,0.0
11944,1.2621630227423876e6,3.7251150573976273e6,0.0,0.0,0.0,0.0
11945,1.2644615227423876e6,3.7313354151545763e6,0.0,0.0,0.0,0.0
11946,1.2667600227423876e6,3.737555772911526e6,0.0,0.0,0.0,0.0
11947,1.2688125227423876e6,3.744250470150539e6,0.0,0.0,0.0,0.0
11948,1.2708650227423876e6,3.7509451673895526e6,0.0,0.0,0.0,0.0
11949,1.2734890227423876e6,3.7556265570491385e6,0.0,0.0,0.0,0.0
11950,1.2761130227423876e6,3.760307946708725e6,0.0,0.0,0.0,0.0
11951,1.2774890227423876e6,3.762702586028635e6,0.0,0.0,0.0,0.0
11952,1.2788650227423876e6,3.7650972253485452e6,0.0,0.0,0.0,0.0
11953,1.2799560227423876e6,3.767885597441149e6,0.0,0.0,0.0,0.0
11954,1.2810470227423876e6,3.7706739695337527e6,0.0,0.0,0.0,0.0
11955,1.2824600227423876e6,3.773639676386971e6,0.0,0.0,0.0,0.0
11956,1.2838730227423876e6,3.77660538324019e6,0.0,0.0,0.0,0.0
11957,1.2865015227423876e6,3.77991645884048e6,0.0,0.0,0.0,0.0
11958,1.2891300227423876e6,3.78322753444077e6,0.0,0.0,0.0,0.0
11959,1.2930755227423876e6,3.7893431034755376e6,0.0,0.0,0.0,0.0
11960,1.2970210227423876e6,3.7954586725103054e6,0.0,0.0,0.0,0.0
11961,1.2999300227423876e6,3.802348686006639e6,0.0,0.0,0.0,0.0
11962,1.3028390227423876e6,3.809238699502973e6,0.0,0.0,0.0,0.0
11963,1.3058405227423876e6,3.8147125151208304e6,0.0,0.0,0.0,0.0
11964,1.3088420227423876e6,3.8201863307386884e6,0.0,0.0,0.0,0.0
11965,1.3109060227423876e6,3.824196204504058e6,0.0,0.0,0.0,0.0
11966,1.3129700227423876e6,3.828206078269428e6,0.0,0.0,0.0,0.0
11967,1.3149625227423876e6,3.8333016624048557e6,0.0,0.0,0.0,0.0
11968,1.3169550227423876e6,3.8383972465402833e6,0.0,0.0,0.0,0.0
11969,1.3203465227423876e6,3.844964213147525e6,0.0,0.0,0.0,0.0
11970,1.3237380227423876e6,3.851531179754767e6,0.0,0.0,0.0,0.0
11971,1.3273095227423876e6,3.858530322334556e6,0.0,0.0,0.0,0.0
11972,1.3308810227423876e6,3.865529464914345e6,0.0,0.0,0.0,0.0
11973,1.3341115227423876e6,3.8705810253854245e6,0.0,0.0,0.0,0.0
11974,1.3373420227423876e6,3.8756325858565033e6,0.0,0.0,0.0,0.0
11975,1.3388965227423876e6,3.8789734239340993e6,0.0,0.0,0.0,0.0
11976,1.3404510227423876e6,3.882314262011695e6,0.0,0.0,0.0,0.0
11977,1.3414835227423876e6,3.8855366702316776e6,0.0,0.0,0.0,0.0
11978,1.3425160227423876e6,3.8887590784516605e6,0.0,0.0,0.0,0.0
11979,1.3433340227423876e6,3.8918884789300617e6,0.0,0.0,0.0,0.0
11980,1.3441520227423876e6,3.8950178794084634e6,0.0,0.0,0.0,0.0
11981,1.3450980227423876e6,3.8998846644996013e6,0.0,0.0,0.0,0.0
11982,1.3460440227423876e6,3.9047514495907393e6,0.0,0.0,0.0,0.0
11983,1.3473470227423876e6,3.912357002645638e6,0.0,0.0,0.0,0.0
11984,1.3486500227423876e6,3.919962555700536e6,0.0,0.0,0.0,0.0
11985,1.3500505227423876e6,3.927331869091818e6,0.0,0.0,0.0,0.0
11986,1.3514510227423876e6,3.9347011824831003e6,0.0,0.0,0.0,0.0
11987,1.3529635227423876e6,3.9405867123703575e6,0.0,0.0,0.0,0.0
11988,1.3544760227423876e6,3.9464722422576146e6,0.0,0.0,0.0,0.0
11989,1.3554760227423876e6,3.9506978939834526e6,0.0,0.0,0.0,0.0
11990,1.3564760227423876e6,3.954923545709291e6,0.0,0.0,0.0,0.0
11991,1.3574120227423876e6,3.95862339366939e6,0.0,0.0,0.0,0.0
11992,1.3583480227423876e6,3.9623232416294897e6,0.0,0.0,0.0,0.0
11993,1.3598460227423876e6,3.9650948723286088e6,0.0,0.0,0.0,0.0
11994,1.3613440227423876e6,3.967866503027728e6,0.0,0.0,0.0,0.0
11995,1.3630530227423876e6,3.971384675865939e6,0.0,0.0,0.0,0.0
11996,1.3647620227423876e6,3.9749028487041495e6,0.0,0.0,0.0,0.0
11997,1.3671070227423876e6,3.9780217083051717e6,0.0,0.0,0.0,0.0
11998,1.3694520227423876e6,3.981140567906194e6,0.0,0.0,0.0,0.0
11999,1.3708070227423876e6,3.984881339272589e6,0.0,0.0,0.0,0.0
12000,1.3721620227423876e6,3.988622110638984e6,0.0,0.0,0.0,0.0
12001,1.3730685227423876e6,3.992438528301865e6,0.0,0.0,0.0,0.0
12002,1.3739750227423876e6,3.996254945964746e6,0.0,0.0,0.0,0.0
12003,1.3747790227423876e6,4.0000478016664265e6,0.0,0.0,0.0,0.0
12004,1.3755830227423876e6,4.0038406573681072e6,0.0,0.0,0.0,0.0
12005,1.3772780227423876e6,4.008065689042335e6,0.0,0.0,0.0,0.0
12006,1.3789730227423876e6,4.0122907207165626e6,0.0,0.0,0.0,0.0
12007,1.3823840227423876e6,4.0162974942238797e6,0.0,0.0,0.0,0.0
12008,1.3857950227423876e6,4.020304267731197e6,0.0,0.0,0.0,0.0
12009,1.3887550227423876e6,4.0247084943208713e6,0.0,0.0,0.0,0.0
12010,1.3917150227423876e6,4.0291127209105454e6,0.0,0.0,0.0,0.0
12011,1.3940625227423876e6,4.0335758524032207e6,0.0,0.0,0.0,0.0
12012,1.3964100227423876e6,4.0380389838958965e6,0.0,0.0,0.0,0.0
12013,1.3978085227423876e6,4.0408093744917945e6,0.0,0.0,0.0,0.0
12014,1.3992070227423876e6,4.0435797650876925e6,0.0,0.0,0.0,0.0
12015,1.4007650227423876e6,4.045986185388203e6,0.0,0.0,0.0,0.0
12016,1.4023230227423876e6,4.0483926056887135e6,0.0,0.0,0.0,0.0
12017,1.4047700227423876e6,4.0506564141187994e6,0.0,0.0,0.0,0.0
12018,1.4072170227423876e6,4.0529202225488853e6,0.0,0.0,0.0,0.0
12019,1.4093255227423876e6,4.056691376444197e6,0.0,0.0,0.0,0.0
12020,1.4114340227423876e6,4.0604625303395083e6,0.0,0.0,0.0,0.0
12021,1.4148375227423876e6,4.063810809036431e6,0.0,0.0,0.0,0.0
12022,1.4182410227423876e6,4.0671590877333535e6,0.0,0.0,0.0,0.0
12023,1.4212315227423876e6,4.0706890415521646e6,0.0,0.0,0.0,0.0
12024,1.4242220227423876e6,4.0742189953709757e6,0.0,0.0,0.0,0.0
12025,1.4253805227423876e6,4.0777483291381765e6,0.0,0.0,0.0,0.0
12026,1.4265390227423876e6,4.081277662905377e6,0.0,0.0,0.0,0.0
12027,1.4272345227423876e6,4.084565176544466e6,0.0,0.0,0.0,0.0
12028,1.4279300227423876e6,4.0878526901835557e6,0.0,0.0,0.0,0.0
12029,1.4287830227423876e6,4.0912536732673743e6,0.0,0.0,0.0,0.0
12030,1.4296360227423876e6,4.094654656351193e6,0.0,0.0,0.0,0.0
12031,1.4308595227423876e6,4.098080441499433e6,0.0,0.0,0.0,0.0
12032,1.4320830227423876e6,4.101506226647673e6,0.0,0.0,0.0,0.0
12033,1.4331100227423876e6,4.1064009140612856e6,0.0,0.0,0.0,0.0
12034,1.4341370227423876e6,4.1112956014748975e6,0.0,0.0,0.0,0.0
12035,1.4350160227423876e6,4.1154821899492717e6,0.0,0.0,0.0,0.0
12036,1.4358950227423876e6,4.119668778423646e6,0.0,0.0,0.0,0.0
12037,1.4368175227423876e6,4.1233202623581234e6,0.0,0.0,0.0,0.0
12038,1.4377400227423876e6,4.1269717462926004e6,0.0,0.0,0.0,0.0
12039,1.4385080227423876e6,4.130732979362143e6,0.0,0.0,0.0,0.0
12040,1.4392760227423876e6,4.1344942124316865e6,0.0,0.0,0.0,0.0
12041,1.4407125227423876e6,4.1384377406747285e6,0.0,0.0,0.0,0.0
12042,1.4421490227423876e6,4.1423812689177706e6,0.0,0.0,0.0,0.0
12043,1.4438665227423876e6,4.1475264571820414e6,0.0,0.0,0.0,0.0
12044,1.4455840227423876e6,4.1526716454463126e6,0.0,0.0,0.0,0.0
12045,1.4476995227423876e6,4.15720546282259e6,0.0,0.0,0.0,0.0
12046,1.4498150227423876e6,4.161739280198867e6,0.0,0.0,0.0,0.0
12047,1.4511970227423876e6,4.165232650972656e6,0.0,0.0,0.0,0.0
12048,1.4525790227423876e6,4.1687260217464454e6,0.0,0.0,0.0,0.0
12049,1.4535035227423876e6,4.1721090233335583e6,0.0,0.0,0.0,0.0
12050,1.4544280227423876e6,4.1754920249206712e6,0.0,0.0,0.0,0.0
12051,1.4551115227423876e6,4.1784323096578578e6,0.0,0.0,0.0,0.0
12052,1.4557950227423876e6,4.181372594395044e6,0.0,0.0,0.0,0.0
12053,1.4564925227423876e6,4.1843494621772524e6,0.0,0.0,0.0,0.0
12054,1.4571900227423876e6,4.1873263299594605e6,0.0,0.0,0.0,0.0
12055,1.4580905227423876e6,4.190254213664436e6,0.0,0.0,0.0,0.0
12056,1.4589910227423876e6,4.1931820973694115e6,0.0,0.0,0.0,0.0
12057,1.4599445227423876e6,4.195728029282293e6,0.0,0.0,0.0,0.0
12058,1.4608980227423876e6,4.198273961195176e6,0.0,0.0,0.0,0.0
12059,1.4617220227423876e6,4.200603495095979e6,0.0,0.0,0.0,0.0
12060,1.4625460227423876e6,4.202933028996782e6,0.0,0.0,0.0,0.0
12061,1.4632290227423876e6,4.205452918742022e6,0.0,0.0,0.0,0.0
12062,1.4639120227423876e6,4.207972808487262e6,0.0,0.0,0.0,0.0
12063,1.4646510227423876e6,4.2106514314447995e6,0.0,0.0,0.0,0.0
12064,1.4653900227423876e6,4.213330054402337e6,0.0,0.0,0.0,0.0
12065,1.4665455227423876e6,4.216686393770197e6,0.0,0.0,0.0,0.0
12066,1.4677010227423876e6,4.2200427331380565e6,0.0,0.0,0.0,0.0
12067,1.4690455227423876e6,4.224913238538858e6,0.0,0.0,0.0,0.0
12068,1.4703900227423876e6,4.229783743939659e6,0.0,0.0,0.0,0.0
12069,1.4726730227423876e6,4.2346889722306505e6,0.0,0.0,0.0,0.0
12070,1.4749560227423876e6,4.239594200521641e6,0.0,0.0,0.0,0.0
12071,1.4760485227423876e6,4.242475580355827e6,0.0,0.0,0.0,0.0
12072,1.4771410227423876e6,4.245356960190011e6,0.0,0.0,0.0,0.0
12073,1.4778105227423876e6,4.248149672643889e6,0.0,0.0,0.0,0.0
12074,1.4784800227423876e6,4.250942385097766e6,0.0,0.0,0.0,0.0
12075,1.4793575227423876e6,4.253826865190004e6,0.0,0.0,0.0,0.0
12076,1.4802350227423876e6,4.256711345282242e6,0.0,0.0,0.0,0.0
12077,1.4826070227423876e6,4.2613797138580065e6,0.0,0.0,0.0,0.0
12078,1.4849790227423876e6,4.266048082433771e6,0.0,0.0,0.0,0.0
12079,1.4880040227423876e6,4.2724848382028e6,0.0,0.0,0.0,0.0
12080,1.4910290227423876e6,4.278921593971828e6,0.0,0.0,0.0,0.0
12081,1.4927970227423876e6,4.284776741330169e6,0.0,0.0,0.0,0.0
12082,1.4945650227423876e6,4.290631888688509e6,0.0,0.0,0.0,0.0
12083,1.4955670227423876e6,4.297618630236087e6,0.0,0.0,0.0,0.0
12084,1.4965690227423876e6,4.304605371783666e6,0.0,0.0,0.0,0.0
12085,1.4977610227423876e6,4.31076248427634e6,0.0,0.0,0.0,0.0
12086,1.4989530227423876e6,4.316919596769014e6,0.0,0.0,0.0,0.0
12087,1.5002130227423876e6,4.322285523406638e6,0.0,0.0,0.0,0.0
12088,1.5014730227423876e6,4.327651450044261e6,0.0,0.0,0.0,0.0
12089,1.5037605227423876e6,4.332882825482397e6,0.0,0.0,0.0,0.0
12090,1.5060480227423876e6,4.338114200920533e6,0.0,0.0,0.0,0.0
12091,1.5084165227423876e6,4.343335035481291e6,0.0,0.0,0.0,0.0
12092,1.5107850227423876e6,4.348555870042047e6,0.0,0.0,0.0,0.0
12093,1.5124420227423876e6,4.351930190906612e6,0.0,0.0,0.0,0.0
12094,1.5140990227423876e6,4.355304511771178e6,0.0,0.0,0.0,0.0
12095,1.5156635227423876e6,4.35758754180119e6,0.0,0.0,0.0,0.0
12096,1.5172280227423876e6,4.359870571831203e6,0.0,0.0,0.0,0.0
12097,1.5183170227423876e6,4.362308683105798e6,0.0,0.0,0.0,0.0
12098,1.5194060227423876e6,4.364746794380395e6,0.0,0.0,0.0,0.0
12099,1.5203885227423876e6,4.367679638498254e6,0.0,0.0,0.0,0.0
12100,1.5213710227423876e6,4.370612482616114e6,0.0,0.0,0.0,0.0
12101,1.5232515227423876e6,4.3732774644382205e6,0.0,0.0,0.0,0.0
12102,1.5251320227423876e6,4.375942446260327e6,0.0,0.0,0.0,0.0
12103,1.5281455227423876e6,4.38143424337489e6,0.0,0.0,0.0,0.0
12104,1.5311590227423876e6,4.386926040489454e6,0.0,0.0,0.0,0.0
12105,1.5332110227423876e6,4.391946598380006e6,0.0,0.0,0.0,0.0
12106,1.5352630227423876e6,4.396967156270558e6,0.0,0.0,0.0,0.0
12107,1.5369920227423876e6,4.401011132874507e6,0.0,0.0,0.0,0.0
12108,1.5387210227423876e6,4.405055109478458e6,0.0,0.0,0.0,0.0
12109,1.5410045227423876e6,4.407769695429407e6,0.0,0.0,0.0,0.0
12110,1.5432880227423876e6,4.410484281380356e6,0.0,0.0,0.0,0.0
12111,1.5448825227423876e6,4.4135386556138825e6,0.0,0.0,0.0,0.0
12112,1.5464770227423876e6,4.416593029847409e6,0.0,0.0,0.0,0.0
12113,1.5488690227423876e6,4.419790636002969e6,0.0,0.0,0.0,0.0
12114,1.5512610227423876e6,4.42298824215853e6,0.0,0.0,0.0,0.0
12115,1.5537475227423876e6,4.428381451067017e6,0.0,0.0,0.0,0.0
12116,1.5562340227423876e6,4.433774659975505e6,0.0,0.0,0.0,0.0
12117,1.5586050227423876e6,4.438325838796878e6,0.0,0.0,0.0,0.0
12118,1.5609760227423876e6,4.44287701761825e6,0.0,0.0,0.0,0.0
12119,1.5623760227423876e6,4.445776378949141e6,0.0,0.0,0.0,0.0
12120,1.5637760227423876e6,4.448675740280031e6,0.0,0.0,0.0,0.0
12121,1.5650630227423876e6,4.451292358076515e6,0.0,0.0,0.0,0.0
12122,1.5663500227423876e6,4.453908975872999e6,0.0,0.0,0.0,0.0
12123,1.5677385227423876e6,4.456143021825779e6,0.0,0.0,0.0,0.0
12124,1.5691270227423876e6,4.458377067778559e6,0.0,0.0,0.0,0.0
12125,1.5713395227423876e6,4.460426958403008e6,0.0,0.0,0.0,0.0
12126,1.5735520227423876e6,4.462476849027458e6,0.0,0.0,0.0,0.0
12127,1.5758853942924072e6,4.4664985037734285e6,0.0,0.0,0.0,0.0
12128,1.5782187658424268e6,4.470520158519398e6,0.0,0.0,0.0,0.0
12129,1.5808507658424268e6,4.476542099760975e6,0.0,0.0,0.0,0.0
12130,1.5834827658424268e6,4.482564041002551e6,0.0,0.0,0.0,0.0
12131,1.5862247658424268e6,4.48846259197363e6,0.0,0.0,0.0,0.0
12132,1.5889667658424268e6,4.4943611429447085e6,0.0,0.0,0.0,0.0
12133,1.5913037658424268e6,4.49910577786857e6,0.0,0.0,0.0,0.0
12134,1.5936407658424268e6,4.503850412792431e6,0.0,0.0,0.0,0.0
12135,1.5956072658424268e6,4.5072073722119015e6,0.0,0.0,0.0,0.0
12136,1.5975737658424268e6,4.510564331631372e6,0.0,0.0,0.0,0.0
12137,1.6004127658424268e6,4.5131654481375925e6,0.0,0.0,0.0,0.0
12138,1.6032517658424268e6,4.515766564643812e6,0.0,0.0,0.0,0.0
12139,1.6053837658424268e6,4.519467652707133e6,0.0,0.0,0.0,0.0
12140,1.6075157658424268e6,4.523168740770454e6,0.0,0.0,0.0,0.0
12141,1.6093632658424268e6,4.526057561223965e6,0.0,0.0,0.0,0.0
12142,1.6112107658424268e6,4.528946381677477e6,0.0,0.0,0.0,0.0
12143,1.6125157658424268e6,4.5311209026756445e6,0.0,0.0,0.0,0.0
12144,1.6138207658424268e6,4.533295423673812e6,0.0,0.0,0.0,0.0
12145,1.6150642658424268e6,4.535707424438817e6,0.0,0.0,0.0,0.0
12146,1.6163077658424268e6,4.538119425203823e6,0.0,0.0,0.0,0.0
12147,1.6176102658424268e6,4.540323708679296e6,0.0,0.0,0.0,0.0
12148,1.6189127658424268e6,4.5425279921547705e6,0.0,0.0,0.0,0.0
12149,1.620487360969184e6,4.545713817329731e6,0.0,0.0,0.0,0.0
12150,1.6220619560959411e6,4.548899642504692e6,0.0,0.0,0.0,0.0
12151,1.6242418712391425e6,4.554370357864497e6,0.0,0.0,0.0,0.0
12152,1.6264217863823439e6,4.559841073224302e6,0.0,0.0,0.0,0.0
12153,1.6285857863823439e6,4.563627108358267e6,0.0,0.0,0.0,0.0
12154,1.6307497863823439e6,4.567413143492231e6,0.0,0.0,0.0,0.0
12155,1.6336402863823439e6,4.570701277182931e6,0.0,0.0,0.0,0.0
12156,1.6365307863823439e6,4.573989410873631e6,0.0,0.0,0.0,0.0
12157,1.6387757863823439e6,4.57703696453944e6,0.0,0.0,0.0,0.0
12158,1.6410207863823439e6,4.580084518205251e6,0.0,0.0,0.0,0.0
12159,1.6428967863823439e6,4.582564724647416e6,0.0,0.0,0.0,0.0
12160,1.6447727863823439e6,4.58504493108958e6,0.0,0.0,0.0,0.0
12161,1.6476032863823439e6,4.588632549708171e6,0.0,0.0,0.0,0.0
12162,1.6504337863823439e6,4.5922201683267625e6,0.0,0.0,0.0,0.0
12163,1.6534077863823439e6,4.597755369054064e6,0.0,0.0,0.0,0.0
12164,1.6563817863823439e6,4.603290569781365e6,0.0,0.0,0.0,0.0
12165,1.658908613594384e6,4.607204955598712e6,0.0,0.0,0.0,0.0
12166,1.6614354408064242e6,4.611119341416058e6,0.0,0.0,0.0,0.0
12167,1.6626894408064242e6,4.6134476352136405e6,0.0,0.0,0.0,0.0
12168,1.6639434408064242e6,4.615775929011223e6,0.0,0.0,0.0,0.0
12169,1.6649439408064242e6,4.617933708615907e6,0.0,0.0,0.0,0.0
12170,1.6659444408064242e6,4.620091488220589e6,0.0,0.0,0.0,0.0
12171,1.6669259408064242e6,4.622404900779518e6,0.0,0.0,0.0,0.0
12172,1.6679074408064242e6,4.624718313338447e6,0.0,0.0,0.0,0.0
12173,1.6702389408064242e6,4.626794246130539e6,0.0,0.0,0.0,0.0
12174,1.6725704408064242e6,4.628870178922631e6,0.0,0.0,0.0,0.0
12175,1.6741562653758898e6,4.633626594827092e6,0.0,0.0,0.0,0.0
12176,1.6757420899453554e6,4.638383010731554e6,0.0,0.0,0.0,0.0
12177,1.6787845899453554e6,4.643386827228621e6,0.0,0.0,0.0,0.0
12178,1.6818270899453554e6,4.648390643725689e6,0.0,0.0,0.0,0.0
12179,1.6844925899453554e6,4.653744789382712e6,0.0,0.0,0.0,0.0
12180,1.6871580899453554e6,4.659098935039735e6,0.0,0.0,0.0,0.0
12181,1.6894675899453554e6,4.663521763177726e6,0.0,0.0,0.0,0.0
12182,1.6917770899453554e6,4.6679445913157165e6,0.0,0.0,0.0,0.0
12183,1.6940945899453554e6,4.671273648412712e6,0.0,0.0,0.0,0.0
12184,1.6964120899453554e6,4.674602705509708e6,0.0,0.0,0.0,0.0
12185,1.6999880899453554e6,4.676496343128301e6,0.0,0.0,0.0,0.0
12186,1.7035640899453554e6,4.678389980746894e6,0.0,0.0,0.0,0.0
12187,1.7067225899453554e6,4.680927231937229e6,0.0,0.0,0.0,0.0
12188,1.7098810899453554e6,4.683464483127563e6,0.0,0.0,0.0,0.0
12189,1.7128930899453554e6,4.6860290165887615e6,0.0,0.0,0.0,0.0
12190,1.7159050899453554e6,4.68859355004996e6,0.0,0.0,0.0,0.0
12191,1.7173140899453554e6,4.691554296490294e6,0.0,0.0,0.0,0.0
12192,1.7187230899453554e6,4.694515042930628e6,0.0,0.0,0.0,0.0
12193,1.7198555899453554e6,4.697164523462471e6,0.0,0.0,0.0,0.0
12194,1.7209880899453554e6,4.699814003994313e6,0.0,0.0,0.0,0.0
12195,1.7217680899453554e6,4.702310951829962e6,0.0,0.0,0.0,0.0
12196,1.7225480899453554e6,4.704807899665612e6,0.0,0.0,0.0,0.0
12197,1.7237550899453554e6,4.707347011010778e6,0.0,0.0,0.0,0.0
12198,1.7249620899453554e6,4.7098861223559445e6,0.0,0.0,0.0,0.0
12199,1.7270250899453554e6,4.712384930346426e6,0.0,0.0,0.0,0.0
12200,1.7290880899453554e6,4.714883738336907e6,0.0,0.0,0.0,0.0
12201,1.7311515899453554e6,4.716910687051766e6,0.0,0.0,0.0,0.0
12202,1.7332150899453554e6,4.718937635766625e6,0.0,0.0,0.0,0.0
12203,1.7349370899453554e6,4.721322974312378e6,0.0,0.0,0.0,0.0
12204,1.7366590899453554e6,4.72370831285813e6,0.0,0.0,0.0,0.0
12205,1.7373680899453554e6,4.726499785208786e6,0.0,0.0,0.0,0.0
12206,1.7380770899453554e6,4.729291257559443e6,0.0,0.0,0.0,0.0
12207,1.7391490899453554e6,4.732021964852266e6,0.0,0.0,0.0,0.0
12208,1.7402210899453554e6,4.73475267214509e6,0.0,0.0,0.0,0.0
12209,1.7427235899453554e6,4.737256440548455e6,0.0,0.0,0.0,0.0
12210,1.7452260899453554e6,4.739760208951821e6,0.0,0.0,0.0,0.0
12211,1.7480100899453554e6,4.742988197636298e6,0.0,0.0,0.0,0.0
12212,1.7507940899453554e6,4.746216186320775e6,0.0,0.0,0.0,0.0
12213,1.7535705899453554e6,4.7494770377406115e6,0.0,0.0,0.0,0.0
12214,1.7563470899453554e6,4.752737889160448e6,0.0,0.0,0.0,0.0
12215,1.7575990899453554e6,4.755591986723769e6,0.0,0.0,0.0,0.0
12216,1.7588510899453554e6,4.75844608428709e6,0.0,0.0,0.0,0.0
12217,1.7592385899453554e6,4.761528980894702e6,0.0,0.0,0.0,0.0
12218,1.7596260899453554e6,4.764611877502312e6,0.0,0.0,0.0,0.0
12219,1.7599890899453554e6,4.767454814136643e6,0.0,0.0,0.0,0.0
12220,1.7603520899453554e6,4.770297750770975e6,0.0,0.0,0.0,0.0
12221,1.7608535899453554e6,4.773239895662993e6,0.0,0.0,0.0,0.0
12222,1.7613550899453554e6,4.776182040555011e6,0.0,0.0,0.0,0.0
12223,1.7624380899453554e6,4.7787602151516415e6,0.0,0.0,0.0,0.0
12224,1.7635210899453554e6,4.781338389748272e6,0.0,0.0,0.0,0.0
12225,1.7645850899453554e6,4.782972225742048e6,0.0,0.0,0.0,0.0
12226,1.7656490899453554e6,4.784606061735824e6,0.0,0.0,0.0,0.0
12227,1.7667495899453554e6,4.786540002709102e6,0.0,0.0,0.0,0.0
12228,1.7678500899453554e6,4.78847394368238e6,0.0,0.0,0.0,0.0
12229,1.7682345899453554e6,4.79082145907989e6,0.0,0.0,0.0,0.0
12230,1.7686190899453554e6,4.793168974477398e6,0.0,0.0,0.0,0.0
12231,1.7690860899453554e6,4.795332334546576e6,0.0,0.0,0.0,0.0
12232,1.7695530899453554e6,4.797495694615754e6,0.0,0.0,0.0,0.0
12233,1.7712825899453554e6,4.799760123097451e6,0.0,0.0,0.0,0.0
12234,1.7730120899453554e6,4.802024551579148e6,0.0,0.0,0.0,0.0
12235,1.7750685899453554e6,4.804731076859159e6,0.0,0.0,0.0,0.0
12236,1.7771250899453554e6,4.807437602139172e6,0.0,0.0,0.0,0.0
12237,1.7796440899453554e6,4.810495076630751e6,0.0,0.0,0.0,0.0
12238,1.7821630899453554e6,4.813552551122329e6,0.0,0.0,0.0,0.0
12239,1.7833125899453554e6,4.815637164636969e6,0.0,0.0,0.0,0.0
12240,1.7844620899453554e6,4.817721778151608e6,0.0,0.0,0.0,0.0
12241,1.7849145899453554e6,4.819515587460903e6,0.0,0.0,0.0,0.0
12242,1.7853670899453554e6,4.8213093967702e6,0.0,0.0,0.0,0.0
12243,1.7858330899453554e6,4.823035620453946e6,0.0,0.0,0.0,0.0
12244,1.7862990899453554e6,4.824761844137693e6,0.0,0.0,0.0,0.0
12245,1.7868165899453554e6,4.826644320827296e6,0.0,0.0,0.0,0.0
12246,1.7873340899453554e6,4.828526797516899e6,0.0,0.0,0.0,0.0
12247,1.7881930899453554e6,4.833830098941858e6,0.0,0.0,0.0,0.0
12248,1.7890520899453554e6,4.839133400366817e6,0.0,0.0,0.0,0.0
12249,1.7903780899453554e6,4.844969946176841e6,0.0,0.0,0.0,0.0
12250,1.7917040899453554e6,4.850806491986865e6,0.0,0.0,0.0,0.0
12251,1.7931565899453554e6,4.856203421205016e6,0.0,0.0,0.0,0.0
12252,1.7946090899453554e6,4.8616003504231665e6,0.0,0.0,0.0,0.0
12253,1.7957095899453554e6,4.865888007310059e6,0.0,0.0,0.0,0.0
12254,1.7968100899453554e6,4.870175664196951e6,0.0,0.0,0.0,0.0
12255,1.7979580899453554e6,4.874070828414371e6,0.0,0.0,0.0,0.0
12256,1.7991060899453554e6,4.877965992631791e6,0.0,0.0,0.0,0.0
12257,1.8009750899453554e6,4.88155051099233e6,0.0,0.0,0.0,0.0
12258,1.8028440899453554e6,4.885135029352869e6,0.0,0.0,0.0,0.0
12259,1.8049885899453554e6,4.889728371683758e6,0.0,0.0,0.0,0.0
12260,1.8071330899453554e6,4.8943217140146475e6,0.0,0.0,0.0,0.0
12261,1.8093555899453554e6,4.897690454414718e6,0.0,0.0,0.0,0.0
12262,1.8115780899453554e6,4.901059194814788e6,0.0,0.0,0.0,0.0
12263,1.8124190899453554e6,4.902663268331258e6,0.0,0.0,0.0,0.0
12264,1.8132600899453554e6,4.904267341847728e6,0.0,0.0,0.0,0.0
12265,1.8138530899453554e6,4.903167847152924e6,0.0,0.0,0.0,0.0
12266,1.8144460899453554e6,4.90206835245812e6,0.0,0.0,0.0,0.0
12267,1.8150295899453554e6,4.903108129996319e6,0.0,0.0,0.0,0.0
12268,1.8156130899453554e6,4.904147907534518e6,0.0,0.0,0.0,0.0
12269,1.8172085899453554e6,4.906912717665922e6,0.0,0.0,0.0,0.0
12270,1.8188040899453554e6,4.909677527797325e6,0.0,0.0,0.0,0.0
12271,1.8225205899453554e6,4.913508206647248e6,0.0,0.0,0.0,0.0
12272,1.8262370899453554e6,4.917338885497171e6,0.0,0.0,0.0,0.0
12273,1.8298350899453554e6,4.921696608216055e6,0.0,0.0,0.0,0.0
12274,1.8334330899453554e6,4.926054330934939e6,0.0,0.0,0.0,0.0
12275,1.8366995899453554e6,4.929960036029737e6,0.0,0.0,0.0,0.0
12276,1.8399660899453554e6,4.933865741124537e6,0.0,0.0,0.0,0.0
12277,1.8424925899453554e6,4.937170616208721e6,0.0,0.0,0.0,0.0
12278,1.8450190899453554e6,4.940475491292906e6,0.0,0.0,0.0,0.0
12279,1.8470960899453554e6,4.943625353474455e6,0.0,0.0,0.0,0.0
12280,1.8491730899453554e6,4.946775215656005e6,0.0,0.0,0.0,0.0
12281,1.8517610899453554e6,4.949529484910029e6,0.0,0.0,0.0,0.0
12282,1.8543490899453554e6,4.952283754164053e6,0.0,0.0,0.0,0.0
12283,1.8566145899453554e6,4.95613055435585e6,0.0,0.0,0.0,0.0
12284,1.8588800899453554e6,4.959977354547649e6,0.0,0.0,0.0,0.0
12285,1.8612415899453554e6,4.96146900475583e6,0.0,0.0,0.0,0.0
12286,1.8636030899453554e6,4.962960654964011e6,0.0,0.0,0.0,0.0
12287,1.8645660899453554e6,4.961799113545846e6,0.0,0.0,0.0,0.0
12288,1.8655290899453554e6,4.960637572127681e6,0.0,0.0,0.0,0.0
12289,1.8661715899453554e6,4.962519976820262e6,0.0,0.0,0.0,0.0
12290,1.8668140899453554e6,4.964402381512843e6,0.0,0.0,0.0,0.0
12291,1.8678245899453554e6,4.96727508062448e6,0.0,0.0,0.0,0.0
12292,1.8688350899453554e6,4.970147779736117e6,0.0,0.0,0.0,0.0
12293,1.8707075899453554e6,4.972964054151196e6,0.0,0.0,0.0,0.0
12294,1.8725800899453554e6,4.975780328566274e6,0.0,0.0,0.0,0.0
12295,1.8742049166740086e6,4.977782854925428e6,0.0,0.0,0.0,0.0
12296,1.8758297434026615e6,4.9797853812845815e6,0.0,0.0,0.0,0.0
12297,1.8785272434026615e6,4.984337180157565e6,0.0,0.0,0.0,0.0
12298,1.8812247434026615e6,4.988888979030548e6,0.0,0.0,0.0,0.0
12299,1.8842637434026615e6,4.994004404817512e6,0.0,0.0,0.0,0.0
12300,1.8873027434026615e6,4.999119830604478e6,0.0,0.0,0.0,0.0
12301,1.8889592434026615e6,5.003501735336172e6,0.0,0.0,0.0,0.0
12302,1.8906157434026615e6,5.007883640067867e6,0.0,0.0,0.0,0.0
12303,1.8920887434026615e6,5.011864371407541e6,0.0,0.0,0.0,0.0
12304,1.8935617434026615e6,5.015845102747216e6,0.0,0.0,0.0,0.0
12305,1.8959117434026615e6,5.0195331697267145e6,0.0,0.0,0.0,0.0
12306,1.8982617434026615e6,5.023221236706214e6,0.0,0.0,0.0,0.0
12307,1.9011227434026615e6,5.020642779610347e6,0.0,0.0,0.0,0.0
12308,1.9039837434026615e6,5.018064322514481e6,0.0,0.0,0.0,0.0
12309,1.904683163666821e6,5.014427607547055e6,0.0,0.0,0.0,0.0
12310,1.9053825839309809e6,5.010790892579629e6,0.0,0.0,0.0,0.0
12311,1.9063815839309809e6,5.0058049453076655e6,0.0,0.0,0.0,0.0
12312,1.9073805839309809e6,5.000818998035702e6,0.0,0.0,0.0,0.0
12313,1.9080680839309809e6,4.99590311659573e6,0.0,0.0,0.0,0.0
12314,1.9087555839309809e6,4.9909872351557575e6,0.0,0.0,0.0,0.0
12315,1.9093700839309809e6,4.98637318583276e6,0.0,0.0,0.0,0.0
12316,1.9099845839309809e6,4.981759136509763e6,0.0,0.0,0.0,0.0
12317,1.9112725839309809e6,4.979581341067894e6,0.0,0.0,0.0,0.0
12318,1.9125605839309809e6,4.977403545626026e6,0.0,0.0,0.0,0.0
12319,1.915086521785393e6,4.97525310192531e6,0.0,0.0,0.0,0.0
12320,1.9176124596398047e6,4.973102658224594e6,0.0,0.0,0.0,0.0
12321,1.9195634596398047e6,4.973968637997601e6,0.0,0.0,0.0,0.0
12322,1.9215144596398047e6,4.974834617770608e6,0.0,0.0,0.0,0.0
12323,1.9230579596398047e6,4.980309673491687e6,0.0,0.0,0.0,0.0
12324,1.9246014596398047e6,4.985784729212766e6,0.0,0.0,0.0,0.0
12325,1.9256939596398047e6,4.990322886950317e6,0.0,0.0,0.0,0.0
12326,1.9267864596398047e6,4.994861044687868e6,0.0,0.0,0.0,0.0
12327,1.9284679596398047e6,4.99957157677315e6,0.0,0.0,0.0,0.0
12328,1.9301494596398047e6,5.004282108858431e6,0.0,0.0,0.0,0.0
12329,1.9327424596398047e6,5.006228679436409e6,0.0,0.0,0.0,0.0
12330,1.9353354596398047e6,5.008175250014387e6,0.0,0.0,0.0,0.0
12331,1.9390434596398047e6,5.0060558013379555e6,0.0,0.0,0.0,0.0
12332,1.9427514596398047e6,5.003936352661524e6,0.0,0.0,0.0,0.0
12333,1.944871208952083e6,5.000315759035972e6,0.0,0.0,0.0,0.0
12334,1.9469909582643614e6,4.99669516541042e6,0.0,0.0,0.0,0.0
12335,1.9483794582643614e6,4.991597608848559e6,0.0,0.0,0.0,0.0
12336,1.9497679582643614e6,4.986500052286698e6,0.0,0.0,0.0,0.0
12337,1.9508544582643614e6,4.981101770693724e6,0.0,0.0,0.0,0.0
12338,1.9519409582643614e6,4.975703489100751e6,0.0,0.0,0.0,0.0
12339,1.9526849582643614e6,4.970838451892843e6,0.0,0.0,0.0,0.0
12340,1.9534289582643614e6,4.965973414684935e6,0.0,0.0,0.0,0.0
12341,1.9558224582643614e6,4.963201159497272e6,0.0,0.0,0.0,0.0
12342,1.9582159582643614e6,4.96042890430961e6,0.0,0.0,0.0,0.0
12343,1.9607150157357412e6,4.959836642749941e6,0.0,0.0,0.0,0.0
12344,1.9632140732071209e6,4.959244381190273e6,0.0,0.0,0.0,0.0
12345,1.9662480732071209e6,4.959046345711432e6,0.0,0.0,0.0,0.0
12346,1.9692820732071209e6,4.958848310232591e6,0.0,0.0,0.0,0.0
12347,1.9718050732071209e6,4.964580874424173e6,0.0,0.0,0.0,0.0
12348,1.9743280732071209e6,4.970313438615755e6,0.0,0.0,0.0,0.0
12349,1.9758320732071209e6,4.974687282676512e6,0.0,0.0,0.0,0.0
12350,1.9773360732071209e6,4.9790611267372705e6,0.0,0.0,0.0,0.0
12351,1.9785100732071209e6,4.982366001821455e6,0.0,0.0,0.0,0.0
12352,1.9796840732071209e6,4.98567087690564e6,0.0,0.0,0.0,0.0
12353,1.9823870732071209e6,4.987242697387559e6,0.0,0.0,0.0,0.0
12354,1.9850900732071209e6,4.98881451786948e6,0.0,0.0,0.0,0.0
12355,1.9878260732071209e6,4.985438224578481e6,0.0,0.0,0.0,0.0
12356,1.9905620732071209e6,4.982061931287482e6,0.0,0.0,0.0,0.0
12357,1.9926760732071209e6,4.97896776147928e6,0.0,0.0,0.0,0.0
12358,1.9947900732071209e6,4.975873591671078e6,0.0,0.0,0.0,0.0
12359,1.9956945732071209e6,4.971809041092378e6,0.0,0.0,0.0,0.0
12360,1.9965990732071209e6,4.967744490513679e6,0.0,0.0,0.0,0.0
12361,1.9971015732071209e6,4.9631354174697455e6,0.0,0.0,0.0,0.0
12362,1.9976040732071209e6,4.958526344425813e6,0.0,0.0,0.0,0.0
12363,1.9981270732071209e6,4.95350691436688e6,0.0,0.0,0.0,0.0
12364,1.9986500732071209e6,4.948487484307948e6,0.0,0.0,0.0,0.0
12365,1.9994315732071209e6,4.943422790481445e6,0.0,0.0,0.0,0.0
12366,2.0002130732071209e6,4.938358096654943e6,0.0,0.0,0.0,0.0
12367,2.0015525732071209e6,4.93467859812639e6,0.0,0.0,0.0,0.0
12368,2.0028920732071209e6,4.930999099597837e6,0.0,0.0,0.0,0.0
12369,2.0038705732071209e6,4.930857018174063e6,0.0,0.0,0.0,0.0
12370,2.0048490732071209e6,4.93071493675029e6,0.0,0.0,0.0,0.0
12371,2.0058650732071209e6,4.935288437429642e6,0.0,0.0,0.0,0.0
12372,2.0068810732071209e6,4.939861938108994e6,0.0,0.0,0.0,0.0
12373,2.0077925732071209e6,4.94312340958044e6,0.0,0.0,0.0,0.0
12374,2.0087040732071209e6,4.946384881051887e6,0.0,0.0,0.0,0.0
12375,2.0092825732071209e6,4.948397568579704e6,0.0,0.0,0.0,0.0
12376,2.0098610732071209e6,4.95041025610752e6,0.0,0.0,0.0,0.0
12377,2.0113650732071209e6,4.952065287291863e6,0.0,0.0,0.0,0.0
12378,2.0128690732071209e6,4.953720318476206e6,0.0,0.0,0.0,0.0
12379,2.0147070732071209e6,4.949512535975471e6,0.0,0.0,0.0,0.0
12380,2.0165450732071209e6,4.945304753474737e6,0.0,0.0,0.0,0.0
12381,2.0198545732071209e6,4.94406812824819e6,0.0,0.0,0.0,0.0
12382,2.0231640732071209e6,4.942831503021643e6,0.0,0.0,0.0,0.0
12383,2.0247390732071209e6,4.939132525156198e6,0.0,0.0,0.0,0.0
12384,2.0263140732071209e6,4.935433547290754e6,0.0,0.0,0.0,0.0
12385,2.0266540732071209e6,4.930936200687896e6,0.0,0.0,0.0,0.0
12386,2.0269940732071209e6,4.926438854085039e6,0.0,0.0,0.0,0.0
12387,2.0273890732071209e6,4.922391044899825e6,0.0,0.0,0.0,0.0
12388,2.0277840732071209e6,4.91834323571461e6,0.0,0.0,0.0,0.0
12389,2.0282765732071209e6,4.914309067664826e6,0.0,0.0,0.0,0.0
12390,2.0287690732071209e6,4.910274899615044e6,0.0,0.0,0.0,0.0
12391,2.0293725732071209e6,4.906517274583562e6,0.0,0.0,0.0,0.0
12392,2.0299760732071209e6,4.902759649552081e6,0.0,0.0,0.0,0.0
12393,2.0305475732071209e6,4.901193925900068e6,0.0,0.0,0.0,0.0
12394,2.0311190732071209e6,4.899628202248056e6,0.0,0.0,0.0,0.0
12395,2.0316750732071209e6,4.902702418133119e6,0.0,0.0,0.0,0.0
12396,2.0322310732071209e6,4.905776634018183e6,0.0,0.0,0.0,0.0
12397,2.0326625732071209e6,4.908573066781724e6,0.0,0.0,0.0,0.0
12398,2.0330940732071209e6,4.911369499545264e6,0.0,0.0,0.0,0.0
12399,2.0337585732071209e6,4.913900550219493e6,0.0,0.0,0.0,0.0
12400,2.0344230732071209e6,4.916431600893723e6,0.0,0.0,0.0,0.0
12401,2.0353055732071209e6,4.916171592948085e6,0.0,0.0,0.0,0.0
12402,2.0361880732071209e6,4.9159115850024475e6,0.0,0.0,0.0,0.0
12403,2.0371480732071209e6,4.912197363583704e6,0.0,0.0,0.0,0.0
12404,2.0381080732071209e6,4.9084831421649605e6,0.0,0.0,0.0,0.0
12405,2.0398280732071209e6,4.905691557542702e6,0.0,0.0,0.0,0.0
12406,2.0415480732071209e6,4.902899972920444e6,0.0,0.0,0.0,0.0
12407,2.0421460732071209e6,4.89771870939116e6,0.0,0.0,0.0,0.0
12408,2.0427440732071209e6,4.892537445861876e6,0.0,0.0,0.0,0.0
12409,2.0431640732071209e6,4.887888186614436e6,0.0,0.0,0.0,0.0
12410,2.0435840732071209e6,4.883238927366996e6,0.0,0.0,0.0,0.0
12411,2.0440820732071209e6,4.878499760636028e6,0.0,0.0,0.0,0.0
12412,2.0445800732071209e6,4.87376059390506e6,0.0,0.0,0.0,0.0
12413,2.0461105732071209e6,4.869178300231558e6,0.0,0.0,0.0,0.0
12414,2.0476410732071209e6,4.864596006558057e6,0.0,0.0,0.0,0.0
12415,2.0474564672231055e6,4.862602428358565e6,0.0,0.0,0.0,0.0
12416,2.0472718612390903e6,4.860608850159073e6,0.0,0.0,0.0,0.0
12417,2.050242358278318e6,4.862998926049458e6,0.0,0.0,0.0,0.0
12418,2.0532128553175458e6,4.8653890019398425e6,0.0,0.0,0.0,0.0
12419,2.0566173553175458e6,4.870916141996207e6,0.0,0.0,0.0,0.0
12420,2.0600218553175458e6,4.876443282052571e6,0.0,0.0,0.0,0.0
12421,2.0618248553175458e6,4.880939276280605e6,0.0,0.0,0.0,0.0
12422,2.0636278553175458e6,4.8854352705086395e6,0.0,0.0,0.0,0.0
12423,2.0646623553175458e6,4.88961689857013e6,0.0,0.0,0.0,0.0
12424,2.0656968553175458e6,4.893798526631619e6,0.0,0.0,0.0,0.0
12425,2.0672048553175458e6,4.897809020448599e6,0.0,0.0,0.0,0.0
12426,2.0687128553175458e6,4.90181951426558e6,0.0,0.0,0.0,0.0
12427,2.0703903553175458e6,4.899175501926631e6,0.0,0.0,0.0,0.0
12428,2.0720678553175458e6,4.896531489587681e6,0.0,0.0,0.0,0.0
12429,2.0741608553175458e6,4.893985914132366e6,0.0,0.0,0.0,0.0
12430,2.0762538553175458e6,4.891440338677051e6,0.0,0.0,0.0,0.0
12431,2.0768998553175458e6,4.887631666524554e6,0.0,0.0,0.0,0.0
12432,2.0775458553175458e6,4.883822994372057e6,0.0,0.0,0.0,0.0
12433,2.0778633553175458e6,4.878383789372788e6,0.0,0.0,0.0,0.0
12434,2.0781808553175458e6,4.872944584373519e6,0.0,0.0,0.0,0.0
12435,2.0784433553175458e6,4.867393150032742e6,0.0,0.0,0.0,0.0
12436,2.0787058553175458e6,4.861841715691964e6,0.0,0.0,0.0,0.0
12437,2.0800353553175458e6,4.858740625843165e6,0.0,0.0,0.0,0.0
12438,2.0813648553175458e6,4.855639535994367e6,0.0,0.0,0.0,0.0
12439,2.0835943553175458e6,4.854046570192356e6,0.0,0.0,0.0,0.0
12440,2.0858238553175458e6,4.8524536043903455e6,0.0,0.0,0.0,0.0
12441,2.0876773553175458e6,4.858492287025407e6,0.0,0.0,0.0,0.0
12442,2.0895308553175458e6,4.8645309696604675e6,0.0,0.0,0.0,0.0
12443,2.0908713553175458e6,4.870534929405338e6,0.0,0.0,0.0,0.0
12444,2.0922118553175458e6,4.876538889150209e6,0.0,0.0,0.0,0.0
12445,2.0933618553175458e6,4.881744222420702e6,0.0,0.0,0.0,0.0
12446,2.0945118553175458e6,4.886949555691196e6,0.0,0.0,0.0,0.0
12447,2.095871355317546e6,4.891792158769522e6,0.0,0.0,0.0,0.0
12448,2.097230855317546e6,4.896634761847849e6,0.0,0.0,0.0,0.0
12449,2.098538355317546e6,4.90113881674682e6,0.0,0.0,0.0,0.0
12450,2.099845855317546e6,4.905642871645791e6,0.0,0.0,0.0,0.0
12451,2.101238855317546e6,4.91102615972851e6,0.0,0.0,0.0,0.0
12452,2.102631855317546e6,4.916409447811229e6,0.0,0.0,0.0,0.0
12453,2.103821855317546e6,4.913641425150171e6,0.0,0.0,0.0,0.0
12454,2.105011855317546e6,4.910873402489114e6,0.0,0.0,0.0,0.0
12455,2.105519855317546e6,4.906180119577326e6,0.0,0.0,0.0,0.0
12456,2.106027855317546e6,4.901486836665537e6,0.0,0.0,0.0,0.0
12457,2.106581855317546e6,4.896226206530103e6,0.0,0.0,0.0,0.0
12458,2.107135855317546e6,4.890965576394671e6,0.0,0.0,0.0,0.0
12459,2.107704355317546e6,4.885968468193717e6,0.0,0.0,0.0,0.0
12460,2.108272855317546e6,4.880971359992764e6,0.0,0.0,0.0,0.0
12461,2.109577855317546e6,4.88392156555572e6,0.0,0.0,0.0,0.0
12462,2.110882855317546e6,4.886871771118674e6,0.0,0.0,0.0,0.0
12463,2.113276355317546e6,4.885170857279358e6,0.0,0.0,0.0,0.0
12464,2.115669855317546e6,4.8834699434400415e6,0.0,0.0,0.0,0.0
12465,2.118057355317546e6,4.886181298626017e6,0.0,0.0,0.0,0.0
12466,2.120444855317546e6,4.888892653811991e6,0.0,0.0,0.0,0.0
12467,2.123120355317546e6,4.894381970720112e6,0.0,0.0,0.0,0.0
12468,2.125795855317546e6,4.899871287628233e6,0.0,0.0,0.0,0.0
12469,2.128178355317546e6,4.904082058115419e6,0.0,0.0,0.0,0.0
12470,2.130560855317546e6,4.908292828602604e6,0.0,0.0,0.0,0.0
12471,2.132775355317546e6,4.912382068974122e6,0.0,0.0,0.0,0.0
12472,2.134989855317546e6,4.916471309345642e6,0.0,0.0,0.0,0.0
12473,2.1372007656601276e6,4.920584686445687e6,0.0,0.0,0.0,0.0
12474,2.1394116760027087e6,4.924698063545733e6,0.0,0.0,0.0,0.0
12475,2.1428546760027087e6,4.922002586923108e6,0.0,0.0,0.0,0.0
12476,2.1462976760027087e6,4.919307110300484e6,0.0,0.0,0.0,0.0
12477,2.1497898646479454e6,4.915828508493746e6,0.0,0.0,0.0,0.0
12478,2.1532820532931825e6,4.912349906687008e6,0.0,0.0,0.0,0.0
12479,2.1544050532931825e6,4.907706847955674e6,0.0,0.0,0.0,0.0
12480,2.1555280532931825e6,4.90306378922434e6,0.0,0.0,0.0,0.0
12481,2.1558365532931825e6,4.897666747734588e6,0.0,0.0,0.0,0.0
12482,2.1561450532931825e6,4.892269706244835e6,0.0,0.0,0.0,0.0
12483,2.1567010532931825e6,4.887206872573163e6,0.0,0.0,0.0,0.0
12484,2.1572570532931825e6,4.882144038901493e6,0.0,0.0,0.0,0.0
12485,2.1584670532931825e6,4.877565465537655e6,0.0,0.0,0.0,0.0
12486,2.1596770532931825e6,4.872986892173817e6,0.0,0.0,0.0,0.0
12487,2.160665470192912e6,4.869570915579744e6,0.0,0.0,0.0,0.0
12488,2.161653887092642e6,4.866154938985671e6,0.0,0.0,0.0,0.0
12489,2.164761887092642e6,4.867943924654042e6,0.0,0.0,0.0,0.0
12490,2.167869887092642e6,4.869732910322414e6,0.0,0.0,0.0,0.0
12491,2.170598387092642e6,4.874424220807768e6,0.0,0.0,0.0,0.0
12492,2.173326887092642e6,4.879115531293123e6,0.0,0.0,0.0,0.0
12493,2.175667887092642e6,4.883331882244803e6,0.0,0.0,0.0,0.0
12494,2.178008887092642e6,4.887548233196483e6,0.0,0.0,0.0,0.0
12495,2.180133387092642e6,4.891908436121808e6,0.0,0.0,0.0,0.0
12496,2.182257887092642e6,4.896268639047135e6,0.0,0.0,0.0,0.0
12497,2.1839908603780493e6,4.900247510231977e6,0.0,0.0,0.0,0.0
12498,2.1857238336634566e6,4.904226381416821e6,0.0,0.0,0.0,0.0
12499,2.18771353026006e6,4.901437277001005e6,0.0,0.0,0.0,0.0
12500,2.189703226856664e6,4.898648172585188e6,0.0,0.0,0.0,0.0
12501,2.1903437804845306e6,4.895087103914248e6,0.0,0.0,0.0,0.0
12502,2.1909843341123974e6,4.891526035243308e6,0.0,0.0,0.0,0.0
12503,2.1917433341123974e6,4.886800509647772e6,0.0,0.0,0.0,0.0
12504,2.1925023341123974e6,4.882074984052235e6,0.0,0.0,0.0,0.0
12505,2.1928003341123974e6,4.8773885217081625e6,0.0,0.0,0.0,0.0
12506,2.1930983341123974e6,4.872702059364091e6,0.0,0.0,0.0,0.0
12507,2.1935183341123974e6,4.8677849378208965e6,0.0,0.0,0.0,0.0
12508,2.1939383341123974e6,4.862867816277703e6,0.0,0.0,0.0,0.0
12509,2.1952828341123974e6,4.858399612100542e6,0.0,0.0,0.0,0.0
12510,2.1966273341123974e6,4.85393140792338e6,0.0,0.0,0.0,0.0
12511,2.199145416521302e6,4.851306617184358e6,0.0,0.0,0.0,0.0
12512,2.2016634989302065e6,4.848681826445335e6,0.0,0.0,0.0,0.0
12513,2.2056419989302065e6,4.851257699256267e6,0.0,0.0,0.0,0.0
12514,2.2096204989302065e6,4.8538335720672e6,0.0,0.0,0.0,0.0
12515,2.2128379989302065e6,4.85936753269128e6,0.0,0.0,0.0,0.0
12516,2.2160554989302065e6,4.8649014933153605e6,0.0,0.0,0.0,0.0
12517,2.2186579989302065e6,4.869260456137465e6,0.0,0.0,0.0,0.0
12518,2.2212604989302065e6,4.87361941895957e6,0.0,0.0,0.0,0.0
12519,2.2229794989302065e6,4.877258501861837e6,0.0,0.0,0.0,0.0
12520,2.2246984989302065e6,4.8808975847641025e6,0.0,0.0,0.0,0.0
12521,2.2277534989302065e6,4.88445792111183e6,0.0,0.0,0.0,0.0
12522,2.2308084989302065e6,4.888018257459558e6,0.0,0.0,0.0,0.0
12523,2.2323879989302065e6,4.884525394465777e6,0.0,0.0,0.0,0.0
12524,2.2339674989302065e6,4.881032531471997e6,0.0,0.0,0.0,0.0
12525,2.2363424989302065e6,4.876911556196738e6,0.0,0.0,0.0,0.0
12526,2.2387174989302065e6,4.8727905809214795e6,0.0,0.0,0.0,0.0
12527,2.2396734989302065e6,4.875314935175117e6,0.0,0.0,0.0,0.0
12528,2.2406294989302065e6,4.877839289428754e6,0.0,0.0,0.0,0.0
12529,2.2411034989302065e6,4.872817379163379e6,0.0,0.0,0.0,0.0
12530,2.2415774989302065e6,4.867795468898004e6,0.0,0.0,0.0,0.0
12531,2.2418784989302065e6,4.863882137934639e6,0.0,0.0,0.0,0.0
12532,2.2421794989302065e6,4.859968806971274e6,0.0,0.0,0.0,0.0
12533,2.2428884989302065e6,4.85810227814793e6,0.0,0.0,0.0,0.0
12534,2.2435974989302065e6,4.856235749324586e6,0.0,0.0,0.0,0.0
12535,2.2449779989302065e6,4.854046392196283e6,0.0,0.0,0.0,0.0
12536,2.2463584989302065e6,4.851857035067978e6,0.0,0.0,0.0,0.0
12537,2.2477014989302065e6,4.8536404803773e6,0.0,0.0,0.0,0.0
12538,2.2490444989302065e6,4.855423925686621e6,0.0,0.0,0.0,0.0
12539,2.2502014989302065e6,4.859940381617803e6,0.0,0.0,0.0,0.0
12540,2.2513584989302065e6,4.864456837548985e6,0.0,0.0,0.0,0.0
12541,2.2520829989302065e6,4.868172186799347e6,0.0,0.0,0.0,0.0
12542,2.2528074989302065e6,4.871887536049711e6,0.0,0.0,0.0,0.0
12543,2.2536819989302065e6,4.874871224399635e6,0.0,0.0,0.0,0.0
12544,2.2545564989302065e6,4.877854912749559e6,0.0,0.0,0.0,0.0
12545,2.2563489989302065e6,4.880864023215516e6,0.0,0.0,0.0,0.0
12546,2.2581414989302065e6,4.883873133681471e6,0.0,0.0,0.0,0.0
12547,2.2599819989302065e6,4.880634057326939e6,0.0,0.0,0.0,0.0
12548,2.2618224989302065e6,4.877394980972406e6,0.0,0.0,0.0,0.0
12549,2.2642954989302065e6,4.880317904264498e6,0.0,0.0,0.0,0.0
12550,2.2667684989302065e6,4.883240827556589e6,0.0,0.0,0.0,0.0
12551,2.2676954989302065e6,4.882795988638788e6,0.0,0.0,0.0,0.0
12552,2.2686224989302065e6,4.882351149720987e6,0.0,0.0,0.0,0.0
12553,2.2691984989302065e6,4.87835666497428e6,0.0,0.0,0.0,0.0
12554,2.2697744989302065e6,4.874362180227571e6,0.0,0.0,0.0,0.0
12555,2.2701239989302065e6,4.871919696937901e6,0.0,0.0,0.0,0.0
12556,2.2704734989302065e6,4.869477213648231e6,0.0,0.0,0.0,0.0
12557,2.2707714989302065e6,4.868582270702956e6,0.0,0.0,0.0,0.0
12558,2.2710694989302065e6,4.867687327757682e6,0.0,0.0,0.0,0.0
12559,2.2716719989302065e6,4.865964368548786e6,0.0,0.0,0.0,0.0
12560,2.2722744989302065e6,4.864241409339891e6,0.0,0.0,0.0,0.0
12561,2.2731739989302065e6,4.866983277561704e6,0.0,0.0,0.0,0.0
12562,2.2740734989302065e6,4.8697251457835175e6,0.0,0.0,0.0,0.0
12563,2.2747459989302065e6,4.872099943451891e6,0.0,0.0,0.0,0.0
12564,2.2754184989302065e6,4.874474741120263e6,0.0,0.0,0.0,0.0
12565,2.2756964989302065e6,4.877294115793394e6,0.0,0.0,0.0,0.0
12566,2.2759744989302065e6,4.880113490466525e6,0.0,0.0,0.0,0.0
12567,2.2764499989302065e6,4.882758010585483e6,0.0,0.0,0.0,0.0
12568,2.2769254989302065e6,4.8854025307044415e6,0.0,0.0,0.0,0.0
12569,2.2781319989302065e6,4.888011707881599e6,0.0,0.0,0.0,0.0
12570,2.2793384989302065e6,4.890620885058756e6,0.0,0.0,0.0,0.0
12571,2.2804714989302065e6,4.8876625065532625e6,0.0,0.0,0.0,0.0
12572,2.2816044989302065e6,4.884704128047768e6,0.0,0.0,0.0,0.0
12573,2.2833479989302065e6,4.889148037940517e6,0.0,0.0,0.0,0.0
12574,2.2850914989302065e6,4.893591947833265e6,0.0,0.0,0.0,0.0
12575,2.2859569989302065e6,4.888668005722355e6,0.0,0.0,0.0,0.0
12576,2.2868224989302065e6,4.883744063611446e6,0.0,0.0,0.0,0.0
12577,2.2872264989302065e6,4.879053880957711e6,0.0,0.0,0.0,0.0
12578,2.2876304989302065e6,4.874363698303975e6,0.0,0.0,0.0,0.0
12579,2.2880454989302065e6,4.869950058668541e6,0.0,0.0,0.0,0.0
12580,2.2884604989302065e6,4.865536419033107e6,0.0,0.0,0.0,0.0
12581,2.2897469989302065e6,4.862355971892543e6,0.0,0.0,0.0,0.0
12582,2.2910334989302065e6,4.85917552475198e6,0.0,0.0,0.0,0.0
12583,2.2933409989302065e6,4.863256704452562e6,0.0,0.0,0.0,0.0
12584,2.2956484989302065e6,4.867337884153144e6,0.0,0.0,0.0,0.0
12585,2.2981974989302065e6,4.871884102561632e6,0.0,0.0,0.0,0.0
12586,2.3007464989302065e6,4.876430320970121e6,0.0,0.0,0.0,0.0
12587,2.3032529989302065e6,4.881068307016969e6,0.0,0.0,0.0,0.0
12588,2.3057594989302065e6,4.885706293063818e6,0.0,0.0,0.0,0.0
12589,2.3076359989302065e6,4.889267869514766e6,0.0,0.0,0.0,0.0
12590,2.3095124989302065e6,4.892829445965715e6,0.0,0.0,0.0,0.0
12591,2.3113239989302065e6,4.896281893333208e6,0.0,0.0,0.0,0.0
12592,2.3131354989302065e6,4.899734340700702e6,0.0,0.0,0.0,0.0
12593,2.3155239989302065e6,4.902667184818562e6,0.0,0.0,0.0,0.0
12594,2.3179124989302065e6,4.9056000289364215e6,0.0,0.0,0.0,0.0
12595,2.3194664989302065e6,4.908938386807576e6,0.0,0.0,0.0,0.0
12596,2.3210204989302065e6,4.912276744678729e6,0.0,0.0,0.0,0.0
12597,2.3224404989302065e6,4.915468770369795e6,0.0,0.0,0.0,0.0
12598,2.3238604989302065e6,4.918660796060861e6,0.0,0.0,0.0,0.0
12599,2.3250134989302065e6,4.920326254686775e6,0.0,0.0,0.0,0.0
12600,2.3261664989302065e6,4.921991713312688e6,0.0,0.0,0.0,0.0
12601,2.3265949989302065e6,4.919095511352055e6,0.0,0.0,0.0,0.0
12602,2.3270234989302065e6,4.916199309391422e6,0.0,0.0,0.0,0.0
12603,2.3275904989302065e6,4.915671998893174e6,0.0,0.0,0.0,0.0
12604,2.3281574989302065e6,4.9151446883949265e6,0.0,0.0,0.0,0.0
12605,2.3294569989302065e6,4.915969042325805e6,0.0,0.0,0.0,0.0
12606,2.3307564989302065e6,4.916793396256683e6,0.0,0.0,0.0,0.0
12607,2.3327449989302065e6,4.920334090135196e6,0.0,0.0,0.0,0.0
12608,2.3347334989302065e6,4.923874784013708e6,0.0,0.0,0.0,0.0
12609,2.3371864989302065e6,4.928861859117291e6,0.0,0.0,0.0,0.0
12610,2.3396394989302065e6,4.933848934220874e6,0.0,0.0,0.0,0.0
12611,2.3422514989302065e6,4.938997842794808e6,0.0,0.0,0.0,0.0
12612,2.3448634989302065e6,4.944146751368742e6,0.0,0.0,0.0,0.0
12613,2.3466059989302065e6,4.94763764193609e6,0.0,0.0,0.0,0.0
12614,2.3483484989302065e6,4.951128532503436e6,0.0,0.0,0.0,0.0
12615,2.3502349989302065e6,4.9538945827380605e6,0.0,0.0,0.0,0.0
12616,2.3521214989302065e6,4.956660632972685e6,0.0,0.0,0.0,0.0
12617,2.3538279989302065e6,4.959754070457675e6,0.0,0.0,0.0,0.0
12618,2.3555344989302065e6,4.962847507942664e6,0.0,0.0,0.0,0.0
12619,2.3572339989302065e6,4.965119113313416e6,0.0,0.0,0.0,0.0
12620,2.3589334989302065e6,4.967390718684168e6,0.0,0.0,0.0,0.0
12621,2.3611934989302065e6,4.964666099635848e6,0.0,0.0,0.0,0.0
12622,2.3634534989302065e6,4.961941480587528e6,0.0,0.0,0.0,0.0
12623,2.3650429989302065e6,4.962704893657787e6,0.0,0.0,0.0,0.0
12624,2.3666324989302065e6,4.9634683067280445e6,0.0,0.0,0.0,0.0
12625,2.3675794989302065e6,4.964576383900493e6,0.0,0.0,0.0,0.0
12626,2.3685264989302065e6,4.965684461072942e6,0.0,0.0,0.0,0.0
12627,2.3690669989302065e6,4.967255051802443e6,0.0,0.0,0.0,0.0
12628,2.3696074989302065e6,4.968825642531944e6,0.0,0.0,0.0,0.0
12629,2.3708549989302065e6,4.967836905188043e6,0.0,0.0,0.0,0.0
12630,2.3721024989302065e6,4.96684816784414e6,0.0,0.0,0.0,0.0
12631,2.3747824989302065e6,4.967894916288029e6,0.0,0.0,0.0,0.0
12632,2.3774624989302065e6,4.96894166473192e6,0.0,0.0,0.0,0.0
12633,2.3801964989302065e6,4.973946721332208e6,0.0,0.0,0.0,0.0
12634,2.3829304989302065e6,4.978951777932497e6,0.0,0.0,0.0,0.0
12635,2.3851004989302065e6,4.983438471386373e6,0.0,0.0,0.0,0.0
12636,2.3872704989302065e6,4.987925164840249e6,0.0,0.0,0.0,0.0
12637,2.3890844989302065e6,4.990637890636368e6,0.0,0.0,0.0,0.0
12638,2.3908984989302065e6,4.993350616432485e6,0.0,0.0,0.0,0.0
12639,2.3925539989302065e6,4.996315703234093e6,0.0,0.0,0.0,0.0
12640,2.3942094989302065e6,4.999280790035701e6,0.0,0.0,0.0,0.0
12641,2.3972809989302065e6,5.003416534278011e6,0.0,0.0,0.0,0.0
12642,2.4003524989302065e6,5.007552278520321e6,0.0,0.0,0.0,0.0
12643,2.4023514989302065e6,5.010410732770601e6,0.0,0.0,0.0,0.0
12644,2.4043504989302065e6,5.013269187020883e6,0.0,0.0,0.0,0.0
12645,2.4062079989302065e6,5.0105898317401325e6,0.0,0.0,0.0,0.0
12646,2.4080654989302065e6,5.007910476459382e6,0.0,0.0,0.0,0.0
12647,2.4089189989302065e6,5.003986057544665e6,0.0,0.0,0.0,0.0
12648,2.4097724989302065e6,5.000061638629948e6,0.0,0.0,0.0,0.0
12649,2.4106174989302065e6,4.994571589398614e6,0.0,0.0,0.0,0.0
12650,2.4114624989302065e6,4.9890815401672805e6,0.0,0.0,0.0,0.0
12651,2.4121739989302065e6,4.985040162453154e6,0.0,0.0,0.0,0.0
12652,2.4128854989302065e6,4.980998784739029e6,0.0,0.0,0.0,0.0
12653,2.4142769989302065e6,4.979307180416102e6,0.0,0.0,0.0,0.0
12654,2.4156684989302065e6,4.977615576093174e6,0.0,0.0,0.0,0.0
12655,2.4192859989302065e6,4.977421168719787e6,0.0,0.0,0.0,0.0
12656,2.4229034989302065e6,4.9772267613464e6,0.0,0.0,0.0,0.0
12657,2.4264609989302065e6,4.9836876991282385e6,0.0,0.0,0.0,0.0
12658,2.4300184989302065e6,4.990148636910078e6,0.0,0.0,0.0,0.0
12659,2.4328689989302065e6,4.996156937016223e6,0.0,0.0,0.0,0.0
12660,2.4357194989302065e6,5.002165237122366e6,0.0,0.0,0.0,0.0
12661,2.4384334989302065e6,5.006172630681294e6,0.0,0.0,0.0,0.0
12662,2.4411474989302065e6,5.010180024240222e6,0.0,0.0,0.0,0.0
12663,2.4438604989302065e6,5.013513421698492e6,0.0,0.0,0.0,0.0
12664,2.4465734989302065e6,5.016846819156761e6,0.0,0.0,0.0,0.0
12665,2.449512112207623e6,5.01935959504036e6,0.0,0.0,0.0,0.0
12666,2.45245072548504e6,5.021872370923961e6,0.0,0.0,0.0,0.0
12667,2.45491772548504e6,5.025400656018076e6,0.0,0.0,0.0,0.0
12668,2.45738472548504e6,5.028928941112193e6,0.0,0.0,0.0,0.0
12669,2.45940522548504e6,5.027380934686649e6,0.0,0.0,0.0,0.0
12670,2.46142572548504e6,5.025832928261104e6,0.0,0.0,0.0,0.0
12671,2.46244122548504e6,5.022127387564909e6,0.0,0.0,0.0,0.0
12672,2.46345672548504e6,5.018421846868712e6,0.0,0.0,0.0,0.0
12673,2.46428272548504e6,5.0134421001128545e6,0.0,0.0,0.0,0.0
12674,2.46510872548504e6,5.008462353356997e6,0.0,0.0,0.0,0.0
12675,2.46586422548504e6,5.009385754418818e6,0.0,0.0,0.0,0.0
12676,2.46661972548504e6,5.010309155480639e6,0.0,0.0,0.0,0.0
12677,2.46800872548504e6,5.006482959509667e6,0.0,0.0,0.0,0.0
12678,2.46939772548504e6,5.002656763538696e6,0.0,0.0,0.0,0.0
12679,2.47260472548504e6,5.0011695209010895e6,0.0,0.0,0.0,0.0
12680,2.47581172548504e6,4.999682278263483e6,0.0,0.0,0.0,0.0
12681,2.47917322548504e6,5.0008384452746045e6,0.0,0.0,0.0,0.0
12682,2.48253472548504e6,5.001994612285727e6,0.0,0.0,0.0,0.0
12683,2.48524722548504e6,5.00676404927401e6,0.0,0.0,0.0,0.0
12684,2.48795972548504e6,5.011533486262293e6,0.0,0.0,0.0,0.0
12685,2.48984622548504e6,5.014850762378688e6,0.0,0.0,0.0,0.0
12686,2.49173272548504e6,5.018168038495083e6,0.0,0.0,0.0,0.0
12687,2.49339172548504e6,5.02052423461514e6,0.0,0.0,0.0,0.0
12688,2.49505072548504e6,5.022880430735197e6,0.0,0.0,0.0,0.0
12689,2.49826972548504e6,5.025250888042295e6,0.0,0.0,0.0,0.0
12690,2.50148872548504e6,5.027621345349395e6,0.0,0.0,0.0,0.0
12691,2.50367872548504e6,5.0246071621989515e6,0.0,0.0,0.0,0.0
12692,2.50586872548504e6,5.021592979048509e6,0.0,0.0,0.0,0.0
12693,2.50850122548504e6,5.018725128078154e6,0.0,0.0,0.0,0.0
12694,2.51113372548504e6,5.015857277107799e6,0.0,0.0,0.0,0.0
12695,2.51259722548504e6,5.012760627093155e6,0.0,0.0,0.0,0.0
12696,2.51406072548504e6,5.00966397707851e6,0.0,0.0,0.0,0.0
12697,2.51513272548504e6,5.005022778502008e6,0.0,0.0,0.0,0.0
12698,2.51620472548504e6,5.000381579925505e6,0.0,0.0,0.0,0.0
12699,2.51726322548504e6,4.995456397711375e6,0.0,0.0,0.0,0.0
12700,2.51832172548504e6,4.990531215497244e6,0.0,0.0,0.0,0.0
12701,2.51975022548504e6,4.985518606006027e6,0.0,0.0,0.0,0.0
12702,2.52117872548504e6,4.98050599651481e6,0.0,0.0,0.0,0.0
12703,2.52306172548504e6,4.977739459381163e6,0.0,0.0,0.0,0.0
12704,2.52494472548504e6,4.974972922247515e6,0.0,0.0,0.0,0.0
12705,2.52704522548504e6,4.976932431990038e6,0.0,0.0,0.0,0.0
12706,2.52914572548504e6,4.97889194173256e6,0.0,0.0,0.0,0.0
12707,2.53056772548504e6,4.9819159334371695e6,0.0,0.0,0.0,0.0
12708,2.53198972548504e6,4.984939925141779e6,0.0,0.0,0.0,0.0
12709,2.53312072548504e6,4.987299841571499e6,0.0,0.0,0.0,0.0
12710,2.53425172548504e6,4.989659758001219e6,0.0,0.0,0.0,0.0
12711,2.53543172548504e6,4.991464728239505e6,0.0,0.0,0.0,0.0
12712,2.53661172548504e6,4.99326969847779e6,0.0,0.0,0.0,0.0
12713,2.53855522548504e6,4.995247663115416e6,0.0,0.0,0.0,0.0
12714,2.54049872548504e6,4.997225627753043e6,0.0,0.0,0.0,0.0
12715,2.54268422548504e6,4.993199520374197e6,0.0,0.0,0.0,0.0
12716,2.54486972548504e6,4.989173412995351e6,0.0,0.0,0.0,0.0
12717,2.54747872548504e6,4.985412687705817e6,0.0,0.0,0.0,0.0
12718,2.55008772548504e6,4.981651962416282e6,0.0,0.0,0.0,0.0
12719,2.55160772548504e6,4.977286066754859e6,0.0,0.0,0.0,0.0
12720,2.55312772548504e6,4.972920171093437e6,0.0,0.0,0.0,0.0
12721,2.55440872548504e6,4.968532573625646e6,0.0,0.0,0.0,0.0
12722,2.55568972548504e6,4.964144976157854e6,0.0,0.0,0.0,0.0
12723,2.55661172548504e6,4.960245459213551e6,0.0,0.0,0.0,0.0
12724,2.55753372548504e6,4.956345942269248e6,0.0,0.0,0.0,0.0
12725,2.55840822548504e6,4.953799147020306e6,0.0,0.0,0.0,0.0
12726,2.55928272548504e6,4.951252351771366e6,0.0,0.0,0.0,0.0
12727,2.56026822548504e6,4.948391314590227e6,0.0,0.0,0.0,0.0
12728,2.56125372548504e6,4.945530277409088e6,0.0,0.0,0.0,0.0
12729,2.56242272548504e6,4.945086880121924e6,0.0,0.0,0.0,0.0
12730,2.56359172548504e6,4.944643482834759e6,0.0,0.0,0.0,0.0
12731,2.56486572548504e6,4.946561349787153e6,0.0,0.0,0.0,0.0
12732,2.56613972548504e6,4.948479216739548e6,0.0,0.0,0.0,0.0
12733,2.56726572548504e6,4.950909199001259e6,0.0,0.0,0.0,0.0
12734,2.56839172548504e6,4.95333918126297e6,0.0,0.0,0.0,0.0
12735,2.56962372548504e6,4.955580047783466e6,0.0,0.0,0.0,0.0
12736,2.57085572548504e6,4.957820914303962e6,0.0,0.0,0.0,0.0
12737,2.57280672548504e6,4.958935840972126e6,0.0,0.0,0.0,0.0
12738,2.57475772548504e6,4.960050767640291e6,0.0,0.0,0.0,0.0
12739,2.57735072548504e6,4.956722218323303e6,0.0,0.0,0.0,0.0
12740,2.57994372548504e6,4.953393669006317e6,0.0,0.0,0.0,0.0
12741,2.58281572548504e6,4.95139451034233e6,0.0,0.0,0.0,0.0
12742,2.58568772548504e6,4.9493953516783435e6,0.0,0.0,0.0,0.0
12743,2.58774772548504e6,4.944682847166629e6,0.0,0.0,0.0,0.0
12744,2.58980772548504e6,4.939970342654914e6,0.0,0.0,0.0,0.0
12745,2.59156122548504e6,4.935556082967869e6,0.0,0.0,0.0,0.0
12746,2.59331472548504e6,4.931141823280824e6,0.0,0.0,0.0,0.0
12747,2.59520172548504e6,4.932732955368148e6,0.0,0.0,0.0,0.0
12748,2.59708872548504e6,4.934324087455473e6,0.0,0.0,0.0,0.0
12749,2.59975622548504e6,4.932003033120009e6,0.0,0.0,0.0,0.0
12750,2.60242372548504e6,4.929681978784545e6,0.0,0.0,0.0,0.0
12751,2.60592122548504e6,4.932362687648974e6,0.0,0.0,0.0,0.0
12752,2.60941872548504e6,4.935043396513404e6,0.0,0.0,0.0,0.0
12753,2.61281122548504e6,4.940402502583312e6,0.0,0.0,0.0,0.0
12754,2.61620372548504e6,4.945761608653219e6,0.0,0.0,0.0,0.0
12755,2.61927372548504e6,4.950502523267418e6,0.0,0.0,0.0,0.0
12756,2.62234372548504e6,4.955243437881616e6,0.0,0.0,0.0,0.0
12757,2.62493322548504e6,4.958576835339885e6,0.0,0.0,0.0,0.0
12758,2.62752272548504e6,4.961910232798155e6,0.0,0.0,0.0,0.0
12759,2.62973622548504e6,4.964536151368797e6,0.0,0.0,0.0,0.0
12760,2.63194972548504e6,4.967162069939439e6,0.0,0.0,0.0,0.0
12761,2.63446622548504e6,4.969577170962498e6,0.0,0.0,0.0,0.0
12762,2.63698272548504e6,4.971992271985555e6,0.0,0.0,0.0,0.0
12763,2.63936172548504e6,4.975424877701512e6,0.0,0.0,0.0,0.0
12764,2.64174072548504e6,4.978857483417467e6,0.0,0.0,0.0,0.0
12765,2.64446772548504e6,4.981660116697114e6,0.0,0.0,0.0,0.0
12766,2.64719472548504e6,4.98446274997676e6,0.0,0.0,0.0,0.0
12767,2.64885622548504e6,4.9861424697897155e6,0.0,0.0,0.0,0.0
12768,2.65051772548504e6,4.987822189602672e6,0.0,0.0,0.0,0.0
12769,2.64337238548504e6,4.984202735123385e6,0.0,0.0,0.0,0.0
12770,2.6362270454850397e6,4.980583280644097e6,0.0,0.0,0.0,0.0
12771,2.6290947054850394e6,4.979888917197044e6,0.0,0.0,0.0,0.0
12772,2.6219623654850395e6,4.979194553749991e6,0.0,0.0,0.0,0.0
12773,2.6149355254850397e6,4.980878750856124e6,0.0,0.0,0.0,0.0
12774,2.6079086854850394e6,4.982562947962258e6,0.0,0.0,0.0,0.0
12775,2.602056845485039e6,4.985232890197248e6,0.0,0.0,0.0,0.0
12776,2.596205005485039e6,4.987902832432238e6,0.0,0.0,0.0,0.0
12777,2.5902226654850394e6,4.991001850381723e6,0.0,0.0,0.0,0.0
12778,2.584240325485039e6,4.994100868331208e6,0.0,0.0,0.0,0.0
12779,2.5775909854850387e6,4.9977914155171495e6,0.0,0.0,0.0,0.0
12780,2.570941645485039e6,5.00148196270309e6,0.0,0.0,0.0,0.0
12781,2.565168805485039e6,5.003947907958212e6,0.0,0.0,0.0,0.0
12782,2.5593959654850387e6,5.006413853213334e6,0.0,0.0,0.0,0.0
12783,2.5532111254850384e6,5.008547450805207e6,0.0,0.0,0.0,0.0
12784,2.5470262854850385e6,5.010681048397079e6,0.0,0.0,0.0,0.0
12785,2.5497332854850385e6,5.012410992390489e6,0.0,0.0,0.0,0.0
12786,2.5524402854850385e6,5.014140936383899e6,0.0,0.0,0.0,0.0
12787,2.5545392854850385e6,5.0165820795746e6,0.0,0.0,0.0,0.0
12788,2.5566382854850385e6,5.0190232227653e6,0.0,0.0,0.0,0.0
12789,2.5585682854850385e6,5.021081794112297e6,0.0,0.0,0.0,0.0
12790,2.5604982854850385e6,5.023140365459294e6,0.0,0.0,0.0,0.0
12791,2.5620527854850385e6,5.019451042053421e6,0.0,0.0,0.0,0.0
12792,2.5636072854850385e6,5.015761718647548e6,0.0,0.0,0.0,0.0
12793,2.5652517854850385e6,5.018062730174266e6,0.0,0.0,0.0,0.0
12794,2.5668962854850385e6,5.020363741700985e6,0.0,0.0,0.0,0.0
12795,2.5684207854850385e6,5.022651732143882e6,0.0,0.0,0.0,0.0
12796,2.5699452854850385e6,5.024939722586779e6,0.0,0.0,0.0,0.0
12797,2.5717877854850385e6,5.026814758657055e6,0.0,0.0,0.0,0.0
12798,2.5736302854850385e6,5.028689794727332e6,0.0,0.0,0.0,0.0
12799,2.5767787854850385e6,5.03062373570061e6,0.0,0.0,0.0,0.0
12800,2.5799272854850385e6,5.032557676673888e6,0.0,0.0,0.0,0.0
12801,2.5836732854850385e6,5.035622591784794e6,0.0,0.0,0.0,0.0
12802,2.5874192854850385e6,5.038687506895699e6,0.0,0.0,0.0,0.0
12803,2.5902302854850385e6,5.04181628732249e6,0.0,0.0,0.0,0.0
12804,2.5930412854850385e6,5.0449450677492805e6,0.0,0.0,0.0,0.0
12805,2.5954582854850385e6,5.047186554321387e6,0.0,0.0,0.0,0.0
12806,2.5978752854850385e6,5.049428040893493e6,0.0,0.0,0.0,0.0
12807,2.6004867854850385e6,5.0513340795442965e6,0.0,0.0,0.0,0.0
12808,2.6030982854850385e6,5.053240118195101e6,0.0,0.0,0.0,0.0
12809,2.6062407854850385e6,5.055162278187778e6,0.0,0.0,0.0,0.0
12810,2.6093832854850385e6,5.057084438180456e6,0.0,0.0,0.0,0.0
12811,2.6126757854850385e6,5.059745079641288e6,0.0,0.0,0.0,0.0
12812,2.6159682854850385e6,5.06240572110212e6,0.0,0.0,0.0,0.0
12813,2.6195682854850385e6,5.064311139701313e6,0.0,0.0,0.0,0.0
12814,2.6231682854850385e6,5.066216558300506e6,0.0,0.0,0.0,0.0
12815,2.6252182854850385e6,5.067582531998528e6,0.0,0.0,0.0,0.0
12816,2.6272682854850385e6,5.068948505696551e6,0.0,0.0,0.0,0.0
12817,2.6289402854850385e6,5.0700373163246615e6,0.0,0.0,0.0,0.0
12818,2.6306122854850385e6,5.071126126952772e6,0.0,0.0,0.0,0.0
12819,2.6322707854850385e6,5.072009080446183e6,0.0,0.0,0.0,0.0
12820,2.6339292854850385e6,5.0728920339395935e6,0.0,0.0,0.0,0.0
12821,2.6360042854850385e6,5.074402479662872e6,0.0,0.0,0.0,0.0
12822,2.6380792854850385e6,5.07591292538615e6,0.0,0.0,0.0,0.0
12823,2.6414442854850385e6,5.0786392923177e6,0.0,0.0,0.0,0.0
12824,2.6448092854850385e6,5.08136565924925e6,0.0,0.0,0.0,0.0
12825,2.6483742854850385e6,5.0845508643726e6,0.0,0.0,0.0,0.0
12826,2.6519392854850385e6,5.08773606949595e6,0.0,0.0,0.0,0.0
12827,2.6554282854850385e6,5.0909789394190805e6,0.0,0.0,0.0,0.0
12828,2.6589172854850385e6,5.094221809342211e6,0.0,0.0,0.0,0.0
12829,2.6615197854850385e6,5.096608387991184e6,0.0,0.0,0.0,0.0
12830,2.6641222854850385e6,5.098994966640158e6,0.0,0.0,0.0,0.0
12831,2.6663362854850385e6,5.101326360695792e6,0.0,0.0,0.0,0.0
12832,2.6685502854850385e6,5.103657754751427e6,0.0,0.0,0.0,0.0
12833,2.6716162854850385e6,5.105998449581221e6,0.0,0.0,0.0,0.0
12834,2.6746822854850385e6,5.108339144411013e6,0.0,0.0,0.0,0.0
12835,2.6768417854850385e6,5.106363049247887e6,0.0,0.0,0.0,0.0
12836,2.6790012854850385e6,5.104386954084761e6,0.0,0.0,0.0,0.0
12837,2.6819607854850385e6,5.1010663854688145e6,0.0,0.0,0.0,0.0
12838,2.6849202854850385e6,5.097745816852868e6,0.0,0.0,0.0,0.0
12839,2.6868157854850385e6,5.099094429105794e6,0.0,0.0,0.0,0.0
12840,2.6887112854850385e6,5.100443041358721e6,0.0,0.0,0.0,0.0
12841,2.6903722854850385e6,5.097434793736385e6,0.0,0.0,0.0,0.0
12842,2.6920332854850385e6,5.094426546114049e6,0.0,0.0,0.0,0.0
12843,2.6932987854850385e6,5.0931921186224455e6,0.0,0.0,0.0,0.0
12844,2.6945642854850385e6,5.091957691130842e6,0.0,0.0,0.0,0.0
12845,2.6962197854850385e6,5.093337305964297e6,0.0,0.0,0.0,0.0
12846,2.6978752854850385e6,5.09471692079775e6,0.0,0.0,0.0,0.0
12847,2.7006192854850385e6,5.095181900046149e6,0.0,0.0,0.0,0.0
12848,2.7033632854850385e6,5.095646879294547e6,0.0,0.0,0.0,0.0
12849,2.7065457854850385e6,5.099067704029903e6,0.0,0.0,0.0,0.0
12850,2.7097282854850385e6,5.102488528765259e6,0.0,0.0,0.0,0.0
12851,2.7123882854850385e6,5.106493442117745e6,0.0,0.0,0.0,0.0
12852,2.7150482854850385e6,5.110498355470231e6,0.0,0.0,0.0,0.0
12853,2.7173237854850385e6,5.113517386761956e6,0.0,0.0,0.0,0.0
12854,2.7195992854850385e6,5.116536418053681e6,0.0,0.0,0.0,0.0
12855,2.7221082854850385e6,5.118955859438013e6,0.0,0.0,0.0,0.0
12856,2.7246172854850385e6,5.121375300822345e6,0.0,0.0,0.0,0.0
12857,2.7275592854850385e6,5.123156089047819e6,0.0,0.0,0.0,0.0
12858,2.7305012854850385e6,5.124936877273293e6,0.0,0.0,0.0,0.0
12859,2.7329052854850385e6,5.122677772247005e6,0.0,0.0,0.0,0.0
12860,2.7353092854850385e6,5.120418667220718e6,0.0,0.0,0.0,0.0
12861,2.7380162854850385e6,5.116453350440873e6,0.0,0.0,0.0,0.0
12862,2.7407232854850385e6,5.112488033661028e6,0.0,0.0,0.0,0.0
12863,2.7431532854850385e6,5.113540881295728e6,0.0,0.0,0.0,0.0
12864,2.7455832854850385e6,5.114593728930426e6,0.0,0.0,0.0,0.0
12865,2.7467157854850385e6,5.115484743094774e6,0.0,0.0,0.0,0.0
12866,2.7478482854850385e6,5.116375757259121e6,0.0,0.0,0.0,0.0
12867,2.7487062854850385e6,5.117343657823176e6,0.0,0.0,0.0,0.0
12868,2.7495642854850385e6,5.118311558387231e6,0.0,0.0,0.0,0.0
12869,2.7504817854850385e6,5.11934146411234e6,0.0,0.0,0.0,0.0
12870,2.7513992854850385e6,5.120371369837449e6,0.0,0.0,0.0,0.0
12871,2.7532247854850385e6,5.121255035342593e6,0.0,0.0,0.0,0.0
12872,2.7550502854850385e6,5.122138700847737e6,0.0,0.0,0.0,0.0
12873,2.7569472854850385e6,5.124792521740853e6,0.0,0.0,0.0,0.0
12874,2.7588442854850385e6,5.127446342633969e6,0.0,0.0,0.0,0.0
12875,2.7603572854850385e6,5.131097206516836e6,0.0,0.0,0.0,0.0
12876,2.7618702854850385e6,5.1347480703997025e6,0.0,0.0,0.0,0.0
12877,2.7625412854850385e6,5.138504343056361e6,0.0,0.0,0.0,0.0
12878,2.7632122854850385e6,5.14226061571302e6,0.0,0.0,0.0,0.0
12879,2.7639742854850385e6,5.145068829457161e6,0.0,0.0,0.0,0.0
12880,2.7647362854850385e6,5.147877043201302e6,0.0,0.0,0.0,0.0
12881,2.7665842854850385e6,5.150531484146029e6,0.0,0.0,0.0,0.0
12882,2.7684322854850385e6,5.153185925090756e6,0.0,0.0,0.0,0.0
12883,2.7702337854850385e6,5.153676595052227e6,0.0,0.0,0.0,0.0
12884,2.7720352854850385e6,5.154167265013698e6,0.0,0.0,0.0,0.0
12885,2.7750112854850385e6,5.1518988990970915e6,0.0,0.0,0.0,0.0
12886,2.7779872854850385e6,5.1496305331804855e6,0.0,0.0,0.0,0.0
12887,2.7798192854850385e6,5.144027634556033e6,0.0,0.0,0.0,0.0
12888,2.7816512854850385e6,5.138424735931581e6,0.0,0.0,0.0,0.0
12889,2.7826402854850385e6,5.132491347907953e6,0.0,0.0,0.0,0.0
12890,2.7836292854850385e6,5.126557959884325e6,0.0,0.0,0.0,0.0
12891,2.7841527854850385e6,5.127323723623343e6,0.0,0.0,0.0,0.0
12892,2.7846762854850385e6,5.1280894873623615e6,0.0,0.0,0.0,0.0
12893,2.7850612854850385e6,5.129136134480955e6,0.0,0.0,0.0,0.0
12894,2.7854462854850385e6,5.130182781599549e6,0.0,0.0,0.0,0.0
12895,2.7863497854850385e6,5.131451407194716e6,0.0,0.0,0.0,0.0
12896,2.7872532854850385e6,5.132720032789883e6,0.0,0.0,0.0,0.0
12897,2.7883127854850385e6,5.130921255945928e6,0.0,0.0,0.0,0.0
12898,2.7893722854850385e6,5.1291224791019745e6,0.0,0.0,0.0,0.0
12899,2.7907557854850385e6,5.132052843013393e6,0.0,0.0,0.0,0.0
12900,2.7921392854850385e6,5.13498320692481e6,0.0,0.0,0.0,0.0
12901,2.7929147854850385e6,5.137946433571586e6,0.0,0.0,0.0,0.0
12902,2.7936902854850385e6,5.140909660218363e6,0.0,0.0,0.0,0.0
12903,2.7944592854850385e6,5.142994273733002e6,0.0,0.0,0.0,0.0
12904,2.7952282854850385e6,5.145078887247642e6,0.0,0.0,0.0,0.0
12905,2.7963822854850385e6,5.14823929030657e6,0.0,0.0,0.0,0.0
12906,2.7975362854850385e6,5.151399693365498e6,0.0,0.0,0.0,0.0
12907,2.7991057854850385e6,5.156180687604968e6,0.0,0.0,0.0,0.0
12908,2.8006752854850385e6,5.160961681844438e6,0.0,0.0,0.0,0.0
12909,2.8038327854850385e6,5.16068570285351e6,0.0,0.0,0.0,0.0
12910,2.8069902854850385e6,5.160409723862582e6,0.0,0.0,0.0,0.0
12911,2.8084247854850385e6,5.158862422724958e6,0.0,0.0,0.0,0.0
12912,2.8098592854850385e6,5.157315121587333e6,0.0,0.0,0.0,0.0
12913,2.8111017854850385e6,5.155181599655218e6,0.0,0.0,0.0,0.0
12914,2.8123442854850385e6,5.153048077723103e6,0.0,0.0,0.0,0.0
12915,2.8133777854850385e6,5.152196720765291e6,0.0,0.0,0.0,0.0
12916,2.8144112854850385e6,5.151345363807478e6,0.0,0.0,0.0,0.0
12917,2.8166342854850385e6,5.147553015885806e6,0.0,0.0,0.0,0.0
12918,2.8188572854850385e6,5.143760667964134e6,0.0,0.0,0.0,0.0
12919,2.8220097854850385e6,5.143538065421121e6,0.0,0.0,0.0,0.0
12920,2.8251622854850385e6,5.143315462878108e6,0.0,0.0,0.0,0.0
12921,2.8282657854850385e6,5.150431795212289e6,0.0,0.0,0.0,0.0
12922,2.8313692854850385e6,5.157548127546471e6,0.0,0.0,0.0,0.0
12923,2.8344527854850385e6,5.1649025596990995e6,0.0,0.0,0.0,0.0
12924,2.8375362854850385e6,5.172256991851729e6,0.0,0.0,0.0,0.0
12925,2.8413577854850385e6,5.177440003264243e6,0.0,0.0,0.0,0.0
12926,2.8451792854850385e6,5.182623014676757e6,0.0,0.0,0.0,0.0
12927,2.8484047854850385e6,5.187253560104279e6,0.0,0.0,0.0,0.0
12928,2.8516302854850385e6,5.191884105531801e6,0.0,0.0,0.0,0.0
12929,2.8549392854850385e6,5.194939099816937e6,0.0,0.0,0.0,0.0
12930,2.8582482854850385e6,5.197994094102073e6,0.0,0.0,0.0,0.0
12931,2.8604997854850385e6,5.201941962706389e6,0.0,0.0,0.0,0.0
12932,2.8627512854850385e6,5.205889831310705e6,0.0,0.0,0.0,0.0
12933,2.8654942854850385e6,5.2084326245158e6,0.0,0.0,0.0,0.0
12934,2.8682372854850385e6,5.210975417720893e6,0.0,0.0,0.0,0.0
12935,2.8606869454850387e6,5.209403354351575e6,0.0,0.0,0.0,0.0
12936,2.8531366054850384e6,5.207831290982257e6,0.0,0.0,0.0,0.0
12937,2.845204265485038e6,5.202519816614759e6,0.0,0.0,0.0,0.0
12938,2.837271925485038e6,5.197208342247262e6,0.0,0.0,0.0,0.0
12939,2.8293485854850383e6,5.191243333482253e6,0.0,0.0,0.0,0.0
12940,2.821425245485038e6,5.185278324717245e6,0.0,0.0,0.0,0.0
12941,2.8141424054850377e6,5.1806978911985755e6,0.0,0.0,0.0,0.0
12942,2.806859565485038e6,5.176117457679906e6,0.0,0.0,0.0,0.0
12943,2.809308065485038e6,5.174218127325216e6,0.0,0.0,0.0,0.0
12944,2.811756565485038e6,5.172318796970527e6,0.0,0.0,0.0,0.0
12945,2.805690725485038e6,5.173221831335666e6,0.0,0.0,0.0,0.0
12946,2.7996248854850377e6,5.174124865700805e6,0.0,0.0,0.0,0.0
12947,2.7936625454850374e6,5.179126822043041e6,0.0,0.0,0.0,0.0
12948,2.7877002054850375e6,5.184128778385276e6,0.0,0.0,0.0,0.0
12949,2.7814353654850377e6,5.186832823458847e6,0.0,0.0,0.0,0.0
12950,2.7751705254850374e6,5.189536868532416e6,0.0,0.0,0.0,0.0
12951,2.7772855254850374e6,5.1910535147718005e6,0.0,0.0,0.0,0.0
12952,2.7794005254850374e6,5.192570161011184e6,0.0,0.0,0.0,0.0
12953,2.7818240254850374e6,5.193913812851226e6,0.0,0.0,0.0,0.0
12954,2.7842475254850374e6,5.195257464691269e6,0.0,0.0,0.0,0.0
12955,2.7863490254850374e6,5.190638587972746e6,0.0,0.0,0.0,0.0
12956,2.7884505254850374e6,5.186019711254223e6,0.0,0.0,0.0,0.0
12957,2.782569185485037e6,5.181692878844265e6,0.0,0.0,0.0,0.0
12958,2.776687845485037e6,5.177366046434307e6,0.0,0.0,0.0,0.0
12959,2.7695560054850373e6,5.172062632737746e6,0.0,0.0,0.0,0.0
12960,2.762424165485037e6,5.166759219041185e6,0.0,0.0,0.0,0.0
12961,2.7545328254850367e6,5.160654698663806e6,0.0,0.0,0.0,0.0
12962,2.746641485485037e6,5.154550178286426e6,0.0,0.0,0.0,0.0
12963,2.738674145485037e6,5.148440697496161e6,0.0,0.0,0.0,0.0
12964,2.7307068054850367e6,5.142331216705897e6,0.0,0.0,0.0,0.0
12965,2.7235164654850364e6,5.137938678158619e6,0.0,0.0,0.0,0.0
12966,2.7163261254850365e6,5.133546139611342e6,0.0,0.0,0.0,0.0
12967,2.7105122854850367e6,5.129986311043624e6,0.0,0.0,0.0,0.0
12968,2.7046984454850364e6,5.126426482475905e6,0.0,0.0,0.0,0.0
12969,2.698914105485036e6,5.126364667720779e6,0.0,0.0,0.0,0.0
12970,2.693129765485036e6,5.126302852965653e6,0.0,0.0,0.0,0.0
12971,2.6870379254850363e6,5.124215026921359e6,0.0,0.0,0.0,0.0
12972,2.680946085485036e6,5.122127200877065e6,0.0,0.0,0.0,0.0
12973,2.6744797454850357e6,5.125688157276403e6,0.0,0.0,0.0,0.0
12974,2.668013405485036e6,5.1292491136757415e6,0.0,0.0,0.0,0.0
12975,2.669962405485036e6,5.132034385510292e6,0.0,0.0,0.0,0.0
12976,2.671911405485036e6,5.134819657344843e6,0.0,0.0,0.0,0.0
12977,2.666180565485036e6,5.133882200483676e6,0.0,0.0,0.0,0.0
12978,2.6604497254850357e6,5.132944743622509e6,0.0,0.0,0.0,0.0
12979,2.6541558854850354e6,5.129643476576386e6,0.0,0.0,0.0,0.0
12980,2.6478620454850355e6,5.126342209530262e6,0.0,0.0,0.0,0.0
12981,2.6416482054850357e6,5.123564266043436e6,0.0,0.0,0.0,0.0
12982,2.6354343654850353e6,5.120786322556609e6,0.0,0.0,0.0,0.0
12983,2.6368558654850353e6,5.11680237868728e6,0.0,0.0,0.0,0.0
12984,2.6382773654850353e6,5.112818434817951e6,0.0,0.0,0.0,0.0
12985,2.6395248654850353e6,5.107378609767072e6,0.0,0.0,0.0,0.0
12986,2.6407723654850353e6,5.101938784716192e6,0.0,0.0,0.0,0.0
12987,2.6419063654850353e6,5.096411532388225e6,0.0,0.0,0.0,0.0
12988,2.6430403654850353e6,5.09088428006026e6,0.0,0.0,0.0,0.0
12989,2.6443643654850353e6,5.0866002312114285e6,0.0,0.0,0.0,0.0
12990,2.6456883654850353e6,5.082316182362597e6,0.0,0.0,0.0,0.0
12991,2.638228025485035e6,5.079464452734116e6,0.0,0.0,0.0,0.0
12992,2.630767685485035e6,5.0766127231056355e6,0.0,0.0,0.0,0.0
12993,2.6247333454850353e6,5.075651247968892e6,0.0,0.0,0.0,0.0
12994,2.618699005485035e6,5.074689772832148e6,0.0,0.0,0.0,0.0
12995,2.621352505485035e6,5.078939474170877e6,0.0,0.0,0.0,0.0
12996,2.624006005485035e6,5.083189175509605e6,0.0,0.0,0.0,0.0
12997,2.6172716654850347e6,5.080801176795642e6,0.0,0.0,0.0,0.0
12998,2.610537325485035e6,5.078413178081679e6,0.0,0.0,0.0,0.0
12999,2.612640825485035e6,5.075202438570695e6,0.0,0.0,0.0,0.0
13000,2.614744325485035e6,5.071991699059711e6,0.0,0.0,0.0,0.0
13001,2.609997985485035e6,5.070433377929952e6,0.0,0.0,0.0,0.0
13002,2.6052516454850347e6,5.068875056800192e6,0.0,0.0,0.0,0.0
13003,2.6002648054850344e6,5.066018366758827e6,0.0,0.0,0.0,0.0
13004,2.5952779654850345e6,5.063161676717462e6,0.0,0.0,0.0,0.0
13005,2.594533461550464e6,5.059607428614238e6,0.0,0.0,0.0,0.0
13006,2.5937889576158933e6,5.056053180511015e6,0.0,0.0,0.0,0.0
13007,2.5954859576158933e6,5.051434923844102e6,0.0,0.0,0.0,0.0
13008,2.5971829576158933e6,5.046816667177189e6,0.0,0.0,0.0,0.0
13009,2.5985594576158933e6,5.041188966488315e6,0.0,0.0,0.0,0.0
13010,2.5999359576158933e6,5.035561265799441e6,0.0,0.0,0.0,0.0
13011,2.6009369576158933e6,5.030397983766863e6,0.0,0.0,0.0,0.0
13012,2.6019379576158933e6,5.025234701734285e6,0.0,0.0,0.0,0.0
13013,2.6038059576158933e6,5.021441113709392e6,0.0,0.0,0.0,0.0
13014,2.6056739576158933e6,5.017647525684499e6,0.0,0.0,0.0,0.0
13015,2.5998736176158935e6,5.015872205651918e6,0.0,0.0,0.0,0.0
13016,2.594073277615893e6,5.014096885619337e6,0.0,0.0,0.0,0.0
13017,2.59777698399661e6,5.012885812552348e6,0.0,0.0,0.0,0.0
13018,2.6014806903773267e6,5.011674739485359e6,0.0,0.0,0.0,0.0
13019,2.6051451903773267e6,5.010458706005486e6,0.0,0.0,0.0,0.0
13020,2.6088096903773267e6,5.009242672525613e6,0.0,0.0,0.0,0.0
13021,2.6116896903773267e6,5.008680977289187e6,0.0,0.0,0.0,0.0
13022,2.6145696903773267e6,5.008119282052761e6,0.0,0.0,0.0,0.0
13023,2.6169511903773267e6,5.011081888647927e6,0.0,0.0,0.0,0.0
13024,2.6193326903773267e6,5.014044495243093e6,0.0,0.0,0.0,0.0
13025,2.6225931903773267e6,5.015102427742263e6,0.0,0.0,0.0,0.0
13026,2.6258536903773267e6,5.016160360241434e6,0.0,0.0,0.0,0.0
13027,2.619591350377327e6,5.013275147825984e6,0.0,0.0,0.0,0.0
13028,2.6133290103773265e6,5.010389935410534e6,0.0,0.0,0.0,0.0
13029,2.607402170377326e6,5.0077502634328585e6,0.0,0.0,0.0,0.0
13030,2.6014753303773263e6,5.005110591455183e6,0.0,0.0,0.0,0.0
13031,2.5948299903773265e6,5.001189892850129e6,0.0,0.0,0.0,0.0
13032,2.588184650377326e6,4.997269194245076e6,0.0,0.0,0.0,0.0
13033,2.588949650377326e6,4.991762403620258e6,0.0,0.0,0.0,0.0
13034,2.589714650377326e6,4.986255612995439e6,0.0,0.0,0.0,0.0
13035,2.581308310377326e6,4.980402833571939e6,0.0,0.0,0.0,0.0
13036,2.572901970377326e6,4.974550054148438e6,0.0,0.0,0.0,0.0
13037,2.564891630377326e6,4.968735717924792e6,0.0,0.0,0.0,0.0
13038,2.556881290377326e6,4.962921381701145e6,0.0,0.0,0.0,0.0
13039,2.5502544503773255e6,4.95883884962574e6,0.0,0.0,0.0,0.0
13040,2.5436276103773257e6,4.954756317550335e6,0.0,0.0,0.0,0.0
13041,2.536468770377326e6,4.954686157812189e6,0.0,0.0,0.0,0.0
13042,2.5293099303773255e6,4.954615998074043e6,0.0,0.0,0.0,0.0
13043,2.521792090377325e6,4.953070717188972e6,0.0,0.0,0.0,0.0
13044,2.5142742503773253e6,4.9515254363039015e6,0.0,0.0,0.0,0.0
13045,2.5057939103773255e6,4.952515541328592e6,0.0,0.0,0.0,0.0
13046,2.497313570377325e6,4.953505646353282e6,0.0,0.0,0.0,0.0
13047,2.489191230377325e6,4.953574479102572e6,0.0,0.0,0.0,0.0
13048,2.481068890377325e6,4.953643311851864e6,0.0,0.0,0.0,0.0
13049,2.474165550377325e6,4.954866969535075e6,0.0,0.0,0.0,0.0
13050,2.467262210377325e6,4.9560906272182865e6,0.0,0.0,0.0,0.0
13051,2.4604048703773245e6,4.954112550309058e6,0.0,0.0,0.0,0.0
13052,2.4535475303773247e6,4.95213447339983e6,0.0,0.0,0.0,0.0
13053,2.447620690377325e6,4.950382715328449e6,0.0,0.0,0.0,0.0
13054,2.4416938503773245e6,4.948630957257069e6,0.0,0.0,0.0,0.0
13055,2.434150010377324e6,4.943786381752308e6,0.0,0.0,0.0,0.0
13056,2.4266061703773243e6,4.938941806247548e6,0.0,0.0,0.0,0.0
13057,2.4271676703773243e6,4.93284968690238e6,0.0,0.0,0.0,0.0
13058,2.4277291703773243e6,4.92675756755721e6,0.0,0.0,0.0,0.0
13059,2.4192828303773245e6,4.920589181863945e6,0.0,0.0,0.0,0.0
13060,2.410836490377324e6,4.914420796170679e6,0.0,0.0,0.0,0.0
13061,2.402310650377324e6,4.908256130787076e6,0.0,0.0,0.0,0.0
13062,2.393784810377324e6,4.902091465403474e6,0.0,0.0,0.0,0.0
13063,2.394291810377324e6,4.896550571940076e6,0.0,0.0,0.0,0.0
13064,2.394798810377324e6,4.891009678476678e6,0.0,0.0,0.0,0.0
13065,2.386950470377324e6,4.887627492067533e6,0.0,0.0,0.0,0.0
13066,2.379102130377324e6,4.884245305658386e6,0.0,0.0,0.0,0.0
13067,2.379829130377324e6,4.886343806664338e6,0.0,0.0,0.0,0.0
13068,2.380556130377324e6,4.8884423076702915e6,0.0,0.0,0.0,0.0
13069,2.3720932903773235e6,4.890917553699572e6,0.0,0.0,0.0,0.0
13070,2.3636304503773237e6,4.893392799728853e6,0.0,0.0,0.0,0.0
13071,2.355371110377324e6,4.89529139776033e6,0.0,0.0,0.0,0.0
13072,2.3471117703773235e6,4.897189995791807e6,0.0,0.0,0.0,0.0
13073,2.340130430377323e6,4.898866025240764e6,0.0,0.0,0.0,0.0
13074,2.3331490903773233e6,4.900542054689721e6,0.0,0.0,0.0,0.0
13075,2.3267867503773235e6,4.897217845734008e6,0.0,0.0,0.0,0.0
13076,2.320424410377323e6,4.893893636778295e6,0.0,0.0,0.0,0.0
13077,2.319758493487658e6,4.891593753083196e6,0.0,0.0,0.0,0.0
13078,2.3190925765979933e6,4.889293869388097e6,0.0,0.0,0.0,0.0
13079,2.3201755765979933e6,4.8838534242856065e6,0.0,0.0,0.0,0.0
13080,2.3212585765979933e6,4.878412979183116e6,0.0,0.0,0.0,0.0
13081,2.3217985765979933e6,4.87220987059966e6,0.0,0.0,0.0,0.0
13082,2.3223385765979933e6,4.866006762016204e6,0.0,0.0,0.0,0.0
13083,2.3226675765979933e6,4.85980613363919e6,0.0,0.0,0.0,0.0
13084,2.3229965765979933e6,4.8536055052621765e6,0.0,0.0,0.0,0.0
13085,2.3241070765979933e6,4.849689316799893e6,0.0,0.0,0.0,0.0
13086,2.3252175765979933e6,4.84577312833761e6,0.0,0.0,0.0,0.0
13087,2.3253140147500355e6,4.845625283048324e6,0.0,0.0,0.0,0.0
13088,2.3254104529020777e6,4.845477437759038e6,0.0,0.0,0.0,0.0
13089,2.326844992778645e6,4.851669893193513e6,0.0,0.0,0.0,0.0
13090,2.3282795326552126e6,4.857862348627988e6,0.0,0.0,0.0,0.0
13091,2.3304190326552126e6,4.8643059249647325e6,0.0,0.0,0.0,0.0
13092,2.3325585326552126e6,4.870749501301477e6,0.0,0.0,0.0,0.0
13093,2.3345765326552126e6,4.876254939551473e6,0.0,0.0,0.0,0.0
13094,2.3365945326552126e6,4.881760377801468e6,0.0,0.0,0.0,0.0
13095,2.338596360771683e6,4.887054378452268e6,0.0,0.0,0.0,0.0
13096,2.340598188888154e6,4.892348379103069e6,0.0,0.0,0.0,0.0
13097,2.3396467928859405e6,4.897030388814266e6,0.0,0.0,0.0,0.0
13098,2.338695396883727e6,4.9017123985254625e6,0.0,0.0,0.0,0.0
13099,2.338704367554902e6,4.906409909526923e6,0.0,0.0,0.0,0.0
13100,2.338713338226077e6,4.911107420528383e6,0.0,0.0,0.0,0.0
13101,2.338657669113039e6,4.915328111841337e6,0.0,0.0,0.0,0.0
13102,2.3386020000000005e6,4.919548803154291e6,0.0,0.0,0.0,0.0
13103,2.3393010000000005e6,4.921129933577145e6,0.0,0.0,0.0,0.0
13104,2.3400000000000005e6,4.922711064e6,0.0,0.0,0.0,0.0
